// 4.26.1 0x2c0adc3c D2 AY R0 FRGB565 U565 N0 SExtFlashSection EExtFlashSection
// Generated by imageconverter. Please, do not edit!

#include <touchgfx/hal/Config.hpp>

LOCATION_PRAGMA("ExtFlashSection")
KEEP extern const unsigned char image_alien_yellow[] LOCATION_ATTRIBUTE("ExtFlashSection") = { // 88x64 RGB565 pixels.
    0x00, 0x00, 0x00, 0x00, 0x00, 0x00, 0x00, 0x00, 0x00, 0x00, 0x00, 0x00,
    0x00, 0x00, 0x00, 0x00, 0x00, 0x00, 0x00, 0x00, 0x00, 0x00, 0x00, 0x00,
    0x00, 0x00, 0x00, 0x00, 0x00, 0x00, 0x00, 0x00, 0xe8, 0xff, 0xe8, 0xff,
    0xe8, 0xff, 0xe8, 0xff, 0xe8, 0xff, 0xe8, 0xff, 0xe8, 0xff, 0xe8, 0xff,
    0x00, 0x00, 0x00, 0x00, 0x00, 0x00, 0x00, 0x00, 0x00, 0x00, 0x00, 0x00,
    0x00, 0x00, 0x00, 0x00, 0x00, 0x00, 0x00, 0x00, 0x00, 0x00, 0x00, 0x00,
    0x00, 0x00, 0x00, 0x00, 0x00, 0x00, 0x00, 0x00, 0x00, 0x00, 0x00, 0x00,
    0x00, 0x00, 0x00, 0x00, 0x00, 0x00, 0x00, 0x00, 0x00, 0x00, 0x00, 0x00,
    0x00, 0x00, 0x00, 0x00, 0x00, 0x00, 0x00, 0x00, 0x00, 0x00, 0x00, 0x00,
    0x00, 0x00, 0x00, 0x00, 0x00, 0x00, 0x00, 0x00, 0x00, 0x00, 0x00, 0x00,
    0x00, 0x00, 0x00, 0x00, 0x00, 0x00, 0x00, 0x00, 0xe8, 0xff, 0xe8, 0xff,
    0xe8, 0xff, 0xe8, 0xff, 0xe8, 0xff, 0xe8, 0xff, 0xe8, 0xff, 0xe8, 0xff,
    0x00, 0x00, 0x00, 0x00, 0x00, 0x00, 0x00, 0x00, 0x00, 0x00, 0x00, 0x00,
    0x00, 0x00, 0x00, 0x00, 0x00, 0x00, 0x00, 0x00, 0x00, 0x00, 0x00, 0x00,
    0x00, 0x00, 0x00, 0x00, 0x00, 0x00, 0x00, 0x00, 0x00, 0x00, 0x00, 0x00,
    0x00, 0x00, 0x00, 0x00, 0x00, 0x00, 0x00, 0x00, 0x00, 0x00, 0x00, 0x00,
    0x00, 0x00, 0x00, 0x00, 0x00, 0x00, 0x00, 0x00, 0x00, 0x00, 0x00, 0x00,
    0x00, 0x00, 0x00, 0x00, 0xe8, 0xff, 0xe8, 0xff, 0xe8, 0xff, 0xe8, 0xff,
    0xe8, 0xff, 0xe8, 0xff, 0xe8, 0xff, 0xe8, 0xff, 0x00, 0x00, 0x00, 0x00,
    0x00, 0x00, 0x00, 0x00, 0x00, 0x00, 0x00, 0x00, 0x00, 0x00, 0x00, 0x00,
    0x00, 0x00, 0x00, 0x00, 0x00, 0x00, 0x00, 0x00, 0x00, 0x00, 0x00, 0x00,
    0x00, 0x00, 0x00, 0x00, 0x00, 0x00, 0x00, 0x00, 0x00, 0x00, 0x00, 0x00,
    0x00, 0x00, 0x00, 0x00, 0x00, 0x00, 0x00, 0x00, 0x00, 0x00, 0x00, 0x00,
    0x00, 0x00, 0x00, 0x00, 0x00, 0x00, 0x00, 0x00, 0x00, 0x00, 0x00, 0x00,
    0x00, 0x00, 0x00, 0x00, 0x00, 0x00, 0x00, 0x00, 0x00, 0x00, 0x00, 0x00,
    0x00, 0x00, 0x00, 0x00, 0xe8, 0xff, 0xe8, 0xff, 0xe8, 0xff, 0xe8, 0xff,
    0xe8, 0xff, 0xe8, 0xff, 0xe8, 0xff, 0xe8, 0xff, 0x00, 0x00, 0x00, 0x00,
    0x00, 0x00, 0x00, 0x00, 0x00, 0x00, 0x00, 0x00, 0x00, 0x00, 0x00, 0x00,
    0x00, 0x00, 0x00, 0x00, 0x00, 0x00, 0x00, 0x00, 0x00, 0x00, 0x00, 0x00,
    0x00, 0x00, 0x00, 0x00, 0x00, 0x00, 0x00, 0x00, 0x00, 0x00, 0x00, 0x00,
    0x00, 0x00, 0x00, 0x00, 0x00, 0x00, 0x00, 0x00, 0x00, 0x00, 0x00, 0x00,
    0x00, 0x00, 0x00, 0x00, 0x00, 0x00, 0x00, 0x00, 0x00, 0x00, 0x00, 0x00,
    0xe8, 0xff, 0xe8, 0xff, 0xe8, 0xff, 0xe8, 0xff, 0xe8, 0xff, 0xe8, 0xff,
    0xe8, 0xff, 0xe8, 0xff, 0x00, 0x00, 0x00, 0x00, 0x00, 0x00, 0x00, 0x00,
    0x00, 0x00, 0x00, 0x00, 0x00, 0x00, 0x00, 0x00, 0x00, 0x00, 0x00, 0x00,
    0x00, 0x00, 0x00, 0x00, 0x00, 0x00, 0x00, 0x00, 0x00, 0x00, 0x00, 0x00,
    0x00, 0x00, 0x00, 0x00, 0x00, 0x00, 0x00, 0x00, 0x00, 0x00, 0x00, 0x00,
    0x00, 0x00, 0x00, 0x00, 0x00, 0x00, 0x00, 0x00, 0x00, 0x00, 0x00, 0x00,
    0x00, 0x00, 0x00, 0x00, 0x00, 0x00, 0x00, 0x00, 0x00, 0x00, 0x00, 0x00,
    0x00, 0x00, 0x00, 0x00, 0x00, 0x00, 0x00, 0x00, 0x00, 0x00, 0x00, 0x00,
    0xe8, 0xff, 0xe8, 0xff, 0xe8, 0xff, 0xe8, 0xff, 0xe8, 0xff, 0xe8, 0xff,
    0xe8, 0xff, 0xe8, 0xff, 0x00, 0x00, 0x00, 0x00, 0x00, 0x00, 0x00, 0x00,
    0x00, 0x00, 0x00, 0x00, 0x00, 0x00, 0x00, 0x00, 0x00, 0x00, 0x00, 0x00,
    0x00, 0x00, 0x00, 0x00, 0x00, 0x00, 0x00, 0x00, 0x00, 0x00, 0x00, 0x00,
    0x00, 0x00, 0x00, 0x00, 0x00, 0x00, 0x00, 0x00, 0x00, 0x00, 0x00, 0x00,
    0x00, 0x00, 0x00, 0x00, 0x00, 0x00, 0x00, 0x00, 0x00, 0x00, 0x00, 0x00,
    0x00, 0x00, 0x00, 0x00, 0x00, 0x00, 0x00, 0x00, 0xe8, 0xff, 0xe8, 0xff,
    0xe8, 0xff, 0xe8, 0xff, 0xe8, 0xff, 0xe8, 0xff, 0xe8, 0xff, 0xe8, 0xff,
    0x00, 0x00, 0x00, 0x00, 0x00, 0x00, 0x00, 0x00, 0x00, 0x00, 0x00, 0x00,
    0x00, 0x00, 0x00, 0x00, 0x00, 0x00, 0x00, 0x00, 0x00, 0x00, 0x00, 0x00,
    0x00, 0x00, 0x00, 0x00, 0x00, 0x00, 0x00, 0x00, 0x00, 0x00, 0x00, 0x00,
    0x00, 0x00, 0x00, 0x00, 0x00, 0x00, 0x00, 0x00, 0x00, 0x00, 0x00, 0x00,
    0x00, 0x00, 0x00, 0x00, 0x00, 0x00, 0x00, 0x00, 0x00, 0x00, 0x00, 0x00,
    0x00, 0x00, 0x00, 0x00, 0x00, 0x00, 0x00, 0x00, 0x00, 0x00, 0x00, 0x00,
    0x00, 0x00, 0x00, 0x00, 0x00, 0x00, 0x00, 0x00, 0xe8, 0xff, 0xe8, 0xff,
    0xe8, 0xff, 0xe8, 0xff, 0xe8, 0xff, 0xe8, 0xff, 0xe8, 0xff, 0xe8, 0xff,
    0x00, 0x00, 0x00, 0x00, 0x00, 0x00, 0x00, 0x00, 0x00, 0x00, 0x00, 0x00,
    0x00, 0x00, 0x00, 0x00, 0x00, 0x00, 0x00, 0x00, 0x00, 0x00, 0x00, 0x00,
    0x00, 0x00, 0x00, 0x00, 0x00, 0x00, 0x00, 0x00, 0x00, 0x00, 0x00, 0x00,
    0x00, 0x00, 0x00, 0x00, 0x00, 0x00, 0x00, 0x00, 0x00, 0x00, 0x00, 0x00,
    0x00, 0x00, 0x00, 0x00, 0x00, 0x00, 0x00, 0x00, 0x00, 0x00, 0x00, 0x00,
    0x00, 0x00, 0x00, 0x00, 0xe8, 0xff, 0xe8, 0xff, 0xe8, 0xff, 0xe8, 0xff,
    0xe9, 0xff, 0xe8, 0xff, 0xe8, 0xff, 0xe8, 0xff, 0x00, 0x00, 0x00, 0x00,
    0x00, 0x00, 0x00, 0x00, 0x00, 0x00, 0x00, 0x00, 0x00, 0x00, 0x00, 0x00,
    0x00, 0x00, 0x00, 0x00, 0x00, 0x00, 0x00, 0x00, 0x00, 0x00, 0x00, 0x00,
    0x00, 0x00, 0x00, 0x00, 0x00, 0x00, 0x00, 0x00, 0x00, 0x00, 0x00, 0x00,
    0x00, 0x00, 0x00, 0x00, 0x00, 0x00, 0x00, 0x00, 0x00, 0x00, 0x00, 0x00,
    0x00, 0x00, 0x00, 0x00, 0x00, 0x00, 0x00, 0x00, 0x00, 0x00, 0x00, 0x00,
    0x00, 0x00, 0x00, 0x00, 0x00, 0x00, 0x00, 0x00, 0x00, 0x00, 0x00, 0x00,
    0x00, 0x00, 0x00, 0x00, 0xe8, 0xff, 0xe8, 0xff, 0xe8, 0xff, 0xe8, 0xff,
    0xe9, 0xff, 0xe8, 0xff, 0xe8, 0xff, 0xe8, 0xff, 0x00, 0x00, 0x00, 0x00,
    0x00, 0x00, 0x00, 0x00, 0x00, 0x00, 0x00, 0x00, 0x00, 0x00, 0x00, 0x00,
    0x00, 0x00, 0x00, 0x00, 0x00, 0x00, 0x00, 0x00, 0x00, 0x00, 0x00, 0x00,
    0x00, 0x00, 0x00, 0x00, 0x00, 0x00, 0x00, 0x00, 0x00, 0x00, 0x00, 0x00,
    0x00, 0x00, 0x00, 0x00, 0x00, 0x00, 0x00, 0x00, 0x00, 0x00, 0x00, 0x00,
    0x00, 0x00, 0x00, 0x00, 0x00, 0x00, 0x00, 0x00, 0x00, 0x00, 0x00, 0x00,
    0xe8, 0xff, 0xe8, 0xff, 0xe8, 0xff, 0xe8, 0xff, 0xe8, 0xff, 0xe8, 0xff,
    0xe8, 0xff, 0xe8, 0xff, 0x00, 0x00, 0x00, 0x00, 0x00, 0x00, 0x00, 0x00,
    0x00, 0x00, 0x00, 0x00, 0x00, 0x00, 0x00, 0x00, 0x00, 0x00, 0x00, 0x00,
    0x00, 0x00, 0x00, 0x00, 0x00, 0x00, 0x00, 0x00, 0x00, 0x00, 0x00, 0x00,
    0x00, 0x00, 0x00, 0x00, 0x00, 0x00, 0x00, 0x00, 0x00, 0x00, 0x00, 0x00,
    0x00, 0x00, 0x00, 0x00, 0x00, 0x00, 0x00, 0x00, 0x00, 0x00, 0x00, 0x00,
    0x00, 0x00, 0x00, 0x00, 0x00, 0x00, 0x00, 0x00, 0x00, 0x00, 0x00, 0x00,
    0x00, 0x00, 0x00, 0x00, 0x00, 0x00, 0x00, 0x00, 0x00, 0x00, 0x00, 0x00,
    0xe8, 0xff, 0xe8, 0xff, 0xe8, 0xff, 0xe8, 0xff, 0xe8, 0xff, 0xe8, 0xff,
    0xe8, 0xff, 0xe8, 0xff, 0x00, 0x00, 0x00, 0x00, 0x00, 0x00, 0x00, 0x00,
    0x00, 0x00, 0x00, 0x00, 0x00, 0x00, 0x00, 0x00, 0x00, 0x00, 0x00, 0x00,
    0x00, 0x00, 0x00, 0x00, 0x00, 0x00, 0x00, 0x00, 0x00, 0x00, 0x00, 0x00,
    0x00, 0x00, 0x00, 0x00, 0x00, 0x00, 0x00, 0x00, 0x00, 0x00, 0x00, 0x00,
    0x00, 0x00, 0x00, 0x00, 0x00, 0x00, 0x00, 0x00, 0x00, 0x00, 0x00, 0x00,
    0x00, 0x00, 0x00, 0x00, 0x00, 0x00, 0x00, 0x00, 0xe8, 0xff, 0xe8, 0xff,
    0xe9, 0xff, 0xe8, 0xff, 0xe8, 0xff, 0xe8, 0xff, 0xe9, 0xff, 0xe8, 0xff,
    0x00, 0x00, 0x00, 0x00, 0x00, 0x00, 0x00, 0x00, 0x00, 0x00, 0x00, 0x00,
    0x00, 0x00, 0x00, 0x00, 0x00, 0x00, 0x00, 0x00, 0x00, 0x00, 0x00, 0x00,
    0x00, 0x00, 0x00, 0x00, 0x00, 0x00, 0x00, 0x00, 0x00, 0x00, 0x00, 0x00,
    0x00, 0x00, 0x00, 0x00, 0x00, 0x00, 0x00, 0x00, 0x00, 0x00, 0x00, 0x00,
    0x00, 0x00, 0x00, 0x00, 0x00, 0x00, 0x00, 0x00, 0x00, 0x00, 0x00, 0x00,
    0x00, 0x00, 0x00, 0x00, 0x00, 0x00, 0x00, 0x00, 0x00, 0x00, 0x00, 0x00,
    0x00, 0x00, 0x00, 0x00, 0x00, 0x00, 0x00, 0x00, 0xe8, 0xff, 0xe8, 0xff,
    0xe9, 0xff, 0xe8, 0xff, 0xe8, 0xff, 0xe8, 0xff, 0xe9, 0xff, 0xe8, 0xff,
    0x00, 0x00, 0x00, 0x00, 0x00, 0x00, 0x00, 0x00, 0x00, 0x00, 0x00, 0x00,
    0x00, 0x00, 0x00, 0x00, 0x00, 0x00, 0x00, 0x00, 0x00, 0x00, 0x00, 0x00,
    0x00, 0x00, 0x00, 0x00, 0x00, 0x00, 0x00, 0x00, 0x00, 0x00, 0x00, 0x00,
    0x00, 0x00, 0x00, 0x00, 0x00, 0x00, 0x00, 0x00, 0x00, 0x00, 0x00, 0x00,
    0x00, 0x00, 0x00, 0x00, 0x00, 0x00, 0x00, 0x00, 0x00, 0x00, 0x00, 0x00,
    0x00, 0x00, 0x00, 0x00, 0xe8, 0xff, 0xe8, 0xff, 0xe8, 0xff, 0xe8, 0xff,
    0xe8, 0xff, 0xe8, 0xff, 0xe8, 0xff, 0xe8, 0xff, 0x00, 0x00, 0x00, 0x00,
    0x00, 0x00, 0x00, 0x00, 0x00, 0x00, 0x00, 0x00, 0x00, 0x00, 0x00, 0x00,
    0x00, 0x00, 0x00, 0x00, 0x00, 0x00, 0x00, 0x00, 0x00, 0x00, 0x00, 0x00,
    0x00, 0x00, 0x00, 0x00, 0x00, 0x00, 0x00, 0x00, 0x00, 0x00, 0x00, 0x00,
    0x00, 0x00, 0x00, 0x00, 0x00, 0x00, 0x00, 0x00, 0x00, 0x00, 0x00, 0x00,
    0x00, 0x00, 0x00, 0x00, 0x00, 0x00, 0x00, 0x00, 0x00, 0x00, 0x00, 0x00,
    0x00, 0x00, 0x00, 0x00, 0x00, 0x00, 0x00, 0x00, 0x00, 0x00, 0x00, 0x00,
    0x00, 0x00, 0x00, 0x00, 0xe8, 0xff, 0xe8, 0xff, 0xe8, 0xff, 0xe8, 0xff,
    0xe8, 0xff, 0xe8, 0xff, 0xe8, 0xff, 0xe8, 0xff, 0x00, 0x00, 0x00, 0x00,
    0x00, 0x00, 0x00, 0x00, 0x00, 0x00, 0x00, 0x00, 0x00, 0x00, 0x00, 0x00,
    0x00, 0x00, 0x00, 0x00, 0x00, 0x00, 0x00, 0x00, 0x00, 0x00, 0x00, 0x00,
    0x00, 0x00, 0x00, 0x00, 0x00, 0x00, 0x00, 0x00, 0x00, 0x00, 0x00, 0x00,
    0x00, 0x00, 0x00, 0x00, 0x00, 0x00, 0x00, 0x00, 0x00, 0x00, 0x00, 0x00,
    0x00, 0x00, 0x00, 0x00, 0x00, 0x00, 0x00, 0x00, 0x00, 0x00, 0x00, 0x00,
    0x00, 0x00, 0x00, 0x00, 0x00, 0x00, 0x00, 0x00, 0x00, 0x00, 0x00, 0x00,
    0x00, 0x00, 0x00, 0x00, 0xe8, 0xff, 0xe8, 0xff, 0xe8, 0xff, 0xe8, 0xff,
    0xe8, 0xff, 0xe8, 0xff, 0xe8, 0xff, 0xe8, 0xff, 0x00, 0x00, 0x00, 0x00,
    0x00, 0x00, 0x00, 0x00, 0x00, 0x00, 0x00, 0x00, 0x00, 0x00, 0x00, 0x00,
    0x00, 0x00, 0x00, 0x00, 0x00, 0x00, 0x00, 0x00, 0x00, 0x00, 0x00, 0x00,
    0x00, 0x00, 0x00, 0x00, 0x00, 0x00, 0x00, 0x00, 0x00, 0x00, 0x00, 0x00,
    0x00, 0x00, 0x00, 0x00, 0x00, 0x00, 0x00, 0x00, 0xe8, 0xff, 0xe8, 0xff,
    0xe8, 0xff, 0xe8, 0xff, 0xe8, 0xff, 0xe8, 0xff, 0xe8, 0xff, 0xe8, 0xff,
    0x00, 0x00, 0x00, 0x00, 0x00, 0x00, 0x00, 0x00, 0x00, 0x00, 0x00, 0x00,
    0x00, 0x00, 0x00, 0x00, 0x00, 0x00, 0x00, 0x00, 0x00, 0x00, 0x00, 0x00,
    0x00, 0x00, 0x00, 0x00, 0x00, 0x00, 0x00, 0x00, 0x00, 0x00, 0x00, 0x00,
    0x00, 0x00, 0x00, 0x00, 0x00, 0x00, 0x00, 0x00, 0x00, 0x00, 0x00, 0x00,
    0x00, 0x00, 0x00, 0x00, 0x00, 0x00, 0x00, 0x00, 0x00, 0x00, 0x00, 0x00,
    0x00, 0x00, 0x00, 0x00, 0x00, 0x00, 0x00, 0x00, 0x00, 0x00, 0x00, 0x00,
    0x00, 0x00, 0x00, 0x00, 0x00, 0x00, 0x00, 0x00, 0x00, 0x00, 0x00, 0x00,
    0x00, 0x00, 0x00, 0x00, 0x00, 0x00, 0x00, 0x00, 0x00, 0x00, 0x00, 0x00,
    0xe8, 0xff, 0xe8, 0xff, 0xe8, 0xff, 0xe8, 0xff, 0xe8, 0xff, 0xe8, 0xff,
    0xe8, 0xff, 0xe8, 0xff, 0x00, 0x00, 0x00, 0x00, 0x00, 0x00, 0x00, 0x00,
    0x00, 0x00, 0x00, 0x00, 0x00, 0x00, 0x00, 0x00, 0x00, 0x00, 0x00, 0x00,
    0x00, 0x00, 0x00, 0x00, 0x00, 0x00, 0x00, 0x00, 0x00, 0x00, 0x00, 0x00,
    0x00, 0x00, 0x00, 0x00, 0x00, 0x00, 0x00, 0x00, 0x00, 0x00, 0x00, 0x00,
    0x00, 0x00, 0x00, 0x00, 0xe8, 0xff, 0xe8, 0xff, 0xe8, 0xff, 0xe8, 0xff,
    0xe8, 0xff, 0xe8, 0xff, 0xe8, 0xff, 0xe8, 0xff, 0x00, 0x00, 0x00, 0x00,
    0x00, 0x00, 0x00, 0x00, 0x00, 0x00, 0x00, 0x00, 0x00, 0x00, 0x00, 0x00,
    0x00, 0x00, 0x00, 0x00, 0x00, 0x00, 0x00, 0x00, 0x00, 0x00, 0x00, 0x00,
    0x00, 0x00, 0x00, 0x00, 0x00, 0x00, 0x00, 0x00, 0x00, 0x00, 0x00, 0x00,
    0x00, 0x00, 0x00, 0x00, 0x00, 0x00, 0x00, 0x00, 0x00, 0x00, 0x00, 0x00,
    0x00, 0x00, 0x00, 0x00, 0x00, 0x00, 0x00, 0x00, 0x00, 0x00, 0x00, 0x00,
    0x00, 0x00, 0x00, 0x00, 0x00, 0x00, 0x00, 0x00, 0x00, 0x00, 0x00, 0x00,
    0x00, 0x00, 0x00, 0x00, 0x00, 0x00, 0x00, 0x00, 0x00, 0x00, 0x00, 0x00,
    0x00, 0x00, 0x00, 0x00, 0x00, 0x00, 0x00, 0x00, 0xe9, 0xff, 0xe8, 0xff,
    0xe8, 0xff, 0xe9, 0xff, 0xe8, 0xff, 0xe8, 0xff, 0xe8, 0xff, 0xe8, 0xff,
    0x00, 0x00, 0x00, 0x00, 0x00, 0x00, 0x00, 0x00, 0x00, 0x00, 0x00, 0x00,
    0x00, 0x00, 0x00, 0x00, 0x00, 0x00, 0x00, 0x00, 0x00, 0x00, 0x00, 0x00,
    0x00, 0x00, 0x00, 0x00, 0x00, 0x00, 0x00, 0x00, 0x00, 0x00, 0x00, 0x00,
    0x00, 0x00, 0x00, 0x00, 0x00, 0x00, 0x00, 0x00, 0x00, 0x00, 0x00, 0x00,
    0xe8, 0xff, 0xe8, 0xff, 0xe8, 0xff, 0xe8, 0xff, 0xe8, 0xff, 0xe8, 0xff,
    0xe8, 0xff, 0xe8, 0xff, 0x00, 0x00, 0x00, 0x00, 0x00, 0x00, 0x00, 0x00,
    0x00, 0x00, 0x00, 0x00, 0x00, 0x00, 0x00, 0x00, 0x00, 0x00, 0x00, 0x00,
    0x00, 0x00, 0x00, 0x00, 0x00, 0x00, 0x00, 0x00, 0x00, 0x00, 0x00, 0x00,
    0x00, 0x00, 0x00, 0x00, 0x00, 0x00, 0x00, 0x00, 0x00, 0x00, 0x00, 0x00,
    0x00, 0x00, 0x00, 0x00, 0x00, 0x00, 0x00, 0x00, 0x00, 0x00, 0x00, 0x00,
    0x00, 0x00, 0x00, 0x00, 0x00, 0x00, 0x00, 0x00, 0x00, 0x00, 0x00, 0x00,
    0x00, 0x00, 0x00, 0x00, 0x00, 0x00, 0x00, 0x00, 0x00, 0x00, 0x00, 0x00,
    0x00, 0x00, 0x00, 0x00, 0x00, 0x00, 0x00, 0x00, 0x00, 0x00, 0x00, 0x00,
    0x00, 0x00, 0x00, 0x00, 0xe8, 0xff, 0xe8, 0xff, 0xe8, 0xff, 0xe8, 0xff,
    0xe8, 0xff, 0xe8, 0xff, 0xe8, 0xff, 0xe8, 0xff, 0x00, 0x00, 0x00, 0x00,
    0x00, 0x00, 0x00, 0x00, 0x00, 0x00, 0x00, 0x00, 0x00, 0x00, 0x00, 0x00,
    0x00, 0x00, 0x00, 0x00, 0x00, 0x00, 0x00, 0x00, 0x00, 0x00, 0x00, 0x00,
    0x00, 0x00, 0x00, 0x00, 0x00, 0x00, 0x00, 0x00, 0x00, 0x00, 0x00, 0x00,
    0x00, 0x00, 0x00, 0x00, 0x00, 0x00, 0x00, 0x00, 0xe8, 0xff, 0xe8, 0xff,
    0xe8, 0xff, 0xe8, 0xff, 0xe8, 0xff, 0xe8, 0xff, 0xe9, 0xff, 0xe8, 0xff,
    0x00, 0x00, 0x00, 0x00, 0x00, 0x00, 0x00, 0x00, 0x00, 0x00, 0x00, 0x00,
    0x00, 0x00, 0x00, 0x00, 0x00, 0x00, 0x00, 0x00, 0x00, 0x00, 0x00, 0x00,
    0x00, 0x00, 0x00, 0x00, 0x00, 0x00, 0x00, 0x00, 0x00, 0x00, 0x00, 0x00,
    0x00, 0x00, 0x00, 0x00, 0x00, 0x00, 0x00, 0x00, 0x00, 0x00, 0x00, 0x00,
    0x00, 0x00, 0x00, 0x00, 0x00, 0x00, 0x00, 0x00, 0x00, 0x00, 0x00, 0x00,
    0x00, 0x00, 0x00, 0x00, 0x00, 0x00, 0x00, 0x00, 0x00, 0x00, 0x00, 0x00,
    0x00, 0x00, 0x00, 0x00, 0x00, 0x00, 0x00, 0x00, 0x00, 0x00, 0x00, 0x00,
    0x00, 0x00, 0x00, 0x00, 0x00, 0x00, 0x00, 0x00, 0x00, 0x00, 0x00, 0x00,
    0xe8, 0xff, 0xe8, 0xff, 0xe8, 0xff, 0xe8, 0xff, 0xe8, 0xff, 0xe9, 0xff,
    0xe8, 0xff, 0xe8, 0xff, 0x00, 0x00, 0x00, 0x00, 0x00, 0x00, 0x00, 0x00,
    0x00, 0x00, 0x00, 0x00, 0x00, 0x00, 0x00, 0x00, 0x00, 0x00, 0x00, 0x00,
    0x00, 0x00, 0x00, 0x00, 0x00, 0x00, 0x00, 0x00, 0x00, 0x00, 0x00, 0x00,
    0x00, 0x00, 0x00, 0x00, 0x00, 0x00, 0x00, 0x00, 0x00, 0x00, 0x00, 0x00,
    0x00, 0x00, 0x00, 0x00, 0xe8, 0xff, 0xe8, 0xff, 0xe8, 0xff, 0xe9, 0xff,
    0xe8, 0xff, 0xe8, 0xff, 0xe8, 0xff, 0xe8, 0xff, 0x00, 0x00, 0x00, 0x00,
    0x00, 0x00, 0x00, 0x00, 0x00, 0x00, 0x00, 0x00, 0x00, 0x00, 0x00, 0x00,
    0x00, 0x00, 0x00, 0x00, 0x00, 0x00, 0x00, 0x00, 0x00, 0x00, 0x00, 0x00,
    0x00, 0x00, 0x00, 0x00, 0x00, 0x00, 0x00, 0x00, 0x00, 0x00, 0x00, 0x00,
    0x00, 0x00, 0x00, 0x00, 0x00, 0x00, 0x00, 0x00, 0x00, 0x00, 0x00, 0x00,
    0x00, 0x00, 0x00, 0x00, 0x00, 0x00, 0x00, 0x00, 0x00, 0x00, 0x00, 0x00,
    0x00, 0x00, 0x00, 0x00, 0x00, 0x00, 0x00, 0x00, 0x00, 0x00, 0x00, 0x00,
    0x00, 0x00, 0x00, 0x00, 0x00, 0x00, 0x00, 0x00, 0x00, 0x00, 0x00, 0x00,
    0x00, 0x00, 0x00, 0x00, 0x00, 0x00, 0x00, 0x00, 0xe8, 0xff, 0xe9, 0xff,
    0xe8, 0xff, 0xe8, 0xff, 0xe8, 0xff, 0xe8, 0xff, 0xe8, 0xff, 0xe8, 0xff,
    0x00, 0x00, 0x00, 0x00, 0x00, 0x00, 0x00, 0x00, 0x00, 0x00, 0x00, 0x00,
    0x00, 0x00, 0x00, 0x00, 0x00, 0x00, 0x00, 0x00, 0x00, 0x00, 0x00, 0x00,
    0x00, 0x00, 0x00, 0x00, 0x00, 0x00, 0x00, 0x00, 0x00, 0x00, 0x00, 0x00,
    0x00, 0x00, 0x00, 0x00, 0x00, 0x00, 0x00, 0x00, 0x00, 0x00, 0x00, 0x00,
    0xe8, 0xff, 0xe8, 0xff, 0xe8, 0xff, 0xe8, 0xff, 0xe8, 0xff, 0xe8, 0xff,
    0xe8, 0xff, 0xe8, 0xff, 0x00, 0x00, 0x00, 0x00, 0x00, 0x00, 0x00, 0x00,
    0x00, 0x00, 0x00, 0x00, 0x00, 0x00, 0x00, 0x00, 0x00, 0x00, 0x00, 0x00,
    0x00, 0x00, 0x00, 0x00, 0x00, 0x00, 0x00, 0x00, 0x00, 0x00, 0x00, 0x00,
    0x00, 0x00, 0x00, 0x00, 0x00, 0x00, 0x00, 0x00, 0x00, 0x00, 0x00, 0x00,
    0x00, 0x00, 0x00, 0x00, 0x00, 0x00, 0x00, 0x00, 0x00, 0x00, 0x00, 0x00,
    0x00, 0x00, 0x00, 0x00, 0x00, 0x00, 0x00, 0x00, 0x00, 0x00, 0x00, 0x00,
    0x00, 0x00, 0x00, 0x00, 0x00, 0x00, 0x00, 0x00, 0x00, 0x00, 0x00, 0x00,
    0x00, 0x00, 0x00, 0x00, 0x00, 0x00, 0x00, 0x00, 0x00, 0x00, 0x00, 0x00,
    0x00, 0x00, 0x00, 0x00, 0xe8, 0xff, 0xe8, 0xff, 0xe8, 0xff, 0xe8, 0xff,
    0xe9, 0xff, 0xe8, 0xff, 0xe8, 0xff, 0xe8, 0xff, 0x00, 0x00, 0x00, 0x00,
    0x00, 0x00, 0x00, 0x00, 0x00, 0x00, 0x00, 0x00, 0x00, 0x00, 0x00, 0x00,
    0x00, 0x00, 0x00, 0x00, 0x00, 0x00, 0x00, 0x00, 0x00, 0x00, 0x00, 0x00,
    0x00, 0x00, 0x00, 0x00, 0x00, 0x00, 0x00, 0x00, 0x00, 0x00, 0x00, 0x00,
    0x00, 0x00, 0x00, 0x00, 0x00, 0x00, 0x00, 0x00, 0xe8, 0xff, 0xe8, 0xff,
    0xe8, 0xff, 0xe8, 0xff, 0xe8, 0xff, 0xe9, 0xff, 0xe8, 0xff, 0xe8, 0xff,
    0x00, 0x00, 0x00, 0x00, 0x00, 0x00, 0x00, 0x00, 0x00, 0x00, 0x00, 0x00,
    0x00, 0x00, 0x00, 0x00, 0x00, 0x00, 0x00, 0x00, 0x00, 0x00, 0x00, 0x00,
    0x00, 0x00, 0x00, 0x00, 0x00, 0x00, 0x00, 0x00, 0x00, 0x00, 0x00, 0x00,
    0x00, 0x00, 0x00, 0x00, 0x00, 0x00, 0x00, 0x00, 0x00, 0x00, 0x00, 0x00,
    0x00, 0x00, 0x00, 0x00, 0x00, 0x00, 0x00, 0x00, 0x00, 0x00, 0x00, 0x00,
    0x00, 0x00, 0x00, 0x00, 0x00, 0x00, 0x00, 0x00, 0x00, 0x00, 0x00, 0x00,
    0x00, 0x00, 0x00, 0x00, 0x00, 0x00, 0x00, 0x00, 0x00, 0x00, 0x00, 0x00,
    0x00, 0x00, 0x00, 0x00, 0x00, 0x00, 0x00, 0x00, 0x00, 0x00, 0x00, 0x00,
    0xe8, 0xff, 0xe8, 0xff, 0xe8, 0xff, 0xe8, 0xff, 0xe8, 0xff, 0xe8, 0xff,
    0xe8, 0xff, 0xe9, 0xff, 0x00, 0x00, 0x00, 0x00, 0x00, 0x00, 0x00, 0x00,
    0x00, 0x00, 0x00, 0x00, 0x00, 0x00, 0x00, 0x00, 0x00, 0x00, 0x00, 0x00,
    0x00, 0x00, 0x00, 0x00, 0x00, 0x00, 0x00, 0x00, 0x00, 0x00, 0x00, 0x00,
    0x00, 0x00, 0x00, 0x00, 0x00, 0x00, 0x00, 0x00, 0x00, 0x00, 0x00, 0x00,
    0x00, 0x00, 0x00, 0x00, 0xe8, 0xff, 0xe8, 0xff, 0xe9, 0xff, 0xe8, 0xff,
    0xe8, 0xff, 0xe8, 0xff, 0xe8, 0xff, 0xe8, 0xff, 0x00, 0x00, 0x00, 0x00,
    0x00, 0x00, 0x00, 0x00, 0x00, 0x00, 0x00, 0x00, 0x00, 0x00, 0x00, 0x00,
    0x00, 0x00, 0x00, 0x00, 0x00, 0x00, 0x00, 0x00, 0x00, 0x00, 0x00, 0x00,
    0x00, 0x00, 0x00, 0x00, 0x00, 0x00, 0x00, 0x00, 0x00, 0x00, 0x00, 0x00,
    0x00, 0x00, 0x00, 0x00, 0x00, 0x00, 0x00, 0x00, 0x00, 0x00, 0x00, 0x00,
    0x00, 0x00, 0x00, 0x00, 0x00, 0x00, 0x00, 0x00, 0x00, 0x00, 0x00, 0x00,
    0x00, 0x00, 0x00, 0x00, 0x00, 0x00, 0x00, 0x00, 0x00, 0x00, 0x00, 0x00,
    0x00, 0x00, 0x00, 0x00, 0xe8, 0xff, 0xe8, 0xff, 0xe8, 0xff, 0xe8, 0xff,
    0xe8, 0xff, 0xe8, 0xff, 0xe8, 0xff, 0xe8, 0xff, 0xe9, 0xff, 0xe8, 0xff,
    0xe8, 0xff, 0xe9, 0xff, 0xe8, 0xff, 0xe8, 0xff, 0xe8, 0xff, 0xe8, 0xff,
    0xe8, 0xff, 0xe8, 0xff, 0xe8, 0xff, 0xe8, 0xff, 0xe8, 0xff, 0xe8, 0xff,
    0xe8, 0xff, 0xe8, 0xff, 0xe8, 0xff, 0xe8, 0xff, 0xe8, 0xff, 0xe8, 0xff,
    0xe8, 0xff, 0xe8, 0xff, 0xe8, 0xff, 0xe8, 0xff, 0xe8, 0xff, 0xe8, 0xff,
    0xe8, 0xff, 0xe8, 0xff, 0xe8, 0xff, 0xe8, 0xff, 0xe8, 0xff, 0xe8, 0xff,
    0xe8, 0xff, 0xe8, 0xff, 0xe8, 0xff, 0xe8, 0xff, 0xe8, 0xff, 0xe8, 0xff,
    0xe8, 0xff, 0xe9, 0xff, 0xe8, 0xff, 0xe8, 0xff, 0xe8, 0xff, 0xe8, 0xff,
    0xe8, 0xff, 0xe8, 0xff, 0xe8, 0xff, 0xe8, 0xff, 0x00, 0x00, 0x00, 0x00,
    0x00, 0x00, 0x00, 0x00, 0x00, 0x00, 0x00, 0x00, 0x00, 0x00, 0x00, 0x00,
    0x00, 0x00, 0x00, 0x00, 0x00, 0x00, 0x00, 0x00, 0x00, 0x00, 0x00, 0x00,
    0x00, 0x00, 0x00, 0x00, 0x00, 0x00, 0x00, 0x00, 0x00, 0x00, 0x00, 0x00,
    0x00, 0x00, 0x00, 0x00, 0x00, 0x00, 0x00, 0x00, 0x00, 0x00, 0x00, 0x00,
    0x00, 0x00, 0x00, 0x00, 0x00, 0x00, 0x00, 0x00, 0x00, 0x00, 0x00, 0x00,
    0xe8, 0xff, 0xe8, 0xff, 0xe8, 0xff, 0xe8, 0xff, 0xe8, 0xff, 0xe9, 0xff,
    0xe8, 0xff, 0xe8, 0xff, 0xe8, 0xff, 0xe8, 0xff, 0xe8, 0xff, 0xe8, 0xff,
    0xe8, 0xff, 0xe8, 0xff, 0xe8, 0xff, 0xe8, 0xff, 0xe8, 0xff, 0xe8, 0xff,
    0xe8, 0xff, 0xe8, 0xff, 0xe8, 0xff, 0xe8, 0xff, 0xe8, 0xff, 0xe8, 0xff,
    0xe8, 0xff, 0xe8, 0xff, 0xe8, 0xff, 0xe8, 0xff, 0xe8, 0xff, 0xe8, 0xff,
    0xe8, 0xff, 0xe8, 0xff, 0xe8, 0xff, 0xe8, 0xff, 0xe8, 0xff, 0xe8, 0xff,
    0xe8, 0xff, 0xe8, 0xff, 0xe8, 0xff, 0xe8, 0xff, 0xe8, 0xff, 0xe8, 0xff,
    0xe8, 0xff, 0xe8, 0xff, 0xe9, 0xff, 0xe8, 0xff, 0xe8, 0xff, 0xe8, 0xff,
    0xe8, 0xff, 0xe8, 0xff, 0xe9, 0xff, 0xe8, 0xff, 0xe8, 0xff, 0xe9, 0xff,
    0xe8, 0xff, 0xe8, 0xff, 0x00, 0x00, 0x00, 0x00, 0x00, 0x00, 0x00, 0x00,
    0x00, 0x00, 0x00, 0x00, 0x00, 0x00, 0x00, 0x00, 0x00, 0x00, 0x00, 0x00,
    0x00, 0x00, 0x00, 0x00, 0x00, 0x00, 0x00, 0x00, 0x00, 0x00, 0x00, 0x00,
    0x00, 0x00, 0x00, 0x00, 0x00, 0x00, 0x00, 0x00, 0x00, 0x00, 0x00, 0x00,
    0x00, 0x00, 0x00, 0x00, 0x00, 0x00, 0x00, 0x00, 0x00, 0x00, 0x00, 0x00,
    0x00, 0x00, 0x00, 0x00, 0x00, 0x00, 0x00, 0x00, 0xe8, 0xff, 0xe8, 0xff,
    0xe8, 0xff, 0xe8, 0xff, 0xe8, 0xff, 0xe8, 0xff, 0xe8, 0xff, 0xe8, 0xff,
    0xe8, 0xff, 0xe8, 0xff, 0xe8, 0xff, 0xe8, 0xff, 0xe8, 0xff, 0xe9, 0xff,
    0xe8, 0xff, 0xe8, 0xff, 0xe9, 0xff, 0xe8, 0xff, 0xe8, 0xff, 0xe9, 0xff,
    0xe8, 0xff, 0xe8, 0xff, 0xe8, 0xff, 0xe8, 0xff, 0xe8, 0xff, 0xe8, 0xff,
    0xe8, 0xff, 0xe8, 0xff, 0xe8, 0xff, 0xe8, 0xff, 0xe8, 0xff, 0xe8, 0xff,
    0xe8, 0xff, 0xe8, 0xff, 0xe8, 0xff, 0xe8, 0xff, 0xe8, 0xff, 0xe8, 0xff,
    0xe8, 0xff, 0xe8, 0xff, 0xe9, 0xff, 0xe8, 0xff, 0xe8, 0xff, 0xe8, 0xff,
    0xe8, 0xff, 0xe8, 0xff, 0xe8, 0xff, 0xe8, 0xff, 0xe8, 0xff, 0xe8, 0xff,
    0xe8, 0xff, 0xe8, 0xff, 0xe8, 0xff, 0xe8, 0xff, 0xe8, 0xff, 0xe8, 0xff,
    0x00, 0x00, 0x00, 0x00, 0x00, 0x00, 0x00, 0x00, 0x00, 0x00, 0x00, 0x00,
    0x00, 0x00, 0x00, 0x00, 0x00, 0x00, 0x00, 0x00, 0x00, 0x00, 0x00, 0x00,
    0x00, 0x00, 0x00, 0x00, 0x00, 0x00, 0x00, 0x00, 0x00, 0x00, 0x00, 0x00,
    0x00, 0x00, 0x00, 0x00, 0x00, 0x00, 0x00, 0x00, 0x00, 0x00, 0x00, 0x00,
    0x00, 0x00, 0x00, 0x00, 0x00, 0x00, 0x00, 0x00, 0x00, 0x00, 0x00, 0x00,
    0x00, 0x00, 0x00, 0x00, 0xe8, 0xff, 0xe8, 0xff, 0xe9, 0xff, 0xe8, 0xff,
    0xe8, 0xff, 0xe8, 0xff, 0xe8, 0xff, 0xe9, 0xff, 0xe8, 0xff, 0xe8, 0xff,
    0xe9, 0xff, 0xe8, 0xff, 0xe8, 0xff, 0xe8, 0xff, 0xe8, 0xff, 0xe8, 0xff,
    0xe8, 0xff, 0xe8, 0xff, 0xe8, 0xff, 0xe8, 0xff, 0xe8, 0xff, 0xe8, 0xff,
    0xe9, 0xff, 0xe8, 0xff, 0xe8, 0xff, 0xe8, 0xff, 0xe8, 0xff, 0xe8, 0xff,
    0xe8, 0xff, 0xe8, 0xff, 0xe8, 0xff, 0xe8, 0xff, 0xe8, 0xff, 0xe8, 0xff,
    0xe8, 0xff, 0xe8, 0xff, 0xe8, 0xff, 0xe9, 0xff, 0xe8, 0xff, 0xe8, 0xff,
    0xe8, 0xff, 0xe8, 0xff, 0xe8, 0xff, 0xe9, 0xff, 0xe8, 0xff, 0xe8, 0xff,
    0xe9, 0xff, 0xe8, 0xff, 0xe8, 0xff, 0xe9, 0xff, 0xe8, 0xff, 0xe8, 0xff,
    0xe8, 0xff, 0xe8, 0xff, 0xe9, 0xff, 0xe8, 0xff, 0x00, 0x00, 0x00, 0x00,
    0x00, 0x00, 0x00, 0x00, 0x00, 0x00, 0x00, 0x00, 0x00, 0x00, 0x00, 0x00,
    0x00, 0x00, 0x00, 0x00, 0x00, 0x00, 0x00, 0x00, 0x00, 0x00, 0x00, 0x00,
    0x00, 0x00, 0x00, 0x00, 0x00, 0x00, 0x00, 0x00, 0x00, 0x00, 0x00, 0x00,
    0x00, 0x00, 0x00, 0x00, 0x00, 0x00, 0x00, 0x00, 0x00, 0x00, 0x00, 0x00,
    0x00, 0x00, 0x00, 0x00, 0x00, 0x00, 0x00, 0x00, 0x00, 0x00, 0x00, 0x00,
    0xe8, 0xff, 0xe8, 0xff, 0xe8, 0xff, 0xe8, 0xff, 0xe8, 0xff, 0xe9, 0xff,
    0xe8, 0xff, 0xe8, 0xff, 0xe8, 0xff, 0xe8, 0xff, 0xe8, 0xff, 0xe8, 0xff,
    0xe8, 0xff, 0xe8, 0xff, 0xe8, 0xff, 0xe8, 0xff, 0xe8, 0xff, 0xe8, 0xff,
    0xe8, 0xff, 0xe8, 0xff, 0xe8, 0xff, 0xe8, 0xff, 0xe8, 0xff, 0xe8, 0xff,
    0xe8, 0xff, 0xe9, 0xff, 0xe8, 0xff, 0xe8, 0xff, 0xe9, 0xff, 0xe8, 0xff,
    0xe8, 0xff, 0xe9, 0xff, 0xe8, 0xff, 0xe8, 0xff, 0xe9, 0xff, 0xe8, 0xff,
    0xe8, 0xff, 0xe8, 0xff, 0xe8, 0xff, 0xe8, 0xff, 0xe8, 0xff, 0xe8, 0xff,
    0xe8, 0xff, 0xe8, 0xff, 0xe8, 0xff, 0xe8, 0xff, 0xe8, 0xff, 0xe8, 0xff,
    0xe8, 0xff, 0xe8, 0xff, 0xe8, 0xff, 0xe8, 0xff, 0xe9, 0xff, 0xe8, 0xff,
    0xe8, 0xff, 0xe8, 0xff, 0x00, 0x00, 0x00, 0x00, 0x00, 0x00, 0x00, 0x00,
    0x00, 0x00, 0x00, 0x00, 0x00, 0x00, 0x00, 0x00, 0x00, 0x00, 0x00, 0x00,
    0x00, 0x00, 0x00, 0x00, 0x00, 0x00, 0x00, 0x00, 0x00, 0x00, 0x00, 0x00,
    0x00, 0x00, 0x00, 0x00, 0x00, 0x00, 0x00, 0x00, 0x00, 0x00, 0x00, 0x00,
    0x00, 0x00, 0x00, 0x00, 0x00, 0x00, 0x00, 0x00, 0x00, 0x00, 0x00, 0x00,
    0x00, 0x00, 0x00, 0x00, 0x00, 0x00, 0x00, 0x00, 0xe8, 0xff, 0xe8, 0xff,
    0xe8, 0xff, 0xe8, 0xff, 0xe8, 0xff, 0xe8, 0xff, 0xe8, 0xff, 0xe8, 0xff,
    0xe8, 0xff, 0xe8, 0xff, 0xe8, 0xff, 0xe8, 0xff, 0xe9, 0xff, 0xe8, 0xff,
    0xe8, 0xff, 0xe9, 0xff, 0xe8, 0xff, 0xe8, 0xff, 0xe9, 0xff, 0xe8, 0xff,
    0xe8, 0xff, 0xe8, 0xff, 0xe8, 0xff, 0xe8, 0xff, 0xe8, 0xff, 0xe8, 0xff,
    0xe8, 0xff, 0xe8, 0xff, 0xe8, 0xff, 0xe8, 0xff, 0xe8, 0xff, 0xe8, 0xff,
    0xe8, 0xff, 0xe8, 0xff, 0xe8, 0xff, 0xe8, 0xff, 0xe8, 0xff, 0xe8, 0xff,
    0xe8, 0xff, 0xe9, 0xff, 0xe8, 0xff, 0xe8, 0xff, 0xe8, 0xff, 0xe8, 0xff,
    0xe8, 0xff, 0xe8, 0xff, 0xe8, 0xff, 0xe8, 0xff, 0xe8, 0xff, 0xe8, 0xff,
    0xe8, 0xff, 0xe8, 0xff, 0xe8, 0xff, 0xe8, 0xff, 0xe8, 0xff, 0xe8, 0xff,
    0x00, 0x00, 0x00, 0x00, 0x00, 0x00, 0x00, 0x00, 0x00, 0x00, 0x00, 0x00,
    0x00, 0x00, 0x00, 0x00, 0x00, 0x00, 0x00, 0x00, 0x00, 0x00, 0x00, 0x00,
    0x00, 0x00, 0x00, 0x00, 0x00, 0x00, 0x00, 0x00, 0x00, 0x00, 0x00, 0x00,
    0x00, 0x00, 0x00, 0x00, 0x00, 0x00, 0x00, 0x00, 0x00, 0x00, 0x00, 0x00,
    0x00, 0x00, 0x00, 0x00, 0x00, 0x00, 0x00, 0x00, 0x00, 0x00, 0x00, 0x00,
    0x00, 0x00, 0x00, 0x00, 0xe8, 0xff, 0xe8, 0xff, 0xe9, 0xff, 0xe8, 0xff,
    0xe8, 0xff, 0xe8, 0xff, 0xe8, 0xff, 0xe8, 0xff, 0xe9, 0xff, 0xe8, 0xff,
    0xe8, 0xff, 0xe8, 0xff, 0xe8, 0xff, 0xe8, 0xff, 0xe8, 0xff, 0xe8, 0xff,
    0xe8, 0xff, 0xe8, 0xff, 0xe8, 0xff, 0xe8, 0xff, 0xe9, 0xff, 0xe8, 0xff,
    0xe8, 0xff, 0xe9, 0xff, 0xe8, 0xff, 0xe8, 0xff, 0xe8, 0xff, 0xe8, 0xff,
    0xe8, 0xff, 0xe8, 0xff, 0xe9, 0xff, 0xe8, 0xff, 0xe8, 0xff, 0xe8, 0xff,
    0xe8, 0xff, 0xe8, 0xff, 0xe9, 0xff, 0xe8, 0xff, 0xe8, 0xff, 0xe8, 0xff,
    0xe8, 0xff, 0xe9, 0xff, 0xe8, 0xff, 0xe8, 0xff, 0xe9, 0xff, 0xe8, 0xff,
    0xe8, 0xff, 0xe9, 0xff, 0xe8, 0xff, 0xe8, 0xff, 0xe9, 0xff, 0xe8, 0xff,
    0xe8, 0xff, 0xe8, 0xff, 0xe8, 0xff, 0xe9, 0xff, 0x00, 0x00, 0x00, 0x00,
    0x00, 0x00, 0x00, 0x00, 0x00, 0x00, 0x00, 0x00, 0x00, 0x00, 0x00, 0x00,
    0x00, 0x00, 0x00, 0x00, 0x00, 0x00, 0x00, 0x00, 0x00, 0x00, 0x00, 0x00,
    0x00, 0x00, 0x00, 0x00, 0x00, 0x00, 0x00, 0x00, 0x00, 0x00, 0x00, 0x00,
    0x00, 0x00, 0x00, 0x00, 0x00, 0x00, 0x00, 0x00, 0x00, 0x00, 0x00, 0x00,
    0x00, 0x00, 0x00, 0x00, 0x00, 0x00, 0x00, 0x00, 0x00, 0x00, 0x00, 0x00,
    0xe8, 0xff, 0xe8, 0xff, 0xe8, 0xff, 0xe8, 0xff, 0xe8, 0xff, 0xe9, 0xff,
    0xe8, 0xff, 0xe8, 0xff, 0xe8, 0xff, 0xe8, 0xff, 0xe8, 0xff, 0xe9, 0xff,
    0xe8, 0xff, 0xe8, 0xff, 0xe8, 0xff, 0xe8, 0xff, 0xe9, 0xff, 0xe8, 0xff,
    0xe8, 0xff, 0xe8, 0xff, 0xe8, 0xff, 0xe8, 0xff, 0xe8, 0xff, 0xe8, 0xff,
    0xe8, 0xff, 0xe9, 0xff, 0xe8, 0xff, 0xe8, 0xff, 0xe9, 0xff, 0xe8, 0xff,
    0xe8, 0xff, 0xe8, 0xff, 0xe8, 0xff, 0xe9, 0xff, 0xe8, 0xff, 0xe8, 0xff,
    0xe8, 0xff, 0xe8, 0xff, 0xe8, 0xff, 0xe8, 0xff, 0xe8, 0xff, 0xe8, 0xff,
    0xe8, 0xff, 0xe8, 0xff, 0xe8, 0xff, 0xe8, 0xff, 0xe8, 0xff, 0xe8, 0xff,
    0xe8, 0xff, 0xe8, 0xff, 0xe8, 0xff, 0xe8, 0xff, 0xe8, 0xff, 0xe8, 0xff,
    0xe8, 0xff, 0xe8, 0xff, 0x00, 0x00, 0x00, 0x00, 0x00, 0x00, 0x00, 0x00,
    0x00, 0x00, 0x00, 0x00, 0x00, 0x00, 0x00, 0x00, 0x00, 0x00, 0x00, 0x00,
    0x00, 0x00, 0x00, 0x00, 0x00, 0x00, 0x00, 0x00, 0x00, 0x00, 0x00, 0x00,
    0x00, 0x00, 0x00, 0x00, 0x00, 0x00, 0x00, 0x00, 0x00, 0x00, 0x00, 0x00,
    0x00, 0x00, 0x00, 0x00, 0xe8, 0xff, 0xe8, 0xff, 0xe8, 0xff, 0xe8, 0xff,
    0xe8, 0xff, 0xe8, 0xff, 0xe8, 0xff, 0xe8, 0xff, 0xe8, 0xff, 0xe8, 0xff,
    0xe8, 0xff, 0xe8, 0xff, 0xe8, 0xff, 0xe8, 0xff, 0xe8, 0xff, 0xe8, 0xff,
    0x00, 0x00, 0x00, 0x00, 0x00, 0x00, 0x00, 0x00, 0x00, 0x00, 0x00, 0x00,
    0x00, 0x00, 0x00, 0x00, 0xe8, 0xff, 0xe8, 0xff, 0xe8, 0xff, 0xe8, 0xff,
    0xe8, 0xff, 0xe8, 0xff, 0xe8, 0xff, 0xe8, 0xff, 0xe8, 0xff, 0xe8, 0xff,
    0xe8, 0xff, 0xe8, 0xff, 0xe8, 0xff, 0xe8, 0xff, 0xe8, 0xff, 0xe8, 0xff,
    0xe8, 0xff, 0xe8, 0xff, 0xe8, 0xff, 0xe8, 0xff, 0xe8, 0xff, 0xe8, 0xff,
    0xe9, 0xff, 0xe8, 0xff, 0x00, 0x00, 0x00, 0x00, 0x00, 0x00, 0x00, 0x00,
    0x00, 0x00, 0x00, 0x00, 0x00, 0x00, 0x00, 0x00, 0xe8, 0xff, 0xe8, 0xff,
    0xe8, 0xff, 0xe9, 0xff, 0xe8, 0xff, 0xe8, 0xff, 0xe9, 0xff, 0xe8, 0xff,
    0xe8, 0xff, 0xe8, 0xff, 0xe8, 0xff, 0xe8, 0xff, 0xe8, 0xff, 0xe8, 0xff,
    0xe8, 0xff, 0xe8, 0xff, 0x00, 0x00, 0x00, 0x00, 0x00, 0x00, 0x00, 0x00,
    0x00, 0x00, 0x00, 0x00, 0x00, 0x00, 0x00, 0x00, 0x00, 0x00, 0x00, 0x00,
    0x00, 0x00, 0x00, 0x00, 0x00, 0x00, 0x00, 0x00, 0x00, 0x00, 0x00, 0x00,
    0xe8, 0xff, 0xe8, 0xff, 0xe8, 0xff, 0xe8, 0xff, 0xe8, 0xff, 0xe8, 0xff,
    0xe8, 0xff, 0xe8, 0xff, 0xe8, 0xff, 0xe9, 0xff, 0xe8, 0xff, 0xe8, 0xff,
    0xe9, 0xff, 0xe8, 0xff, 0xe8, 0xff, 0xe8, 0xff, 0x00, 0x00, 0x00, 0x00,
    0x00, 0x00, 0x00, 0x00, 0x00, 0x00, 0x00, 0x00, 0x00, 0x00, 0x00, 0x00,
    0xe8, 0xff, 0xe8, 0xff, 0xe9, 0xff, 0xe8, 0xff, 0xe8, 0xff, 0xe9, 0xff,
    0xe8, 0xff, 0xe8, 0xff, 0xe9, 0xff, 0xe8, 0xff, 0xe8, 0xff, 0xe8, 0xff,
    0xe8, 0xff, 0xe8, 0xff, 0xe9, 0xff, 0xe8, 0xff, 0xe8, 0xff, 0xe8, 0xff,
    0xe8, 0xff, 0xe9, 0xff, 0xe8, 0xff, 0xe8, 0xff, 0xe8, 0xff, 0xe8, 0xff,
    0x00, 0x00, 0x00, 0x00, 0x00, 0x00, 0x00, 0x00, 0x00, 0x00, 0x00, 0x00,
    0x00, 0x00, 0x00, 0x00, 0xe9, 0xff, 0xe8, 0xff, 0xe8, 0xff, 0xe8, 0xff,
    0xe8, 0xff, 0xe8, 0xff, 0xe8, 0xff, 0xe8, 0xff, 0xe8, 0xff, 0xe8, 0xff,
    0xe9, 0xff, 0xe8, 0xff, 0xe8, 0xff, 0xe8, 0xff, 0xe8, 0xff, 0xe8, 0xff,
    0x00, 0x00, 0x00, 0x00, 0x00, 0x00, 0x00, 0x00, 0x00, 0x00, 0x00, 0x00,
    0x00, 0x00, 0x00, 0x00, 0x00, 0x00, 0x00, 0x00, 0x00, 0x00, 0x00, 0x00,
    0x00, 0x00, 0x00, 0x00, 0x00, 0x00, 0x00, 0x00, 0xe8, 0xff, 0xe8, 0xff,
    0xe8, 0xff, 0xe8, 0xff, 0xe8, 0xff, 0xe8, 0xff, 0xe8, 0xff, 0xe8, 0xff,
    0xe8, 0xff, 0xe8, 0xff, 0xe8, 0xff, 0xe8, 0xff, 0xe8, 0xff, 0xe8, 0xff,
    0xe8, 0xff, 0xe9, 0xff, 0x00, 0x00, 0x00, 0x00, 0x00, 0x00, 0x00, 0x00,
    0x00, 0x00, 0x00, 0x00, 0x00, 0x00, 0x00, 0x00, 0xe8, 0xff, 0xe8, 0xff,
    0xe8, 0xff, 0xe8, 0xff, 0xe8, 0xff, 0xe8, 0xff, 0xe8, 0xff, 0xe8, 0xff,
    0xe8, 0xff, 0xe8, 0xff, 0xe8, 0xff, 0xe9, 0xff, 0xe8, 0xff, 0xe8, 0xff,
    0xe8, 0xff, 0xe8, 0xff, 0xe8, 0xff, 0xe9, 0xff, 0xe8, 0xff, 0xe8, 0xff,
    0xe8, 0xff, 0xe8, 0xff, 0xe8, 0xff, 0xe8, 0xff, 0x00, 0x00, 0x00, 0x00,
    0x00, 0x00, 0x00, 0x00, 0x00, 0x00, 0x00, 0x00, 0x00, 0x00, 0x00, 0x00,
    0xe8, 0xff, 0xe8, 0xff, 0xe8, 0xff, 0xe8, 0xff, 0xe8, 0xff, 0xe8, 0xff,
    0xe8, 0xff, 0xe8, 0xff, 0xe8, 0xff, 0xe8, 0xff, 0xe8, 0xff, 0xe8, 0xff,
    0xe8, 0xff, 0xe9, 0xff, 0xe8, 0xff, 0xe8, 0xff, 0x00, 0x00, 0x00, 0x00,
    0x00, 0x00, 0x00, 0x00, 0x00, 0x00, 0x00, 0x00, 0x00, 0x00, 0x00, 0x00,
    0x00, 0x00, 0x00, 0x00, 0x00, 0x00, 0x00, 0x00, 0x00, 0x00, 0x00, 0x00,
    0x00, 0x00, 0x00, 0x00, 0xe8, 0xff, 0xe8, 0xff, 0xe8, 0xff, 0xe8, 0xff,
    0xe8, 0xff, 0xe9, 0xff, 0xe8, 0xff, 0xe8, 0xff, 0xe8, 0xff, 0xe8, 0xff,
    0xe8, 0xff, 0xe8, 0xff, 0xe8, 0xff, 0xe8, 0xff, 0xe8, 0xff, 0xe8, 0xff,
    0x00, 0x00, 0x00, 0x00, 0x00, 0x00, 0x00, 0x00, 0x00, 0x00, 0x00, 0x00,
    0x00, 0x00, 0x00, 0x00, 0xe8, 0xff, 0xe8, 0xff, 0xe8, 0xff, 0xe9, 0xff,
    0xe8, 0xff, 0xe8, 0xff, 0xe8, 0xff, 0xe8, 0xff, 0xe8, 0xff, 0xe8, 0xff,
    0xe8, 0xff, 0xe8, 0xff, 0xe8, 0xff, 0xe8, 0xff, 0xe8, 0xff, 0xe8, 0xff,
    0xe8, 0xff, 0xe8, 0xff, 0xe8, 0xff, 0xe8, 0xff, 0xe8, 0xff, 0xe9, 0xff,
    0xe8, 0xff, 0xe8, 0xff, 0x00, 0x00, 0x00, 0x00, 0x00, 0x00, 0x00, 0x00,
    0x00, 0x00, 0x00, 0x00, 0x00, 0x00, 0x00, 0x00, 0xe8, 0xff, 0xe8, 0xff,
    0xe9, 0xff, 0xe8, 0xff, 0xe8, 0xff, 0xe9, 0xff, 0xe8, 0xff, 0xe8, 0xff,
    0xe9, 0xff, 0xe8, 0xff, 0xe8, 0xff, 0xe8, 0xff, 0xe8, 0xff, 0xe8, 0xff,
    0xe8, 0xff, 0xe8, 0xff, 0x00, 0x00, 0x00, 0x00, 0x00, 0x00, 0x00, 0x00,
    0x00, 0x00, 0x00, 0x00, 0x00, 0x00, 0x00, 0x00, 0x00, 0x00, 0x00, 0x00,
    0x00, 0x00, 0x00, 0x00, 0x00, 0x00, 0x00, 0x00, 0x00, 0x00, 0x00, 0x00,
    0xe8, 0xff, 0xe8, 0xff, 0xe8, 0xff, 0xe8, 0xff, 0xe8, 0xff, 0xe8, 0xff,
    0xe8, 0xff, 0xe8, 0xff, 0xe9, 0xff, 0xe8, 0xff, 0xe8, 0xff, 0xe9, 0xff,
    0xe8, 0xff, 0xe8, 0xff, 0xe8, 0xff, 0xe8, 0xff, 0x00, 0x00, 0x00, 0x00,
    0x00, 0x00, 0x00, 0x00, 0x00, 0x00, 0x00, 0x00, 0x00, 0x00, 0x00, 0x00,
    0xe9, 0xff, 0xe8, 0xff, 0xe8, 0xff, 0xe8, 0xff, 0xe8, 0xff, 0xe8, 0xff,
    0xe9, 0xff, 0xe8, 0xff, 0xe8, 0xff, 0xe9, 0xff, 0xe8, 0xff, 0xe8, 0xff,
    0xe8, 0xff, 0xe9, 0xff, 0xe8, 0xff, 0xe8, 0xff, 0xe8, 0xff, 0xe8, 0xff,
    0xe8, 0xff, 0xe8, 0xff, 0xe8, 0xff, 0xe8, 0xff, 0xe8, 0xff, 0xe8, 0xff,
    0x00, 0x00, 0x00, 0x00, 0x00, 0x00, 0x00, 0x00, 0x00, 0x00, 0x00, 0x00,
    0x00, 0x00, 0x00, 0x00, 0xe8, 0xff, 0xe8, 0xff, 0xe8, 0xff, 0xe8, 0xff,
    0xe8, 0xff, 0xe8, 0xff, 0xe8, 0xff, 0xe8, 0xff, 0xe8, 0xff, 0xe8, 0xff,
    0xe8, 0xff, 0xe9, 0xff, 0xe8, 0xff, 0xe8, 0xff, 0xe8, 0xff, 0xe9, 0xff,
    0x00, 0x00, 0x00, 0x00, 0x00, 0x00, 0x00, 0x00, 0x00, 0x00, 0x00, 0x00,
    0x00, 0x00, 0x00, 0x00, 0x00, 0x00, 0x00, 0x00, 0x00, 0x00, 0x00, 0x00,
    0x00, 0x00, 0x00, 0x00, 0x00, 0x00, 0x00, 0x00, 0xe8, 0xff, 0xe8, 0xff,
    0xe9, 0xff, 0xe8, 0xff, 0xe8, 0xff, 0xe8, 0xff, 0xe8, 0xff, 0xe8, 0xff,
    0xe8, 0xff, 0xe8, 0xff, 0xe8, 0xff, 0xe8, 0xff, 0xe8, 0xff, 0xe9, 0xff,
    0xe8, 0xff, 0xe8, 0xff, 0x00, 0x00, 0x00, 0x00, 0x00, 0x00, 0x00, 0x00,
    0x00, 0x00, 0x00, 0x00, 0x00, 0x00, 0x00, 0x00, 0xe8, 0xff, 0xe8, 0xff,
    0xe8, 0xff, 0xe8, 0xff, 0xe8, 0xff, 0xe8, 0xff, 0xe8, 0xff, 0xe8, 0xff,
    0xe8, 0xff, 0xe8, 0xff, 0xe8, 0xff, 0xe8, 0xff, 0xe8, 0xff, 0xe8, 0xff,
    0xe8, 0xff, 0xe9, 0xff, 0xe8, 0xff, 0xe8, 0xff, 0xe9, 0xff, 0xe8, 0xff,
    0xe8, 0xff, 0xe8, 0xff, 0xe9, 0xff, 0xe8, 0xff, 0x00, 0x00, 0x00, 0x00,
    0x00, 0x00, 0x00, 0x00, 0x00, 0x00, 0x00, 0x00, 0x00, 0x00, 0x00, 0x00,
    0xe8, 0xff, 0xe8, 0xff, 0xe8, 0xff, 0xe8, 0xff, 0xe8, 0xff, 0xe8, 0xff,
    0xe9, 0xff, 0xe8, 0xff, 0xe8, 0xff, 0xe8, 0xff, 0xe8, 0xff, 0xe8, 0xff,
    0xe8, 0xff, 0xe8, 0xff, 0xe8, 0xff, 0xe8, 0xff, 0x00, 0x00, 0x00, 0x00,
    0x00, 0x00, 0x00, 0x00, 0x00, 0x00, 0x00, 0x00, 0x00, 0x00, 0x00, 0x00,
    0x00, 0x00, 0x00, 0x00, 0x00, 0x00, 0x00, 0x00, 0x00, 0x00, 0x00, 0x00,
    0x00, 0x00, 0x00, 0x00, 0xe8, 0xff, 0xe8, 0xff, 0xe8, 0xff, 0xe8, 0xff,
    0xe8, 0xff, 0xe9, 0xff, 0xe8, 0xff, 0xe8, 0xff, 0xe8, 0xff, 0xe9, 0xff,
    0xe8, 0xff, 0xe8, 0xff, 0xe8, 0xff, 0xe8, 0xff, 0xe8, 0xff, 0xe8, 0xff,
    0x00, 0x00, 0x00, 0x00, 0x00, 0x00, 0x00, 0x00, 0x00, 0x00, 0x00, 0x00,
    0x00, 0x00, 0x00, 0x00, 0xe8, 0xff, 0xe8, 0xff, 0xe9, 0xff, 0xe8, 0xff,
    0xe8, 0xff, 0xe9, 0xff, 0xe8, 0xff, 0xe8, 0xff, 0xe8, 0xff, 0xe8, 0xff,
    0xe9, 0xff, 0xe8, 0xff, 0xe8, 0xff, 0xe8, 0xff, 0xe8, 0xff, 0xe8, 0xff,
    0xe8, 0xff, 0xe8, 0xff, 0xe8, 0xff, 0xe8, 0xff, 0xe8, 0xff, 0xe8, 0xff,
    0xe8, 0xff, 0xe8, 0xff, 0x00, 0x00, 0x00, 0x00, 0x00, 0x00, 0x00, 0x00,
    0x00, 0x00, 0x00, 0x00, 0x00, 0x00, 0x00, 0x00, 0xe9, 0xff, 0xe8, 0xff,
    0xe8, 0xff, 0xe9, 0xff, 0xe8, 0xff, 0xe8, 0xff, 0xe8, 0xff, 0xe8, 0xff,
    0xe8, 0xff, 0xe9, 0xff, 0xe8, 0xff, 0xe8, 0xff, 0xe8, 0xff, 0xe9, 0xff,
    0xe8, 0xff, 0xe8, 0xff, 0x00, 0x00, 0x00, 0x00, 0x00, 0x00, 0x00, 0x00,
    0x00, 0x00, 0x00, 0x00, 0x00, 0x00, 0x00, 0x00, 0x00, 0x00, 0x00, 0x00,
    0x00, 0x00, 0x00, 0x00, 0x00, 0x00, 0x00, 0x00, 0x00, 0x00, 0x00, 0x00,
    0xe8, 0xff, 0xe8, 0xff, 0xe8, 0xff, 0xe8, 0xff, 0xe8, 0xff, 0xe8, 0xff,
    0xe8, 0xff, 0xe8, 0xff, 0xe8, 0xff, 0xe8, 0xff, 0xe8, 0xff, 0xe8, 0xff,
    0xe8, 0xff, 0xe8, 0xff, 0xe9, 0xff, 0xe8, 0xff, 0x00, 0x00, 0x00, 0x00,
    0x00, 0x00, 0x00, 0x00, 0x00, 0x00, 0x00, 0x00, 0x00, 0x00, 0x00, 0x00,
    0xe8, 0xff, 0xe8, 0xff, 0xe8, 0xff, 0xe8, 0xff, 0xe8, 0xff, 0xe8, 0xff,
    0xe8, 0xff, 0xe8, 0xff, 0xe9, 0xff, 0xe8, 0xff, 0xe8, 0xff, 0xe8, 0xff,
    0xe8, 0xff, 0xe9, 0xff, 0xe8, 0xff, 0xe8, 0xff, 0xe8, 0xff, 0xe8, 0xff,
    0xe8, 0xff, 0xe9, 0xff, 0xe8, 0xff, 0xe8, 0xff, 0xe8, 0xff, 0xe8, 0xff,
    0x00, 0x00, 0x00, 0x00, 0x00, 0x00, 0x00, 0x00, 0x00, 0x00, 0x00, 0x00,
    0x00, 0x00, 0x00, 0x00, 0xe8, 0xff, 0xe8, 0xff, 0xe8, 0xff, 0xe8, 0xff,
    0xe8, 0xff, 0xe8, 0xff, 0xe8, 0xff, 0xe8, 0xff, 0xe8, 0xff, 0xe8, 0xff,
    0xe8, 0xff, 0xe8, 0xff, 0xe8, 0xff, 0xe8, 0xff, 0xe8, 0xff, 0xe8, 0xff,
    0x00, 0x00, 0x00, 0x00, 0x00, 0x00, 0x00, 0x00, 0x00, 0x00, 0x00, 0x00,
    0x00, 0x00, 0x00, 0x00, 0xe8, 0xff, 0xe8, 0xff, 0xe8, 0xff, 0xe8, 0xff,
    0xe8, 0xff, 0xe8, 0xff, 0xe8, 0xff, 0xe8, 0xff, 0xe8, 0xff, 0xe8, 0xff,
    0xe9, 0xff, 0xe8, 0xff, 0xe8, 0xff, 0xe8, 0xff, 0xe9, 0xff, 0xe8, 0xff,
    0xe8, 0xff, 0xe8, 0xff, 0xe9, 0xff, 0xe8, 0xff, 0xe8, 0xff, 0xe8, 0xff,
    0xe8, 0xff, 0xe8, 0xff, 0xe8, 0xff, 0xe8, 0xff, 0xe8, 0xff, 0xe8, 0xff,
    0xe8, 0xff, 0xe8, 0xff, 0xe8, 0xff, 0xe8, 0xff, 0xe9, 0xff, 0xe8, 0xff,
    0xe8, 0xff, 0xe8, 0xff, 0xe8, 0xff, 0xe8, 0xff, 0xe8, 0xff, 0xe8, 0xff,
    0xe8, 0xff, 0xe8, 0xff, 0xe8, 0xff, 0xe8, 0xff, 0xe8, 0xff, 0xe8, 0xff,
    0xe8, 0xff, 0xe8, 0xff, 0xe9, 0xff, 0xe8, 0xff, 0xe8, 0xff, 0xe8, 0xff,
    0xe8, 0xff, 0xe9, 0xff, 0xe8, 0xff, 0xe8, 0xff, 0xe9, 0xff, 0xe8, 0xff,
    0xe8, 0xff, 0xe8, 0xff, 0xe8, 0xff, 0xe8, 0xff, 0xe8, 0xff, 0xe8, 0xff,
    0xe8, 0xff, 0xe8, 0xff, 0xe8, 0xff, 0xe8, 0xff, 0xe9, 0xff, 0xe8, 0xff,
    0xe8, 0xff, 0xe9, 0xff, 0xe8, 0xff, 0xe8, 0xff, 0xe8, 0xff, 0xe9, 0xff,
    0xe8, 0xff, 0xe8, 0xff, 0xe8, 0xff, 0xe8, 0xff, 0xe8, 0xff, 0xe8, 0xff,
    0xe8, 0xff, 0xe8, 0xff, 0xe8, 0xff, 0xe8, 0xff, 0xe8, 0xff, 0xe8, 0xff,
    0xe8, 0xff, 0xe8, 0xff, 0xe8, 0xff, 0xe8, 0xff, 0xe8, 0xff, 0xe8, 0xff,
    0xe8, 0xff, 0xe8, 0xff, 0xe8, 0xff, 0xe8, 0xff, 0xe8, 0xff, 0xe8, 0xff,
    0xe8, 0xff, 0xe8, 0xff, 0xe8, 0xff, 0xe8, 0xff, 0xe8, 0xff, 0xe8, 0xff,
    0xe8, 0xff, 0xe8, 0xff, 0xe8, 0xff, 0xe9, 0xff, 0xe8, 0xff, 0xe8, 0xff,
    0xe9, 0xff, 0xe8, 0xff, 0xe8, 0xff, 0xe9, 0xff, 0xe8, 0xff, 0xe8, 0xff,
    0xe8, 0xff, 0xe8, 0xff, 0xe8, 0xff, 0xe8, 0xff, 0xe8, 0xff, 0xe9, 0xff,
    0xe8, 0xff, 0xe8, 0xff, 0xe9, 0xff, 0xe8, 0xff, 0xe8, 0xff, 0xe8, 0xff,
    0xe8, 0xff, 0xe9, 0xff, 0xe8, 0xff, 0xe8, 0xff, 0xe8, 0xff, 0xe8, 0xff,
    0xe8, 0xff, 0xe8, 0xff, 0xe8, 0xff, 0xe8, 0xff, 0xe8, 0xff, 0xe8, 0xff,
    0xe8, 0xff, 0xe8, 0xff, 0xe8, 0xff, 0xe8, 0xff, 0xe8, 0xff, 0xe9, 0xff,
    0xe8, 0xff, 0xe8, 0xff, 0xe9, 0xff, 0xe8, 0xff, 0xe8, 0xff, 0xe9, 0xff,
    0xe8, 0xff, 0xe8, 0xff, 0xe8, 0xff, 0xe8, 0xff, 0xe8, 0xff, 0xe8, 0xff,
    0xe8, 0xff, 0xe8, 0xff, 0xe8, 0xff, 0xe8, 0xff, 0xe8, 0xff, 0xe8, 0xff,
    0xe9, 0xff, 0xe8, 0xff, 0xe8, 0xff, 0xe9, 0xff, 0xe8, 0xff, 0xe8, 0xff,
    0xe8, 0xff, 0xe8, 0xff, 0xe8, 0xff, 0xe8, 0xff, 0xe8, 0xff, 0xe8, 0xff,
    0xe8, 0xff, 0xe8, 0xff, 0xe8, 0xff, 0xe8, 0xff, 0xe8, 0xff, 0xe8, 0xff,
    0xe8, 0xff, 0xe8, 0xff, 0xe8, 0xff, 0xe9, 0xff, 0xe8, 0xff, 0xe8, 0xff,
    0xe8, 0xff, 0xe9, 0xff, 0xe8, 0xff, 0xe8, 0xff, 0xe8, 0xff, 0xe8, 0xff,
    0xe8, 0xff, 0xe8, 0xff, 0xe8, 0xff, 0xe8, 0xff, 0xe8, 0xff, 0xe8, 0xff,
    0xe8, 0xff, 0xe8, 0xff, 0xe8, 0xff, 0xe9, 0xff, 0xe8, 0xff, 0xe8, 0xff,
    0xe8, 0xff, 0xe8, 0xff, 0xe8, 0xff, 0xe8, 0xff, 0xe8, 0xff, 0xe8, 0xff,
    0xe8, 0xff, 0xe8, 0xff, 0xe8, 0xff, 0xe8, 0xff, 0xe8, 0xff, 0xe8, 0xff,
    0xe8, 0xff, 0xe8, 0xff, 0xe9, 0xff, 0xe8, 0xff, 0xe8, 0xff, 0xe8, 0xff,
    0xe9, 0xff, 0xe8, 0xff, 0xe8, 0xff, 0xe8, 0xff, 0xe8, 0xff, 0xe8, 0xff,
    0xe8, 0xff, 0xe8, 0xff, 0xe8, 0xff, 0xe8, 0xff, 0xe8, 0xff, 0xe8, 0xff,
    0xe8, 0xff, 0xe8, 0xff, 0xe8, 0xff, 0xe8, 0xff, 0xe8, 0xff, 0xe8, 0xff,
    0xe8, 0xff, 0xe8, 0xff, 0xe8, 0xff, 0xe8, 0xff, 0xe9, 0xff, 0xe8, 0xff,
    0xe8, 0xff, 0xe8, 0xff, 0xe8, 0xff, 0xe8, 0xff, 0xe8, 0xff, 0xe8, 0xff,
    0xe8, 0xff, 0xe8, 0xff, 0xe8, 0xff, 0xe8, 0xff, 0xe9, 0xff, 0xe8, 0xff,
    0xe8, 0xff, 0xe8, 0xff, 0xe8, 0xff, 0xe8, 0xff, 0xe8, 0xff, 0xe8, 0xff,
    0xe8, 0xff, 0xe8, 0xff, 0xe9, 0xff, 0xe8, 0xff, 0xe8, 0xff, 0xe9, 0xff,
    0xe8, 0xff, 0xe8, 0xff, 0xe8, 0xff, 0xe8, 0xff, 0xe8, 0xff, 0xe8, 0xff,
    0xe8, 0xff, 0xe9, 0xff, 0xe8, 0xff, 0xe8, 0xff, 0xe9, 0xff, 0xe8, 0xff,
    0xe8, 0xff, 0xe8, 0xff, 0xe8, 0xff, 0xe8, 0xff, 0xe8, 0xff, 0xe8, 0xff,
    0xe8, 0xff, 0xe8, 0xff, 0xe8, 0xff, 0xe9, 0xff, 0xe8, 0xff, 0xe8, 0xff,
    0xe9, 0xff, 0xe8, 0xff, 0xe8, 0xff, 0xe8, 0xff, 0xe8, 0xff, 0xe9, 0xff,
    0xe8, 0xff, 0xe8, 0xff, 0xe9, 0xff, 0xe8, 0xff, 0xe8, 0xff, 0xe8, 0xff,
    0xe8, 0xff, 0xe8, 0xff, 0xe8, 0xff, 0xe8, 0xff, 0xe8, 0xff, 0xe8, 0xff,
    0xe8, 0xff, 0xe9, 0xff, 0xe8, 0xff, 0xe8, 0xff, 0xe9, 0xff, 0xe8, 0xff,
    0xe8, 0xff, 0xe8, 0xff, 0xe8, 0xff, 0xe9, 0xff, 0xe8, 0xff, 0xe8, 0xff,
    0xe8, 0xff, 0xe8, 0xff, 0xe9, 0xff, 0xe8, 0xff, 0xe8, 0xff, 0xe9, 0xff,
    0xe8, 0xff, 0xe8, 0xff, 0xe8, 0xff, 0xe8, 0xff, 0xe8, 0xff, 0xe9, 0xff,
    0xe8, 0xff, 0xe8, 0xff, 0xe8, 0xff, 0xe8, 0xff, 0xe8, 0xff, 0xe8, 0xff,
    0xe8, 0xff, 0xe8, 0xff, 0xe8, 0xff, 0xe8, 0xff, 0xe8, 0xff, 0xe8, 0xff,
    0xe8, 0xff, 0xe8, 0xff, 0xe8, 0xff, 0xe8, 0xff, 0xe8, 0xff, 0xe8, 0xff,
    0xe8, 0xff, 0xe8, 0xff, 0xe8, 0xff, 0xe8, 0xff, 0xe8, 0xff, 0xe8, 0xff,
    0xe8, 0xff, 0xe9, 0xff, 0xe8, 0xff, 0xe8, 0xff, 0xe8, 0xff, 0xe8, 0xff,
    0xe8, 0xff, 0xe8, 0xff, 0xe8, 0xff, 0xe8, 0xff, 0xe8, 0xff, 0xe9, 0xff,
    0xe8, 0xff, 0xe8, 0xff, 0xe9, 0xff, 0xe8, 0xff, 0xe8, 0xff, 0xe8, 0xff,
    0xe8, 0xff, 0xe8, 0xff, 0xe8, 0xff, 0xe8, 0xff, 0xe8, 0xff, 0xe8, 0xff,
    0xe8, 0xff, 0xe8, 0xff, 0xe8, 0xff, 0xe8, 0xff, 0xe8, 0xff, 0xe8, 0xff,
    0xe8, 0xff, 0xe8, 0xff, 0xe8, 0xff, 0xe8, 0xff, 0xe8, 0xff, 0xe8, 0xff,
    0xe9, 0xff, 0xe8, 0xff, 0xe8, 0xff, 0xe8, 0xff, 0xe8, 0xff, 0xe8, 0xff,
    0xe8, 0xff, 0xe8, 0xff, 0xe8, 0xff, 0xe8, 0xff, 0xe9, 0xff, 0xe8, 0xff,
    0xe8, 0xff, 0xe8, 0xff, 0xe8, 0xff, 0xe8, 0xff, 0xe8, 0xff, 0xe8, 0xff,
    0xe8, 0xff, 0xe8, 0xff, 0xe8, 0xff, 0xe8, 0xff, 0xe8, 0xff, 0xe8, 0xff,
    0xe8, 0xff, 0xe8, 0xff, 0xe8, 0xff, 0xe8, 0xff, 0xe8, 0xff, 0xe9, 0xff,
    0xe8, 0xff, 0xe8, 0xff, 0xe9, 0xff, 0xe8, 0xff, 0xe8, 0xff, 0xe9, 0xff,
    0xe8, 0xff, 0xe8, 0xff, 0xe8, 0xff, 0xe8, 0xff, 0xe8, 0xff, 0xe8, 0xff,
    0xe8, 0xff, 0xe9, 0xff, 0xe8, 0xff, 0xe8, 0xff, 0xe8, 0xff, 0xe8, 0xff,
    0xe8, 0xff, 0xe8, 0xff, 0xe8, 0xff, 0xe8, 0xff, 0xe8, 0xff, 0xe8, 0xff,
    0xe8, 0xff, 0xe8, 0xff, 0xe8, 0xff, 0xe8, 0xff, 0xe8, 0xff, 0xe8, 0xff,
    0xe8, 0xff, 0xe8, 0xff, 0xe8, 0xff, 0xe8, 0xff, 0xe8, 0xff, 0xe8, 0xff,
    0xe8, 0xff, 0xe8, 0xff, 0xe8, 0xff, 0xe9, 0xff, 0xe8, 0xff, 0xe8, 0xff,
    0xe8, 0xff, 0xe8, 0xff, 0xe8, 0xff, 0xe8, 0xff, 0xe9, 0xff, 0xe8, 0xff,
    0xe8, 0xff, 0xe8, 0xff, 0xe8, 0xff, 0xe8, 0xff, 0xe8, 0xff, 0xe8, 0xff,
    0xe9, 0xff, 0xe8, 0xff, 0xe8, 0xff, 0xe8, 0xff, 0xe8, 0xff, 0xe8, 0xff,
    0xe8, 0xff, 0xe9, 0xff, 0xe8, 0xff, 0xe8, 0xff, 0xe8, 0xff, 0xe8, 0xff,
    0xe8, 0xff, 0xe8, 0xff, 0xe8, 0xff, 0xe8, 0xff, 0xe8, 0xff, 0xe8, 0xff,
    0xe8, 0xff, 0xe9, 0xff, 0xe8, 0xff, 0xe8, 0xff, 0xe8, 0xff, 0xe8, 0xff,
    0xe8, 0xff, 0xe8, 0xff, 0xe9, 0xff, 0xe8, 0xff, 0xe8, 0xff, 0xe9, 0xff,
    0xe8, 0xff, 0xe8, 0xff, 0xe8, 0xff, 0xe8, 0xff, 0xe8, 0xff, 0xe8, 0xff,
    0xe8, 0xff, 0xe8, 0xff, 0xe8, 0xff, 0xe8, 0xff, 0xe8, 0xff, 0xe8, 0xff,
    0xe8, 0xff, 0xe8, 0xff, 0xe8, 0xff, 0xe8, 0xff, 0xe8, 0xff, 0xe8, 0xff,
    0xe8, 0xff, 0xe9, 0xff, 0xe8, 0xff, 0xe8, 0xff, 0xe9, 0xff, 0xe8, 0xff,
    0xe8, 0xff, 0xe9, 0xff, 0xe8, 0xff, 0xe8, 0xff, 0xe8, 0xff, 0xe9, 0xff,
    0xe8, 0xff, 0xe8, 0xff, 0xe9, 0xff, 0xe8, 0xff, 0xe8, 0xff, 0xe9, 0xff,
    0xe8, 0xff, 0xe8, 0xff, 0xe8, 0xff, 0xe8, 0xff, 0xe8, 0xff, 0xe8, 0xff,
    0xe8, 0xff, 0xe8, 0xff, 0xe8, 0xff, 0xe8, 0xff, 0xe9, 0xff, 0xe8, 0xff,
    0xe8, 0xff, 0xe8, 0xff, 0xe8, 0xff, 0xe8, 0xff, 0xe9, 0xff, 0xe8, 0xff,
    0xe8, 0xff, 0xe9, 0xff, 0xe8, 0xff, 0xe8, 0xff, 0xe8, 0xff, 0xe8, 0xff,
    0xe9, 0xff, 0xe8, 0xff, 0xe8, 0xff, 0xe8, 0xff, 0xe8, 0xff, 0xe8, 0xff,
    0xe8, 0xff, 0xe8, 0xff, 0xe9, 0xff, 0xe8, 0xff, 0xe8, 0xff, 0xe9, 0xff,
    0xe8, 0xff, 0xe8, 0xff, 0xe9, 0xff, 0xe8, 0xff, 0xe8, 0xff, 0xe8, 0xff,
    0xe8, 0xff, 0xe9, 0xff, 0xe8, 0xff, 0xe8, 0xff, 0xe9, 0xff, 0xe8, 0xff,
    0xe8, 0xff, 0xe8, 0xff, 0xe8, 0xff, 0xe8, 0xff, 0xe8, 0xff, 0xe8, 0xff,
    0xe8, 0xff, 0xe8, 0xff, 0xe8, 0xff, 0xe9, 0xff, 0xe8, 0xff, 0xe8, 0xff,
    0xe8, 0xff, 0xe8, 0xff, 0xe8, 0xff, 0xe9, 0xff, 0xe8, 0xff, 0xe8, 0xff,
    0xe8, 0xff, 0xe8, 0xff, 0xe8, 0xff, 0xe8, 0xff, 0xe8, 0xff, 0xe8, 0xff,
    0xe8, 0xff, 0xe8, 0xff, 0xe8, 0xff, 0xe8, 0xff, 0xe8, 0xff, 0xe8, 0xff,
    0xe8, 0xff, 0xe8, 0xff, 0xe8, 0xff, 0xe8, 0xff, 0xe8, 0xff, 0xe8, 0xff,
    0xe8, 0xff, 0xe8, 0xff, 0xe8, 0xff, 0xe8, 0xff, 0xe8, 0xff, 0xe8, 0xff,
    0xe9, 0xff, 0xe8, 0xff, 0xe8, 0xff, 0xe9, 0xff, 0xe8, 0xff, 0xe8, 0xff,
    0xe8, 0xff, 0xe8, 0xff, 0xe8, 0xff, 0xe8, 0xff, 0xe9, 0xff, 0xe8, 0xff,
    0xe8, 0xff, 0xe8, 0xff, 0xe8, 0xff, 0xe8, 0xff, 0xe8, 0xff, 0xe8, 0xff,
    0xe8, 0xff, 0xe8, 0xff, 0xe8, 0xff, 0xe8, 0xff, 0xe8, 0xff, 0xe8, 0xff,
    0xe8, 0xff, 0xe9, 0xff, 0xe8, 0xff, 0xe8, 0xff, 0xe8, 0xff, 0xe8, 0xff,
    0xe8, 0xff, 0xe8, 0xff, 0xe8, 0xff, 0xe8, 0xff, 0xe8, 0xff, 0xe8, 0xff,
    0xe8, 0xff, 0xe8, 0xff, 0xe8, 0xff, 0xe8, 0xff, 0xe8, 0xff, 0xe8, 0xff,
    0xe8, 0xff, 0xe8, 0xff, 0xe8, 0xff, 0xe8, 0xff, 0xe8, 0xff, 0xe8, 0xff,
    0xe8, 0xff, 0xe8, 0xff, 0xe9, 0xff, 0xe8, 0xff, 0xe8, 0xff, 0xe9, 0xff,
    0xe8, 0xff, 0xe8, 0xff, 0xe8, 0xff, 0xe8, 0xff, 0xe9, 0xff, 0xe8, 0xff,
    0xe8, 0xff, 0xe8, 0xff, 0xe8, 0xff, 0xe8, 0xff, 0xe8, 0xff, 0xe8, 0xff,
    0xe9, 0xff, 0xe8, 0xff, 0xe8, 0xff, 0xe8, 0xff, 0xe8, 0xff, 0xe9, 0xff,
    0x00, 0x00, 0x00, 0x00, 0x00, 0x00, 0x00, 0x00, 0x00, 0x00, 0x00, 0x00,
    0x00, 0x00, 0x00, 0x00, 0xe8, 0xff, 0xe8, 0xff, 0xe8, 0xff, 0xe9, 0xff,
    0xe8, 0xff, 0xe8, 0xff, 0xe8, 0xff, 0xe8, 0xff, 0xe8, 0xff, 0xe8, 0xff,
    0xe8, 0xff, 0xe8, 0xff, 0xe8, 0xff, 0xe9, 0xff, 0xe8, 0xff, 0xe8, 0xff,
    0xe8, 0xff, 0xe8, 0xff, 0xe8, 0xff, 0xe8, 0xff, 0xe8, 0xff, 0xe8, 0xff,
    0xe8, 0xff, 0xe8, 0xff, 0xe9, 0xff, 0xe8, 0xff, 0xe8, 0xff, 0xe9, 0xff,
    0xe8, 0xff, 0xe8, 0xff, 0xe8, 0xff, 0xe8, 0xff, 0xe8, 0xff, 0xe8, 0xff,
    0xe8, 0xff, 0xe8, 0xff, 0xe9, 0xff, 0xe8, 0xff, 0xe8, 0xff, 0xe8, 0xff,
    0xe8, 0xff, 0xe8, 0xff, 0xe8, 0xff, 0xe8, 0xff, 0xe8, 0xff, 0xe8, 0xff,
    0xe9, 0xff, 0xe8, 0xff, 0xe8, 0xff, 0xe8, 0xff, 0xe8, 0xff, 0xe8, 0xff,
    0xe8, 0xff, 0xe8, 0xff, 0xe9, 0xff, 0xe8, 0xff, 0x00, 0x00, 0x00, 0x00,
    0x00, 0x00, 0x00, 0x00, 0x00, 0x00, 0x00, 0x00, 0x00, 0x00, 0x00, 0x00,
    0xe8, 0xff, 0xe8, 0xff, 0xe8, 0xff, 0xe8, 0xff, 0xe8, 0xff, 0xe8, 0xff,
    0xe8, 0xff, 0xe8, 0xff, 0xe8, 0xff, 0xe8, 0xff, 0xe8, 0xff, 0xe8, 0xff,
    0xe8, 0xff, 0xe9, 0xff, 0xe8, 0xff, 0xe8, 0xff, 0x00, 0x00, 0x00, 0x00,
    0x00, 0x00, 0x00, 0x00, 0x00, 0x00, 0x00, 0x00, 0x00, 0x00, 0x00, 0x00,
    0xe9, 0xff, 0xe8, 0xff, 0xe8, 0xff, 0xe8, 0xff, 0xe8, 0xff, 0xe8, 0xff,
    0xe9, 0xff, 0xe8, 0xff, 0xe8, 0xff, 0xe8, 0xff, 0xe9, 0xff, 0xe8, 0xff,
    0xe8, 0xff, 0xe8, 0xff, 0xe8, 0xff, 0xe8, 0xff, 0xe9, 0xff, 0xe8, 0xff,
    0xe8, 0xff, 0xe8, 0xff, 0xe9, 0xff, 0xe8, 0xff, 0xe8, 0xff, 0xe8, 0xff,
    0xe8, 0xff, 0xe8, 0xff, 0xe8, 0xff, 0xe8, 0xff, 0xe8, 0xff, 0xe8, 0xff,
    0xe9, 0xff, 0xe8, 0xff, 0xe8, 0xff, 0xe8, 0xff, 0xe8, 0xff, 0xe8, 0xff,
    0xe8, 0xff, 0xe8, 0xff, 0xe9, 0xff, 0xe8, 0xff, 0xe8, 0xff, 0xe9, 0xff,
    0xe8, 0xff, 0xe8, 0xff, 0xe9, 0xff, 0xe8, 0xff, 0xe8, 0xff, 0xe8, 0xff,
    0xe8, 0xff, 0xe9, 0xff, 0xe8, 0xff, 0xe8, 0xff, 0xe9, 0xff, 0xe8, 0xff,
    0xe8, 0xff, 0xe8, 0xff, 0x00, 0x00, 0x00, 0x00, 0x00, 0x00, 0x00, 0x00,
    0x00, 0x00, 0x00, 0x00, 0x00, 0x00, 0x00, 0x00, 0xe8, 0xff, 0xe8, 0xff,
    0xe8, 0xff, 0xe8, 0xff, 0xe9, 0xff, 0xe8, 0xff, 0xe8, 0xff, 0xe8, 0xff,
    0xe8, 0xff, 0xe8, 0xff, 0xe8, 0xff, 0xe8, 0xff, 0xe8, 0xff, 0xe8, 0xff,
    0xe8, 0xff, 0xe8, 0xff, 0x00, 0x00, 0x00, 0x00, 0x00, 0x00, 0x00, 0x00,
    0x00, 0x00, 0x00, 0x00, 0x00, 0x00, 0x00, 0x00, 0xe8, 0xff, 0xe8, 0xff,
    0xe8, 0xff, 0xe8, 0xff, 0xe8, 0xff, 0xe8, 0xff, 0xe8, 0xff, 0xe8, 0xff,
    0xe8, 0xff, 0xe8, 0xff, 0xe8, 0xff, 0xe8, 0xff, 0xe8, 0xff, 0xe8, 0xff,
    0xe8, 0xff, 0xe8, 0xff, 0xe8, 0xff, 0xe8, 0xff, 0xe8, 0xff, 0xe8, 0xff,
    0xe8, 0xff, 0xe8, 0xff, 0xe9, 0xff, 0xe8, 0xff, 0xe8, 0xff, 0xe8, 0xff,
    0xe8, 0xff, 0xe8, 0xff, 0xe8, 0xff, 0xe8, 0xff, 0xe8, 0xff, 0xe8, 0xff,
    0xe9, 0xff, 0xe8, 0xff, 0xe8, 0xff, 0xe9, 0xff, 0xe8, 0xff, 0xe8, 0xff,
    0xe8, 0xff, 0xe8, 0xff, 0xe8, 0xff, 0xe8, 0xff, 0xe8, 0xff, 0xe8, 0xff,
    0xe8, 0xff, 0xe8, 0xff, 0xe8, 0xff, 0xe8, 0xff, 0xe8, 0xff, 0xe8, 0xff,
    0xe8, 0xff, 0xe8, 0xff, 0xe8, 0xff, 0xe8, 0xff, 0xe8, 0xff, 0xe8, 0xff,
    0x00, 0x00, 0x00, 0x00, 0x00, 0x00, 0x00, 0x00, 0x00, 0x00, 0x00, 0x00,
    0x00, 0x00, 0x00, 0x00, 0xe8, 0xff, 0xe9, 0xff, 0xe8, 0xff, 0xe8, 0xff,
    0xe8, 0xff, 0xe8, 0xff, 0xe8, 0xff, 0xe8, 0xff, 0xe8, 0xff, 0xe8, 0xff,
    0xe8, 0xff, 0xe8, 0xff, 0xe8, 0xff, 0xe8, 0xff, 0xe8, 0xff, 0xe8, 0xff,
    0x00, 0x00, 0x00, 0x00, 0x00, 0x00, 0x00, 0x00, 0x00, 0x00, 0x00, 0x00,
    0x00, 0x00, 0x00, 0x00, 0xe8, 0xff, 0xe8, 0xff, 0xe9, 0xff, 0xe8, 0xff,
    0xe8, 0xff, 0xe9, 0xff, 0xe8, 0xff, 0xe8, 0xff, 0xe9, 0xff, 0xe8, 0xff,
    0xe8, 0xff, 0xe8, 0xff, 0xe8, 0xff, 0xe9, 0xff, 0xe8, 0xff, 0xe8, 0xff,
    0xe8, 0xff, 0xe8, 0xff, 0xe9, 0xff, 0xe8, 0xff, 0xe8, 0xff, 0xe8, 0xff,
    0xe8, 0xff, 0xe8, 0xff, 0xe8, 0xff, 0xe9, 0xff, 0xe8, 0xff, 0xe8, 0xff,
    0xe9, 0xff, 0xe8, 0xff, 0xe8, 0xff, 0xe8, 0xff, 0xe8, 0xff, 0xe8, 0xff,
    0xe8, 0xff, 0xe8, 0xff, 0xe8, 0xff, 0xe8, 0xff, 0xe8, 0xff, 0xe8, 0xff,
    0xe8, 0xff, 0xe8, 0xff, 0xe8, 0xff, 0xe8, 0xff, 0xe8, 0xff, 0xe8, 0xff,
    0xe9, 0xff, 0xe8, 0xff, 0xe8, 0xff, 0xe8, 0xff, 0xe8, 0xff, 0xe8, 0xff,
    0xe8, 0xff, 0xe8, 0xff, 0xe8, 0xff, 0xe9, 0xff, 0x00, 0x00, 0x00, 0x00,
    0x00, 0x00, 0x00, 0x00, 0x00, 0x00, 0x00, 0x00, 0x00, 0x00, 0x00, 0x00,
    0xe8, 0xff, 0xe8, 0xff, 0xe8, 0xff, 0xe8, 0xff, 0xe8, 0xff, 0xe9, 0xff,
    0xe8, 0xff, 0xe8, 0xff, 0xe8, 0xff, 0xe8, 0xff, 0xe8, 0xff, 0xe9, 0xff,
    0xe8, 0xff, 0xe8, 0xff, 0xe9, 0xff, 0xe8, 0xff, 0x00, 0x00, 0x00, 0x00,
    0x00, 0x00, 0x00, 0x00, 0x00, 0x00, 0x00, 0x00, 0x00, 0x00, 0x00, 0x00,
    0xe8, 0xff, 0xe8, 0xff, 0xe8, 0xff, 0xe8, 0xff, 0xe8, 0xff, 0xe8, 0xff,
    0xe8, 0xff, 0xe8, 0xff, 0xe8, 0xff, 0xe8, 0xff, 0xe8, 0xff, 0xe8, 0xff,
    0xe8, 0xff, 0xe8, 0xff, 0xe8, 0xff, 0xe9, 0xff, 0xe8, 0xff, 0xe8, 0xff,
    0xe8, 0xff, 0xe8, 0xff, 0xe8, 0xff, 0xe8, 0xff, 0xe8, 0xff, 0xe8, 0xff,
    0xe8, 0xff, 0xe8, 0xff, 0xe8, 0xff, 0xe8, 0xff, 0xe8, 0xff, 0xe8, 0xff,
    0xe8, 0xff, 0xe8, 0xff, 0xe8, 0xff, 0xe8, 0xff, 0xe8, 0xff, 0xe8, 0xff,
    0xe8, 0xff, 0xe9, 0xff, 0xe8, 0xff, 0xe8, 0xff, 0xe9, 0xff, 0xe8, 0xff,
    0xe8, 0xff, 0xe9, 0xff, 0xe8, 0xff, 0xe8, 0xff, 0xe8, 0xff, 0xe8, 0xff,
    0xe8, 0xff, 0xe9, 0xff, 0xe8, 0xff, 0xe8, 0xff, 0xe9, 0xff, 0xe8, 0xff,
    0xe8, 0xff, 0xe8, 0xff, 0x00, 0x00, 0x00, 0x00, 0x00, 0x00, 0x00, 0x00,
    0x00, 0x00, 0x00, 0x00, 0x00, 0x00, 0x00, 0x00, 0xe8, 0xff, 0xe8, 0xff,
    0xe8, 0xff, 0xe8, 0xff, 0xe8, 0xff, 0xe8, 0xff, 0xe8, 0xff, 0xe8, 0xff,
    0xe8, 0xff, 0xe8, 0xff, 0xe8, 0xff, 0xe8, 0xff, 0xe8, 0xff, 0xe8, 0xff,
    0xe8, 0xff, 0xe8, 0xff, 0x00, 0x00, 0x00, 0x00, 0x00, 0x00, 0x00, 0x00,
    0x00, 0x00, 0x00, 0x00, 0x00, 0x00, 0x00, 0x00, 0xe8, 0xff, 0xe8, 0xff,
    0xe8, 0xff, 0xe8, 0xff, 0xe8, 0xff, 0xe8, 0xff, 0xe8, 0xff, 0xe8, 0xff,
    0xe8, 0xff, 0xe8, 0xff, 0xe9, 0xff, 0xe8, 0xff, 0xe8, 0xff, 0xe8, 0xff,
    0xe8, 0xff, 0xe8, 0xff, 0xe8, 0xff, 0xe8, 0xff, 0xe8, 0xff, 0xe8, 0xff,
    0xe9, 0xff, 0xe8, 0xff, 0xe8, 0xff, 0xe9, 0xff, 0xe8, 0xff, 0xe8, 0xff,
    0xe8, 0xff, 0xe8, 0xff, 0xe8, 0xff, 0xe9, 0xff, 0xe8, 0xff, 0xe8, 0xff,
    0xe9, 0xff, 0xe8, 0xff, 0xe8, 0xff, 0xe9, 0xff, 0xe8, 0xff, 0xe8, 0xff,
    0xe8, 0xff, 0xe8, 0xff, 0xe8, 0xff, 0xe8, 0xff, 0xe8, 0xff, 0xe8, 0xff,
    0xe8, 0xff, 0xe8, 0xff, 0xe8, 0xff, 0xe8, 0xff, 0xe8, 0xff, 0xe8, 0xff,
    0xe8, 0xff, 0xe8, 0xff, 0xe8, 0xff, 0xe8, 0xff, 0xe8, 0xff, 0xe8, 0xff,
    0x00, 0x00, 0x00, 0x00, 0x00, 0x00, 0x00, 0x00, 0x00, 0x00, 0x00, 0x00,
    0x00, 0x00, 0x00, 0x00, 0xe8, 0xff, 0xe9, 0xff, 0xe8, 0xff, 0xe8, 0xff,
    0xe9, 0xff, 0xe8, 0xff, 0xe8, 0xff, 0xe8, 0xff, 0xe8, 0xff, 0xe8, 0xff,
    0xe8, 0xff, 0xe8, 0xff, 0xe8, 0xff, 0xe8, 0xff, 0xe8, 0xff, 0xe8, 0xff,
    0x00, 0x00, 0x00, 0x00, 0x00, 0x00, 0x00, 0x00, 0x00, 0x00, 0x00, 0x00,
    0x00, 0x00, 0x00, 0x00, 0xe9, 0xff, 0xe8, 0xff, 0xe8, 0xff, 0xe9, 0xff,
    0xe8, 0xff, 0xe8, 0xff, 0xe9, 0xff, 0xe8, 0xff, 0xe8, 0xff, 0xe8, 0xff,
    0xe8, 0xff, 0xe8, 0xff, 0xe9, 0xff, 0xe8, 0xff, 0xe8, 0xff, 0xe8, 0xff,
    0xe8, 0xff, 0xe9, 0xff, 0xe8, 0xff, 0xe8, 0xff, 0xe8, 0xff, 0xe8, 0xff,
    0xe8, 0xff, 0xe8, 0xff, 0xe8, 0xff, 0xe8, 0xff, 0xe9, 0xff, 0xe8, 0xff,
    0xe8, 0xff, 0xe8, 0xff, 0xe8, 0xff, 0xe8, 0xff, 0xe8, 0xff, 0xe8, 0xff,
    0xe8, 0xff, 0xe8, 0xff, 0xe8, 0xff, 0xe8, 0xff, 0xe8, 0xff, 0xe8, 0xff,
    0xe8, 0xff, 0xe8, 0xff, 0xe9, 0xff, 0xe8, 0xff, 0xe8, 0xff, 0xe9, 0xff,
    0xe8, 0xff, 0xe8, 0xff, 0xe9, 0xff, 0xe8, 0xff, 0xe8, 0xff, 0xe8, 0xff,
    0xe8, 0xff, 0xe9, 0xff, 0xe8, 0xff, 0xe8, 0xff, 0x00, 0x00, 0x00, 0x00,
    0x00, 0x00, 0x00, 0x00, 0x00, 0x00, 0x00, 0x00, 0x00, 0x00, 0x00, 0x00,
    0xe8, 0xff, 0xe8, 0xff, 0xe8, 0xff, 0xe8, 0xff, 0xe8, 0xff, 0xe8, 0xff,
    0xe8, 0xff, 0xe8, 0xff, 0xe8, 0xff, 0xe8, 0xff, 0xe9, 0xff, 0xe8, 0xff,
    0xe8, 0xff, 0xe9, 0xff, 0xe8, 0xff, 0xe8, 0xff, 0x00, 0x00, 0x00, 0x00,
    0x00, 0x00, 0x00, 0x00, 0x00, 0x00, 0x00, 0x00, 0x00, 0x00, 0x00, 0x00,
    0xe8, 0xff, 0xe8, 0xff, 0xe8, 0xff, 0xe8, 0xff, 0xe8, 0xff, 0xe8, 0xff,
    0xe8, 0xff, 0xe8, 0xff, 0xe8, 0xff, 0xe9, 0xff, 0xe8, 0xff, 0xe8, 0xff,
    0xe8, 0xff, 0xe8, 0xff, 0xe8, 0xff, 0xe8, 0xff, 0xe8, 0xff, 0xe8, 0xff,
    0xe8, 0xff, 0xe8, 0xff, 0xe8, 0xff, 0xe8, 0xff, 0xe8, 0xff, 0xe8, 0xff,
    0xe8, 0xff, 0xe8, 0xff, 0xe8, 0xff, 0xe8, 0xff, 0xe8, 0xff, 0xe8, 0xff,
    0xe8, 0xff, 0xe8, 0xff, 0xe8, 0xff, 0xe8, 0xff, 0xe8, 0xff, 0xe8, 0xff,
    0xe8, 0xff, 0xe9, 0xff, 0xe8, 0xff, 0xe8, 0xff, 0xe9, 0xff, 0xe8, 0xff,
    0xe8, 0xff, 0xe8, 0xff, 0xe8, 0xff, 0xe8, 0xff, 0xe8, 0xff, 0xe8, 0xff,
    0xe8, 0xff, 0xe8, 0xff, 0xe8, 0xff, 0xe9, 0xff, 0xe8, 0xff, 0xe8, 0xff,
    0xe8, 0xff, 0xe8, 0xff, 0x00, 0x00, 0x00, 0x00, 0x00, 0x00, 0x00, 0x00,
    0x00, 0x00, 0x00, 0x00, 0x00, 0x00, 0x00, 0x00, 0xe8, 0xff, 0xe8, 0xff,
    0xe8, 0xff, 0xe8, 0xff, 0xe8, 0xff, 0xe8, 0xff, 0xe8, 0xff, 0xe8, 0xff,
    0xe8, 0xff, 0xe8, 0xff, 0xe8, 0xff, 0xe8, 0xff, 0xe8, 0xff, 0xe8, 0xff,
    0xe8, 0xff, 0xe9, 0xff, 0x00, 0x00, 0x00, 0x00, 0x00, 0x00, 0x00, 0x00,
    0x00, 0x00, 0x00, 0x00, 0x00, 0x00, 0x00, 0x00, 0xe8, 0xff, 0xe8, 0xff,
    0xe8, 0xff, 0xe8, 0xff, 0xe9, 0xff, 0xe8, 0xff, 0xe8, 0xff, 0xe8, 0xff,
    0x00, 0x00, 0x00, 0x00, 0x00, 0x00, 0x00, 0x00, 0x00, 0x00, 0x00, 0x00,
    0x00, 0x00, 0x00, 0x00, 0x00, 0x00, 0x00, 0x00, 0x00, 0x00, 0x00, 0x00,
    0x00, 0x00, 0x00, 0x00, 0x00, 0x00, 0x00, 0x00, 0x00, 0x00, 0x00, 0x00,
    0x00, 0x00, 0x00, 0x00, 0x00, 0x00, 0x00, 0x00, 0x00, 0x00, 0x00, 0x00,
    0x00, 0x00, 0x00, 0x00, 0x00, 0x00, 0x00, 0x00, 0x00, 0x00, 0x00, 0x00,
    0x00, 0x00, 0x00, 0x00, 0x00, 0x00, 0x00, 0x00, 0x00, 0x00, 0x00, 0x00,
    0x00, 0x00, 0x00, 0x00, 0x00, 0x00, 0x00, 0x00, 0xe8, 0xff, 0xe8, 0xff,
    0xe8, 0xff, 0xe8, 0xff, 0xe8, 0xff, 0xe8, 0xff, 0xe8, 0xff, 0xe8, 0xff,
    0x00, 0x00, 0x00, 0x00, 0x00, 0x00, 0x00, 0x00, 0x00, 0x00, 0x00, 0x00,
    0x00, 0x00, 0x00, 0x00, 0xe8, 0xff, 0xe9, 0xff, 0xe8, 0xff, 0xe8, 0xff,
    0xe9, 0xff, 0xe8, 0xff, 0xe8, 0xff, 0xe8, 0xff, 0xe8, 0xff, 0xe8, 0xff,
    0xe8, 0xff, 0xe8, 0xff, 0xe8, 0xff, 0xe8, 0xff, 0xe8, 0xff, 0xe8, 0xff,
    0x00, 0x00, 0x00, 0x00, 0x00, 0x00, 0x00, 0x00, 0x00, 0x00, 0x00, 0x00,
    0x00, 0x00, 0x00, 0x00, 0xe8, 0xff, 0xe9, 0xff, 0xe8, 0xff, 0xe8, 0xff,
    0xe8, 0xff, 0xe8, 0xff, 0xe8, 0xff, 0xe9, 0xff, 0x00, 0x00, 0x00, 0x00,
    0x00, 0x00, 0x00, 0x00, 0x00, 0x00, 0x00, 0x00, 0x00, 0x00, 0x00, 0x00,
    0x00, 0x00, 0x00, 0x00, 0x00, 0x00, 0x00, 0x00, 0x00, 0x00, 0x00, 0x00,
    0x00, 0x00, 0x00, 0x00, 0x00, 0x00, 0x00, 0x00, 0x00, 0x00, 0x00, 0x00,
    0x00, 0x00, 0x00, 0x00, 0x00, 0x00, 0x00, 0x00, 0x00, 0x00, 0x00, 0x00,
    0x00, 0x00, 0x00, 0x00, 0x00, 0x00, 0x00, 0x00, 0x00, 0x00, 0x00, 0x00,
    0x00, 0x00, 0x00, 0x00, 0x00, 0x00, 0x00, 0x00, 0x00, 0x00, 0x00, 0x00,
    0x00, 0x00, 0x00, 0x00, 0xe9, 0xff, 0xe8, 0xff, 0xe8, 0xff, 0xe8, 0xff,
    0xe8, 0xff, 0xe9, 0xff, 0xe8, 0xff, 0xe8, 0xff, 0x00, 0x00, 0x00, 0x00,
    0x00, 0x00, 0x00, 0x00, 0x00, 0x00, 0x00, 0x00, 0x00, 0x00, 0x00, 0x00,
    0xe8, 0xff, 0xe8, 0xff, 0xe8, 0xff, 0xe8, 0xff, 0xe8, 0xff, 0xe8, 0xff,
    0xe8, 0xff, 0xe8, 0xff, 0xe8, 0xff, 0xe8, 0xff, 0xe8, 0xff, 0xe9, 0xff,
    0xe8, 0xff, 0xe8, 0xff, 0xe8, 0xff, 0xe8, 0xff, 0x00, 0x00, 0x00, 0x00,
    0x00, 0x00, 0x00, 0x00, 0x00, 0x00, 0x00, 0x00, 0x00, 0x00, 0x00, 0x00,
    0xe8, 0xff, 0xe8, 0xff, 0xe8, 0xff, 0xe8, 0xff, 0xe8, 0xff, 0xe8, 0xff,
    0xe8, 0xff, 0xe8, 0xff, 0x00, 0x00, 0x00, 0x00, 0x00, 0x00, 0x00, 0x00,
    0x00, 0x00, 0x00, 0x00, 0x00, 0x00, 0x00, 0x00, 0x00, 0x00, 0x00, 0x00,
    0x00, 0x00, 0x00, 0x00, 0x00, 0x00, 0x00, 0x00, 0x00, 0x00, 0x00, 0x00,
    0x00, 0x00, 0x00, 0x00, 0x00, 0x00, 0x00, 0x00, 0x00, 0x00, 0x00, 0x00,
    0x00, 0x00, 0x00, 0x00, 0x00, 0x00, 0x00, 0x00, 0x00, 0x00, 0x00, 0x00,
    0x00, 0x00, 0x00, 0x00, 0x00, 0x00, 0x00, 0x00, 0x00, 0x00, 0x00, 0x00,
    0x00, 0x00, 0x00, 0x00, 0x00, 0x00, 0x00, 0x00, 0x00, 0x00, 0x00, 0x00,
    0xe8, 0xff, 0xe8, 0xff, 0xe8, 0xff, 0xe8, 0xff, 0xe8, 0xff, 0xe8, 0xff,
    0xe8, 0xff, 0xe8, 0xff, 0x00, 0x00, 0x00, 0x00, 0x00, 0x00, 0x00, 0x00,
    0x00, 0x00, 0x00, 0x00, 0x00, 0x00, 0x00, 0x00, 0xe8, 0xff, 0xe8, 0xff,
    0xe8, 0xff, 0xe8, 0xff, 0xe8, 0xff, 0xe9, 0xff, 0xe8, 0xff, 0xe8, 0xff,
    0xe8, 0xff, 0xe8, 0xff, 0xe8, 0xff, 0xe8, 0xff, 0xe8, 0xff, 0xe9, 0xff,
    0xe8, 0xff, 0xe8, 0xff, 0x00, 0x00, 0x00, 0x00, 0x00, 0x00, 0x00, 0x00,
    0x00, 0x00, 0x00, 0x00, 0x00, 0x00, 0x00, 0x00, 0xe8, 0xff, 0xe8, 0xff,
    0xe8, 0xff, 0xe9, 0xff, 0xe8, 0xff, 0xe8, 0xff, 0xe8, 0xff, 0xe8, 0xff,
    0x00, 0x00, 0x00, 0x00, 0x00, 0x00, 0x00, 0x00, 0x00, 0x00, 0x00, 0x00,
    0x00, 0x00, 0x00, 0x00, 0x00, 0x00, 0x00, 0x00, 0x00, 0x00, 0x00, 0x00,
    0x00, 0x00, 0x00, 0x00, 0x00, 0x00, 0x00, 0x00, 0x00, 0x00, 0x00, 0x00,
    0x00, 0x00, 0x00, 0x00, 0x00, 0x00, 0x00, 0x00, 0x00, 0x00, 0x00, 0x00,
    0x00, 0x00, 0x00, 0x00, 0x00, 0x00, 0x00, 0x00, 0x00, 0x00, 0x00, 0x00,
    0x00, 0x00, 0x00, 0x00, 0x00, 0x00, 0x00, 0x00, 0x00, 0x00, 0x00, 0x00,
    0x00, 0x00, 0x00, 0x00, 0x00, 0x00, 0x00, 0x00, 0xe8, 0xff, 0xe8, 0xff,
    0xe9, 0xff, 0xe8, 0xff, 0xe8, 0xff, 0xe8, 0xff, 0xe9, 0xff, 0xe8, 0xff,
    0x00, 0x00, 0x00, 0x00, 0x00, 0x00, 0x00, 0x00, 0x00, 0x00, 0x00, 0x00,
    0x00, 0x00, 0x00, 0x00, 0xe8, 0xff, 0xe9, 0xff, 0xe8, 0xff, 0xe8, 0xff,
    0xe8, 0xff, 0xe8, 0xff, 0xe8, 0xff, 0xe8, 0xff, 0xe8, 0xff, 0xe8, 0xff,
    0xe8, 0xff, 0xe8, 0xff, 0xe8, 0xff, 0xe8, 0xff, 0xe8, 0xff, 0xe8, 0xff,
    0x00, 0x00, 0x00, 0x00, 0x00, 0x00, 0x00, 0x00, 0x00, 0x00, 0x00, 0x00,
    0x00, 0x00, 0x00, 0x00, 0xe9, 0xff, 0xe8, 0xff, 0xe8, 0xff, 0xe8, 0xff,
    0xe8, 0xff, 0xe9, 0xff, 0xe8, 0xff, 0xe8, 0xff, 0x00, 0x00, 0x00, 0x00,
    0x00, 0x00, 0x00, 0x00, 0x00, 0x00, 0x00, 0x00, 0x00, 0x00, 0x00, 0x00,
    0x00, 0x00, 0x00, 0x00, 0x00, 0x00, 0x00, 0x00, 0x00, 0x00, 0x00, 0x00,
    0x00, 0x00, 0x00, 0x00, 0x00, 0x00, 0x00, 0x00, 0x00, 0x00, 0x00, 0x00,
    0x00, 0x00, 0x00, 0x00, 0x00, 0x00, 0x00, 0x00, 0x00, 0x00, 0x00, 0x00,
    0x00, 0x00, 0x00, 0x00, 0x00, 0x00, 0x00, 0x00, 0x00, 0x00, 0x00, 0x00,
    0x00, 0x00, 0x00, 0x00, 0x00, 0x00, 0x00, 0x00, 0x00, 0x00, 0x00, 0x00,
    0x00, 0x00, 0x00, 0x00, 0xe8, 0xff, 0xe8, 0xff, 0xe8, 0xff, 0xe8, 0xff,
    0xe8, 0xff, 0xe8, 0xff, 0xe8, 0xff, 0xe8, 0xff, 0x00, 0x00, 0x00, 0x00,
    0x00, 0x00, 0x00, 0x00, 0x00, 0x00, 0x00, 0x00, 0x00, 0x00, 0x00, 0x00,
    0xe8, 0xff, 0xe8, 0xff, 0xe8, 0xff, 0xe8, 0xff, 0xe9, 0xff, 0xe8, 0xff,
    0xe8, 0xff, 0xe8, 0xff, 0xe8, 0xff, 0xe8, 0xff, 0xe8, 0xff, 0xe9, 0xff,
    0xe8, 0xff, 0xe8, 0xff, 0xe8, 0xff, 0xe9, 0xff, 0x00, 0x00, 0x00, 0x00,
    0x00, 0x00, 0x00, 0x00, 0x00, 0x00, 0x00, 0x00, 0x00, 0x00, 0x00, 0x00,
    0xe8, 0xff, 0xe8, 0xff, 0xe8, 0xff, 0xe8, 0xff, 0xe8, 0xff, 0xe8, 0xff,
    0xe8, 0xff, 0xe8, 0xff, 0x00, 0x00, 0x00, 0x00, 0x00, 0x00, 0x00, 0x00,
    0x00, 0x00, 0x00, 0x00, 0x00, 0x00, 0x00, 0x00, 0x00, 0x00, 0x00, 0x00,
    0x00, 0x00, 0x00, 0x00, 0x00, 0x00, 0x00, 0x00, 0x00, 0x00, 0x00, 0x00,
    0x00, 0x00, 0x00, 0x00, 0x00, 0x00, 0x00, 0x00, 0x00, 0x00, 0x00, 0x00,
    0x00, 0x00, 0x00, 0x00, 0x00, 0x00, 0x00, 0x00, 0x00, 0x00, 0x00, 0x00,
    0x00, 0x00, 0x00, 0x00, 0x00, 0x00, 0x00, 0x00, 0x00, 0x00, 0x00, 0x00,
    0x00, 0x00, 0x00, 0x00, 0x00, 0x00, 0x00, 0x00, 0x00, 0x00, 0x00, 0x00,
    0xe8, 0xff, 0xe8, 0xff, 0xe8, 0xff, 0xe9, 0xff, 0xe8, 0xff, 0xe8, 0xff,
    0xe8, 0xff, 0xe8, 0xff, 0x00, 0x00, 0x00, 0x00, 0x00, 0x00, 0x00, 0x00,
    0x00, 0x00, 0x00, 0x00, 0x00, 0x00, 0x00, 0x00, 0xe8, 0xff, 0xe8, 0xff,
    0xe8, 0xff, 0xe8, 0xff, 0xe8, 0xff, 0xe8, 0xff, 0xe8, 0xff, 0xe8, 0xff,
    0xe8, 0xff, 0xe8, 0xff, 0xe8, 0xff, 0xe8, 0xff, 0xe8, 0xff, 0xe8, 0xff,
    0xe8, 0xff, 0xe8, 0xff, 0x00, 0x00, 0x00, 0x00, 0x00, 0x00, 0x00, 0x00,
    0x00, 0x00, 0x00, 0x00, 0x00, 0x00, 0x00, 0x00, 0xe8, 0xff, 0xe8, 0xff,
    0xe8, 0xff, 0xe9, 0xff, 0xe8, 0xff, 0xe8, 0xff, 0xe8, 0xff, 0xe9, 0xff,
    0x00, 0x00, 0x00, 0x00, 0x00, 0x00, 0x00, 0x00, 0x00, 0x00, 0x00, 0x00,
    0x00, 0x00, 0x00, 0x00, 0x00, 0x00, 0x00, 0x00, 0x00, 0x00, 0x00, 0x00,
    0x00, 0x00, 0x00, 0x00, 0x00, 0x00, 0x00, 0x00, 0x00, 0x00, 0x00, 0x00,
    0x00, 0x00, 0x00, 0x00, 0x00, 0x00, 0x00, 0x00, 0x00, 0x00, 0x00, 0x00,
    0x00, 0x00, 0x00, 0x00, 0x00, 0x00, 0x00, 0x00, 0x00, 0x00, 0x00, 0x00,
    0x00, 0x00, 0x00, 0x00, 0x00, 0x00, 0x00, 0x00, 0x00, 0x00, 0x00, 0x00,
    0x00, 0x00, 0x00, 0x00, 0x00, 0x00, 0x00, 0x00, 0xe8, 0xff, 0xe8, 0xff,
    0xe8, 0xff, 0xe8, 0xff, 0xe8, 0xff, 0xe9, 0xff, 0xe8, 0xff, 0xe8, 0xff,
    0x00, 0x00, 0x00, 0x00, 0x00, 0x00, 0x00, 0x00, 0x00, 0x00, 0x00, 0x00,
    0x00, 0x00, 0x00, 0x00, 0xe8, 0xff, 0xe9, 0xff, 0xe8, 0xff, 0xe8, 0xff,
    0xe8, 0xff, 0xe8, 0xff, 0xe8, 0xff, 0xe8, 0xff, 0xe8, 0xff, 0xe8, 0xff,
    0xe8, 0xff, 0xe8, 0xff, 0xe8, 0xff, 0xe9, 0xff, 0xe8, 0xff, 0xe8, 0xff,
    0x00, 0x00, 0x00, 0x00, 0x00, 0x00, 0x00, 0x00, 0x00, 0x00, 0x00, 0x00,
    0x00, 0x00, 0x00, 0x00, 0xe8, 0xff, 0xe8, 0xff, 0xe8, 0xff, 0xe8, 0xff,
    0xe8, 0xff, 0xe8, 0xff, 0xe8, 0xff, 0xe8, 0xff, 0x00, 0x00, 0x00, 0x00,
    0x00, 0x00, 0x00, 0x00, 0x00, 0x00, 0x00, 0x00, 0x00, 0x00, 0x00, 0x00,
    0x00, 0x00, 0x00, 0x00, 0x00, 0x00, 0x00, 0x00, 0x00, 0x00, 0x00, 0x00,
    0x00, 0x00, 0x00, 0x00, 0x00, 0x00, 0x00, 0x00, 0x00, 0x00, 0x00, 0x00,
    0x00, 0x00, 0x00, 0x00, 0x00, 0x00, 0x00, 0x00, 0x00, 0x00, 0x00, 0x00,
    0x00, 0x00, 0x00, 0x00, 0x00, 0x00, 0x00, 0x00, 0x00, 0x00, 0x00, 0x00,
    0x00, 0x00, 0x00, 0x00, 0x00, 0x00, 0x00, 0x00, 0x00, 0x00, 0x00, 0x00,
    0x00, 0x00, 0x00, 0x00, 0xe9, 0xff, 0xe8, 0xff, 0xe8, 0xff, 0xe8, 0xff,
    0xe8, 0xff, 0xe8, 0xff, 0xe8, 0xff, 0xe8, 0xff, 0x00, 0x00, 0x00, 0x00,
    0x00, 0x00, 0x00, 0x00, 0x00, 0x00, 0x00, 0x00, 0x00, 0x00, 0x00, 0x00,
    0xe8, 0xff, 0xe8, 0xff, 0xe8, 0xff, 0xe9, 0xff, 0xe8, 0xff, 0xe8, 0xff,
    0xe9, 0xff, 0xe8, 0xff, 0x00, 0x00, 0x00, 0x00, 0x00, 0x00, 0x00, 0x00,
    0x00, 0x00, 0x00, 0x00, 0x00, 0x00, 0x00, 0x00, 0x00, 0x00, 0x00, 0x00,
    0x00, 0x00, 0x00, 0x00, 0x00, 0x00, 0x00, 0x00, 0x00, 0x00, 0x00, 0x00,
    0x00, 0x00, 0x00, 0x00, 0x00, 0x00, 0x00, 0x00, 0x00, 0x00, 0x00, 0x00,
    0x00, 0x00, 0x00, 0x00, 0xe8, 0xff, 0xe8, 0xff, 0xe8, 0xff, 0xe8, 0xff,
    0xe8, 0xff, 0xe8, 0xff, 0xe8, 0xff, 0xe8, 0xff, 0xe9, 0xff, 0xe8, 0xff,
    0xe8, 0xff, 0xe9, 0xff, 0xe8, 0xff, 0xe8, 0xff, 0xe9, 0xff, 0xe8, 0xff,
    0x00, 0x00, 0x00, 0x00, 0x00, 0x00, 0x00, 0x00, 0x00, 0x00, 0x00, 0x00,
    0x00, 0x00, 0x00, 0x00, 0xe9, 0xff, 0xe8, 0xff, 0xe8, 0xff, 0xe9, 0xff,
    0xe8, 0xff, 0xe8, 0xff, 0xe8, 0xff, 0xe8, 0xff, 0xe8, 0xff, 0xe8, 0xff,
    0xe8, 0xff, 0xe8, 0xff, 0xe8, 0xff, 0xe8, 0xff, 0xe8, 0xff, 0xe8, 0xff,
    0x00, 0x00, 0x00, 0x00, 0x00, 0x00, 0x00, 0x00, 0x00, 0x00, 0x00, 0x00,
    0x00, 0x00, 0x00, 0x00, 0x00, 0x00, 0x00, 0x00, 0x00, 0x00, 0x00, 0x00,
    0x00, 0x00, 0x00, 0x00, 0x00, 0x00, 0x00, 0x00, 0x00, 0x00, 0x00, 0x00,
    0x00, 0x00, 0x00, 0x00, 0x00, 0x00, 0x00, 0x00, 0x00, 0x00, 0x00, 0x00,
    0x00, 0x00, 0x00, 0x00, 0x00, 0x00, 0x00, 0x00, 0x00, 0x00, 0x00, 0x00,
    0x00, 0x00, 0x00, 0x00, 0x00, 0x00, 0x00, 0x00, 0x00, 0x00, 0x00, 0x00,
    0x00, 0x00, 0x00, 0x00, 0x00, 0x00, 0x00, 0x00, 0x00, 0x00, 0x00, 0x00,
    0x00, 0x00, 0x00, 0x00, 0x00, 0x00, 0x00, 0x00, 0x00, 0x00, 0x00, 0x00,
    0xe8, 0xff, 0xe8, 0xff, 0xe9, 0xff, 0xe8, 0xff, 0xe8, 0xff, 0xe9, 0xff,
    0xe8, 0xff, 0xe8, 0xff, 0xe8, 0xff, 0xe8, 0xff, 0xe8, 0xff, 0xe8, 0xff,
    0xe8, 0xff, 0xe8, 0xff, 0xe8, 0xff, 0xe8, 0xff, 0x00, 0x00, 0x00, 0x00,
    0x00, 0x00, 0x00, 0x00, 0x00, 0x00, 0x00, 0x00, 0x00, 0x00, 0x00, 0x00,
    0xe8, 0xff, 0xe8, 0xff, 0xe8, 0xff, 0xe8, 0xff, 0xe8, 0xff, 0xe8, 0xff,
    0xe9, 0xff, 0xe8, 0xff, 0xe8, 0xff, 0xe9, 0xff, 0xe8, 0xff, 0xe8, 0xff,
    0xe8, 0xff, 0xe9, 0xff, 0xe8, 0xff, 0xe8, 0xff, 0x00, 0x00, 0x00, 0x00,
    0x00, 0x00, 0x00, 0x00, 0x00, 0x00, 0x00, 0x00, 0x00, 0x00, 0x00, 0x00,
    0x00, 0x00, 0x00, 0x00, 0x00, 0x00, 0x00, 0x00, 0x00, 0x00, 0x00, 0x00,
    0x00, 0x00, 0x00, 0x00, 0x00, 0x00, 0x00, 0x00, 0x00, 0x00, 0x00, 0x00,
    0x00, 0x00, 0x00, 0x00, 0x00, 0x00, 0x00, 0x00, 0x00, 0x00, 0x00, 0x00,
    0x00, 0x00, 0x00, 0x00, 0x00, 0x00, 0x00, 0x00, 0x00, 0x00, 0x00, 0x00,
    0x00, 0x00, 0x00, 0x00, 0x00, 0x00, 0x00, 0x00, 0x00, 0x00, 0x00, 0x00,
    0x00, 0x00, 0x00, 0x00, 0x00, 0x00, 0x00, 0x00, 0x00, 0x00, 0x00, 0x00,
    0x00, 0x00, 0x00, 0x00, 0x00, 0x00, 0x00, 0x00, 0xe8, 0xff, 0xe8, 0xff,
    0xe8, 0xff, 0xe8, 0xff, 0xe8, 0xff, 0xe8, 0xff, 0xe8, 0xff, 0xe8, 0xff,
    0xe8, 0xff, 0xe8, 0xff, 0xe8, 0xff, 0xe8, 0xff, 0xe8, 0xff, 0xe8, 0xff,
    0xe8, 0xff, 0xe8, 0xff, 0x00, 0x00, 0x00, 0x00, 0x00, 0x00, 0x00, 0x00,
    0x00, 0x00, 0x00, 0x00, 0x00, 0x00, 0x00, 0x00, 0xe8, 0xff, 0xe8, 0xff,
    0xe8, 0xff, 0xe8, 0xff, 0xe8, 0xff, 0xe8, 0xff, 0xe8, 0xff, 0xe8, 0xff,
    0xe8, 0xff, 0xe8, 0xff, 0xe8, 0xff, 0xe8, 0xff, 0xe8, 0xff, 0xe8, 0xff,
    0xe8, 0xff, 0xe8, 0xff, 0x00, 0x00, 0x00, 0x00, 0x00, 0x00, 0x00, 0x00,
    0x00, 0x00, 0x00, 0x00, 0x00, 0x00, 0x00, 0x00, 0x00, 0x00, 0x00, 0x00,
    0x00, 0x00, 0x00, 0x00, 0x00, 0x00, 0x00, 0x00, 0x00, 0x00, 0x00, 0x00,
    0x00, 0x00, 0x00, 0x00, 0x00, 0x00, 0x00, 0x00, 0x00, 0x00, 0x00, 0x00,
    0x00, 0x00, 0x00, 0x00, 0x00, 0x00, 0x00, 0x00, 0x00, 0x00, 0x00, 0x00,
    0x00, 0x00, 0x00, 0x00, 0x00, 0x00, 0x00, 0x00, 0x00, 0x00, 0x00, 0x00,
    0x00, 0x00, 0x00, 0x00, 0x00, 0x00, 0x00, 0x00, 0x00, 0x00, 0x00, 0x00,
    0x00, 0x00, 0x00, 0x00, 0x00, 0x00, 0x00, 0x00, 0x00, 0x00, 0x00, 0x00,
    0x00, 0x00, 0x00, 0x00, 0xe9, 0xff, 0xe8, 0xff, 0xe8, 0xff, 0xe8, 0xff,
    0xe8, 0xff, 0xe8, 0xff, 0xe8, 0xff, 0xe9, 0xff, 0xe8, 0xff, 0xe8, 0xff,
    0xe9, 0xff, 0xe8, 0xff, 0xe8, 0xff, 0xe9, 0xff, 0xe8, 0xff, 0xe8, 0xff,
    0x00, 0x00, 0x00, 0x00, 0x00, 0x00, 0x00, 0x00, 0x00, 0x00, 0x00, 0x00,
    0x00, 0x00, 0x00, 0x00, 0xe9, 0xff, 0xe8, 0xff, 0xe8, 0xff, 0xe9, 0xff,
    0xe8, 0xff, 0xe8, 0xff, 0xe8, 0xff, 0xe8, 0xff, 0xe8, 0xff, 0xe8, 0xff,
    0xe8, 0xff, 0xe9, 0xff, 0xe8, 0xff, 0xe8, 0xff, 0xe8, 0xff, 0xe8, 0xff,
    0x00, 0x00, 0x00, 0x00, 0x00, 0x00, 0x00, 0x00, 0x00, 0x00, 0x00, 0x00,
    0x00, 0x00, 0x00, 0x00, 0x00, 0x00, 0x00, 0x00, 0x00, 0x00, 0x00, 0x00,
    0x00, 0x00, 0x00, 0x00, 0x00, 0x00, 0x00, 0x00, 0x00, 0x00, 0x00, 0x00,
    0x00, 0x00, 0x00, 0x00, 0x00, 0x00, 0x00, 0x00, 0x00, 0x00, 0x00, 0x00,
    0x00, 0x00, 0x00, 0x00, 0x00, 0x00, 0x00, 0x00, 0x00, 0x00, 0x00, 0x00,
    0x00, 0x00, 0x00, 0x00, 0x00, 0x00, 0x00, 0x00, 0x00, 0x00, 0x00, 0x00,
    0x00, 0x00, 0x00, 0x00, 0x00, 0x00, 0x00, 0x00, 0x00, 0x00, 0x00, 0x00,
    0x00, 0x00, 0x00, 0x00, 0x00, 0x00, 0x00, 0x00, 0x00, 0x00, 0x00, 0x00,
    0xe8, 0xff, 0xe8, 0xff, 0xe8, 0xff, 0xe9, 0xff, 0xe8, 0xff, 0xe8, 0xff,
    0xe8, 0xff, 0xe8, 0xff, 0xe8, 0xff, 0xe8, 0xff, 0xe8, 0xff, 0xe8, 0xff,
    0xe8, 0xff, 0xe8, 0xff, 0xe8, 0xff, 0xe9, 0xff, 0x00, 0x00, 0x00, 0x00,
    0x00, 0x00, 0x00, 0x00, 0x00, 0x00, 0x00, 0x00, 0x00, 0x00, 0x00, 0x00,
    0xe8, 0xff, 0xe8, 0xff, 0xe8, 0xff, 0xe8, 0xff, 0xe8, 0xff, 0xe9, 0xff,
    0xe8, 0xff, 0xe8, 0xff, 0xe9, 0xff, 0xe8, 0xff, 0xe8, 0xff, 0xe8, 0xff,
    0xe8, 0xff, 0xe8, 0xff, 0xe9, 0xff, 0xe8, 0xff, 0x00, 0x00, 0x00, 0x00,
    0x00, 0x00, 0x00, 0x00, 0x00, 0x00, 0x00, 0x00, 0x00, 0x00, 0x00, 0x00,
    0x00, 0x00, 0x00, 0x00, 0x00, 0x00, 0x00, 0x00, 0x00, 0x00, 0x00, 0x00,
    0x00, 0x00, 0x00, 0x00, 0x00, 0x00, 0x00, 0x00, 0x00, 0x00, 0x00, 0x00,
    0x00, 0x00, 0x00, 0x00, 0x00, 0x00, 0x00, 0x00, 0x00, 0x00, 0x00, 0x00,
    0x00, 0x00, 0x00, 0x00, 0x00, 0x00, 0x00, 0x00, 0x00, 0x00, 0x00, 0x00,
    0x00, 0x00, 0x00, 0x00, 0x00, 0x00, 0x00, 0x00, 0x00, 0x00, 0x00, 0x00,
    0x00, 0x00, 0x00, 0x00, 0x00, 0x00, 0x00, 0x00, 0x00, 0x00, 0x00, 0x00,
    0x00, 0x00, 0x00, 0x00, 0x00, 0x00, 0x00, 0x00, 0xe8, 0xff, 0xe8, 0xff,
    0xe8, 0xff, 0xe8, 0xff, 0xe8, 0xff, 0xe8, 0xff, 0xe9, 0xff, 0xe8, 0xff,
    0xe8, 0xff, 0xe8, 0xff, 0xe8, 0xff, 0xe8, 0xff, 0xe8, 0xff, 0xe8, 0xff,
    0xe8, 0xff, 0xe8, 0xff, 0x00, 0x00, 0x00, 0x00, 0x00, 0x00, 0x00, 0x00,
    0x00, 0x00, 0x00, 0x00, 0x00, 0x00, 0x00, 0x00, 0xe8, 0xff, 0xe8, 0xff,
    0xe8, 0xff, 0xe8, 0xff, 0xe8, 0xff, 0xe8, 0xff, 0xe8, 0xff, 0xe8, 0xff,
    0xe8, 0xff, 0xe8, 0xff, 0xe8, 0xff, 0xe8, 0xff, 0xe8, 0xff, 0xe8, 0xff,
    0xe8, 0xff, 0xe8, 0xff, 0x00, 0x00, 0x00, 0x00, 0x00, 0x00, 0x00, 0x00,
    0x00, 0x00, 0x00, 0x00, 0x00, 0x00, 0x00, 0x00, 0x00, 0x00, 0x00, 0x00,
    0x00, 0x00, 0x00, 0x00, 0x00, 0x00, 0x00, 0x00, 0x00, 0x00, 0x00, 0x00,
    0x00, 0x00, 0x00, 0x00, 0x00, 0x00, 0x00, 0x00, 0x00, 0x00, 0x00, 0x00,
    0x00, 0x00, 0x00, 0x00, 0x00, 0x00, 0x00, 0x00, 0x00, 0x00, 0x00, 0x00,
    0x00, 0x00, 0x00, 0x00, 0x00, 0x00, 0x00, 0x00, 0x00, 0x00, 0x00, 0x00,
    0x00, 0x00, 0x00, 0x00, 0x00, 0x00, 0x00, 0x00, 0x00, 0x00, 0x00, 0x00,
    0x00, 0x00, 0x00, 0x00, 0x00, 0x00, 0x00, 0x00, 0x00, 0x00, 0x00, 0x00,
    0x00, 0x00, 0x00, 0x00, 0xe8, 0xff, 0xe9, 0xff, 0xe8, 0xff, 0xe8, 0xff,
    0xe8, 0xff, 0xe8, 0xff, 0xe8, 0xff, 0xe8, 0xff, 0xe8, 0xff, 0xe9, 0xff,
    0xe8, 0xff, 0xe8, 0xff, 0xe9, 0xff, 0xe8, 0xff, 0xe8, 0xff, 0xe8, 0xff,
    0x00, 0x00, 0x00, 0x00, 0x00, 0x00, 0x00, 0x00, 0x00, 0x00, 0x00, 0x00,
    0x00, 0x00, 0x00, 0x00, 0xe8, 0xff, 0xe9, 0xff, 0xe8, 0xff, 0xe8, 0xff,
    0xe8, 0xff, 0xe8, 0xff, 0xe8, 0xff, 0xe8, 0xff, 0xe8, 0xff, 0xe9, 0xff,
    0xe8, 0xff, 0xe8, 0xff, 0xe9, 0xff, 0xe8, 0xff, 0xe8, 0xff, 0xe8, 0xff,
    0x00, 0x00, 0x00, 0x00, 0x00, 0x00, 0x00, 0x00, 0x00, 0x00, 0x00, 0x00,
    0x00, 0x00, 0x00, 0x00, 0x00, 0x00, 0x00, 0x00, 0x00, 0x00, 0x00, 0x00,
    0x00, 0x00, 0x00, 0x00, 0x00, 0x00, 0x00, 0x00, 0x00, 0x00, 0x00, 0x00,
    0x00, 0x00, 0x00, 0x00, 0x00, 0x00, 0x00, 0x00, 0x00, 0x00, 0x00, 0x00,
    0x00, 0x00, 0x00, 0x00, 0x00, 0x00, 0x00, 0x00, 0x00, 0x00, 0x00, 0x00,
    0x00, 0x00, 0x00, 0x00, 0x00, 0x00, 0x00, 0x00, 0x00, 0x00, 0x00, 0x00,
    0x00, 0x00, 0x00, 0x00, 0x00, 0x00, 0x00, 0x00, 0x00, 0x00, 0x00, 0x00,
    0x00, 0x00, 0x00, 0x00, 0x00, 0x00, 0x00, 0x00, 0x00, 0x00, 0x00, 0x00,
    0xe8, 0xff, 0xe8, 0xff, 0xe8, 0xff, 0xe8, 0xff, 0xe9, 0xff, 0xe8, 0xff,
    0xe8, 0xff, 0xe8, 0xff, 0xe8, 0xff, 0xe8, 0xff, 0xe8, 0xff, 0xe8, 0xff,
    0xe8, 0xff, 0xe8, 0xff, 0xe8, 0xff, 0xe9, 0xff, 0x00, 0x00, 0x00, 0x00,
    0x00, 0x00, 0x00, 0x00, 0x00, 0x00, 0x00, 0x00, 0x00, 0x00, 0x00, 0x00,
    0xe8, 0xff, 0xe8, 0xff, 0xe8, 0xff, 0xe9, 0xff, 0xe8, 0xff, 0xe8, 0xff,
    0xe9, 0xff, 0xe8, 0xff, 0xe8, 0xff, 0xe8, 0xff, 0xe8, 0xff, 0xe8, 0xff,
    0xe8, 0xff, 0xe8, 0xff, 0xe8, 0xff, 0xe9, 0xff, 0x00, 0x00, 0x00, 0x00,
    0x00, 0x00, 0x00, 0x00, 0x00, 0x00, 0x00, 0x00, 0x00, 0x00, 0x00, 0x00,
    0x00, 0x00, 0x00, 0x00, 0x00, 0x00, 0x00, 0x00, 0x00, 0x00, 0x00, 0x00,
    0x00, 0x00, 0x00, 0x00, 0x00, 0x00, 0x00, 0x00, 0x00, 0x00, 0x00, 0x00,
    0x00, 0x00, 0x00, 0x00, 0x00, 0x00, 0x00, 0x00
};

LOCATION_PRAGMA("ExtFlashSection")
KEEP extern const unsigned char image_alien_yellow_extra_data[] LOCATION_ATTRIBUTE("ExtFlashSection") = { // 88x64 alpha pixels.
    0x00, 0x00, 0x00, 0x00, 0x00, 0x00, 0x00, 0x00, 0x00, 0x00, 0x00, 0x00,
    0x00, 0x00, 0x00, 0x00, 0xff, 0xff, 0xff, 0xff, 0xff, 0xff, 0xff, 0xff,
    0x00, 0x00, 0x00, 0x00, 0x00, 0x00, 0x00, 0x00, 0x00, 0x00, 0x00, 0x00,
    0x00, 0x00, 0x00, 0x00, 0x00, 0x00, 0x00, 0x00, 0x00, 0x00, 0x00, 0x00,
    0x00, 0x00, 0x00, 0x00, 0x00, 0x00, 0x00, 0x00, 0x00, 0x00, 0x00, 0x00,
    0x00, 0x00, 0x00, 0x00, 0xff, 0xff, 0xff, 0xff, 0xff, 0xff, 0xff, 0xff,
    0x00, 0x00, 0x00, 0x00, 0x00, 0x00, 0x00, 0x00, 0x00, 0x00, 0x00, 0x00,
    0x00, 0x00, 0x00, 0x00, 0x00, 0x00, 0x00, 0x00, 0x00, 0x00, 0x00, 0x00,
    0x00, 0x00, 0x00, 0x00, 0x00, 0x00, 0x00, 0x00, 0xff, 0xff, 0xff, 0xff,
    0xff, 0xff, 0xff, 0xff, 0x00, 0x00, 0x00, 0x00, 0x00, 0x00, 0x00, 0x00,
    0x00, 0x00, 0x00, 0x00, 0x00, 0x00, 0x00, 0x00, 0x00, 0x00, 0x00, 0x00,
    0x00, 0x00, 0x00, 0x00, 0x00, 0x00, 0x00, 0x00, 0x00, 0x00, 0x00, 0x00,
    0x00, 0x00, 0x00, 0x00, 0x00, 0x00, 0x00, 0x00, 0xff, 0xff, 0xff, 0xff,
    0xff, 0xff, 0xff, 0xff, 0x00, 0x00, 0x00, 0x00, 0x00, 0x00, 0x00, 0x00,
    0x00, 0x00, 0x00, 0x00, 0x00, 0x00, 0x00, 0x00, 0x00, 0x00, 0x00, 0x00,
    0x00, 0x00, 0x00, 0x00, 0x00, 0x00, 0x00, 0x00, 0x00, 0x00, 0x00, 0x00,
    0xff, 0xff, 0xff, 0xff, 0xff, 0xff, 0xff, 0xff, 0x00, 0x00, 0x00, 0x00,
    0x00, 0x00, 0x00, 0x00, 0x00, 0x00, 0x00, 0x00, 0x00, 0x00, 0x00, 0x00,
    0x00, 0x00, 0x00, 0x00, 0x00, 0x00, 0x00, 0x00, 0x00, 0x00, 0x00, 0x00,
    0x00, 0x00, 0x00, 0x00, 0x00, 0x00, 0x00, 0x00, 0x00, 0x00, 0x00, 0x00,
    0xff, 0xff, 0xff, 0xff, 0xff, 0xff, 0xff, 0xff, 0x00, 0x00, 0x00, 0x00,
    0x00, 0x00, 0x00, 0x00, 0x00, 0x00, 0x00, 0x00, 0x00, 0x00, 0x00, 0x00,
    0x00, 0x00, 0x00, 0x00, 0x00, 0x00, 0x00, 0x00, 0x00, 0x00, 0x00, 0x00,
    0x00, 0x00, 0x00, 0x00, 0xff, 0xff, 0xff, 0xff, 0xff, 0xff, 0xff, 0xff,
    0x00, 0x00, 0x00, 0x00, 0x00, 0x00, 0x00, 0x00, 0x00, 0x00, 0x00, 0x00,
    0x00, 0x00, 0x00, 0x00, 0x00, 0x00, 0x00, 0x00, 0x00, 0x00, 0x00, 0x00,
    0x00, 0x00, 0x00, 0x00, 0x00, 0x00, 0x00, 0x00, 0x00, 0x00, 0x00, 0x00,
    0x00, 0x00, 0x00, 0x00, 0xff, 0xff, 0xff, 0xff, 0xff, 0xff, 0xff, 0xff,
    0x00, 0x00, 0x00, 0x00, 0x00, 0x00, 0x00, 0x00, 0x00, 0x00, 0x00, 0x00,
    0x00, 0x00, 0x00, 0x00, 0x00, 0x00, 0x00, 0x00, 0x00, 0x00, 0x00, 0x00,
    0x00, 0x00, 0x00, 0x00, 0x00, 0x00, 0x00, 0x00, 0xff, 0xff, 0xff, 0xff,
    0xff, 0xff, 0xff, 0xff, 0x00, 0x00, 0x00, 0x00, 0x00, 0x00, 0x00, 0x00,
    0x00, 0x00, 0x00, 0x00, 0x00, 0x00, 0x00, 0x00, 0x00, 0x00, 0x00, 0x00,
    0x00, 0x00, 0x00, 0x00, 0x00, 0x00, 0x00, 0x00, 0x00, 0x00, 0x00, 0x00,
    0x00, 0x00, 0x00, 0x00, 0x00, 0x00, 0x00, 0x00, 0xff, 0xff, 0xff, 0xff,
    0xff, 0xff, 0xff, 0xff, 0x00, 0x00, 0x00, 0x00, 0x00, 0x00, 0x00, 0x00,
    0x00, 0x00, 0x00, 0x00, 0x00, 0x00, 0x00, 0x00, 0x00, 0x00, 0x00, 0x00,
    0x00, 0x00, 0x00, 0x00, 0x00, 0x00, 0x00, 0x00, 0x00, 0x00, 0x00, 0x00,
    0xff, 0xff, 0xff, 0xff, 0xff, 0xff, 0xff, 0xff, 0x00, 0x00, 0x00, 0x00,
    0x00, 0x00, 0x00, 0x00, 0x00, 0x00, 0x00, 0x00, 0x00, 0x00, 0x00, 0x00,
    0x00, 0x00, 0x00, 0x00, 0x00, 0x00, 0x00, 0x00, 0x00, 0x00, 0x00, 0x00,
    0x00, 0x00, 0x00, 0x00, 0x00, 0x00, 0x00, 0x00, 0x00, 0x00, 0x00, 0x00,
    0xff, 0xff, 0xff, 0xff, 0xff, 0xff, 0xff, 0xff, 0x00, 0x00, 0x00, 0x00,
    0x00, 0x00, 0x00, 0x00, 0x00, 0x00, 0x00, 0x00, 0x00, 0x00, 0x00, 0x00,
    0x00, 0x00, 0x00, 0x00, 0x00, 0x00, 0x00, 0x00, 0x00, 0x00, 0x00, 0x00,
    0x00, 0x00, 0x00, 0x00, 0xff, 0xff, 0xff, 0xff, 0xff, 0xff, 0xff, 0xff,
    0x00, 0x00, 0x00, 0x00, 0x00, 0x00, 0x00, 0x00, 0x00, 0x00, 0x00, 0x00,
    0x00, 0x00, 0x00, 0x00, 0x00, 0x00, 0x00, 0x00, 0x00, 0x00, 0x00, 0x00,
    0x00, 0x00, 0x00, 0x00, 0x00, 0x00, 0x00, 0x00, 0x00, 0x00, 0x00, 0x00,
    0x00, 0x00, 0x00, 0x00, 0xff, 0xff, 0xff, 0xff, 0xff, 0xff, 0xff, 0xff,
    0x00, 0x00, 0x00, 0x00, 0x00, 0x00, 0x00, 0x00, 0x00, 0x00, 0x00, 0x00,
    0x00, 0x00, 0x00, 0x00, 0x00, 0x00, 0x00, 0x00, 0x00, 0x00, 0x00, 0x00,
    0x00, 0x00, 0x00, 0x00, 0x00, 0x00, 0x00, 0x00, 0xff, 0xff, 0xff, 0xff,
    0xff, 0xff, 0xff, 0xff, 0x00, 0x00, 0x00, 0x00, 0x00, 0x00, 0x00, 0x00,
    0x00, 0x00, 0x00, 0x00, 0x00, 0x00, 0x00, 0x00, 0x00, 0x00, 0x00, 0x00,
    0x00, 0x00, 0x00, 0x00, 0x00, 0x00, 0x00, 0x00, 0x00, 0x00, 0x00, 0x00,
    0x00, 0x00, 0x00, 0x00, 0x00, 0x00, 0x00, 0x00, 0xff, 0xff, 0xff, 0xff,
    0xff, 0xff, 0xff, 0xff, 0x00, 0x00, 0x00, 0x00, 0x00, 0x00, 0x00, 0x00,
    0x00, 0x00, 0x00, 0x00, 0x00, 0x00, 0x00, 0x00, 0x00, 0x00, 0x00, 0x00,
    0x00, 0x00, 0x00, 0x00, 0x00, 0x00, 0x00, 0x00, 0x00, 0x00, 0x00, 0x00,
    0x00, 0x00, 0x00, 0x00, 0x00, 0x00, 0x00, 0x00, 0xff, 0xff, 0xff, 0xff,
    0xff, 0xff, 0xff, 0xff, 0x00, 0x00, 0x00, 0x00, 0x00, 0x00, 0x00, 0x00,
    0x00, 0x00, 0x00, 0x00, 0x00, 0x00, 0x00, 0x00, 0x00, 0x00, 0x00, 0x00,
    0x00, 0x00, 0x00, 0x00, 0xff, 0xff, 0xff, 0xff, 0xff, 0xff, 0xff, 0xff,
    0x00, 0x00, 0x00, 0x00, 0x00, 0x00, 0x00, 0x00, 0x00, 0x00, 0x00, 0x00,
    0x00, 0x00, 0x00, 0x00, 0x00, 0x00, 0x00, 0x00, 0x00, 0x00, 0x00, 0x00,
    0x00, 0x00, 0x00, 0x00, 0x00, 0x00, 0x00, 0x00, 0x00, 0x00, 0x00, 0x00,
    0x00, 0x00, 0x00, 0x00, 0x00, 0x00, 0x00, 0x00, 0x00, 0x00, 0x00, 0x00,
    0xff, 0xff, 0xff, 0xff, 0xff, 0xff, 0xff, 0xff, 0x00, 0x00, 0x00, 0x00,
    0x00, 0x00, 0x00, 0x00, 0x00, 0x00, 0x00, 0x00, 0x00, 0x00, 0x00, 0x00,
    0x00, 0x00, 0x00, 0x00, 0x00, 0x00, 0x00, 0x00, 0xff, 0xff, 0xff, 0xff,
    0xff, 0xff, 0xff, 0xff, 0x00, 0x00, 0x00, 0x00, 0x00, 0x00, 0x00, 0x00,
    0x00, 0x00, 0x00, 0x00, 0x00, 0x00, 0x00, 0x00, 0x00, 0x00, 0x00, 0x00,
    0x00, 0x00, 0x00, 0x00, 0x00, 0x00, 0x00, 0x00, 0x00, 0x00, 0x00, 0x00,
    0x00, 0x00, 0x00, 0x00, 0x00, 0x00, 0x00, 0x00, 0x00, 0x00, 0x00, 0x00,
    0x00, 0x00, 0x00, 0x00, 0xff, 0xff, 0xff, 0xff, 0xff, 0xff, 0xff, 0xff,
    0x00, 0x00, 0x00, 0x00, 0x00, 0x00, 0x00, 0x00, 0x00, 0x00, 0x00, 0x00,
    0x00, 0x00, 0x00, 0x00, 0x00, 0x00, 0x00, 0x00, 0x00, 0x00, 0x00, 0x00,
    0xff, 0xff, 0xff, 0xff, 0xff, 0xff, 0xff, 0xff, 0x00, 0x00, 0x00, 0x00,
    0x00, 0x00, 0x00, 0x00, 0x00, 0x00, 0x00, 0x00, 0x00, 0x00, 0x00, 0x00,
    0x00, 0x00, 0x00, 0x00, 0x00, 0x00, 0x00, 0x00, 0x00, 0x00, 0x00, 0x00,
    0x00, 0x00, 0x00, 0x00, 0x00, 0x00, 0x00, 0x00, 0x00, 0x00, 0x00, 0x00,
    0x00, 0x00, 0x00, 0x00, 0x00, 0x00, 0x00, 0x00, 0xff, 0xff, 0xff, 0xff,
    0xff, 0xff, 0xff, 0xff, 0x00, 0x00, 0x00, 0x00, 0x00, 0x00, 0x00, 0x00,
    0x00, 0x00, 0x00, 0x00, 0x00, 0x00, 0x00, 0x00, 0x00, 0x00, 0x00, 0x00,
    0x00, 0x00, 0x00, 0x00, 0xff, 0xff, 0xff, 0xff, 0xff, 0xff, 0xff, 0xff,
    0x00, 0x00, 0x00, 0x00, 0x00, 0x00, 0x00, 0x00, 0x00, 0x00, 0x00, 0x00,
    0x00, 0x00, 0x00, 0x00, 0x00, 0x00, 0x00, 0x00, 0x00, 0x00, 0x00, 0x00,
    0x00, 0x00, 0x00, 0x00, 0x00, 0x00, 0x00, 0x00, 0x00, 0x00, 0x00, 0x00,
    0x00, 0x00, 0x00, 0x00, 0x00, 0x00, 0x00, 0x00, 0x00, 0x00, 0x00, 0x00,
    0xff, 0xff, 0xff, 0xff, 0xff, 0xff, 0xff, 0xff, 0x00, 0x00, 0x00, 0x00,
    0x00, 0x00, 0x00, 0x00, 0x00, 0x00, 0x00, 0x00, 0x00, 0x00, 0x00, 0x00,
    0x00, 0x00, 0x00, 0x00, 0x00, 0x00, 0x00, 0x00, 0xff, 0xff, 0xff, 0xff,
    0xff, 0xff, 0xff, 0xff, 0x00, 0x00, 0x00, 0x00, 0x00, 0x00, 0x00, 0x00,
    0x00, 0x00, 0x00, 0x00, 0x00, 0x00, 0x00, 0x00, 0x00, 0x00, 0x00, 0x00,
    0x00, 0x00, 0x00, 0x00, 0x00, 0x00, 0x00, 0x00, 0x00, 0x00, 0x00, 0x00,
    0x00, 0x00, 0x00, 0x00, 0x00, 0x00, 0x00, 0x00, 0x00, 0x00, 0x00, 0x00,
    0x00, 0x00, 0x00, 0x00, 0xff, 0xff, 0xff, 0xff, 0xff, 0xff, 0xff, 0xff,
    0x00, 0x00, 0x00, 0x00, 0x00, 0x00, 0x00, 0x00, 0x00, 0x00, 0x00, 0x00,
    0x00, 0x00, 0x00, 0x00, 0x00, 0x00, 0x00, 0x00, 0x00, 0x00, 0x00, 0x00,
    0xff, 0xff, 0xff, 0xff, 0xff, 0xff, 0xff, 0xff, 0x00, 0x00, 0x00, 0x00,
    0x00, 0x00, 0x00, 0x00, 0x00, 0x00, 0x00, 0x00, 0x00, 0x00, 0x00, 0x00,
    0x00, 0x00, 0x00, 0x00, 0x00, 0x00, 0x00, 0x00, 0x00, 0x00, 0x00, 0x00,
    0x00, 0x00, 0x00, 0x00, 0x00, 0x00, 0x00, 0x00, 0x00, 0x00, 0x00, 0x00,
    0x00, 0x00, 0x00, 0x00, 0x00, 0x00, 0x00, 0x00, 0xff, 0xff, 0xff, 0xff,
    0xff, 0xff, 0xff, 0xff, 0x00, 0x00, 0x00, 0x00, 0x00, 0x00, 0x00, 0x00,
    0x00, 0x00, 0x00, 0x00, 0x00, 0x00, 0x00, 0x00, 0x00, 0x00, 0x00, 0x00,
    0x00, 0x00, 0x00, 0x00, 0xff, 0xff, 0xff, 0xff, 0xff, 0xff, 0xff, 0xff,
    0x00, 0x00, 0x00, 0x00, 0x00, 0x00, 0x00, 0x00, 0x00, 0x00, 0x00, 0x00,
    0x00, 0x00, 0x00, 0x00, 0x00, 0x00, 0x00, 0x00, 0x00, 0x00, 0x00, 0x00,
    0x00, 0x00, 0x00, 0x00, 0x00, 0x00, 0x00, 0x00, 0x00, 0x00, 0x00, 0x00,
    0x00, 0x00, 0x00, 0x00, 0x00, 0x00, 0x00, 0x00, 0x00, 0x00, 0x00, 0x00,
    0xff, 0xff, 0xff, 0xff, 0xff, 0xff, 0xff, 0xff, 0x00, 0x00, 0x00, 0x00,
    0x00, 0x00, 0x00, 0x00, 0x00, 0x00, 0x00, 0x00, 0x00, 0x00, 0x00, 0x00,
    0x00, 0x00, 0x00, 0x00, 0x00, 0x00, 0x00, 0x00, 0xff, 0xff, 0xff, 0xff,
    0xff, 0xff, 0xff, 0xff, 0x00, 0x00, 0x00, 0x00, 0x00, 0x00, 0x00, 0x00,
    0x00, 0x00, 0x00, 0x00, 0x00, 0x00, 0x00, 0x00, 0x00, 0x00, 0x00, 0x00,
    0x00, 0x00, 0x00, 0x00, 0x00, 0x00, 0x00, 0x00, 0x00, 0x00, 0x00, 0x00,
    0x00, 0x00, 0x00, 0x00, 0x00, 0x00, 0x00, 0x00, 0xff, 0xff, 0xff, 0xff,
    0xff, 0xff, 0xff, 0xff, 0xff, 0xff, 0xff, 0xff, 0xff, 0xff, 0xff, 0xff,
    0xff, 0xff, 0xff, 0xff, 0xff, 0xff, 0xff, 0xff, 0xff, 0xff, 0xff, 0xff,
    0xff, 0xff, 0xff, 0xff, 0xff, 0xff, 0xff, 0xff, 0xff, 0xff, 0xff, 0xff,
    0xff, 0xff, 0xff, 0xff, 0xff, 0xff, 0xff, 0xff, 0xff, 0xff, 0xff, 0xff,
    0xff, 0xff, 0xff, 0xff, 0x00, 0x00, 0x00, 0x00, 0x00, 0x00, 0x00, 0x00,
    0x00, 0x00, 0x00, 0x00, 0x00, 0x00, 0x00, 0x00, 0x00, 0x00, 0x00, 0x00,
    0x00, 0x00, 0x00, 0x00, 0x00, 0x00, 0x00, 0x00, 0x00, 0x00, 0x00, 0x00,
    0xff, 0xff, 0xff, 0xff, 0xff, 0xff, 0xff, 0xff, 0xff, 0xff, 0xff, 0xff,
    0xff, 0xff, 0xff, 0xff, 0xff, 0xff, 0xff, 0xff, 0xff, 0xff, 0xff, 0xff,
    0xff, 0xff, 0xff, 0xff, 0xff, 0xff, 0xff, 0xff, 0xff, 0xff, 0xff, 0xff,
    0xff, 0xff, 0xff, 0xff, 0xff, 0xff, 0xff, 0xff, 0xff, 0xff, 0xff, 0xff,
    0xff, 0xff, 0xff, 0xff, 0xff, 0xff, 0xff, 0xff, 0x00, 0x00, 0x00, 0x00,
    0x00, 0x00, 0x00, 0x00, 0x00, 0x00, 0x00, 0x00, 0x00, 0x00, 0x00, 0x00,
    0x00, 0x00, 0x00, 0x00, 0x00, 0x00, 0x00, 0x00, 0x00, 0x00, 0x00, 0x00,
    0x00, 0x00, 0x00, 0x00, 0xff, 0xff, 0xff, 0xff, 0xff, 0xff, 0xff, 0xff,
    0xff, 0xff, 0xff, 0xff, 0xff, 0xff, 0xff, 0xff, 0xff, 0xff, 0xff, 0xff,
    0xff, 0xff, 0xff, 0xff, 0xff, 0xff, 0xff, 0xff, 0xff, 0xff, 0xff, 0xff,
    0xff, 0xff, 0xff, 0xff, 0xff, 0xff, 0xff, 0xff, 0xff, 0xff, 0xff, 0xff,
    0xff, 0xff, 0xff, 0xff, 0xff, 0xff, 0xff, 0xff, 0xff, 0xff, 0xff, 0xff,
    0x00, 0x00, 0x00, 0x00, 0x00, 0x00, 0x00, 0x00, 0x00, 0x00, 0x00, 0x00,
    0x00, 0x00, 0x00, 0x00, 0x00, 0x00, 0x00, 0x00, 0x00, 0x00, 0x00, 0x00,
    0x00, 0x00, 0x00, 0x00, 0x00, 0x00, 0x00, 0x00, 0xff, 0xff, 0xff, 0xff,
    0xff, 0xff, 0xff, 0xff, 0xff, 0xff, 0xff, 0xff, 0xff, 0xff, 0xff, 0xff,
    0xff, 0xff, 0xff, 0xff, 0xff, 0xff, 0xff, 0xff, 0xff, 0xff, 0xff, 0xff,
    0xff, 0xff, 0xff, 0xff, 0xff, 0xff, 0xff, 0xff, 0xff, 0xff, 0xff, 0xff,
    0xff, 0xff, 0xff, 0xff, 0xff, 0xff, 0xff, 0xff, 0xff, 0xff, 0xff, 0xff,
    0xff, 0xff, 0xff, 0xff, 0x00, 0x00, 0x00, 0x00, 0x00, 0x00, 0x00, 0x00,
    0x00, 0x00, 0x00, 0x00, 0x00, 0x00, 0x00, 0x00, 0x00, 0x00, 0x00, 0x00,
    0x00, 0x00, 0x00, 0x00, 0x00, 0x00, 0x00, 0x00, 0x00, 0x00, 0x00, 0x00,
    0xff, 0xff, 0xff, 0xff, 0xff, 0xff, 0xff, 0xff, 0xff, 0xff, 0xff, 0xff,
    0xff, 0xff, 0xff, 0xff, 0xff, 0xff, 0xff, 0xff, 0xff, 0xff, 0xff, 0xff,
    0xff, 0xff, 0xff, 0xff, 0xff, 0xff, 0xff, 0xff, 0xff, 0xff, 0xff, 0xff,
    0xff, 0xff, 0xff, 0xff, 0xff, 0xff, 0xff, 0xff, 0xff, 0xff, 0xff, 0xff,
    0xff, 0xff, 0xff, 0xff, 0xff, 0xff, 0xff, 0xff, 0x00, 0x00, 0x00, 0x00,
    0x00, 0x00, 0x00, 0x00, 0x00, 0x00, 0x00, 0x00, 0x00, 0x00, 0x00, 0x00,
    0x00, 0x00, 0x00, 0x00, 0x00, 0x00, 0x00, 0x00, 0x00, 0x00, 0x00, 0x00,
    0x00, 0x00, 0x00, 0x00, 0xff, 0xff, 0xff, 0xff, 0xff, 0xff, 0xff, 0xff,
    0xff, 0xff, 0xff, 0xff, 0xff, 0xff, 0xff, 0xff, 0xff, 0xff, 0xff, 0xff,
    0xff, 0xff, 0xff, 0xff, 0xff, 0xff, 0xff, 0xff, 0xff, 0xff, 0xff, 0xff,
    0xff, 0xff, 0xff, 0xff, 0xff, 0xff, 0xff, 0xff, 0xff, 0xff, 0xff, 0xff,
    0xff, 0xff, 0xff, 0xff, 0xff, 0xff, 0xff, 0xff, 0xff, 0xff, 0xff, 0xff,
    0x00, 0x00, 0x00, 0x00, 0x00, 0x00, 0x00, 0x00, 0x00, 0x00, 0x00, 0x00,
    0x00, 0x00, 0x00, 0x00, 0x00, 0x00, 0x00, 0x00, 0x00, 0x00, 0x00, 0x00,
    0x00, 0x00, 0x00, 0x00, 0x00, 0x00, 0x00, 0x00, 0xff, 0xff, 0xff, 0xff,
    0xff, 0xff, 0xff, 0xff, 0xff, 0xff, 0xff, 0xff, 0xff, 0xff, 0xff, 0xff,
    0xff, 0xff, 0xff, 0xff, 0xff, 0xff, 0xff, 0xff, 0xff, 0xff, 0xff, 0xff,
    0xff, 0xff, 0xff, 0xff, 0xff, 0xff, 0xff, 0xff, 0xff, 0xff, 0xff, 0xff,
    0xff, 0xff, 0xff, 0xff, 0xff, 0xff, 0xff, 0xff, 0xff, 0xff, 0xff, 0xff,
    0xff, 0xff, 0xff, 0xff, 0x00, 0x00, 0x00, 0x00, 0x00, 0x00, 0x00, 0x00,
    0x00, 0x00, 0x00, 0x00, 0x00, 0x00, 0x00, 0x00, 0x00, 0x00, 0x00, 0x00,
    0x00, 0x00, 0x00, 0x00, 0x00, 0x00, 0x00, 0x00, 0x00, 0x00, 0x00, 0x00,
    0xff, 0xff, 0xff, 0xff, 0xff, 0xff, 0xff, 0xff, 0xff, 0xff, 0xff, 0xff,
    0xff, 0xff, 0xff, 0xff, 0xff, 0xff, 0xff, 0xff, 0xff, 0xff, 0xff, 0xff,
    0xff, 0xff, 0xff, 0xff, 0xff, 0xff, 0xff, 0xff, 0xff, 0xff, 0xff, 0xff,
    0xff, 0xff, 0xff, 0xff, 0xff, 0xff, 0xff, 0xff, 0xff, 0xff, 0xff, 0xff,
    0xff, 0xff, 0xff, 0xff, 0xff, 0xff, 0xff, 0xff, 0x00, 0x00, 0x00, 0x00,
    0x00, 0x00, 0x00, 0x00, 0x00, 0x00, 0x00, 0x00, 0x00, 0x00, 0x00, 0x00,
    0x00, 0x00, 0x00, 0x00, 0x00, 0x00, 0x00, 0x00, 0xff, 0xff, 0xff, 0xff,
    0xff, 0xff, 0xff, 0xff, 0xff, 0xff, 0xff, 0xff, 0xff, 0xff, 0xff, 0xff,
    0x00, 0x00, 0x00, 0x00, 0x00, 0x00, 0x00, 0x00, 0xff, 0xff, 0xff, 0xff,
    0xff, 0xff, 0xff, 0xff, 0xff, 0xff, 0xff, 0xff, 0xff, 0xff, 0xff, 0xff,
    0xff, 0xff, 0xff, 0xff, 0xff, 0xff, 0xff, 0xff, 0x00, 0x00, 0x00, 0x00,
    0x00, 0x00, 0x00, 0x00, 0xff, 0xff, 0xff, 0xff, 0xff, 0xff, 0xff, 0xff,
    0xff, 0xff, 0xff, 0xff, 0xff, 0xff, 0xff, 0xff, 0x00, 0x00, 0x00, 0x00,
    0x00, 0x00, 0x00, 0x00, 0x00, 0x00, 0x00, 0x00, 0x00, 0x00, 0x00, 0x00,
    0xff, 0xff, 0xff, 0xff, 0xff, 0xff, 0xff, 0xff, 0xff, 0xff, 0xff, 0xff,
    0xff, 0xff, 0xff, 0xff, 0x00, 0x00, 0x00, 0x00, 0x00, 0x00, 0x00, 0x00,
    0xff, 0xff, 0xff, 0xff, 0xff, 0xff, 0xff, 0xff, 0xff, 0xff, 0xff, 0xff,
    0xff, 0xff, 0xff, 0xff, 0xff, 0xff, 0xff, 0xff, 0xff, 0xff, 0xff, 0xff,
    0x00, 0x00, 0x00, 0x00, 0x00, 0x00, 0x00, 0x00, 0xff, 0xff, 0xff, 0xff,
    0xff, 0xff, 0xff, 0xff, 0xff, 0xff, 0xff, 0xff, 0xff, 0xff, 0xff, 0xff,
    0x00, 0x00, 0x00, 0x00, 0x00, 0x00, 0x00, 0x00, 0x00, 0x00, 0x00, 0x00,
    0x00, 0x00, 0x00, 0x00, 0xff, 0xff, 0xff, 0xff, 0xff, 0xff, 0xff, 0xff,
    0xff, 0xff, 0xff, 0xff, 0xff, 0xff, 0xff, 0xff, 0x00, 0x00, 0x00, 0x00,
    0x00, 0x00, 0x00, 0x00, 0xff, 0xff, 0xff, 0xff, 0xff, 0xff, 0xff, 0xff,
    0xff, 0xff, 0xff, 0xff, 0xff, 0xff, 0xff, 0xff, 0xff, 0xff, 0xff, 0xff,
    0xff, 0xff, 0xff, 0xff, 0x00, 0x00, 0x00, 0x00, 0x00, 0x00, 0x00, 0x00,
    0xff, 0xff, 0xff, 0xff, 0xff, 0xff, 0xff, 0xff, 0xff, 0xff, 0xff, 0xff,
    0xff, 0xff, 0xff, 0xff, 0x00, 0x00, 0x00, 0x00, 0x00, 0x00, 0x00, 0x00,
    0x00, 0x00, 0x00, 0x00, 0x00, 0x00, 0x00, 0x00, 0xff, 0xff, 0xff, 0xff,
    0xff, 0xff, 0xff, 0xff, 0xff, 0xff, 0xff, 0xff, 0xff, 0xff, 0xff, 0xff,
    0x00, 0x00, 0x00, 0x00, 0x00, 0x00, 0x00, 0x00, 0xff, 0xff, 0xff, 0xff,
    0xff, 0xff, 0xff, 0xff, 0xff, 0xff, 0xff, 0xff, 0xff, 0xff, 0xff, 0xff,
    0xff, 0xff, 0xff, 0xff, 0xff, 0xff, 0xff, 0xff, 0x00, 0x00, 0x00, 0x00,
    0x00, 0x00, 0x00, 0x00, 0xff, 0xff, 0xff, 0xff, 0xff, 0xff, 0xff, 0xff,
    0xff, 0xff, 0xff, 0xff, 0xff, 0xff, 0xff, 0xff, 0x00, 0x00, 0x00, 0x00,
    0x00, 0x00, 0x00, 0x00, 0x00, 0x00, 0x00, 0x00, 0x00, 0x00, 0x00, 0x00,
    0xff, 0xff, 0xff, 0xff, 0xff, 0xff, 0xff, 0xff, 0xff, 0xff, 0xff, 0xff,
    0xff, 0xff, 0xff, 0xff, 0x00, 0x00, 0x00, 0x00, 0x00, 0x00, 0x00, 0x00,
    0xff, 0xff, 0xff, 0xff, 0xff, 0xff, 0xff, 0xff, 0xff, 0xff, 0xff, 0xff,
    0xff, 0xff, 0xff, 0xff, 0xff, 0xff, 0xff, 0xff, 0xff, 0xff, 0xff, 0xff,
    0x00, 0x00, 0x00, 0x00, 0x00, 0x00, 0x00, 0x00, 0xff, 0xff, 0xff, 0xff,
    0xff, 0xff, 0xff, 0xff, 0xff, 0xff, 0xff, 0xff, 0xff, 0xff, 0xff, 0xff,
    0x00, 0x00, 0x00, 0x00, 0x00, 0x00, 0x00, 0x00, 0x00, 0x00, 0x00, 0x00,
    0x00, 0x00, 0x00, 0x00, 0xff, 0xff, 0xff, 0xff, 0xff, 0xff, 0xff, 0xff,
    0xff, 0xff, 0xff, 0xff, 0xff, 0xff, 0xff, 0xff, 0x00, 0x00, 0x00, 0x00,
    0x00, 0x00, 0x00, 0x00, 0xff, 0xff, 0xff, 0xff, 0xff, 0xff, 0xff, 0xff,
    0xff, 0xff, 0xff, 0xff, 0xff, 0xff, 0xff, 0xff, 0xff, 0xff, 0xff, 0xff,
    0xff, 0xff, 0xff, 0xff, 0x00, 0x00, 0x00, 0x00, 0x00, 0x00, 0x00, 0x00,
    0xff, 0xff, 0xff, 0xff, 0xff, 0xff, 0xff, 0xff, 0xff, 0xff, 0xff, 0xff,
    0xff, 0xff, 0xff, 0xff, 0x00, 0x00, 0x00, 0x00, 0x00, 0x00, 0x00, 0x00,
    0x00, 0x00, 0x00, 0x00, 0x00, 0x00, 0x00, 0x00, 0xff, 0xff, 0xff, 0xff,
    0xff, 0xff, 0xff, 0xff, 0xff, 0xff, 0xff, 0xff, 0xff, 0xff, 0xff, 0xff,
    0x00, 0x00, 0x00, 0x00, 0x00, 0x00, 0x00, 0x00, 0xff, 0xff, 0xff, 0xff,
    0xff, 0xff, 0xff, 0xff, 0xff, 0xff, 0xff, 0xff, 0xff, 0xff, 0xff, 0xff,
    0xff, 0xff, 0xff, 0xff, 0xff, 0xff, 0xff, 0xff, 0x00, 0x00, 0x00, 0x00,
    0x00, 0x00, 0x00, 0x00, 0xff, 0xff, 0xff, 0xff, 0xff, 0xff, 0xff, 0xff,
    0xff, 0xff, 0xff, 0xff, 0xff, 0xff, 0xff, 0xff, 0x00, 0x00, 0x00, 0x00,
    0x00, 0x00, 0x00, 0x00, 0x00, 0x00, 0x00, 0x00, 0x00, 0x00, 0x00, 0x00,
    0xff, 0xff, 0xff, 0xff, 0xff, 0xff, 0xff, 0xff, 0xff, 0xff, 0xff, 0xff,
    0xff, 0xff, 0xff, 0xff, 0x00, 0x00, 0x00, 0x00, 0x00, 0x00, 0x00, 0x00,
    0xff, 0xff, 0xff, 0xff, 0xff, 0xff, 0xff, 0xff, 0xff, 0xff, 0xff, 0xff,
    0xff, 0xff, 0xff, 0xff, 0xff, 0xff, 0xff, 0xff, 0xff, 0xff, 0xff, 0xff,
    0x00, 0x00, 0x00, 0x00, 0x00, 0x00, 0x00, 0x00, 0xff, 0xff, 0xff, 0xff,
    0xff, 0xff, 0xff, 0xff, 0xff, 0xff, 0xff, 0xff, 0xff, 0xff, 0xff, 0xff,
    0x00, 0x00, 0x00, 0x00, 0x00, 0x00, 0x00, 0x00, 0xff, 0xff, 0xff, 0xff,
    0xff, 0xff, 0xff, 0xff, 0xff, 0xff, 0xff, 0xff, 0xff, 0xff, 0xff, 0xff,
    0xff, 0xff, 0xff, 0xff, 0xff, 0xff, 0xff, 0xff, 0xff, 0xff, 0xff, 0xff,
    0xff, 0xff, 0xff, 0xff, 0xff, 0xff, 0xff, 0xff, 0xff, 0xff, 0xff, 0xff,
    0xff, 0xff, 0xff, 0xff, 0xff, 0xff, 0xff, 0xff, 0xff, 0xff, 0xff, 0xff,
    0xff, 0xff, 0xff, 0xff, 0xff, 0xff, 0xff, 0xff, 0xff, 0xff, 0xff, 0xff,
    0xff, 0xff, 0xff, 0xff, 0xff, 0xff, 0xff, 0xff, 0xff, 0xff, 0xff, 0xff,
    0xff, 0xff, 0xff, 0xff, 0xff, 0xff, 0xff, 0xff, 0xff, 0xff, 0xff, 0xff,
    0xff, 0xff, 0xff, 0xff, 0xff, 0xff, 0xff, 0xff, 0xff, 0xff, 0xff, 0xff,
    0xff, 0xff, 0xff, 0xff, 0xff, 0xff, 0xff, 0xff, 0xff, 0xff, 0xff, 0xff,
    0xff, 0xff, 0xff, 0xff, 0xff, 0xff, 0xff, 0xff, 0xff, 0xff, 0xff, 0xff,
    0xff, 0xff, 0xff, 0xff, 0xff, 0xff, 0xff, 0xff, 0xff, 0xff, 0xff, 0xff,
    0xff, 0xff, 0xff, 0xff, 0xff, 0xff, 0xff, 0xff, 0xff, 0xff, 0xff, 0xff,
    0xff, 0xff, 0xff, 0xff, 0xff, 0xff, 0xff, 0xff, 0xff, 0xff, 0xff, 0xff,
    0xff, 0xff, 0xff, 0xff, 0xff, 0xff, 0xff, 0xff, 0xff, 0xff, 0xff, 0xff,
    0xff, 0xff, 0xff, 0xff, 0xff, 0xff, 0xff, 0xff, 0xff, 0xff, 0xff, 0xff,
    0xff, 0xff, 0xff, 0xff, 0xff, 0xff, 0xff, 0xff, 0xff, 0xff, 0xff, 0xff,
    0xff, 0xff, 0xff, 0xff, 0xff, 0xff, 0xff, 0xff, 0xff, 0xff, 0xff, 0xff,
    0xff, 0xff, 0xff, 0xff, 0xff, 0xff, 0xff, 0xff, 0xff, 0xff, 0xff, 0xff,
    0xff, 0xff, 0xff, 0xff, 0xff, 0xff, 0xff, 0xff, 0xff, 0xff, 0xff, 0xff,
    0xff, 0xff, 0xff, 0xff, 0xff, 0xff, 0xff, 0xff, 0xff, 0xff, 0xff, 0xff,
    0xff, 0xff, 0xff, 0xff, 0xff, 0xff, 0xff, 0xff, 0xff, 0xff, 0xff, 0xff,
    0xff, 0xff, 0xff, 0xff, 0xff, 0xff, 0xff, 0xff, 0xff, 0xff, 0xff, 0xff,
    0xff, 0xff, 0xff, 0xff, 0xff, 0xff, 0xff, 0xff, 0xff, 0xff, 0xff, 0xff,
    0xff, 0xff, 0xff, 0xff, 0xff, 0xff, 0xff, 0xff, 0xff, 0xff, 0xff, 0xff,
    0xff, 0xff, 0xff, 0xff, 0xff, 0xff, 0xff, 0xff, 0xff, 0xff, 0xff, 0xff,
    0xff, 0xff, 0xff, 0xff, 0xff, 0xff, 0xff, 0xff, 0xff, 0xff, 0xff, 0xff,
    0xff, 0xff, 0xff, 0xff, 0xff, 0xff, 0xff, 0xff, 0xff, 0xff, 0xff, 0xff,
    0xff, 0xff, 0xff, 0xff, 0xff, 0xff, 0xff, 0xff, 0xff, 0xff, 0xff, 0xff,
    0xff, 0xff, 0xff, 0xff, 0xff, 0xff, 0xff, 0xff, 0xff, 0xff, 0xff, 0xff,
    0xff, 0xff, 0xff, 0xff, 0xff, 0xff, 0xff, 0xff, 0xff, 0xff, 0xff, 0xff,
    0xff, 0xff, 0xff, 0xff, 0xff, 0xff, 0xff, 0xff, 0xff, 0xff, 0xff, 0xff,
    0xff, 0xff, 0xff, 0xff, 0xff, 0xff, 0xff, 0xff, 0xff, 0xff, 0xff, 0xff,
    0xff, 0xff, 0xff, 0xff, 0xff, 0xff, 0xff, 0xff, 0xff, 0xff, 0xff, 0xff,
    0xff, 0xff, 0xff, 0xff, 0xff, 0xff, 0xff, 0xff, 0xff, 0xff, 0xff, 0xff,
    0xff, 0xff, 0xff, 0xff, 0xff, 0xff, 0xff, 0xff, 0xff, 0xff, 0xff, 0xff,
    0xff, 0xff, 0xff, 0xff, 0xff, 0xff, 0xff, 0xff, 0xff, 0xff, 0xff, 0xff,
    0xff, 0xff, 0xff, 0xff, 0xff, 0xff, 0xff, 0xff, 0xff, 0xff, 0xff, 0xff,
    0xff, 0xff, 0xff, 0xff, 0xff, 0xff, 0xff, 0xff, 0xff, 0xff, 0xff, 0xff,
    0xff, 0xff, 0xff, 0xff, 0xff, 0xff, 0xff, 0xff, 0xff, 0xff, 0xff, 0xff,
    0xff, 0xff, 0xff, 0xff, 0xff, 0xff, 0xff, 0xff, 0xff, 0xff, 0xff, 0xff,
    0xff, 0xff, 0xff, 0xff, 0xff, 0xff, 0xff, 0xff, 0xff, 0xff, 0xff, 0xff,
    0xff, 0xff, 0xff, 0xff, 0xff, 0xff, 0xff, 0xff, 0xff, 0xff, 0xff, 0xff,
    0xff, 0xff, 0xff, 0xff, 0xff, 0xff, 0xff, 0xff, 0xff, 0xff, 0xff, 0xff,
    0xff, 0xff, 0xff, 0xff, 0xff, 0xff, 0xff, 0xff, 0xff, 0xff, 0xff, 0xff,
    0xff, 0xff, 0xff, 0xff, 0xff, 0xff, 0xff, 0xff, 0xff, 0xff, 0xff, 0xff,
    0xff, 0xff, 0xff, 0xff, 0xff, 0xff, 0xff, 0xff, 0xff, 0xff, 0xff, 0xff,
    0xff, 0xff, 0xff, 0xff, 0xff, 0xff, 0xff, 0xff, 0xff, 0xff, 0xff, 0xff,
    0xff, 0xff, 0xff, 0xff, 0xff, 0xff, 0xff, 0xff, 0xff, 0xff, 0xff, 0xff,
    0xff, 0xff, 0xff, 0xff, 0xff, 0xff, 0xff, 0xff, 0xff, 0xff, 0xff, 0xff,
    0xff, 0xff, 0xff, 0xff, 0xff, 0xff, 0xff, 0xff, 0xff, 0xff, 0xff, 0xff,
    0xff, 0xff, 0xff, 0xff, 0xff, 0xff, 0xff, 0xff, 0xff, 0xff, 0xff, 0xff,
    0xff, 0xff, 0xff, 0xff, 0xff, 0xff, 0xff, 0xff, 0xff, 0xff, 0xff, 0xff,
    0xff, 0xff, 0xff, 0xff, 0xff, 0xff, 0xff, 0xff, 0xff, 0xff, 0xff, 0xff,
    0xff, 0xff, 0xff, 0xff, 0xff, 0xff, 0xff, 0xff, 0xff, 0xff, 0xff, 0xff,
    0xff, 0xff, 0xff, 0xff, 0xff, 0xff, 0xff, 0xff, 0xff, 0xff, 0xff, 0xff,
    0xff, 0xff, 0xff, 0xff, 0xff, 0xff, 0xff, 0xff, 0xff, 0xff, 0xff, 0xff,
    0xff, 0xff, 0xff, 0xff, 0xff, 0xff, 0xff, 0xff, 0xff, 0xff, 0xff, 0xff,
    0xff, 0xff, 0xff, 0xff, 0xff, 0xff, 0xff, 0xff, 0xff, 0xff, 0xff, 0xff,
    0xff, 0xff, 0xff, 0xff, 0xff, 0xff, 0xff, 0xff, 0xff, 0xff, 0xff, 0xff,
    0x00, 0x00, 0x00, 0x00, 0x00, 0x00, 0x00, 0x00, 0xff, 0xff, 0xff, 0xff,
    0xff, 0xff, 0xff, 0xff, 0xff, 0xff, 0xff, 0xff, 0xff, 0xff, 0xff, 0xff,
    0xff, 0xff, 0xff, 0xff, 0xff, 0xff, 0xff, 0xff, 0xff, 0xff, 0xff, 0xff,
    0xff, 0xff, 0xff, 0xff, 0xff, 0xff, 0xff, 0xff, 0xff, 0xff, 0xff, 0xff,
    0xff, 0xff, 0xff, 0xff, 0xff, 0xff, 0xff, 0xff, 0xff, 0xff, 0xff, 0xff,
    0xff, 0xff, 0xff, 0xff, 0x00, 0x00, 0x00, 0x00, 0x00, 0x00, 0x00, 0x00,
    0xff, 0xff, 0xff, 0xff, 0xff, 0xff, 0xff, 0xff, 0xff, 0xff, 0xff, 0xff,
    0xff, 0xff, 0xff, 0xff, 0x00, 0x00, 0x00, 0x00, 0x00, 0x00, 0x00, 0x00,
    0xff, 0xff, 0xff, 0xff, 0xff, 0xff, 0xff, 0xff, 0xff, 0xff, 0xff, 0xff,
    0xff, 0xff, 0xff, 0xff, 0xff, 0xff, 0xff, 0xff, 0xff, 0xff, 0xff, 0xff,
    0xff, 0xff, 0xff, 0xff, 0xff, 0xff, 0xff, 0xff, 0xff, 0xff, 0xff, 0xff,
    0xff, 0xff, 0xff, 0xff, 0xff, 0xff, 0xff, 0xff, 0xff, 0xff, 0xff, 0xff,
    0xff, 0xff, 0xff, 0xff, 0xff, 0xff, 0xff, 0xff, 0x00, 0x00, 0x00, 0x00,
    0x00, 0x00, 0x00, 0x00, 0xff, 0xff, 0xff, 0xff, 0xff, 0xff, 0xff, 0xff,
    0xff, 0xff, 0xff, 0xff, 0xff, 0xff, 0xff, 0xff, 0x00, 0x00, 0x00, 0x00,
    0x00, 0x00, 0x00, 0x00, 0xff, 0xff, 0xff, 0xff, 0xff, 0xff, 0xff, 0xff,
    0xff, 0xff, 0xff, 0xff, 0xff, 0xff, 0xff, 0xff, 0xff, 0xff, 0xff, 0xff,
    0xff, 0xff, 0xff, 0xff, 0xff, 0xff, 0xff, 0xff, 0xff, 0xff, 0xff, 0xff,
    0xff, 0xff, 0xff, 0xff, 0xff, 0xff, 0xff, 0xff, 0xff, 0xff, 0xff, 0xff,
    0xff, 0xff, 0xff, 0xff, 0xff, 0xff, 0xff, 0xff, 0xff, 0xff, 0xff, 0xff,
    0x00, 0x00, 0x00, 0x00, 0x00, 0x00, 0x00, 0x00, 0xff, 0xff, 0xff, 0xff,
    0xff, 0xff, 0xff, 0xff, 0xff, 0xff, 0xff, 0xff, 0xff, 0xff, 0xff, 0xff,
    0x00, 0x00, 0x00, 0x00, 0x00, 0x00, 0x00, 0x00, 0xff, 0xff, 0xff, 0xff,
    0xff, 0xff, 0xff, 0xff, 0xff, 0xff, 0xff, 0xff, 0xff, 0xff, 0xff, 0xff,
    0xff, 0xff, 0xff, 0xff, 0xff, 0xff, 0xff, 0xff, 0xff, 0xff, 0xff, 0xff,
    0xff, 0xff, 0xff, 0xff, 0xff, 0xff, 0xff, 0xff, 0xff, 0xff, 0xff, 0xff,
    0xff, 0xff, 0xff, 0xff, 0xff, 0xff, 0xff, 0xff, 0xff, 0xff, 0xff, 0xff,
    0xff, 0xff, 0xff, 0xff, 0x00, 0x00, 0x00, 0x00, 0x00, 0x00, 0x00, 0x00,
    0xff, 0xff, 0xff, 0xff, 0xff, 0xff, 0xff, 0xff, 0xff, 0xff, 0xff, 0xff,
    0xff, 0xff, 0xff, 0xff, 0x00, 0x00, 0x00, 0x00, 0x00, 0x00, 0x00, 0x00,
    0xff, 0xff, 0xff, 0xff, 0xff, 0xff, 0xff, 0xff, 0xff, 0xff, 0xff, 0xff,
    0xff, 0xff, 0xff, 0xff, 0xff, 0xff, 0xff, 0xff, 0xff, 0xff, 0xff, 0xff,
    0xff, 0xff, 0xff, 0xff, 0xff, 0xff, 0xff, 0xff, 0xff, 0xff, 0xff, 0xff,
    0xff, 0xff, 0xff, 0xff, 0xff, 0xff, 0xff, 0xff, 0xff, 0xff, 0xff, 0xff,
    0xff, 0xff, 0xff, 0xff, 0xff, 0xff, 0xff, 0xff, 0x00, 0x00, 0x00, 0x00,
    0x00, 0x00, 0x00, 0x00, 0xff, 0xff, 0xff, 0xff, 0xff, 0xff, 0xff, 0xff,
    0xff, 0xff, 0xff, 0xff, 0xff, 0xff, 0xff, 0xff, 0x00, 0x00, 0x00, 0x00,
    0x00, 0x00, 0x00, 0x00, 0xff, 0xff, 0xff, 0xff, 0xff, 0xff, 0xff, 0xff,
    0xff, 0xff, 0xff, 0xff, 0xff, 0xff, 0xff, 0xff, 0xff, 0xff, 0xff, 0xff,
    0xff, 0xff, 0xff, 0xff, 0xff, 0xff, 0xff, 0xff, 0xff, 0xff, 0xff, 0xff,
    0xff, 0xff, 0xff, 0xff, 0xff, 0xff, 0xff, 0xff, 0xff, 0xff, 0xff, 0xff,
    0xff, 0xff, 0xff, 0xff, 0xff, 0xff, 0xff, 0xff, 0xff, 0xff, 0xff, 0xff,
    0x00, 0x00, 0x00, 0x00, 0x00, 0x00, 0x00, 0x00, 0xff, 0xff, 0xff, 0xff,
    0xff, 0xff, 0xff, 0xff, 0xff, 0xff, 0xff, 0xff, 0xff, 0xff, 0xff, 0xff,
    0x00, 0x00, 0x00, 0x00, 0x00, 0x00, 0x00, 0x00, 0xff, 0xff, 0xff, 0xff,
    0xff, 0xff, 0xff, 0xff, 0xff, 0xff, 0xff, 0xff, 0xff, 0xff, 0xff, 0xff,
    0xff, 0xff, 0xff, 0xff, 0xff, 0xff, 0xff, 0xff, 0xff, 0xff, 0xff, 0xff,
    0xff, 0xff, 0xff, 0xff, 0xff, 0xff, 0xff, 0xff, 0xff, 0xff, 0xff, 0xff,
    0xff, 0xff, 0xff, 0xff, 0xff, 0xff, 0xff, 0xff, 0xff, 0xff, 0xff, 0xff,
    0xff, 0xff, 0xff, 0xff, 0x00, 0x00, 0x00, 0x00, 0x00, 0x00, 0x00, 0x00,
    0xff, 0xff, 0xff, 0xff, 0xff, 0xff, 0xff, 0xff, 0xff, 0xff, 0xff, 0xff,
    0xff, 0xff, 0xff, 0xff, 0x00, 0x00, 0x00, 0x00, 0x00, 0x00, 0x00, 0x00,
    0xff, 0xff, 0xff, 0xff, 0xff, 0xff, 0xff, 0xff, 0xff, 0xff, 0xff, 0xff,
    0xff, 0xff, 0xff, 0xff, 0xff, 0xff, 0xff, 0xff, 0xff, 0xff, 0xff, 0xff,
    0xff, 0xff, 0xff, 0xff, 0xff, 0xff, 0xff, 0xff, 0xff, 0xff, 0xff, 0xff,
    0xff, 0xff, 0xff, 0xff, 0xff, 0xff, 0xff, 0xff, 0xff, 0xff, 0xff, 0xff,
    0xff, 0xff, 0xff, 0xff, 0xff, 0xff, 0xff, 0xff, 0x00, 0x00, 0x00, 0x00,
    0x00, 0x00, 0x00, 0x00, 0xff, 0xff, 0xff, 0xff, 0xff, 0xff, 0xff, 0xff,
    0xff, 0xff, 0xff, 0xff, 0xff, 0xff, 0xff, 0xff, 0x00, 0x00, 0x00, 0x00,
    0x00, 0x00, 0x00, 0x00, 0xff, 0xff, 0xff, 0xff, 0xff, 0xff, 0xff, 0xff,
    0x00, 0x00, 0x00, 0x00, 0x00, 0x00, 0x00, 0x00, 0x00, 0x00, 0x00, 0x00,
    0x00, 0x00, 0x00, 0x00, 0x00, 0x00, 0x00, 0x00, 0x00, 0x00, 0x00, 0x00,
    0x00, 0x00, 0x00, 0x00, 0x00, 0x00, 0x00, 0x00, 0x00, 0x00, 0x00, 0x00,
    0x00, 0x00, 0x00, 0x00, 0xff, 0xff, 0xff, 0xff, 0xff, 0xff, 0xff, 0xff,
    0x00, 0x00, 0x00, 0x00, 0x00, 0x00, 0x00, 0x00, 0xff, 0xff, 0xff, 0xff,
    0xff, 0xff, 0xff, 0xff, 0xff, 0xff, 0xff, 0xff, 0xff, 0xff, 0xff, 0xff,
    0x00, 0x00, 0x00, 0x00, 0x00, 0x00, 0x00, 0x00, 0xff, 0xff, 0xff, 0xff,
    0xff, 0xff, 0xff, 0xff, 0x00, 0x00, 0x00, 0x00, 0x00, 0x00, 0x00, 0x00,
    0x00, 0x00, 0x00, 0x00, 0x00, 0x00, 0x00, 0x00, 0x00, 0x00, 0x00, 0x00,
    0x00, 0x00, 0x00, 0x00, 0x00, 0x00, 0x00, 0x00, 0x00, 0x00, 0x00, 0x00,
    0x00, 0x00, 0x00, 0x00, 0x00, 0x00, 0x00, 0x00, 0xff, 0xff, 0xff, 0xff,
    0xff, 0xff, 0xff, 0xff, 0x00, 0x00, 0x00, 0x00, 0x00, 0x00, 0x00, 0x00,
    0xff, 0xff, 0xff, 0xff, 0xff, 0xff, 0xff, 0xff, 0xff, 0xff, 0xff, 0xff,
    0xff, 0xff, 0xff, 0xff, 0x00, 0x00, 0x00, 0x00, 0x00, 0x00, 0x00, 0x00,
    0xff, 0xff, 0xff, 0xff, 0xff, 0xff, 0xff, 0xff, 0x00, 0x00, 0x00, 0x00,
    0x00, 0x00, 0x00, 0x00, 0x00, 0x00, 0x00, 0x00, 0x00, 0x00, 0x00, 0x00,
    0x00, 0x00, 0x00, 0x00, 0x00, 0x00, 0x00, 0x00, 0x00, 0x00, 0x00, 0x00,
    0x00, 0x00, 0x00, 0x00, 0x00, 0x00, 0x00, 0x00, 0x00, 0x00, 0x00, 0x00,
    0xff, 0xff, 0xff, 0xff, 0xff, 0xff, 0xff, 0xff, 0x00, 0x00, 0x00, 0x00,
    0x00, 0x00, 0x00, 0x00, 0xff, 0xff, 0xff, 0xff, 0xff, 0xff, 0xff, 0xff,
    0xff, 0xff, 0xff, 0xff, 0xff, 0xff, 0xff, 0xff, 0x00, 0x00, 0x00, 0x00,
    0x00, 0x00, 0x00, 0x00, 0xff, 0xff, 0xff, 0xff, 0xff, 0xff, 0xff, 0xff,
    0x00, 0x00, 0x00, 0x00, 0x00, 0x00, 0x00, 0x00, 0x00, 0x00, 0x00, 0x00,
    0x00, 0x00, 0x00, 0x00, 0x00, 0x00, 0x00, 0x00, 0x00, 0x00, 0x00, 0x00,
    0x00, 0x00, 0x00, 0x00, 0x00, 0x00, 0x00, 0x00, 0x00, 0x00, 0x00, 0x00,
    0x00, 0x00, 0x00, 0x00, 0xff, 0xff, 0xff, 0xff, 0xff, 0xff, 0xff, 0xff,
    0x00, 0x00, 0x00, 0x00, 0x00, 0x00, 0x00, 0x00, 0xff, 0xff, 0xff, 0xff,
    0xff, 0xff, 0xff, 0xff, 0xff, 0xff, 0xff, 0xff, 0xff, 0xff, 0xff, 0xff,
    0x00, 0x00, 0x00, 0x00, 0x00, 0x00, 0x00, 0x00, 0xff, 0xff, 0xff, 0xff,
    0xff, 0xff, 0xff, 0xff, 0x00, 0x00, 0x00, 0x00, 0x00, 0x00, 0x00, 0x00,
    0x00, 0x00, 0x00, 0x00, 0x00, 0x00, 0x00, 0x00, 0x00, 0x00, 0x00, 0x00,
    0x00, 0x00, 0x00, 0x00, 0x00, 0x00, 0x00, 0x00, 0x00, 0x00, 0x00, 0x00,
    0x00, 0x00, 0x00, 0x00, 0x00, 0x00, 0x00, 0x00, 0xff, 0xff, 0xff, 0xff,
    0xff, 0xff, 0xff, 0xff, 0x00, 0x00, 0x00, 0x00, 0x00, 0x00, 0x00, 0x00,
    0xff, 0xff, 0xff, 0xff, 0xff, 0xff, 0xff, 0xff, 0xff, 0xff, 0xff, 0xff,
    0xff, 0xff, 0xff, 0xff, 0x00, 0x00, 0x00, 0x00, 0x00, 0x00, 0x00, 0x00,
    0xff, 0xff, 0xff, 0xff, 0xff, 0xff, 0xff, 0xff, 0x00, 0x00, 0x00, 0x00,
    0x00, 0x00, 0x00, 0x00, 0x00, 0x00, 0x00, 0x00, 0x00, 0x00, 0x00, 0x00,
    0x00, 0x00, 0x00, 0x00, 0x00, 0x00, 0x00, 0x00, 0x00, 0x00, 0x00, 0x00,
    0x00, 0x00, 0x00, 0x00, 0x00, 0x00, 0x00, 0x00, 0x00, 0x00, 0x00, 0x00,
    0xff, 0xff, 0xff, 0xff, 0xff, 0xff, 0xff, 0xff, 0x00, 0x00, 0x00, 0x00,
    0x00, 0x00, 0x00, 0x00, 0xff, 0xff, 0xff, 0xff, 0xff, 0xff, 0xff, 0xff,
    0xff, 0xff, 0xff, 0xff, 0xff, 0xff, 0xff, 0xff, 0x00, 0x00, 0x00, 0x00,
    0x00, 0x00, 0x00, 0x00, 0xff, 0xff, 0xff, 0xff, 0xff, 0xff, 0xff, 0xff,
    0x00, 0x00, 0x00, 0x00, 0x00, 0x00, 0x00, 0x00, 0x00, 0x00, 0x00, 0x00,
    0x00, 0x00, 0x00, 0x00, 0x00, 0x00, 0x00, 0x00, 0x00, 0x00, 0x00, 0x00,
    0x00, 0x00, 0x00, 0x00, 0x00, 0x00, 0x00, 0x00, 0x00, 0x00, 0x00, 0x00,
    0x00, 0x00, 0x00, 0x00, 0xff, 0xff, 0xff, 0xff, 0xff, 0xff, 0xff, 0xff,
    0x00, 0x00, 0x00, 0x00, 0x00, 0x00, 0x00, 0x00, 0xff, 0xff, 0xff, 0xff,
    0xff, 0xff, 0xff, 0xff, 0xff, 0xff, 0xff, 0xff, 0xff, 0xff, 0xff, 0xff,
    0x00, 0x00, 0x00, 0x00, 0x00, 0x00, 0x00, 0x00, 0xff, 0xff, 0xff, 0xff,
    0xff, 0xff, 0xff, 0xff, 0x00, 0x00, 0x00, 0x00, 0x00, 0x00, 0x00, 0x00,
    0x00, 0x00, 0x00, 0x00, 0x00, 0x00, 0x00, 0x00, 0x00, 0x00, 0x00, 0x00,
    0x00, 0x00, 0x00, 0x00, 0x00, 0x00, 0x00, 0x00, 0x00, 0x00, 0x00, 0x00,
    0x00, 0x00, 0x00, 0x00, 0x00, 0x00, 0x00, 0x00, 0xff, 0xff, 0xff, 0xff,
    0xff, 0xff, 0xff, 0xff, 0x00, 0x00, 0x00, 0x00, 0x00, 0x00, 0x00, 0x00,
    0xff, 0xff, 0xff, 0xff, 0xff, 0xff, 0xff, 0xff, 0x00, 0x00, 0x00, 0x00,
    0x00, 0x00, 0x00, 0x00, 0x00, 0x00, 0x00, 0x00, 0x00, 0x00, 0x00, 0x00,
    0x00, 0x00, 0x00, 0x00, 0x00, 0x00, 0x00, 0x00, 0xff, 0xff, 0xff, 0xff,
    0xff, 0xff, 0xff, 0xff, 0xff, 0xff, 0xff, 0xff, 0xff, 0xff, 0xff, 0xff,
    0x00, 0x00, 0x00, 0x00, 0x00, 0x00, 0x00, 0x00, 0xff, 0xff, 0xff, 0xff,
    0xff, 0xff, 0xff, 0xff, 0xff, 0xff, 0xff, 0xff, 0xff, 0xff, 0xff, 0xff,
    0x00, 0x00, 0x00, 0x00, 0x00, 0x00, 0x00, 0x00, 0x00, 0x00, 0x00, 0x00,
    0x00, 0x00, 0x00, 0x00, 0x00, 0x00, 0x00, 0x00, 0x00, 0x00, 0x00, 0x00,
    0x00, 0x00, 0x00, 0x00, 0x00, 0x00, 0x00, 0x00, 0x00, 0x00, 0x00, 0x00,
    0x00, 0x00, 0x00, 0x00, 0x00, 0x00, 0x00, 0x00, 0x00, 0x00, 0x00, 0x00,
    0xff, 0xff, 0xff, 0xff, 0xff, 0xff, 0xff, 0xff, 0xff, 0xff, 0xff, 0xff,
    0xff, 0xff, 0xff, 0xff, 0x00, 0x00, 0x00, 0x00, 0x00, 0x00, 0x00, 0x00,
    0xff, 0xff, 0xff, 0xff, 0xff, 0xff, 0xff, 0xff, 0xff, 0xff, 0xff, 0xff,
    0xff, 0xff, 0xff, 0xff, 0x00, 0x00, 0x00, 0x00, 0x00, 0x00, 0x00, 0x00,
    0x00, 0x00, 0x00, 0x00, 0x00, 0x00, 0x00, 0x00, 0x00, 0x00, 0x00, 0x00,
    0x00, 0x00, 0x00, 0x00, 0x00, 0x00, 0x00, 0x00, 0x00, 0x00, 0x00, 0x00,
    0x00, 0x00, 0x00, 0x00, 0x00, 0x00, 0x00, 0x00, 0x00, 0x00, 0x00, 0x00,
    0x00, 0x00, 0x00, 0x00, 0xff, 0xff, 0xff, 0xff, 0xff, 0xff, 0xff, 0xff,
    0xff, 0xff, 0xff, 0xff, 0xff, 0xff, 0xff, 0xff, 0x00, 0x00, 0x00, 0x00,
    0x00, 0x00, 0x00, 0x00, 0xff, 0xff, 0xff, 0xff, 0xff, 0xff, 0xff, 0xff,
    0xff, 0xff, 0xff, 0xff, 0xff, 0xff, 0xff, 0xff, 0x00, 0x00, 0x00, 0x00,
    0x00, 0x00, 0x00, 0x00, 0x00, 0x00, 0x00, 0x00, 0x00, 0x00, 0x00, 0x00,
    0x00, 0x00, 0x00, 0x00, 0x00, 0x00, 0x00, 0x00, 0x00, 0x00, 0x00, 0x00,
    0x00, 0x00, 0x00, 0x00, 0x00, 0x00, 0x00, 0x00, 0x00, 0x00, 0x00, 0x00,
    0x00, 0x00, 0x00, 0x00, 0x00, 0x00, 0x00, 0x00, 0xff, 0xff, 0xff, 0xff,
    0xff, 0xff, 0xff, 0xff, 0xff, 0xff, 0xff, 0xff, 0xff, 0xff, 0xff, 0xff,
    0x00, 0x00, 0x00, 0x00, 0x00, 0x00, 0x00, 0x00, 0xff, 0xff, 0xff, 0xff,
    0xff, 0xff, 0xff, 0xff, 0xff, 0xff, 0xff, 0xff, 0xff, 0xff, 0xff, 0xff,
    0x00, 0x00, 0x00, 0x00, 0x00, 0x00, 0x00, 0x00, 0x00, 0x00, 0x00, 0x00,
    0x00, 0x00, 0x00, 0x00, 0x00, 0x00, 0x00, 0x00, 0x00, 0x00, 0x00, 0x00,
    0x00, 0x00, 0x00, 0x00, 0x00, 0x00, 0x00, 0x00, 0x00, 0x00, 0x00, 0x00,
    0x00, 0x00, 0x00, 0x00, 0x00, 0x00, 0x00, 0x00, 0x00, 0x00, 0x00, 0x00,
    0xff, 0xff, 0xff, 0xff, 0xff, 0xff, 0xff, 0xff, 0xff, 0xff, 0xff, 0xff,
    0xff, 0xff, 0xff, 0xff, 0x00, 0x00, 0x00, 0x00, 0x00, 0x00, 0x00, 0x00,
    0xff, 0xff, 0xff, 0xff, 0xff, 0xff, 0xff, 0xff, 0xff, 0xff, 0xff, 0xff,
    0xff, 0xff, 0xff, 0xff, 0x00, 0x00, 0x00, 0x00, 0x00, 0x00, 0x00, 0x00,
    0x00, 0x00, 0x00, 0x00, 0x00, 0x00, 0x00, 0x00, 0x00, 0x00, 0x00, 0x00,
    0x00, 0x00, 0x00, 0x00, 0x00, 0x00, 0x00, 0x00, 0x00, 0x00, 0x00, 0x00,
    0x00, 0x00, 0x00, 0x00, 0x00, 0x00, 0x00, 0x00, 0x00, 0x00, 0x00, 0x00,
    0x00, 0x00, 0x00, 0x00, 0xff, 0xff, 0xff, 0xff, 0xff, 0xff, 0xff, 0xff,
    0xff, 0xff, 0xff, 0xff, 0xff, 0xff, 0xff, 0xff, 0x00, 0x00, 0x00, 0x00,
    0x00, 0x00, 0x00, 0x00, 0xff, 0xff, 0xff, 0xff, 0xff, 0xff, 0xff, 0xff,
    0xff, 0xff, 0xff, 0xff, 0xff, 0xff, 0xff, 0xff, 0x00, 0x00, 0x00, 0x00,
    0x00, 0x00, 0x00, 0x00, 0x00, 0x00, 0x00, 0x00, 0x00, 0x00, 0x00, 0x00,
    0x00, 0x00, 0x00, 0x00, 0x00, 0x00, 0x00, 0x00, 0x00, 0x00, 0x00, 0x00,
    0x00, 0x00, 0x00, 0x00, 0x00, 0x00, 0x00, 0x00, 0x00, 0x00, 0x00, 0x00,
    0x00, 0x00, 0x00, 0x00, 0x00, 0x00, 0x00, 0x00, 0xff, 0xff, 0xff, 0xff,
    0xff, 0xff, 0xff, 0xff, 0xff, 0xff, 0xff, 0xff, 0xff, 0xff, 0xff, 0xff,
    0x00, 0x00, 0x00, 0x00, 0x00, 0x00, 0x00, 0x00, 0xff, 0xff, 0xff, 0xff,
    0xff, 0xff, 0xff, 0xff, 0xff, 0xff, 0xff, 0xff, 0xff, 0xff, 0xff, 0xff,
    0x00, 0x00, 0x00, 0x00, 0x00, 0x00, 0x00, 0x00, 0x00, 0x00, 0x00, 0x00,
    0x00, 0x00, 0x00, 0x00, 0x00, 0x00, 0x00, 0x00, 0x00, 0x00, 0x00, 0x00,
    0x00, 0x00, 0x00, 0x00, 0x00, 0x00, 0x00, 0x00, 0x00, 0x00, 0x00, 0x00,
    0x00, 0x00, 0x00, 0x00, 0x00, 0x00, 0x00, 0x00, 0x00, 0x00, 0x00, 0x00,
    0xff, 0xff, 0xff, 0xff, 0xff, 0xff, 0xff, 0xff, 0xff, 0xff, 0xff, 0xff,
    0xff, 0xff, 0xff, 0xff, 0x00, 0x00, 0x00, 0x00, 0x00, 0x00, 0x00, 0x00,
    0xff, 0xff, 0xff, 0xff, 0xff, 0xff, 0xff, 0xff, 0xff, 0xff, 0xff, 0xff,
    0xff, 0xff, 0xff, 0xff, 0x00, 0x00, 0x00, 0x00, 0x00, 0x00, 0x00, 0x00,
    0x00, 0x00, 0x00, 0x00, 0x00, 0x00, 0x00, 0x00, 0x00, 0x00, 0x00, 0x00,
    0x00, 0x00, 0x00, 0x00
};
