// 4.26.1 0x3f384154 D2 R0 FRGB565 U565 N0 SExtFlashSection
// Generated by imageconverter. Please, do not edit!

#include <touchgfx/hal/Config.hpp>

LOCATION_PRAGMA("ExtFlashSection")
KEEP extern const unsigned char image_background[] LOCATION_ATTRIBUTE("ExtFlashSection") = { // 240x320 RGB565 pixels.
    0x68, 0x39, 0x68, 0x39, 0x88, 0x39, 0x68, 0x39, 0x68, 0x39, 0x88, 0x39,
    0x68, 0x39, 0x68, 0x39, 0x88, 0x39, 0x68, 0x39, 0x68, 0x39, 0x88, 0x39,
    0x68, 0x39, 0x68, 0x39, 0x88, 0x39, 0x68, 0x39, 0x68, 0x39, 0x88, 0x39,
    0x68, 0x39, 0x68, 0x39, 0x88, 0x39, 0x68, 0x39, 0x68, 0x39, 0x88, 0x39,
    0x68, 0x39, 0x68, 0x39, 0x88, 0x39, 0x68, 0x39, 0x68, 0x39, 0x88, 0x39,
    0x68, 0x39, 0x68, 0x39, 0x88, 0x39, 0x68, 0x39, 0x68, 0x39, 0x88, 0x39,
    0x68, 0x39, 0x68, 0x39, 0x88, 0x39, 0x68, 0x39, 0x68, 0x39, 0x88, 0x39,
    0x68, 0x39, 0x68, 0x39, 0x88, 0x39, 0x68, 0x39, 0x68, 0x39, 0x88, 0x39,
    0x68, 0x39, 0x68, 0x39, 0x88, 0x39, 0x68, 0x39, 0x68, 0x39, 0x88, 0x39,
    0x68, 0x39, 0x68, 0x39, 0x88, 0x39, 0x68, 0x39, 0x68, 0x39, 0x88, 0x39,
    0x68, 0x39, 0x68, 0x39, 0x88, 0x39, 0x68, 0x39, 0x68, 0x39, 0x88, 0x39,
    0x68, 0x39, 0x68, 0x39, 0x88, 0x39, 0x68, 0x39, 0x68, 0x39, 0x88, 0x39,
    0x68, 0x39, 0x68, 0x39, 0x88, 0x39, 0x68, 0x39, 0x68, 0x39, 0x88, 0x39,
    0x68, 0x39, 0x68, 0x39, 0x88, 0x39, 0x68, 0x39, 0x68, 0x39, 0x88, 0x39,
    0x68, 0x39, 0x68, 0x39, 0x88, 0x39, 0x68, 0x39, 0x68, 0x39, 0x88, 0x39,
    0x68, 0x39, 0x68, 0x39, 0x88, 0x39, 0x68, 0x39, 0x68, 0x39, 0x88, 0x39,
    0x68, 0x39, 0x68, 0x39, 0x88, 0x39, 0x68, 0x39, 0x68, 0x39, 0x88, 0x39,
    0x68, 0x39, 0x68, 0x39, 0x88, 0x39, 0x68, 0x39, 0x68, 0x39, 0x88, 0x39,
    0x68, 0x39, 0x68, 0x39, 0x88, 0x39, 0x68, 0x39, 0x68, 0x39, 0x88, 0x39,
    0x68, 0x39, 0x68, 0x39, 0x88, 0x39, 0x68, 0x39, 0x68, 0x39, 0x88, 0x39,
    0x68, 0x39, 0x68, 0x39, 0x88, 0x39, 0x68, 0x39, 0x68, 0x39, 0x88, 0x39,
    0x68, 0x39, 0x68, 0x39, 0x88, 0x39, 0x68, 0x39, 0x68, 0x39, 0x88, 0x39,
    0x68, 0x39, 0x68, 0x39, 0x88, 0x39, 0x68, 0x39, 0x68, 0x39, 0x88, 0x39,
    0x68, 0x39, 0x68, 0x39, 0x88, 0x39, 0x68, 0x39, 0x68, 0x39, 0x88, 0x39,
    0x68, 0x39, 0x68, 0x39, 0x88, 0x39, 0x68, 0x39, 0x68, 0x39, 0x88, 0x39,
    0x68, 0x39, 0x68, 0x39, 0x88, 0x39, 0x68, 0x39, 0x68, 0x39, 0x88, 0x39,
    0x68, 0x39, 0x68, 0x39, 0x88, 0x39, 0x68, 0x39, 0x68, 0x39, 0x88, 0x39,
    0x68, 0x39, 0x68, 0x39, 0x88, 0x39, 0x68, 0x39, 0x68, 0x39, 0x88, 0x39,
    0x68, 0x39, 0x68, 0x39, 0x88, 0x39, 0x68, 0x39, 0x68, 0x39, 0x88, 0x39,
    0x68, 0x39, 0x68, 0x39, 0x88, 0x39, 0x68, 0x39, 0x68, 0x39, 0x88, 0x39,
    0x68, 0x39, 0x68, 0x39, 0x88, 0x39, 0x68, 0x39, 0x68, 0x39, 0x88, 0x39,
    0x68, 0x39, 0x68, 0x39, 0x88, 0x39, 0x68, 0x39, 0x68, 0x39, 0x88, 0x39,
    0x68, 0x39, 0x68, 0x39, 0x88, 0x39, 0x68, 0x39, 0x68, 0x39, 0x88, 0x39,
    0x68, 0x39, 0x68, 0x39, 0x88, 0x39, 0x68, 0x39, 0x68, 0x39, 0x88, 0x39,
    0x68, 0x39, 0x68, 0x39, 0x88, 0x39, 0x68, 0x39, 0x68, 0x39, 0x88, 0x39,
    0x68, 0x39, 0x68, 0x39, 0x88, 0x39, 0x68, 0x39, 0x68, 0x39, 0x88, 0x39,
    0x68, 0x39, 0x68, 0x39, 0x88, 0x39, 0x68, 0x39, 0x68, 0x39, 0x88, 0x39,
    0x68, 0x39, 0x68, 0x39, 0x88, 0x39, 0x68, 0x39, 0x68, 0x39, 0x88, 0x39,
    0x68, 0x39, 0x68, 0x39, 0x88, 0x39, 0x68, 0x39, 0x68, 0x39, 0x88, 0x39,
    0x68, 0x39, 0x68, 0x39, 0x88, 0x39, 0x68, 0x39, 0x68, 0x39, 0x88, 0x39,
    0x68, 0x39, 0x88, 0x39, 0x88, 0x39, 0x68, 0x39, 0x88, 0x39, 0x68, 0x39,
    0x88, 0x39, 0x68, 0x39, 0x88, 0x39, 0x68, 0x39, 0x88, 0x39, 0x88, 0x39,
    0x68, 0x39, 0x88, 0x39, 0x68, 0x39, 0x88, 0x39, 0x68, 0x39, 0x88, 0x39,
    0x68, 0x39, 0x88, 0x39, 0x88, 0x39, 0x68, 0x39, 0x88, 0x39, 0x68, 0x39,
    0x88, 0x39, 0x68, 0x39, 0x88, 0x39, 0x68, 0x39, 0x88, 0x39, 0x88, 0x39,
    0x68, 0x39, 0x88, 0x39, 0x68, 0x39, 0x88, 0x39, 0x68, 0x39, 0x88, 0x39,
    0x68, 0x39, 0x88, 0x39, 0x88, 0x39, 0x68, 0x39, 0x88, 0x39, 0x68, 0x39,
    0x88, 0x39, 0x68, 0x39, 0x88, 0x39, 0x68, 0x39, 0x88, 0x39, 0x88, 0x39,
    0x68, 0x39, 0x88, 0x39, 0x68, 0x39, 0x88, 0x39, 0x68, 0x39, 0x88, 0x39,
    0x68, 0x39, 0x88, 0x39, 0x88, 0x39, 0x68, 0x39, 0x88, 0x39, 0x68, 0x39,
    0x88, 0x39, 0x68, 0x39, 0x88, 0x39, 0x68, 0x39, 0x88, 0x39, 0x88, 0x39,
    0x68, 0x39, 0x88, 0x39, 0x68, 0x39, 0x88, 0x39, 0x68, 0x39, 0x88, 0x39,
    0x68, 0x39, 0x88, 0x39, 0x88, 0x39, 0x68, 0x39, 0x88, 0x39, 0x68, 0x39,
    0x88, 0x39, 0x68, 0x39, 0x88, 0x39, 0x68, 0x39, 0x88, 0x39, 0x88, 0x39,
    0x68, 0x39, 0x88, 0x39, 0x68, 0x39, 0x88, 0x39, 0x68, 0x39, 0x88, 0x39,
    0x68, 0x39, 0x88, 0x39, 0x88, 0x39, 0x68, 0x39, 0x88, 0x39, 0x68, 0x39,
    0x88, 0x39, 0x68, 0x39, 0x88, 0x39, 0x68, 0x39, 0x88, 0x39, 0x88, 0x39,
    0x68, 0x39, 0x88, 0x39, 0x68, 0x39, 0x88, 0x39, 0x68, 0x39, 0x88, 0x39,
    0x68, 0x39, 0x88, 0x39, 0x88, 0x39, 0x68, 0x39, 0x88, 0x39, 0x68, 0x39,
    0x88, 0x39, 0x68, 0x39, 0x88, 0x39, 0x68, 0x39, 0x88, 0x39, 0x88, 0x39,
    0x68, 0x39, 0x88, 0x39, 0x68, 0x39, 0x88, 0x39, 0x68, 0x39, 0x88, 0x39,
    0x68, 0x39, 0x88, 0x39, 0x88, 0x39, 0x68, 0x39, 0x88, 0x39, 0x68, 0x39,
    0x88, 0x39, 0x68, 0x39, 0x88, 0x39, 0x68, 0x39, 0x88, 0x39, 0x88, 0x39,
    0x68, 0x39, 0x88, 0x39, 0x68, 0x39, 0x88, 0x39, 0x68, 0x39, 0x88, 0x39,
    0x68, 0x39, 0x88, 0x39, 0x88, 0x39, 0x68, 0x39, 0x88, 0x39, 0x68, 0x39,
    0x88, 0x39, 0x68, 0x39, 0x88, 0x39, 0x68, 0x39, 0x88, 0x39, 0x88, 0x39,
    0x68, 0x39, 0x88, 0x39, 0x68, 0x39, 0x88, 0x39, 0x68, 0x39, 0x88, 0x39,
    0x68, 0x39, 0x88, 0x39, 0x88, 0x39, 0x68, 0x39, 0x88, 0x39, 0x68, 0x39,
    0x88, 0x39, 0x68, 0x39, 0x88, 0x39, 0x68, 0x39, 0x88, 0x39, 0x88, 0x39,
    0x68, 0x39, 0x88, 0x39, 0x68, 0x39, 0x88, 0x39, 0x68, 0x39, 0x88, 0x39,
    0x68, 0x39, 0x88, 0x39, 0x88, 0x39, 0x68, 0x39, 0x88, 0x39, 0x68, 0x39,
    0x88, 0x39, 0x68, 0x39, 0x88, 0x39, 0x68, 0x39, 0x88, 0x39, 0x88, 0x39,
    0x68, 0x39, 0x88, 0x39, 0x68, 0x39, 0x88, 0x39, 0x68, 0x39, 0x88, 0x39,
    0x68, 0x39, 0x88, 0x39, 0x88, 0x39, 0x68, 0x39, 0x88, 0x39, 0x68, 0x39,
    0x88, 0x39, 0x68, 0x39, 0x88, 0x39, 0x68, 0x39, 0x88, 0x39, 0x88, 0x39,
    0x68, 0x39, 0x88, 0x39, 0x68, 0x39, 0x88, 0x39, 0x68, 0x39, 0x88, 0x39,
    0x68, 0x39, 0x88, 0x39, 0x88, 0x39, 0x68, 0x39, 0x88, 0x39, 0x68, 0x39,
    0x88, 0x39, 0x68, 0x39, 0x88, 0x39, 0x68, 0x39, 0x88, 0x39, 0x88, 0x39,
    0x68, 0x39, 0x88, 0x39, 0x68, 0x39, 0x88, 0x39, 0x68, 0x39, 0x88, 0x39,
    0x68, 0x39, 0x88, 0x39, 0x88, 0x39, 0x68, 0x39, 0x68, 0x39, 0x88, 0x39,
    0x68, 0x39, 0x88, 0x41, 0x68, 0x39, 0x88, 0x41, 0x68, 0x41, 0x88, 0x39,
    0x68, 0x41, 0x88, 0x41, 0x68, 0x39, 0x88, 0x41, 0x68, 0x41, 0x68, 0x39,
    0x88, 0x41, 0x68, 0x41, 0x88, 0x39, 0x68, 0x41, 0x88, 0x41, 0x68, 0x39,
    0x88, 0x41, 0x68, 0x41, 0x68, 0x39, 0x88, 0x41, 0x68, 0x41, 0x88, 0x39,
    0x68, 0x41, 0x88, 0x41, 0x68, 0x39, 0x88, 0x41, 0x68, 0x41, 0x68, 0x39,
    0x88, 0x41, 0x68, 0x41, 0x88, 0x39, 0x68, 0x41, 0x88, 0x41, 0x68, 0x39,
    0x88, 0x41, 0x68, 0x41, 0x68, 0x39, 0x88, 0x41, 0x68, 0x41, 0x88, 0x39,
    0x68, 0x41, 0x88, 0x41, 0x68, 0x39, 0x88, 0x41, 0x68, 0x41, 0x68, 0x39,
    0x88, 0x41, 0x68, 0x41, 0x88, 0x39, 0x68, 0x41, 0x88, 0x41, 0x68, 0x39,
    0x88, 0x41, 0x68, 0x41, 0x68, 0x39, 0x88, 0x41, 0x68, 0x41, 0x88, 0x39,
    0x68, 0x41, 0x88, 0x41, 0x68, 0x39, 0x88, 0x41, 0x68, 0x41, 0x68, 0x39,
    0x88, 0x41, 0x68, 0x41, 0x88, 0x39, 0x68, 0x41, 0x88, 0x41, 0x68, 0x39,
    0x88, 0x41, 0x68, 0x41, 0x68, 0x39, 0x88, 0x41, 0x68, 0x41, 0x88, 0x39,
    0x68, 0x41, 0x88, 0x41, 0x68, 0x39, 0x88, 0x41, 0x68, 0x41, 0x68, 0x39,
    0x88, 0x41, 0x68, 0x41, 0x88, 0x39, 0x68, 0x41, 0x88, 0x41, 0x68, 0x39,
    0x88, 0x41, 0x68, 0x41, 0x68, 0x39, 0x88, 0x41, 0x68, 0x41, 0x88, 0x39,
    0x68, 0x41, 0x88, 0x41, 0x68, 0x39, 0x88, 0x41, 0x68, 0x41, 0x68, 0x39,
    0x88, 0x41, 0x68, 0x41, 0x88, 0x39, 0x68, 0x41, 0x88, 0x41, 0x68, 0x39,
    0x88, 0x41, 0x68, 0x41, 0x68, 0x39, 0x88, 0x41, 0x68, 0x41, 0x88, 0x39,
    0x68, 0x41, 0x88, 0x41, 0x68, 0x39, 0x88, 0x41, 0x68, 0x41, 0x68, 0x39,
    0x88, 0x41, 0x68, 0x41, 0x88, 0x39, 0x68, 0x41, 0x88, 0x41, 0x68, 0x39,
    0x88, 0x41, 0x68, 0x41, 0x68, 0x39, 0x88, 0x41, 0x68, 0x41, 0x88, 0x39,
    0x68, 0x41, 0x88, 0x41, 0x68, 0x39, 0x88, 0x41, 0x68, 0x41, 0x68, 0x39,
    0x88, 0x41, 0x68, 0x41, 0x88, 0x39, 0x68, 0x41, 0x88, 0x41, 0x68, 0x39,
    0x88, 0x41, 0x68, 0x41, 0x68, 0x39, 0x88, 0x41, 0x68, 0x41, 0x88, 0x39,
    0x68, 0x41, 0x88, 0x41, 0x68, 0x39, 0x88, 0x41, 0x68, 0x41, 0x68, 0x39,
    0x88, 0x41, 0x68, 0x41, 0x88, 0x39, 0x68, 0x41, 0x88, 0x41, 0x68, 0x39,
    0x88, 0x41, 0x68, 0x41, 0x68, 0x39, 0x88, 0x41, 0x68, 0x41, 0x88, 0x39,
    0x68, 0x41, 0x88, 0x41, 0x68, 0x39, 0x88, 0x41, 0x68, 0x41, 0x68, 0x39,
    0x88, 0x41, 0x68, 0x41, 0x88, 0x39, 0x68, 0x41, 0x88, 0x41, 0x68, 0x39,
    0x88, 0x41, 0x68, 0x41, 0x68, 0x39, 0x88, 0x41, 0x68, 0x41, 0x88, 0x39,
    0x68, 0x41, 0x88, 0x41, 0x68, 0x39, 0x88, 0x41, 0x68, 0x41, 0x68, 0x39,
    0x88, 0x41, 0x68, 0x41, 0x88, 0x39, 0x68, 0x41, 0x88, 0x41, 0x68, 0x39,
    0x88, 0x41, 0x68, 0x41, 0x68, 0x39, 0x88, 0x41, 0x68, 0x41, 0x88, 0x39,
    0x68, 0x41, 0x88, 0x41, 0x68, 0x39, 0x88, 0x41, 0x68, 0x41, 0x68, 0x39,
    0x88, 0x41, 0x68, 0x41, 0x88, 0x39, 0x68, 0x41, 0x88, 0x41, 0x68, 0x39,
    0x88, 0x41, 0x68, 0x41, 0x68, 0x39, 0x88, 0x41, 0x68, 0x41, 0x88, 0x39,
    0x68, 0x41, 0x88, 0x41, 0x68, 0x39, 0x88, 0x41, 0x68, 0x41, 0x68, 0x39,
    0x88, 0x41, 0x68, 0x41, 0x88, 0x39, 0x68, 0x41, 0x88, 0x41, 0x68, 0x39,
    0x88, 0x41, 0x68, 0x41, 0x88, 0x39, 0x88, 0x41, 0x68, 0x39, 0x68, 0x39,
    0x88, 0x39, 0x68, 0x39, 0x68, 0x39, 0x87, 0x39, 0x88, 0x39, 0x68, 0x39,
    0x87, 0x39, 0x68, 0x39, 0x88, 0x39, 0x87, 0x39, 0x68, 0x39, 0x88, 0x39,
    0x67, 0x39, 0x88, 0x39, 0x68, 0x39, 0x87, 0x39, 0x68, 0x39, 0x88, 0x39,
    0x87, 0x39, 0x68, 0x39, 0x88, 0x39, 0x67, 0x39, 0x88, 0x39, 0x68, 0x39,
    0x87, 0x39, 0x68, 0x39, 0x88, 0x39, 0x87, 0x39, 0x68, 0x39, 0x88, 0x39,
    0x67, 0x39, 0x88, 0x39, 0x68, 0x39, 0x87, 0x39, 0x68, 0x39, 0x88, 0x39,
    0x87, 0x39, 0x68, 0x39, 0x88, 0x39, 0x67, 0x39, 0x88, 0x39, 0x68, 0x39,
    0x87, 0x39, 0x68, 0x39, 0x88, 0x39, 0x87, 0x39, 0x68, 0x39, 0x88, 0x39,
    0x67, 0x39, 0x88, 0x39, 0x68, 0x39, 0x87, 0x39, 0x68, 0x39, 0x88, 0x39,
    0x87, 0x39, 0x68, 0x39, 0x88, 0x39, 0x67, 0x39, 0x88, 0x39, 0x68, 0x39,
    0x87, 0x39, 0x68, 0x39, 0x88, 0x39, 0x87, 0x39, 0x68, 0x39, 0x88, 0x39,
    0x67, 0x39, 0x88, 0x39, 0x68, 0x39, 0x87, 0x39, 0x68, 0x39, 0x88, 0x39,
    0x87, 0x39, 0x68, 0x39, 0x88, 0x39, 0x67, 0x39, 0x88, 0x39, 0x68, 0x39,
    0x87, 0x39, 0x68, 0x39, 0x88, 0x39, 0x87, 0x39, 0x68, 0x39, 0x88, 0x39,
    0x67, 0x39, 0x88, 0x39, 0x68, 0x39, 0x87, 0x39, 0x68, 0x39, 0x88, 0x39,
    0x87, 0x39, 0x68, 0x39, 0x88, 0x39, 0x67, 0x39, 0x88, 0x39, 0x68, 0x39,
    0x87, 0x39, 0x68, 0x39, 0x88, 0x39, 0x87, 0x39, 0x68, 0x39, 0x88, 0x39,
    0x67, 0x39, 0x88, 0x39, 0x68, 0x39, 0x87, 0x39, 0x68, 0x39, 0x88, 0x39,
    0x87, 0x39, 0x68, 0x39, 0x88, 0x39, 0x67, 0x39, 0x88, 0x39, 0x68, 0x39,
    0x87, 0x39, 0x68, 0x39, 0x88, 0x39, 0x87, 0x39, 0x68, 0x39, 0x88, 0x39,
    0x67, 0x39, 0x88, 0x39, 0x68, 0x39, 0x87, 0x39, 0x68, 0x39, 0x88, 0x39,
    0x87, 0x39, 0x68, 0x39, 0x88, 0x39, 0x67, 0x39, 0x88, 0x39, 0x68, 0x39,
    0x87, 0x39, 0x68, 0x39, 0x88, 0x39, 0x87, 0x39, 0x68, 0x39, 0x88, 0x39,
    0x67, 0x39, 0x88, 0x39, 0x68, 0x39, 0x87, 0x39, 0x68, 0x39, 0x88, 0x39,
    0x87, 0x39, 0x68, 0x39, 0x88, 0x39, 0x67, 0x39, 0x88, 0x39, 0x68, 0x39,
    0x87, 0x39, 0x68, 0x39, 0x88, 0x39, 0x87, 0x39, 0x68, 0x39, 0x88, 0x39,
    0x67, 0x39, 0x88, 0x39, 0x68, 0x39, 0x87, 0x39, 0x68, 0x39, 0x88, 0x39,
    0x87, 0x39, 0x68, 0x39, 0x88, 0x39, 0x67, 0x39, 0x88, 0x39, 0x68, 0x39,
    0x87, 0x39, 0x68, 0x39, 0x88, 0x39, 0x87, 0x39, 0x68, 0x39, 0x88, 0x39,
    0x67, 0x39, 0x88, 0x39, 0x68, 0x39, 0x87, 0x39, 0x68, 0x39, 0x88, 0x39,
    0x87, 0x39, 0x68, 0x39, 0x88, 0x39, 0x67, 0x39, 0x88, 0x39, 0x68, 0x39,
    0x87, 0x39, 0x68, 0x39, 0x88, 0x39, 0x87, 0x39, 0x68, 0x39, 0x88, 0x39,
    0x67, 0x39, 0x88, 0x39, 0x68, 0x39, 0x87, 0x39, 0x68, 0x39, 0x88, 0x39,
    0x87, 0x39, 0x68, 0x39, 0x88, 0x39, 0x67, 0x39, 0x88, 0x39, 0x68, 0x39,
    0x87, 0x39, 0x68, 0x39, 0x88, 0x39, 0x87, 0x39, 0x68, 0x39, 0x88, 0x39,
    0x67, 0x39, 0x88, 0x39, 0x68, 0x39, 0x87, 0x39, 0x68, 0x39, 0x88, 0x39,
    0x87, 0x39, 0x68, 0x39, 0x88, 0x39, 0x67, 0x39, 0x88, 0x39, 0x68, 0x39,
    0x87, 0x39, 0x68, 0x39, 0x88, 0x39, 0x87, 0x39, 0x68, 0x39, 0x88, 0x39,
    0x67, 0x39, 0x88, 0x39, 0x68, 0x39, 0x87, 0x39, 0x68, 0x39, 0x88, 0x39,
    0x67, 0x39, 0x68, 0x39, 0x68, 0x39, 0x87, 0x41, 0x88, 0x39, 0x68, 0x39,
    0x68, 0x39, 0x88, 0x39, 0x68, 0x41, 0x68, 0x39, 0x88, 0x39, 0x68, 0x41,
    0x68, 0x39, 0x88, 0x39, 0x68, 0x41, 0x68, 0x39, 0x88, 0x39, 0x88, 0x41,
    0x68, 0x39, 0x88, 0x39, 0x88, 0x41, 0x68, 0x39, 0x68, 0x39, 0x88, 0x41,
    0x68, 0x39, 0x88, 0x39, 0x68, 0x41, 0x88, 0x39, 0x68, 0x39, 0x88, 0x41,
    0x68, 0x39, 0x88, 0x39, 0x68, 0x41, 0x68, 0x39, 0x88, 0x39, 0x88, 0x41,
    0x68, 0x39, 0x88, 0x39, 0x88, 0x41, 0x68, 0x39, 0x68, 0x39, 0x88, 0x41,
    0x68, 0x39, 0x88, 0x39, 0x68, 0x41, 0x88, 0x39, 0x68, 0x39, 0x88, 0x41,
    0x68, 0x39, 0x88, 0x39, 0x68, 0x41, 0x68, 0x39, 0x88, 0x39, 0x88, 0x41,
    0x68, 0x39, 0x88, 0x39, 0x88, 0x41, 0x68, 0x39, 0x68, 0x39, 0x88, 0x41,
    0x68, 0x39, 0x88, 0x39, 0x68, 0x41, 0x88, 0x39, 0x68, 0x39, 0x88, 0x41,
    0x68, 0x39, 0x88, 0x39, 0x68, 0x41, 0x68, 0x39, 0x88, 0x39, 0x88, 0x41,
    0x68, 0x39, 0x88, 0x39, 0x88, 0x41, 0x68, 0x39, 0x68, 0x39, 0x88, 0x41,
    0x68, 0x39, 0x88, 0x39, 0x68, 0x41, 0x88, 0x39, 0x68, 0x39, 0x88, 0x41,
    0x68, 0x39, 0x88, 0x39, 0x68, 0x41, 0x68, 0x39, 0x88, 0x39, 0x88, 0x41,
    0x68, 0x39, 0x88, 0x39, 0x88, 0x41, 0x68, 0x39, 0x68, 0x39, 0x88, 0x41,
    0x68, 0x39, 0x88, 0x39, 0x68, 0x41, 0x88, 0x39, 0x68, 0x39, 0x88, 0x41,
    0x68, 0x39, 0x88, 0x39, 0x68, 0x41, 0x68, 0x39, 0x88, 0x39, 0x88, 0x41,
    0x68, 0x39, 0x88, 0x39, 0x88, 0x41, 0x68, 0x39, 0x68, 0x39, 0x88, 0x41,
    0x68, 0x39, 0x88, 0x39, 0x68, 0x41, 0x88, 0x39, 0x68, 0x39, 0x88, 0x41,
    0x68, 0x39, 0x88, 0x39, 0x68, 0x41, 0x68, 0x39, 0x88, 0x39, 0x88, 0x41,
    0x68, 0x39, 0x88, 0x39, 0x88, 0x41, 0x68, 0x39, 0x68, 0x39, 0x88, 0x41,
    0x68, 0x39, 0x88, 0x39, 0x68, 0x41, 0x88, 0x39, 0x68, 0x39, 0x88, 0x41,
    0x68, 0x39, 0x88, 0x39, 0x68, 0x41, 0x68, 0x39, 0x88, 0x39, 0x88, 0x41,
    0x68, 0x39, 0x88, 0x39, 0x88, 0x41, 0x68, 0x39, 0x68, 0x39, 0x88, 0x41,
    0x68, 0x39, 0x88, 0x39, 0x68, 0x41, 0x88, 0x39, 0x68, 0x39, 0x88, 0x41,
    0x68, 0x39, 0x88, 0x39, 0x68, 0x41, 0x68, 0x39, 0x88, 0x39, 0x88, 0x41,
    0x68, 0x39, 0x88, 0x39, 0x88, 0x41, 0x68, 0x39, 0x68, 0x39, 0x88, 0x41,
    0x68, 0x39, 0x88, 0x39, 0x68, 0x41, 0x88, 0x39, 0x68, 0x39, 0x88, 0x41,
    0x68, 0x39, 0x88, 0x39, 0x68, 0x41, 0x68, 0x39, 0x88, 0x39, 0x88, 0x41,
    0x68, 0x39, 0x88, 0x39, 0x88, 0x41, 0x68, 0x39, 0x68, 0x39, 0x88, 0x41,
    0x68, 0x39, 0x88, 0x39, 0x68, 0x41, 0x88, 0x39, 0x68, 0x39, 0x88, 0x41,
    0x68, 0x39, 0x88, 0x39, 0x68, 0x41, 0x68, 0x39, 0x88, 0x39, 0x88, 0x41,
    0x68, 0x39, 0x88, 0x39, 0x88, 0x41, 0x68, 0x39, 0x68, 0x39, 0x88, 0x41,
    0x68, 0x39, 0x88, 0x39, 0x68, 0x41, 0x88, 0x39, 0x68, 0x39, 0x88, 0x41,
    0x68, 0x39, 0x88, 0x39, 0x68, 0x41, 0x68, 0x39, 0x88, 0x39, 0x88, 0x41,
    0x68, 0x39, 0x88, 0x39, 0x88, 0x41, 0x68, 0x39, 0x68, 0x39, 0x88, 0x41,
    0x68, 0x39, 0x88, 0x39, 0x68, 0x41, 0x88, 0x39, 0x68, 0x39, 0x88, 0x41,
    0x68, 0x39, 0x88, 0x39, 0x68, 0x41, 0x68, 0x39, 0x88, 0x39, 0x88, 0x41,
    0x68, 0x39, 0x88, 0x39, 0x88, 0x41, 0x68, 0x39, 0x88, 0x39, 0x88, 0x41,
    0x88, 0x39, 0x68, 0x39, 0x88, 0x39, 0x68, 0x39, 0x88, 0x41, 0x88, 0x39,
    0x68, 0x39, 0x88, 0x39, 0x88, 0x41, 0x68, 0x39, 0x88, 0x39, 0x88, 0x41,
    0x68, 0x39, 0x88, 0x39, 0x88, 0x41, 0x68, 0x39, 0x68, 0x39, 0x88, 0x41,
    0x68, 0x39, 0x68, 0x39, 0x88, 0x41, 0x68, 0x39, 0x88, 0x39, 0x68, 0x41,
    0x68, 0x39, 0x88, 0x39, 0x88, 0x41, 0x68, 0x39, 0x88, 0x39, 0x68, 0x41,
    0x88, 0x39, 0x88, 0x39, 0x68, 0x41, 0x68, 0x39, 0x88, 0x39, 0x68, 0x41,
    0x68, 0x39, 0x88, 0x39, 0x68, 0x41, 0x88, 0x39, 0x88, 0x39, 0x68, 0x41,
    0x68, 0x39, 0x88, 0x39, 0x88, 0x41, 0x68, 0x39, 0x88, 0x39, 0x68, 0x41,
    0x88, 0x39, 0x88, 0x39, 0x68, 0x41, 0x68, 0x39, 0x88, 0x39, 0x68, 0x41,
    0x68, 0x39, 0x88, 0x39, 0x68, 0x41, 0x88, 0x39, 0x88, 0x39, 0x68, 0x41,
    0x68, 0x39, 0x88, 0x39, 0x88, 0x41, 0x68, 0x39, 0x88, 0x39, 0x68, 0x41,
    0x88, 0x39, 0x88, 0x39, 0x68, 0x41, 0x68, 0x39, 0x88, 0x39, 0x68, 0x41,
    0x68, 0x39, 0x88, 0x39, 0x68, 0x41, 0x88, 0x39, 0x88, 0x39, 0x68, 0x41,
    0x68, 0x39, 0x88, 0x39, 0x88, 0x41, 0x68, 0x39, 0x88, 0x39, 0x68, 0x41,
    0x88, 0x39, 0x88, 0x39, 0x68, 0x41, 0x68, 0x39, 0x88, 0x39, 0x68, 0x41,
    0x68, 0x39, 0x88, 0x39, 0x68, 0x41, 0x88, 0x39, 0x88, 0x39, 0x68, 0x41,
    0x68, 0x39, 0x88, 0x39, 0x88, 0x41, 0x68, 0x39, 0x88, 0x39, 0x68, 0x41,
    0x88, 0x39, 0x88, 0x39, 0x68, 0x41, 0x68, 0x39, 0x88, 0x39, 0x68, 0x41,
    0x68, 0x39, 0x88, 0x39, 0x68, 0x41, 0x88, 0x39, 0x88, 0x39, 0x68, 0x41,
    0x68, 0x39, 0x88, 0x39, 0x88, 0x41, 0x68, 0x39, 0x88, 0x39, 0x68, 0x41,
    0x88, 0x39, 0x88, 0x39, 0x68, 0x41, 0x68, 0x39, 0x88, 0x39, 0x68, 0x41,
    0x68, 0x39, 0x88, 0x39, 0x68, 0x41, 0x88, 0x39, 0x88, 0x39, 0x68, 0x41,
    0x68, 0x39, 0x88, 0x39, 0x88, 0x41, 0x68, 0x39, 0x88, 0x39, 0x68, 0x41,
    0x88, 0x39, 0x88, 0x39, 0x68, 0x41, 0x68, 0x39, 0x88, 0x39, 0x68, 0x41,
    0x68, 0x39, 0x88, 0x39, 0x68, 0x41, 0x88, 0x39, 0x88, 0x39, 0x68, 0x41,
    0x68, 0x39, 0x88, 0x39, 0x88, 0x41, 0x68, 0x39, 0x88, 0x39, 0x68, 0x41,
    0x88, 0x39, 0x88, 0x39, 0x68, 0x41, 0x68, 0x39, 0x88, 0x39, 0x68, 0x41,
    0x68, 0x39, 0x88, 0x39, 0x68, 0x41, 0x88, 0x39, 0x88, 0x39, 0x68, 0x41,
    0x68, 0x39, 0x88, 0x39, 0x88, 0x41, 0x68, 0x39, 0x88, 0x39, 0x68, 0x41,
    0x88, 0x39, 0x88, 0x39, 0x68, 0x41, 0x68, 0x39, 0x88, 0x39, 0x68, 0x41,
    0x68, 0x39, 0x88, 0x39, 0x68, 0x41, 0x88, 0x39, 0x88, 0x39, 0x68, 0x41,
    0x68, 0x39, 0x88, 0x39, 0x88, 0x41, 0x68, 0x39, 0x88, 0x39, 0x68, 0x41,
    0x88, 0x39, 0x88, 0x39, 0x68, 0x41, 0x68, 0x39, 0x88, 0x39, 0x68, 0x41,
    0x68, 0x39, 0x88, 0x39, 0x68, 0x41, 0x88, 0x39, 0x88, 0x39, 0x68, 0x41,
    0x68, 0x39, 0x88, 0x39, 0x88, 0x41, 0x68, 0x39, 0x88, 0x39, 0x68, 0x41,
    0x88, 0x39, 0x88, 0x39, 0x68, 0x41, 0x68, 0x39, 0x88, 0x39, 0x68, 0x41,
    0x68, 0x39, 0x88, 0x39, 0x68, 0x41, 0x88, 0x39, 0x88, 0x39, 0x68, 0x41,
    0x68, 0x39, 0x88, 0x39, 0x88, 0x41, 0x68, 0x39, 0x88, 0x39, 0x68, 0x41,
    0x88, 0x39, 0x88, 0x39, 0x68, 0x41, 0x68, 0x39, 0x88, 0x39, 0x68, 0x41,
    0x68, 0x39, 0x88, 0x39, 0x68, 0x41, 0x68, 0x39, 0x68, 0x39, 0x88, 0x41,
    0x68, 0x39, 0x88, 0x39, 0x88, 0x41, 0x68, 0x39, 0x68, 0x39, 0x68, 0x39,
    0x68, 0x39, 0x88, 0x39, 0x67, 0x39, 0x88, 0x39, 0x68, 0x39, 0x87, 0x39,
    0x68, 0x39, 0x68, 0x39, 0x87, 0x39, 0x88, 0x39, 0x68, 0x39, 0x87, 0x39,
    0x68, 0x39, 0x88, 0x39, 0x67, 0x39, 0x88, 0x39, 0x88, 0x39, 0x67, 0x39,
    0x88, 0x39, 0x68, 0x39, 0x67, 0x39, 0x88, 0x39, 0x68, 0x39, 0x67, 0x39,
    0x88, 0x39, 0x68, 0x39, 0x87, 0x39, 0x88, 0x39, 0x68, 0x39, 0x87, 0x39,
    0x88, 0x39, 0x68, 0x39, 0x67, 0x39, 0x88, 0x39, 0x68, 0x39, 0x87, 0x39,
    0x68, 0x39, 0x68, 0x39, 0x87, 0x39, 0x68, 0x39, 0x68, 0x39, 0x87, 0x39,
    0x68, 0x39, 0x88, 0x39, 0x87, 0x39, 0x68, 0x39, 0x88, 0x39, 0x67, 0x39,
    0x88, 0x39, 0x68, 0x39, 0x67, 0x39, 0x88, 0x39, 0x88, 0x39, 0x67, 0x39,
    0x88, 0x39, 0x68, 0x39, 0x67, 0x39, 0x88, 0x39, 0x68, 0x39, 0x67, 0x39,
    0x88, 0x39, 0x68, 0x39, 0x87, 0x39, 0x88, 0x39, 0x68, 0x39, 0x87, 0x39,
    0x88, 0x39, 0x68, 0x39, 0x67, 0x39, 0x88, 0x39, 0x68, 0x39, 0x87, 0x39,
    0x68, 0x39, 0x68, 0x39, 0x87, 0x39, 0x68, 0x39, 0x68, 0x39, 0x87, 0x39,
    0x68, 0x39, 0x88, 0x39, 0x87, 0x39, 0x68, 0x39, 0x88, 0x39, 0x67, 0x39,
    0x88, 0x39, 0x68, 0x39, 0x67, 0x39, 0x88, 0x39, 0x88, 0x39, 0x67, 0x39,
    0x88, 0x39, 0x68, 0x39, 0x67, 0x39, 0x88, 0x39, 0x68, 0x39, 0x67, 0x39,
    0x88, 0x39, 0x68, 0x39, 0x87, 0x39, 0x88, 0x39, 0x68, 0x39, 0x87, 0x39,
    0x88, 0x39, 0x68, 0x39, 0x67, 0x39, 0x88, 0x39, 0x68, 0x39, 0x87, 0x39,
    0x68, 0x39, 0x68, 0x39, 0x87, 0x39, 0x68, 0x39, 0x68, 0x39, 0x87, 0x39,
    0x68, 0x39, 0x88, 0x39, 0x87, 0x39, 0x68, 0x39, 0x88, 0x39, 0x67, 0x39,
    0x88, 0x39, 0x68, 0x39, 0x67, 0x39, 0x88, 0x39, 0x88, 0x39, 0x67, 0x39,
    0x88, 0x39, 0x68, 0x39, 0x67, 0x39, 0x88, 0x39, 0x68, 0x39, 0x67, 0x39,
    0x88, 0x39, 0x68, 0x39, 0x87, 0x39, 0x88, 0x39, 0x68, 0x39, 0x87, 0x39,
    0x88, 0x39, 0x68, 0x39, 0x67, 0x39, 0x88, 0x39, 0x68, 0x39, 0x87, 0x39,
    0x68, 0x39, 0x68, 0x39, 0x87, 0x39, 0x68, 0x39, 0x68, 0x39, 0x87, 0x39,
    0x68, 0x39, 0x88, 0x39, 0x87, 0x39, 0x68, 0x39, 0x88, 0x39, 0x67, 0x39,
    0x88, 0x39, 0x68, 0x39, 0x67, 0x39, 0x88, 0x39, 0x88, 0x39, 0x67, 0x39,
    0x88, 0x39, 0x68, 0x39, 0x67, 0x39, 0x88, 0x39, 0x68, 0x39, 0x67, 0x39,
    0x88, 0x39, 0x68, 0x39, 0x87, 0x39, 0x88, 0x39, 0x68, 0x39, 0x87, 0x39,
    0x88, 0x39, 0x68, 0x39, 0x67, 0x39, 0x88, 0x39, 0x68, 0x39, 0x87, 0x39,
    0x68, 0x39, 0x68, 0x39, 0x87, 0x39, 0x68, 0x39, 0x68, 0x39, 0x87, 0x39,
    0x68, 0x39, 0x88, 0x39, 0x87, 0x39, 0x68, 0x39, 0x88, 0x39, 0x67, 0x39,
    0x88, 0x39, 0x68, 0x39, 0x67, 0x39, 0x88, 0x39, 0x88, 0x39, 0x67, 0x39,
    0x88, 0x39, 0x68, 0x39, 0x67, 0x39, 0x88, 0x39, 0x68, 0x39, 0x67, 0x39,
    0x88, 0x39, 0x68, 0x39, 0x87, 0x39, 0x88, 0x39, 0x68, 0x39, 0x87, 0x39,
    0x88, 0x39, 0x68, 0x39, 0x67, 0x39, 0x88, 0x39, 0x68, 0x39, 0x87, 0x39,
    0x68, 0x39, 0x68, 0x39, 0x87, 0x39, 0x68, 0x39, 0x68, 0x39, 0x87, 0x39,
    0x68, 0x39, 0x88, 0x39, 0x87, 0x39, 0x68, 0x39, 0x88, 0x39, 0x67, 0x39,
    0x88, 0x39, 0x68, 0x39, 0x87, 0x39, 0x88, 0x39, 0x68, 0x39, 0x67, 0x39,
    0x68, 0x39, 0x88, 0x41, 0x67, 0x39, 0x88, 0x39, 0x88, 0x39, 0x68, 0x39,
    0x88, 0x39, 0x68, 0x41, 0x88, 0x39, 0x68, 0x39, 0x68, 0x41, 0x88, 0x39,
    0x88, 0x41, 0x68, 0x39, 0x68, 0x39, 0x88, 0x41, 0x68, 0x39, 0x88, 0x41,
    0x88, 0x39, 0x68, 0x41, 0x88, 0x39, 0x68, 0x41, 0x68, 0x39, 0x88, 0x39,
    0x88, 0x41, 0x68, 0x39, 0x88, 0x41, 0x88, 0x39, 0x68, 0x41, 0x88, 0x39,
    0x68, 0x41, 0x68, 0x39, 0x88, 0x39, 0x68, 0x41, 0x68, 0x39, 0x88, 0x41,
    0x68, 0x39, 0x88, 0x41, 0x88, 0x39, 0x68, 0x41, 0x68, 0x39, 0x88, 0x39,
    0x88, 0x41, 0x68, 0x39, 0x88, 0x41, 0x88, 0x39, 0x68, 0x41, 0x88, 0x39,
    0x68, 0x41, 0x68, 0x39, 0x88, 0x39, 0x68, 0x41, 0x88, 0x39, 0x88, 0x41,
    0x68, 0x39, 0x88, 0x41, 0x68, 0x39, 0x68, 0x41, 0x68, 0x39, 0x88, 0x39,
    0x88, 0x41, 0x68, 0x39, 0x88, 0x41, 0x88, 0x39, 0x68, 0x41, 0x88, 0x39,
    0x68, 0x41, 0x68, 0x39, 0x88, 0x39, 0x68, 0x41, 0x68, 0x39, 0x88, 0x41,
    0x68, 0x39, 0x88, 0x41, 0x88, 0x39, 0x68, 0x41, 0x68, 0x39, 0x88, 0x39,
    0x88, 0x41, 0x68, 0x39, 0x88, 0x41, 0x88, 0x39, 0x68, 0x41, 0x88, 0x41,
    0x68, 0x39, 0x68, 0x41, 0x88, 0x39, 0x68, 0x41, 0x88, 0x39, 0x88, 0x39,
    0x68, 0x41, 0x88, 0x39, 0x68, 0x41, 0x68, 0x39, 0x68, 0x41, 0x88, 0x39,
    0x88, 0x41, 0x68, 0x39, 0x88, 0x39, 0x88, 0x41, 0x68, 0x39, 0x88, 0x41,
    0x68, 0x39, 0x68, 0x41, 0x88, 0x39, 0x68, 0x41, 0x68, 0x39, 0x88, 0x39,
    0x68, 0x41, 0x88, 0x39, 0x88, 0x41, 0x68, 0x39, 0x68, 0x41, 0x88, 0x39,
    0x88, 0x41, 0x68, 0x39, 0x88, 0x39, 0x88, 0x41, 0x68, 0x39, 0x88, 0x41,
    0x68, 0x39, 0x68, 0x41, 0x88, 0x39, 0x68, 0x41, 0x88, 0x39, 0x88, 0x39,
    0x68, 0x41, 0x88, 0x39, 0x68, 0x41, 0x68, 0x39, 0x68, 0x41, 0x88, 0x39,
    0x88, 0x41, 0x68, 0x39, 0x88, 0x39, 0x88, 0x41, 0x68, 0x39, 0x88, 0x41,
    0x68, 0x39, 0x68, 0x41, 0x88, 0x39, 0x68, 0x41, 0x68, 0x39, 0x88, 0x39,
    0x68, 0x41, 0x88, 0x39, 0x88, 0x41, 0x68, 0x39, 0x68, 0x41, 0x88, 0x39,
    0x88, 0x41, 0x68, 0x39, 0x88, 0x39, 0x88, 0x41, 0x68, 0x39, 0x88, 0x41,
    0x68, 0x39, 0x68, 0x41, 0x88, 0x39, 0x68, 0x41, 0x88, 0x39, 0x88, 0x39,
    0x68, 0x41, 0x88, 0x39, 0x68, 0x41, 0x68, 0x39, 0x68, 0x41, 0x88, 0x39,
    0x88, 0x41, 0x68, 0x39, 0x88, 0x39, 0x88, 0x41, 0x68, 0x39, 0x88, 0x41,
    0x68, 0x39, 0x68, 0x41, 0x88, 0x39, 0x68, 0x41, 0x68, 0x39, 0x88, 0x39,
    0x68, 0x41, 0x88, 0x39, 0x88, 0x41, 0x68, 0x39, 0x68, 0x41, 0x88, 0x39,
    0x88, 0x41, 0x68, 0x39, 0x88, 0x39, 0x88, 0x41, 0x68, 0x39, 0x88, 0x41,
    0x68, 0x39, 0x68, 0x41, 0x88, 0x39, 0x68, 0x41, 0x88, 0x39, 0x88, 0x39,
    0x68, 0x41, 0x88, 0x39, 0x68, 0x41, 0x68, 0x39, 0x68, 0x41, 0x88, 0x39,
    0x88, 0x41, 0x68, 0x39, 0x88, 0x39, 0x88, 0x41, 0x68, 0x39, 0x88, 0x41,
    0x68, 0x39, 0x68, 0x41, 0x88, 0x39, 0x68, 0x41, 0x68, 0x39, 0x88, 0x39,
    0x68, 0x41, 0x88, 0x39, 0x88, 0x41, 0x68, 0x39, 0x68, 0x41, 0x88, 0x39,
    0x88, 0x41, 0x68, 0x39, 0x88, 0x39, 0x88, 0x41, 0x68, 0x39, 0x88, 0x41,
    0x68, 0x39, 0x68, 0x41, 0x88, 0x39, 0x68, 0x41, 0x88, 0x39, 0x88, 0x39,
    0x68, 0x41, 0x88, 0x39, 0x68, 0x41, 0x88, 0x39, 0x88, 0x41, 0x88, 0x39,
    0x68, 0x39, 0x68, 0x39, 0x88, 0x39, 0x68, 0x41, 0x88, 0x39, 0x68, 0x39,
    0x68, 0x39, 0x88, 0x39, 0x68, 0x41, 0x88, 0x39, 0x88, 0x39, 0x68, 0x41,
    0x87, 0x39, 0x88, 0x39, 0x68, 0x41, 0x68, 0x39, 0x87, 0x39, 0x68, 0x39,
    0x68, 0x39, 0x88, 0x39, 0x68, 0x41, 0x87, 0x39, 0x68, 0x39, 0x88, 0x41,
    0x67, 0x39, 0x68, 0x39, 0x88, 0x39, 0x68, 0x39, 0x87, 0x39, 0x88, 0x41,
    0x68, 0x39, 0x87, 0x39, 0x88, 0x41, 0x68, 0x39, 0x88, 0x39, 0x68, 0x39,
    0x67, 0x39, 0x88, 0x39, 0x68, 0x41, 0x87, 0x39, 0x88, 0x39, 0x68, 0x41,
    0x88, 0x39, 0x67, 0x39, 0x68, 0x39, 0x88, 0x39, 0x87, 0x39, 0x68, 0x41,
    0x88, 0x39, 0x68, 0x39, 0x68, 0x41, 0x87, 0x39, 0x68, 0x39, 0x68, 0x39,
    0x87, 0x39, 0x88, 0x39, 0x88, 0x41, 0x68, 0x39, 0x87, 0x39, 0x68, 0x41,
    0x68, 0x39, 0x87, 0x39, 0x68, 0x39, 0x68, 0x39, 0x88, 0x39, 0x88, 0x41,
    0x67, 0x39, 0x88, 0x39, 0x88, 0x41, 0x67, 0x39, 0x88, 0x39, 0x68, 0x39,
    0x68, 0x39, 0x87, 0x39, 0x68, 0x41, 0x88, 0x39, 0x87, 0x39, 0x68, 0x41,
    0x88, 0x39, 0x68, 0x39, 0x68, 0x39, 0x87, 0x39, 0x88, 0x41, 0x88, 0x41,
    0x88, 0x39, 0x68, 0x39, 0x68, 0x39, 0x87, 0x39, 0x68, 0x41, 0x68, 0x39,
    0x88, 0x39, 0x87, 0x41, 0x88, 0x39, 0x68, 0x39, 0x87, 0x39, 0x68, 0x39,
    0x68, 0x41, 0x88, 0x39, 0x68, 0x39, 0x67, 0x41, 0x88, 0x39, 0x88, 0x39,
    0x67, 0x39, 0x88, 0x39, 0x88, 0x41, 0x68, 0x39, 0x87, 0x39, 0x68, 0x41,
    0x68, 0x39, 0x87, 0x39, 0x68, 0x39, 0x88, 0x39, 0x88, 0x39, 0x68, 0x41,
    0x87, 0x39, 0x68, 0x39, 0x68, 0x41, 0x87, 0x39, 0x88, 0x39, 0x68, 0x39,
    0x88, 0x39, 0x67, 0x39, 0x68, 0x41, 0x88, 0x39, 0x67, 0x39, 0x68, 0x41,
    0x88, 0x39, 0x88, 0x39, 0x88, 0x39, 0x67, 0x39, 0x88, 0x39, 0x68, 0x41,
    0x67, 0x39, 0x88, 0x39, 0x68, 0x41, 0x68, 0x39, 0x87, 0x39, 0x88, 0x39,
    0x68, 0x39, 0x87, 0x39, 0x88, 0x41, 0x68, 0x39, 0x88, 0x39, 0x68, 0x41,
    0x67, 0x39, 0x88, 0x39, 0x68, 0x39, 0x87, 0x39, 0x88, 0x39, 0x68, 0x41,
    0x88, 0x39, 0x67, 0x39, 0x68, 0x41, 0x88, 0x39, 0x87, 0x39, 0x68, 0x39,
    0x88, 0x39, 0x68, 0x39, 0x68, 0x41, 0x87, 0x39, 0x68, 0x39, 0x68, 0x41,
    0x87, 0x39, 0x88, 0x39, 0x88, 0x39, 0x68, 0x39, 0x87, 0x39, 0x68, 0x41,
    0x68, 0x39, 0x87, 0x39, 0x68, 0x41, 0x68, 0x39, 0x88, 0x39, 0x88, 0x39,
    0x67, 0x39, 0x88, 0x39, 0x88, 0x41, 0x67, 0x39, 0x88, 0x39, 0x68, 0x41,
    0x68, 0x39, 0x87, 0x39, 0x68, 0x39, 0x88, 0x39, 0x87, 0x39, 0x68, 0x41,
    0x88, 0x39, 0x68, 0x39, 0x68, 0x41, 0x87, 0x39, 0x88, 0x39, 0x68, 0x39,
    0x87, 0x39, 0x68, 0x39, 0x68, 0x41, 0x88, 0x39, 0x67, 0x39, 0x68, 0x41,
    0x88, 0x39, 0x87, 0x39, 0x88, 0x39, 0x68, 0x39, 0x88, 0x39, 0x68, 0x41,
    0x67, 0x39, 0x88, 0x39, 0x68, 0x41, 0x67, 0x39, 0x88, 0x39, 0x88, 0x39,
    0x68, 0x39, 0x87, 0x39, 0x88, 0x41, 0x68, 0x39, 0x87, 0x39, 0x68, 0x41,
    0x68, 0x39, 0x88, 0x39, 0x68, 0x39, 0x87, 0x39, 0x88, 0x39, 0x68, 0x41,
    0x87, 0x39, 0x68, 0x39, 0x68, 0x41, 0x88, 0x39, 0x87, 0x39, 0x68, 0x39,
    0x88, 0x39, 0x67, 0x39, 0x68, 0x41, 0x88, 0x39, 0x68, 0x39, 0x68, 0x41,
    0x87, 0x39, 0x68, 0x39, 0x68, 0x39, 0x67, 0x39, 0x88, 0x41, 0x88, 0x39,
    0x68, 0x39, 0x87, 0x41, 0x88, 0x39, 0x68, 0x39, 0x67, 0x41, 0x88, 0x39,
    0x68, 0x39, 0x88, 0x39, 0x67, 0x39, 0x68, 0x39, 0x88, 0x39, 0x68, 0x39,
    0x68, 0x39, 0x88, 0x39, 0x88, 0x39, 0x68, 0x39, 0x88, 0x41, 0x88, 0x39,
    0x67, 0x39, 0x88, 0x39, 0x88, 0x39, 0x68, 0x39, 0x88, 0x39, 0x68, 0x39,
    0x88, 0x39, 0x88, 0x41, 0x68, 0x39, 0x68, 0x39, 0x88, 0x39, 0x68, 0x39,
    0x68, 0x39, 0x88, 0x39, 0x68, 0x39, 0x87, 0x39, 0x88, 0x41, 0x68, 0x39,
    0x88, 0x39, 0x68, 0x39, 0x68, 0x39, 0x88, 0x39, 0x68, 0x39, 0x68, 0x39,
    0x88, 0x39, 0x88, 0x41, 0x68, 0x39, 0x68, 0x39, 0x88, 0x39, 0x68, 0x39,
    0x87, 0x39, 0x88, 0x39, 0x68, 0x39, 0x88, 0x39, 0x88, 0x41, 0x68, 0x39,
    0x68, 0x39, 0x88, 0x39, 0x68, 0x39, 0x88, 0x39, 0x88, 0x39, 0x68, 0x39,
    0x88, 0x39, 0x88, 0x41, 0x68, 0x39, 0x67, 0x39, 0x88, 0x39, 0x68, 0x39,
    0x88, 0x39, 0x68, 0x39, 0x68, 0x39, 0x88, 0x39, 0x88, 0x41, 0x68, 0x39,
    0x88, 0x39, 0x68, 0x39, 0x68, 0x39, 0x88, 0x39, 0x68, 0x39, 0x68, 0x39,
    0x87, 0x39, 0x88, 0x41, 0x68, 0x39, 0x68, 0x39, 0x88, 0x41, 0xc9, 0x49,
    0x88, 0x39, 0x88, 0x39, 0x68, 0x39, 0x88, 0x39, 0x88, 0x41, 0x68, 0x39,
    0x68, 0x39, 0x88, 0x39, 0x68, 0x39, 0x88, 0x39, 0x88, 0x39, 0x68, 0x39,
    0x87, 0x39, 0x88, 0x39, 0x68, 0x39, 0x68, 0x39, 0x88, 0x39, 0x68, 0x39,
    0x88, 0x41, 0x68, 0x39, 0x68, 0x39, 0x88, 0x39, 0x88, 0x39, 0x68, 0x39,
    0x88, 0x39, 0x68, 0x41, 0x68, 0x39, 0x87, 0x39, 0x68, 0x39, 0x68, 0x39,
    0x88, 0x39, 0x88, 0x39, 0x68, 0x39, 0x68, 0x39, 0x88, 0x41, 0x68, 0x39,
    0x88, 0x39, 0x88, 0x39, 0x68, 0x39, 0x88, 0x39, 0x88, 0x39, 0x68, 0x39,
    0x67, 0x39, 0x88, 0x41, 0x68, 0x39, 0x88, 0x39, 0x88, 0x39, 0x68, 0x39,
    0x88, 0x39, 0x88, 0x39, 0x68, 0x39, 0x68, 0x39, 0x88, 0x41, 0x68, 0x39,
    0x88, 0x39, 0x68, 0x39, 0x68, 0x39, 0x87, 0x39, 0x88, 0x39, 0x68, 0x39,
    0x88, 0x39, 0x68, 0x41, 0x68, 0x39, 0x88, 0x39, 0x68, 0x39, 0x68, 0x39,
    0x88, 0x39, 0x88, 0x39, 0x68, 0x39, 0x68, 0x39, 0x88, 0x41, 0x68, 0x39,
    0x87, 0x39, 0x88, 0x39, 0x68, 0x39, 0x88, 0x39, 0x88, 0x39, 0x68, 0x39,
    0x68, 0x39, 0x88, 0x41, 0x68, 0x39, 0x88, 0x39, 0x88, 0x39, 0x68, 0x39,
    0x88, 0x39, 0x88, 0x39, 0x68, 0x39, 0x67, 0x39, 0x88, 0x41, 0x68, 0x39,
    0x88, 0x39, 0x68, 0x39, 0x68, 0x39, 0x88, 0x39, 0x88, 0x39, 0x68, 0x39,
    0x88, 0x39, 0x68, 0x41, 0x68, 0x39, 0x88, 0x39, 0x68, 0x39, 0x68, 0x39,
    0x87, 0x39, 0x88, 0x39, 0x68, 0x39, 0x68, 0x39, 0x88, 0x41, 0x68, 0x39,
    0x88, 0x39, 0x88, 0x39, 0x68, 0x39, 0x88, 0x39, 0x88, 0x39, 0x68, 0x39,
    0x68, 0x39, 0x88, 0x41, 0x68, 0x39, 0x87, 0x39, 0x88, 0x39, 0x68, 0x39,
    0x88, 0x39, 0x88, 0x39, 0x68, 0x39, 0x68, 0x39, 0x88, 0x41, 0x68, 0x39,
    0x88, 0x39, 0x68, 0x39, 0x68, 0x39, 0x88, 0x39, 0x88, 0x39, 0x68, 0x39,
    0x87, 0x39, 0x68, 0x41, 0x68, 0x39, 0x88, 0x39, 0x68, 0x39, 0x68, 0x39,
    0x88, 0x39, 0x88, 0x39, 0x68, 0x39, 0x68, 0x39, 0x88, 0x41, 0x68, 0x39,
    0x88, 0x39, 0x88, 0x39, 0x68, 0x39, 0x87, 0x39, 0x88, 0x39, 0x68, 0x39,
    0x88, 0x39, 0x88, 0x41, 0x88, 0x39, 0x68, 0x39, 0x68, 0x39, 0x68, 0x39,
    0x88, 0x41, 0x68, 0x39, 0x88, 0x39, 0x68, 0x39, 0x88, 0x39, 0x68, 0x39,
    0x88, 0x39, 0x68, 0x39, 0x88, 0x41, 0x88, 0x39, 0x67, 0x41, 0x88, 0x39,
    0x68, 0x41, 0x68, 0x39, 0x87, 0x39, 0x68, 0x41, 0x68, 0x39, 0x88, 0x41,
    0x68, 0x39, 0x68, 0x41, 0x88, 0x39, 0x68, 0x41, 0x88, 0x39, 0x68, 0x39,
    0x68, 0x41, 0x88, 0x39, 0x87, 0x41, 0x68, 0x39, 0x88, 0x41, 0x88, 0x39,
    0x68, 0x41, 0x88, 0x39, 0x68, 0x39, 0x68, 0x41, 0x88, 0x39, 0x88, 0x41,
    0x68, 0x39, 0x88, 0x41, 0x88, 0x39, 0x68, 0x41, 0x88, 0x39, 0x67, 0x39,
    0x88, 0x41, 0x88, 0x39, 0x68, 0x41, 0x88, 0x39, 0x68, 0x41, 0x68, 0x39,
    0x88, 0x41, 0x68, 0x39, 0x88, 0x39, 0x68, 0x41, 0x88, 0x39, 0x88, 0x41,
    0x68, 0x39, 0x68, 0x41, 0x87, 0x39, 0x68, 0x41, 0x68, 0x39, 0x88, 0x39,
    0x68, 0x41, 0x88, 0x39, 0x88, 0x41, 0x68, 0x39, 0x88, 0x41, 0x68, 0x39,
    0x88, 0x41, 0x88, 0x39, 0x68, 0x39, 0x88, 0x41, 0x68, 0x39, 0x87, 0x41,
    0x88, 0x39, 0x68, 0x41, 0x88, 0x39, 0x88, 0x41, 0x68, 0x39, 0x88, 0x39,
    0x68, 0x41, 0x88, 0x39, 0x88, 0x41, 0xa9, 0x41, 0xa9, 0x49, 0xea, 0x51,
    0xa9, 0x41, 0xa9, 0x49, 0x88, 0x41, 0x68, 0x39, 0x88, 0x39, 0x87, 0x39,
    0x68, 0x41, 0x68, 0x39, 0x88, 0x41, 0x68, 0x41, 0x68, 0x39, 0x88, 0x41,
    0x68, 0x39, 0x88, 0x41, 0x88, 0x39, 0x68, 0x41, 0x88, 0x39, 0x68, 0x39,
    0x88, 0x41, 0x88, 0x39, 0x67, 0x39, 0x88, 0x41, 0x68, 0x39, 0x88, 0x39,
    0x88, 0x41, 0x68, 0x39, 0x88, 0x41, 0x88, 0x39, 0x68, 0x41, 0x88, 0x39,
    0x68, 0x41, 0x88, 0x39, 0x88, 0x39, 0x68, 0x41, 0x68, 0x39, 0x87, 0x41,
    0x68, 0x39, 0x88, 0x41, 0x68, 0x39, 0x68, 0x41, 0x88, 0x39, 0x88, 0x39,
    0x68, 0x41, 0x68, 0x39, 0x88, 0x41, 0x68, 0x39, 0x68, 0x41, 0x88, 0x39,
    0x68, 0x41, 0x88, 0x39, 0x87, 0x39, 0x68, 0x41, 0x88, 0x39, 0x68, 0x41,
    0x88, 0x39, 0x88, 0x41, 0x68, 0x39, 0x88, 0x41, 0x68, 0x39, 0x88, 0x39,
    0x88, 0x41, 0x68, 0x39, 0x88, 0x41, 0x88, 0x39, 0x68, 0x41, 0x87, 0x39,
    0x68, 0x41, 0x88, 0x39, 0x88, 0x39, 0x68, 0x41, 0x68, 0x39, 0x88, 0x41,
    0x68, 0x39, 0x88, 0x41, 0x68, 0x39, 0x68, 0x41, 0x88, 0x39, 0x88, 0x39,
    0x68, 0x41, 0x68, 0x39, 0x87, 0x41, 0x68, 0x39, 0x68, 0x41, 0x88, 0x39,
    0x68, 0x41, 0x88, 0x39, 0x88, 0x39, 0x68, 0x41, 0x88, 0x39, 0x68, 0x41,
    0x88, 0x39, 0x88, 0x41, 0x68, 0x39, 0x88, 0x41, 0x68, 0x39, 0x87, 0x39,
    0x88, 0x41, 0x68, 0x39, 0x88, 0x41, 0x88, 0x39, 0x68, 0x41, 0x88, 0x39,
    0x68, 0x41, 0x88, 0x39, 0x88, 0x39, 0x68, 0x41, 0x68, 0x39, 0x88, 0x41,
    0x68, 0x39, 0x88, 0x41, 0x67, 0x39, 0x68, 0x41, 0x88, 0x39, 0x88, 0x39,
    0x68, 0x41, 0x68, 0x39, 0x88, 0x41, 0x68, 0x39, 0x68, 0x41, 0x88, 0x39,
    0x68, 0x41, 0x88, 0x39, 0x88, 0x39, 0x68, 0x41, 0x88, 0x39, 0x67, 0x41,
    0x88, 0x39, 0x88, 0x41, 0x68, 0x39, 0x88, 0x41, 0x68, 0x39, 0x88, 0x39,
    0x88, 0x41, 0x68, 0x39, 0x88, 0x41, 0x88, 0x39, 0x68, 0x41, 0x88, 0x39,
    0x68, 0x41, 0x88, 0x39, 0x87, 0x39, 0x68, 0x41, 0x68, 0x39, 0x88, 0x41,
    0x68, 0x39, 0x88, 0x41, 0x68, 0x39, 0x68, 0x41, 0x88, 0x39, 0x68, 0x39,
    0x68, 0x41, 0x88, 0x39, 0x68, 0x39, 0x88, 0x41, 0x88, 0x39, 0x67, 0x39,
    0x88, 0x39, 0x68, 0x41, 0x68, 0x39, 0x88, 0x41, 0x88, 0x39, 0x68, 0x39,
    0x68, 0x39, 0x68, 0x39, 0x88, 0x41, 0x68, 0x39, 0x88, 0x39, 0x88, 0x39,
    0x68, 0x39, 0x88, 0x41, 0x88, 0x39, 0x68, 0x39, 0x88, 0x39, 0x88, 0x39,
    0x68, 0x39, 0x88, 0x39, 0x67, 0x41, 0x88, 0x39, 0x68, 0x39, 0x87, 0x41,
    0x68, 0x39, 0x88, 0x39, 0x68, 0x39, 0x68, 0x39, 0x88, 0x39, 0x67, 0x41,
    0x88, 0x39, 0x88, 0x39, 0x68, 0x41, 0x68, 0x39, 0x88, 0x39, 0x67, 0x39,
    0x68, 0x39, 0x88, 0x39, 0x67, 0x41, 0x88, 0x39, 0x88, 0x39, 0x68, 0x41,
    0x68, 0x39, 0x68, 0x39, 0x87, 0x39, 0x88, 0x39, 0x68, 0x39, 0x88, 0x41,
    0x68, 0x39, 0x88, 0x39, 0x67, 0x41, 0x68, 0x39, 0x88, 0x39, 0x67, 0x39,
    0x88, 0x39, 0x88, 0x39, 0x68, 0x41, 0x88, 0x39, 0x88, 0x39, 0x67, 0x41,
    0x68, 0x39, 0x88, 0x39, 0x68, 0x39, 0x88, 0x39, 0x68, 0x39, 0x87, 0x41,
    0x68, 0x39, 0x68, 0x39, 0x87, 0x41, 0x68, 0x39, 0x68, 0x39, 0x88, 0x39,
    0x68, 0x39, 0x68, 0x39, 0x87, 0x41, 0x68, 0x39, 0x88, 0x39, 0x68, 0x41,
    0x68, 0x39, 0x88, 0x39, 0x88, 0x41, 0xa9, 0x41, 0xc9, 0x49, 0x0b, 0x52,
    0xc9, 0x49, 0xa9, 0x41, 0x88, 0x41, 0x68, 0x39, 0x68, 0x39, 0x88, 0x39,
    0x88, 0x39, 0x68, 0x39, 0x87, 0x39, 0x88, 0x39, 0x68, 0x39, 0x88, 0x39,
    0x68, 0x41, 0x68, 0x39, 0x87, 0x39, 0x88, 0x41, 0x68, 0x39, 0x67, 0x39,
    0x88, 0x39, 0x68, 0x39, 0x88, 0x39, 0x68, 0x41, 0x68, 0x39, 0x87, 0x39,
    0x68, 0x39, 0x68, 0x39, 0x88, 0x39, 0x68, 0x39, 0x88, 0x39, 0x67, 0x41,
    0x68, 0x39, 0x88, 0x39, 0x67, 0x41, 0x88, 0x39, 0x88, 0x39, 0x68, 0x39,
    0x88, 0x39, 0x68, 0x39, 0x87, 0x41, 0x68, 0x39, 0x88, 0x39, 0x68, 0x41,
    0x88, 0x39, 0x88, 0x39, 0x67, 0x39, 0x88, 0x39, 0x88, 0x39, 0x67, 0x41,
    0x68, 0x39, 0x88, 0x39, 0x68, 0x41, 0x88, 0x39, 0x68, 0x39, 0x87, 0x39,
    0x68, 0x39, 0x68, 0x39, 0x88, 0x41, 0x68, 0x39, 0x68, 0x39, 0x87, 0x41,
    0x68, 0x39, 0x68, 0x39, 0x87, 0x39, 0x68, 0x39, 0x88, 0x39, 0x68, 0x41,
    0x68, 0x39, 0x88, 0x39, 0x67, 0x41, 0x88, 0x39, 0x88, 0x39, 0x68, 0x39,
    0x88, 0x39, 0x68, 0x39, 0x87, 0x41, 0x68, 0x39, 0x88, 0x39, 0x67, 0x41,
    0x88, 0x39, 0x88, 0x39, 0x68, 0x39, 0x88, 0x39, 0x88, 0x39, 0x67, 0x41,
    0x68, 0x39, 0x88, 0x39, 0x68, 0x41, 0x88, 0x39, 0x68, 0x39, 0x87, 0x39,
    0x68, 0x39, 0x68, 0x39, 0x87, 0x41, 0x68, 0x39, 0x68, 0x39, 0x88, 0x41,
    0x68, 0x39, 0x68, 0x39, 0x87, 0x39, 0x68, 0x39, 0x88, 0x39, 0x68, 0x41,
    0x68, 0x39, 0x88, 0x39, 0x67, 0x41, 0x88, 0x39, 0x88, 0x39, 0x67, 0x39,
    0x88, 0x39, 0x68, 0x39, 0x88, 0x41, 0x68, 0x39, 0x88, 0x39, 0x67, 0x41,
    0x88, 0x39, 0x88, 0x39, 0x68, 0x39, 0x88, 0x39, 0x88, 0x39, 0x67, 0x41,
    0x68, 0x39, 0x88, 0x39, 0x67, 0x41, 0x88, 0x39, 0x68, 0x39, 0x88, 0x39,
    0x68, 0x39, 0x68, 0x39, 0x87, 0x41, 0x68, 0x39, 0x68, 0x39, 0x88, 0x41,
    0x68, 0x39, 0x68, 0x39, 0x87, 0x39, 0x68, 0x39, 0x88, 0x39, 0x67, 0x41,
    0x68, 0x39, 0x88, 0x39, 0x68, 0x41, 0x88, 0x39, 0x88, 0x39, 0x67, 0x39,
    0x88, 0x39, 0x68, 0x39, 0x88, 0x41, 0x88, 0x39, 0x68, 0x39, 0x87, 0x41,
    0x68, 0x39, 0x68, 0x39, 0x87, 0x39, 0x68, 0x41, 0x88, 0x39, 0x88, 0x39,
    0x68, 0x39, 0x88, 0x39, 0x87, 0x39, 0x68, 0x41, 0x68, 0x39, 0x88, 0x39,
    0x68, 0x39, 0x88, 0x39, 0x68, 0x39, 0x68, 0x39, 0x88, 0x39, 0x68, 0x41,
    0x67, 0x39, 0x88, 0x39, 0x68, 0x41, 0x68, 0x39, 0x87, 0x39, 0x68, 0x41,
    0x88, 0x39, 0x68, 0x39, 0x88, 0x39, 0x68, 0x39, 0x88, 0x39, 0x88, 0x39,
    0x68, 0x39, 0x88, 0x39, 0x68, 0x41, 0x88, 0x39, 0x68, 0x39, 0x68, 0x39,
    0x88, 0x39, 0x67, 0x39, 0x88, 0x39, 0x88, 0x39, 0x68, 0x39, 0x88, 0x41,
    0x88, 0x39, 0x68, 0x39, 0x68, 0x39, 0x88, 0x39, 0x68, 0x39, 0x88, 0x39,
    0x88, 0x39, 0x68, 0x39, 0x68, 0x41, 0x88, 0x39, 0x87, 0x39, 0x68, 0x39,
    0x88, 0x39, 0x88, 0x39, 0x68, 0x39, 0x88, 0x39, 0x68, 0x39, 0x68, 0x41,
    0x88, 0x39, 0x68, 0x39, 0x68, 0x39, 0x88, 0x39, 0x88, 0x39, 0x68, 0x39,
    0x88, 0x39, 0x67, 0x39, 0x68, 0x41, 0x88, 0x39, 0x88, 0x39, 0x68, 0x39,
    0x88, 0x39, 0x68, 0x39, 0x88, 0x39, 0x88, 0x39, 0x68, 0x39, 0x88, 0x41,
    0x88, 0x39, 0x68, 0x39, 0x88, 0x39, 0x68, 0x39, 0x87, 0x39, 0x88, 0x39,
    0x68, 0x39, 0x68, 0x39, 0x88, 0x39, 0x68, 0x39, 0x88, 0x41, 0xea, 0x49,
    0x88, 0x39, 0x68, 0x39, 0x88, 0x39, 0x88, 0x39, 0x68, 0x41, 0x68, 0x39,
    0x88, 0x39, 0x68, 0x41, 0x68, 0x39, 0x88, 0x39, 0x67, 0x39, 0x88, 0x39,
    0x88, 0x39, 0x68, 0x39, 0x68, 0x39, 0x88, 0x39, 0x68, 0x41, 0x88, 0x39,
    0x68, 0x39, 0x68, 0x41, 0x88, 0x39, 0x88, 0x39, 0x68, 0x41, 0x88, 0x39,
    0x88, 0x39, 0x67, 0x41, 0x88, 0x39, 0x68, 0x39, 0x88, 0x39, 0x88, 0x39,
    0x68, 0x39, 0x68, 0x39, 0x88, 0x39, 0x68, 0x39, 0x68, 0x39, 0x88, 0x41,
    0x68, 0x39, 0x88, 0x39, 0x88, 0x39, 0x68, 0x39, 0x67, 0x39, 0x88, 0x39,
    0x68, 0x39, 0x88, 0x39, 0x68, 0x41, 0x68, 0x39, 0x88, 0x39, 0x68, 0x39,
    0x88, 0x39, 0x68, 0x39, 0x68, 0x39, 0x88, 0x39, 0x88, 0x39, 0x68, 0x41,
    0x88, 0x39, 0x67, 0x39, 0x88, 0x39, 0x88, 0x39, 0x68, 0x39, 0x88, 0x39,
    0x88, 0x39, 0x68, 0x39, 0x88, 0x41, 0x68, 0x39, 0x88, 0x39, 0x88, 0x39,
    0x68, 0x39, 0x68, 0x39, 0x88, 0x39, 0x68, 0x39, 0x67, 0x39, 0x88, 0x41,
    0x68, 0x39, 0x88, 0x39, 0x88, 0x39, 0x68, 0x39, 0x68, 0x39, 0x88, 0x39,
    0x68, 0x39, 0x88, 0x39, 0x68, 0x41, 0x68, 0x39, 0x88, 0x39, 0x68, 0x39,
    0x88, 0x39, 0x67, 0x39, 0x68, 0x39, 0x88, 0x39, 0x88, 0x39, 0x68, 0x41,
    0x88, 0x39, 0x68, 0x39, 0x88, 0x39, 0x88, 0x39, 0x68, 0x39, 0x88, 0x39,
    0x88, 0x39, 0x68, 0x39, 0x88, 0x41, 0x68, 0x39, 0x87, 0x39, 0x88, 0x39,
    0x68, 0x39, 0x68, 0x39, 0x88, 0x39, 0x68, 0x39, 0x68, 0x39, 0x88, 0x41,
    0x68, 0x39, 0x88, 0x39, 0x88, 0x39, 0x68, 0x39, 0x68, 0x39, 0x88, 0x39,
    0x68, 0x39, 0x87, 0x39, 0x68, 0x41, 0x68, 0x39, 0x88, 0x39, 0x68, 0x39,
    0x88, 0x39, 0x68, 0x39, 0x68, 0x39, 0x88, 0x39, 0x88, 0x39, 0x68, 0x41,
    0x88, 0x39, 0x68, 0x39, 0x88, 0x39, 0x88, 0x39, 0x67, 0x39, 0x88, 0x39,
    0x88, 0x39, 0x68, 0x39, 0x88, 0x41, 0x68, 0x39, 0x88, 0x39, 0x88, 0x39,
    0x68, 0x39, 0x68, 0x39, 0x88, 0x39, 0x68, 0x39, 0x68, 0x39, 0x88, 0x41,
    0x68, 0x39, 0x87, 0x39, 0x68, 0x39, 0x88, 0x39, 0x68, 0x39, 0x88, 0x39,
    0x88, 0x39, 0x68, 0x39, 0x88, 0x41, 0x68, 0x39, 0x68, 0x39, 0x88, 0x41,
    0x68, 0x41, 0x68, 0x39, 0x88, 0x39, 0x68, 0x39, 0x88, 0x39, 0x68, 0x39,
    0x88, 0x39, 0x88, 0x41, 0x67, 0x39, 0x88, 0x39, 0x88, 0x41, 0x68, 0x39,
    0x88, 0x39, 0x88, 0x39, 0x68, 0x39, 0x88, 0x39, 0x68, 0x41, 0x88, 0x39,
    0x67, 0x39, 0x88, 0x41, 0x68, 0x39, 0x68, 0x41, 0x88, 0x39, 0x68, 0x39,
    0x67, 0x41, 0x88, 0x39, 0x88, 0x39, 0x67, 0x41, 0x88, 0x39, 0x88, 0x39,
    0x68, 0x41, 0x68, 0x39, 0x88, 0x41, 0x68, 0x39, 0x67, 0x39, 0x88, 0x41,
    0x88, 0x39, 0x68, 0x39, 0x88, 0x41, 0x67, 0x39, 0x68, 0x41, 0x88, 0x39,
    0x87, 0x39, 0x68, 0x41, 0x88, 0x39, 0x68, 0x39, 0x68, 0x41, 0x88, 0x39,
    0x68, 0x41, 0x67, 0x39, 0x88, 0x39, 0x88, 0x41, 0x68, 0x39, 0x88, 0x39,
    0x87, 0x41, 0x68, 0x39, 0x68, 0x39, 0x87, 0x41, 0x68, 0x39, 0x68, 0x41,
    0x88, 0x39, 0x88, 0x39, 0x68, 0x41, 0x68, 0x39, 0x87, 0x39, 0x68, 0x41,
    0x88, 0x39, 0x88, 0x41, 0x68, 0x39, 0x67, 0x39, 0x88, 0x41, 0x68, 0x39,
    0x67, 0x39, 0x88, 0x41, 0x68, 0x39, 0x88, 0x41, 0x68, 0x39, 0x88, 0x39,
    0x88, 0x41, 0x67, 0x39, 0x88, 0x39, 0x68, 0x39, 0x88, 0x41, 0xa9, 0x41,
    0x68, 0x39, 0x68, 0x39, 0x88, 0x39, 0x88, 0x39, 0x67, 0x41, 0x88, 0x39,
    0x88, 0x39, 0x67, 0x41, 0x88, 0x39, 0x68, 0x41, 0x68, 0x41, 0x88, 0x39,
    0x68, 0x39, 0x87, 0x41, 0x88, 0x39, 0x68, 0x39, 0x88, 0x39, 0x88, 0x41,
    0x67, 0x39, 0x88, 0x39, 0x68, 0x39, 0x87, 0x39, 0x68, 0x39, 0x68, 0x41,
    0x88, 0x39, 0x88, 0x39, 0x68, 0x41, 0x68, 0x39, 0x87, 0x41, 0x88, 0x39,
    0x68, 0x41, 0x88, 0x39, 0x88, 0x41, 0x67, 0x39, 0x88, 0x39, 0x88, 0x41,
    0x67, 0x39, 0x68, 0x39, 0x88, 0x41, 0x88, 0x39, 0x68, 0x41, 0x88, 0x39,
    0x68, 0x39, 0x67, 0x41, 0x88, 0x39, 0x88, 0x39, 0x68, 0x41, 0x88, 0x39,
    0x87, 0x41, 0x68, 0x39, 0x88, 0x39, 0x67, 0x41, 0x68, 0x39, 0x88, 0x39,
    0x88, 0x41, 0x68, 0x39, 0x68, 0x39, 0x88, 0x41, 0x67, 0x39, 0x68, 0x41,
    0x88, 0x39, 0x88, 0x39, 0x68, 0x41, 0x67, 0x39, 0x88, 0x39, 0x88, 0x41,
    0x67, 0x39, 0x88, 0x41, 0x88, 0x39, 0x68, 0x39, 0x88, 0x41, 0x88, 0x39,
    0x68, 0x39, 0x67, 0x41, 0x88, 0x39, 0x88, 0x41, 0x68, 0x39, 0x88, 0x39,
    0x67, 0x41, 0x68, 0x39, 0x88, 0x39, 0x87, 0x41, 0x68, 0x39, 0x88, 0x39,
    0x88, 0x41, 0x68, 0x39, 0x88, 0x41, 0x68, 0x39, 0x67, 0x39, 0x88, 0x41,
    0x88, 0x39, 0x68, 0x39, 0x68, 0x41, 0x87, 0x39, 0x68, 0x41, 0x68, 0x39,
    0x87, 0x39, 0x88, 0x41, 0x68, 0x39, 0x68, 0x39, 0x88, 0x41, 0x88, 0x39,
    0x68, 0x41, 0x87, 0x39, 0x88, 0x39, 0x68, 0x41, 0x88, 0x39, 0x88, 0x39,
    0x67, 0x41, 0x68, 0x39, 0x88, 0x39, 0x87, 0x41, 0x68, 0x39, 0x88, 0x41,
    0x68, 0x39, 0x68, 0x39, 0x88, 0x41, 0x88, 0x39, 0x67, 0x39, 0x88, 0x41,
    0x88, 0x39, 0x68, 0x41, 0x88, 0x39, 0x67, 0x39, 0x68, 0x41, 0x88, 0x39,
    0x87, 0x39, 0x68, 0x41, 0x68, 0x39, 0x88, 0x41, 0x68, 0x39, 0x68, 0x39,
    0x88, 0x41, 0x87, 0x39, 0x68, 0x39, 0x68, 0x41, 0x88, 0x39, 0x88, 0x39,
    0x67, 0x41, 0x88, 0x39, 0x88, 0x41, 0x67, 0x39, 0x88, 0x39, 0x88, 0x41,
    0x68, 0x39, 0x68, 0x39, 0x88, 0x41, 0x68, 0x39, 0x67, 0x41, 0x88, 0x39,
    0x88, 0x39, 0x68, 0x41, 0x88, 0x39, 0x87, 0x39, 0x68, 0x39, 0x88, 0x39,
    0x87, 0x39, 0x68, 0x39, 0x88, 0x41, 0x87, 0x39, 0x68, 0x39, 0x88, 0x41,
    0x68, 0x39, 0x68, 0x39, 0x88, 0x41, 0x68, 0x39, 0x68, 0x39, 0x87, 0x39,
    0x68, 0x41, 0x68, 0x39, 0x87, 0x39, 0x88, 0x41, 0x68, 0x39, 0x68, 0x39,
    0x88, 0x39, 0x88, 0x39, 0x68, 0x39, 0x87, 0x41, 0x88, 0x39, 0x68, 0x39,
    0x88, 0x41, 0x68, 0x39, 0x68, 0x39, 0x88, 0x39, 0x68, 0x41, 0x88, 0x39,
    0x68, 0x39, 0x88, 0x41, 0x88, 0x39, 0x68, 0x39, 0x88, 0x39, 0x68, 0x39,
    0x68, 0x39, 0x87, 0x41, 0x88, 0x39, 0x68, 0x39, 0x88, 0x39, 0x68, 0x41,
    0x68, 0x39, 0x88, 0x39, 0x88, 0x39, 0x68, 0x39, 0x88, 0x39, 0x88, 0x41,
    0x68, 0x39, 0x68, 0x39, 0x88, 0x41, 0x68, 0x39, 0x67, 0x39, 0x88, 0x39,
    0x88, 0x39, 0x68, 0x41, 0x88, 0x39, 0x88, 0x39, 0x68, 0x41, 0x88, 0x39,
    0x68, 0x39, 0x88, 0x39, 0x88, 0x39, 0x68, 0x39, 0x68, 0x41, 0x88, 0x39,
    0x68, 0x39, 0x67, 0x39, 0x88, 0x41, 0x88, 0x39, 0x68, 0x39, 0x88, 0x39,
    0x88, 0x39, 0x68, 0x39, 0x88, 0x41, 0x68, 0x39, 0x68, 0x39, 0x68, 0x41,
    0x88, 0x39, 0x68, 0x39, 0x88, 0x41, 0x88, 0x39, 0x68, 0x39, 0x88, 0x41,
    0x88, 0x39, 0x68, 0x39, 0x68, 0x41, 0x88, 0x39, 0x68, 0x39, 0x68, 0x39,
    0x88, 0x39, 0x88, 0x39, 0x68, 0x39, 0x88, 0x39, 0x88, 0x39, 0x68, 0x39,
    0x68, 0x41, 0x88, 0x39, 0x68, 0x39, 0x68, 0x41, 0x87, 0x39, 0x68, 0x39,
    0x88, 0x39, 0x68, 0x41, 0x88, 0x39, 0x68, 0x39, 0x88, 0x41, 0x68, 0x39,
    0x68, 0x39, 0x88, 0x39, 0x68, 0x39, 0x88, 0x41, 0x68, 0x39, 0x68, 0x39,
    0x88, 0x39, 0x67, 0x39, 0x68, 0x41, 0x88, 0x39, 0x68, 0x39, 0x88, 0x39,
    0x68, 0x39, 0x68, 0x41, 0x88, 0x39, 0x68, 0x39, 0x88, 0x39, 0x88, 0x41,
    0x68, 0x39, 0x88, 0x39, 0x88, 0x39, 0x68, 0x39, 0x67, 0x39, 0x88, 0x41,
    0x68, 0x39, 0x88, 0x39, 0x88, 0x41, 0x68, 0x39, 0x68, 0x39, 0x88, 0x39,
    0x68, 0x39, 0x88, 0x41, 0x88, 0x39, 0x68, 0x39, 0x88, 0x41, 0x68, 0x39,
    0x68, 0x39, 0x87, 0x39, 0x68, 0x39, 0x88, 0x39, 0x68, 0x41, 0x68, 0x39,
    0x88, 0x39, 0x68, 0x39, 0x68, 0x41, 0x88, 0x39, 0x68, 0x39, 0x88, 0x39,
    0x68, 0x39, 0x68, 0x39, 0x88, 0x41, 0x68, 0x39, 0x87, 0x39, 0x88, 0x41,
    0x68, 0x39, 0x88, 0x39, 0x88, 0x39, 0x68, 0x39, 0x68, 0x41, 0x88, 0x39,
    0x68, 0x39, 0x88, 0x41, 0x88, 0x39, 0x68, 0x39, 0x68, 0x39, 0x88, 0x39,
    0x68, 0x39, 0x87, 0x41, 0x88, 0x39, 0x68, 0x39, 0x88, 0x39, 0x68, 0x41,
    0x68, 0x39, 0x88, 0x39, 0x68, 0x39, 0x88, 0x39, 0x68, 0x39, 0x68, 0x41,
    0x88, 0x39, 0x68, 0x39, 0x68, 0x41, 0x88, 0x39, 0x67, 0x39, 0x88, 0x39,
    0x68, 0x39, 0x68, 0x41, 0x88, 0x39, 0x68, 0x39, 0x88, 0x41, 0x88, 0x39,
    0x68, 0x39, 0x88, 0x39, 0x88, 0x39, 0x68, 0x39, 0x68, 0x41, 0x88, 0x39,
    0x68, 0x39, 0x87, 0x39, 0x88, 0x41, 0x68, 0x39, 0x68, 0x39, 0x88, 0x39,
    0x68, 0x39, 0x88, 0x39, 0x88, 0x41, 0x68, 0x39, 0x88, 0x39, 0x68, 0x41,
    0x68, 0x39, 0x88, 0x39, 0x68, 0x39, 0x88, 0x39, 0x67, 0x41, 0x68, 0x39,
    0x88, 0x39, 0x68, 0x41, 0x68, 0x39, 0x88, 0x39, 0x68, 0x39, 0x88, 0x39,
    0x68, 0x39, 0x88, 0x41, 0x88, 0x39, 0x68, 0x39, 0x88, 0x41, 0x68, 0x39,
    0x68, 0x39, 0x87, 0x41, 0x68, 0x39, 0x68, 0x39, 0x88, 0x41, 0x68, 0x39,
    0x68, 0x39, 0x88, 0x39, 0x68, 0x41, 0x68, 0x39, 0x88, 0x39, 0x68, 0x39,
    0x68, 0x39, 0x88, 0x39, 0x88, 0x39, 0x68, 0x41, 0x88, 0x39, 0x88, 0x39,
    0x68, 0x41, 0x68, 0x39, 0x88, 0x39, 0x68, 0x39, 0x88, 0x39, 0x68, 0x41,
    0x88, 0x39, 0x68, 0x39, 0x68, 0x39, 0x88, 0x39, 0x68, 0x39, 0x88, 0x39,
    0x88, 0x39, 0x68, 0x41, 0x88, 0x39, 0x68, 0x39, 0x87, 0x39, 0x68, 0x39,
    0x88, 0x39, 0x67, 0x39, 0x68, 0x39, 0x88, 0x41, 0x88, 0x39, 0x68, 0x39,
    0x68, 0x41, 0x88, 0x39, 0x68, 0x39, 0x88, 0x39, 0x88, 0x39, 0x68, 0x39,
    0x68, 0x41, 0x87, 0x39, 0x68, 0x41, 0x68, 0x39, 0x87, 0x39, 0x68, 0x39,
    0x88, 0x39, 0x88, 0x39, 0x68, 0x39, 0x88, 0x41, 0x68, 0x39, 0x68, 0x39,
    0x88, 0x41, 0x68, 0x39, 0x68, 0x39, 0x88, 0x39, 0x67, 0x39, 0x88, 0x39,
    0x68, 0x41, 0x67, 0x39, 0x88, 0x39, 0x88, 0x41, 0x68, 0x39, 0x88, 0x39,
    0x88, 0x39, 0x68, 0x39, 0x88, 0x39, 0x68, 0x41, 0x68, 0x39, 0x88, 0x41,
    0x68, 0x39, 0x87, 0x39, 0x88, 0x39, 0x68, 0x39, 0x87, 0x39, 0x88, 0x39,
    0x68, 0x39, 0x68, 0x39, 0x88, 0x39, 0x68, 0x39, 0x88, 0x39, 0x88, 0x39,
    0x88, 0x41, 0x68, 0x39, 0x88, 0x39, 0x88, 0x41, 0x68, 0x39, 0x68, 0x41,
    0x88, 0x39, 0x68, 0x39, 0x68, 0x41, 0x87, 0x39, 0x88, 0x39, 0x68, 0x41,
    0x87, 0x39, 0x88, 0x39, 0x68, 0x39, 0x88, 0x39, 0x68, 0x41, 0x88, 0x39,
    0x68, 0x39, 0x88, 0x41, 0x68, 0x39, 0x88, 0x39, 0x87, 0x39, 0x68, 0x39,
    0x88, 0x41, 0x67, 0x39, 0x88, 0x39, 0x88, 0x39, 0x68, 0x39, 0x88, 0x41,
    0x88, 0x39, 0x68, 0x39, 0x88, 0x39, 0x68, 0x39, 0x88, 0x41, 0x68, 0x39,
    0x88, 0x39, 0x87, 0x39, 0x68, 0x39, 0x68, 0x39, 0x87, 0x39, 0x68, 0x39,
    0x68, 0x41, 0x88, 0x39, 0x68, 0x41, 0x68, 0x39, 0x88, 0x39, 0x68, 0x39,
    0x68, 0x39, 0x88, 0x39, 0x68, 0x39, 0x88, 0x41, 0x87, 0x39, 0x68, 0x39,
    0x68, 0x41, 0x87, 0x39, 0x68, 0x39, 0x88, 0x39, 0x88, 0x39, 0x68, 0x39,
    0x88, 0x41, 0x68, 0x39, 0x88, 0x39, 0x88, 0x41, 0x68, 0x39, 0x88, 0x39,
    0x88, 0x39, 0x67, 0x39, 0x88, 0x39, 0x68, 0x41, 0x87, 0x39, 0x68, 0x41,
    0x88, 0x39, 0x88, 0x39, 0x68, 0x39, 0x68, 0x39, 0x88, 0x39, 0x68, 0x39,
    0x68, 0x41, 0x88, 0x39, 0x68, 0x39, 0x68, 0x41, 0x87, 0x39, 0x68, 0x39,
    0x68, 0x39, 0x87, 0x39, 0x68, 0x39, 0x88, 0x41, 0x88, 0x39, 0x68, 0x39,
    0x68, 0x41, 0x88, 0x39, 0x68, 0x39, 0x88, 0x39, 0x88, 0x39, 0x68, 0x39,
    0x88, 0x41, 0x67, 0x39, 0x88, 0x41, 0x88, 0x39, 0x67, 0x39, 0x88, 0x39,
    0x88, 0x39, 0x68, 0x39, 0x88, 0x39, 0x68, 0x41, 0x88, 0x39, 0x68, 0x39,
    0x88, 0x41, 0x88, 0x39, 0x68, 0x39, 0x68, 0x39, 0x87, 0x39, 0x68, 0x39,
    0x68, 0x41, 0x87, 0x39, 0x68, 0x39, 0x68, 0x41, 0x88, 0x39, 0x68, 0x39,
    0x68, 0x39, 0x88, 0x39, 0x68, 0x39, 0x88, 0x41, 0x88, 0x39, 0x68, 0x41,
    0x68, 0x39, 0x87, 0x39, 0x68, 0x39, 0x88, 0x39, 0x87, 0x39, 0x68, 0x39,
    0x88, 0x41, 0x68, 0x39, 0x88, 0x39, 0x88, 0x41, 0x68, 0x39, 0x88, 0x39,
    0x88, 0x39, 0x68, 0x39, 0x88, 0x39, 0x68, 0x41, 0x87, 0x39, 0x68, 0x39,
    0x88, 0x41, 0x67, 0x39, 0x68, 0x39, 0x88, 0x39, 0x88, 0x39, 0x68, 0x39,
    0x88, 0x39, 0x88, 0x39, 0x68, 0x39, 0x88, 0x39, 0x88, 0x41, 0x68, 0x39,
    0x88, 0x39, 0x88, 0x41, 0x68, 0x39, 0x88, 0x39, 0x68, 0x41, 0x88, 0x39,
    0x68, 0x39, 0x88, 0x39, 0x67, 0x39, 0x68, 0x39, 0x88, 0x39, 0x88, 0x39,
    0x68, 0x39, 0x88, 0x41, 0x88, 0x39, 0x68, 0x39, 0x87, 0x41, 0x88, 0x39,
    0x68, 0x39, 0x87, 0x41, 0x88, 0x41, 0x68, 0x39, 0x68, 0x41, 0x87, 0x39,
    0x68, 0x39, 0x88, 0x39, 0x67, 0x41, 0x88, 0x39, 0x68, 0x39, 0x88, 0x41,
    0x88, 0x39, 0x68, 0x39, 0x68, 0x41, 0x87, 0x39, 0x68, 0x39, 0x88, 0x41,
    0x87, 0x39, 0x68, 0x39, 0x68, 0x41, 0x88, 0x41, 0x67, 0x39, 0x88, 0x39,
    0x88, 0x39, 0x68, 0x39, 0x88, 0x39, 0x88, 0x41, 0x68, 0x39, 0x68, 0x39,
    0x87, 0x41, 0x68, 0x39, 0x88, 0x39, 0x87, 0x39, 0x88, 0x41, 0x68, 0x39,
    0x88, 0x39, 0x87, 0x39, 0x68, 0x41, 0x88, 0x39, 0x68, 0x39, 0x88, 0x41,
    0x88, 0x39, 0x68, 0x39, 0x68, 0x41, 0x87, 0x39, 0x68, 0x39, 0x68, 0x41,
    0x87, 0x41, 0x68, 0x39, 0x88, 0x39, 0x68, 0x39, 0x87, 0x39, 0x68, 0x39,
    0x68, 0x41, 0x88, 0x39, 0x68, 0x39, 0x68, 0x41, 0x88, 0x39, 0x88, 0x41,
    0x67, 0x41, 0x88, 0x39, 0x68, 0x39, 0x68, 0x41, 0x88, 0x39, 0x68, 0x39,
    0x68, 0x39, 0x88, 0x39, 0x68, 0x39, 0x87, 0x39, 0x88, 0x39, 0x68, 0x39,
    0x87, 0x41, 0x68, 0x39, 0x88, 0x39, 0x68, 0x41, 0x68, 0x39, 0x88, 0x39,
    0x68, 0x39, 0x68, 0x41, 0x88, 0x39, 0x68, 0x39, 0x88, 0x39, 0x68, 0x39,
    0x87, 0x39, 0x68, 0x39, 0x68, 0x41, 0x88, 0x39, 0x68, 0x39, 0x88, 0x41,
    0x88, 0x39, 0x68, 0x39, 0x68, 0x41, 0x87, 0x39, 0x68, 0x39, 0x68, 0x41,
    0x87, 0x39, 0x88, 0x39, 0x68, 0x41, 0x88, 0x39, 0x67, 0x39, 0x88, 0x41,
    0x68, 0x39, 0x88, 0x41, 0x88, 0x41, 0x68, 0x39, 0x88, 0x41, 0x68, 0x39,
    0x87, 0x39, 0x88, 0x39, 0x68, 0x39, 0x87, 0x41, 0x88, 0x39, 0x68, 0x39,
    0x88, 0x41, 0x67, 0x39, 0x68, 0x39, 0x88, 0x39, 0x88, 0x41, 0x68, 0x39,
    0x88, 0x39, 0x68, 0x39, 0x68, 0x41, 0x87, 0x39, 0x68, 0x39, 0x88, 0x41,
    0x87, 0x39, 0x68, 0x39, 0x68, 0x41, 0x88, 0x39, 0x67, 0x39, 0x68, 0x41,
    0x88, 0x41, 0x88, 0x39, 0x68, 0x39, 0x88, 0x39, 0x68, 0x39, 0x88, 0x39,
    0x67, 0x41, 0x88, 0x39, 0x88, 0x39, 0x67, 0x41, 0x88, 0x39, 0x68, 0x39,
    0x88, 0x39, 0x87, 0x41, 0x68, 0x39, 0x88, 0x39, 0x88, 0x39, 0x68, 0x41,
    0x88, 0x39, 0x68, 0x39, 0x68, 0x41, 0x87, 0x39, 0x88, 0x39, 0x68, 0x41,
    0x87, 0x39, 0x68, 0x39, 0x68, 0x41, 0x88, 0x41, 0x67, 0x39, 0x88, 0x39,
    0x88, 0x39, 0x68, 0x39, 0x68, 0x39, 0x88, 0x41, 0x68, 0x39, 0x68, 0x39,
    0x87, 0x41, 0x88, 0x39, 0x68, 0x39, 0x87, 0x39, 0x68, 0x41, 0x88, 0x39,
    0x68, 0x39, 0x87, 0x39, 0x88, 0x41, 0x68, 0x39, 0x88, 0x39, 0x68, 0x41,
    0x88, 0x39, 0x88, 0x39, 0x68, 0x41, 0x87, 0x39, 0x88, 0x39, 0x68, 0x41,
    0x87, 0x41, 0x68, 0x39, 0x68, 0x39, 0x88, 0x39, 0x87, 0x39, 0x68, 0x39,
    0x88, 0x41, 0x68, 0x39, 0x68, 0x39, 0x88, 0x41, 0x68, 0x39, 0x88, 0x39,
    0x87, 0x39, 0x68, 0x41, 0x68, 0x39, 0x87, 0x39, 0x68, 0x39, 0x68, 0x41,
    0x88, 0x39, 0x87, 0x39, 0x68, 0x41, 0x88, 0x39, 0x68, 0x39, 0x88, 0x41,
    0x68, 0x39, 0x88, 0x39, 0x68, 0x39, 0x87, 0x41, 0x68, 0x39, 0x68, 0x41,
    0x87, 0x39, 0x68, 0x41, 0x68, 0x39, 0x88, 0x39, 0x67, 0x39, 0x68, 0x39,
    0x88, 0x41, 0x67, 0x39, 0x88, 0x39, 0x68, 0x39, 0x87, 0x39, 0x68, 0x39,
    0x88, 0x39, 0x68, 0x41, 0x88, 0x39, 0x68, 0x41, 0x67, 0x39, 0x88, 0x39,
    0x68, 0x41, 0x67, 0x39, 0x88, 0x39, 0x68, 0x41, 0x68, 0x39, 0x88, 0x39,
    0x68, 0x39, 0x68, 0x39, 0x88, 0x39, 0x88, 0x39, 0x68, 0x41, 0x68, 0x39,
    0x88, 0x39, 0x68, 0x39, 0x88, 0x39, 0x68, 0x41, 0x68, 0x39, 0x88, 0x39,
    0x68, 0x41, 0x88, 0x39, 0x88, 0x39, 0x68, 0x39, 0x68, 0x39, 0x88, 0x39,
    0x88, 0x39, 0x68, 0x39, 0x88, 0x39, 0x68, 0x39, 0x68, 0x41, 0x88, 0x39,
    0x68, 0x39, 0x68, 0x41, 0x88, 0x39, 0x88, 0x39, 0x68, 0x41, 0x88, 0x39,
    0x68, 0x39, 0x68, 0x41, 0x68, 0x39, 0x88, 0x39, 0x68, 0x39, 0x68, 0x41,
    0x88, 0x39, 0x68, 0x39, 0x88, 0x41, 0x68, 0x39, 0x88, 0x39, 0x68, 0x39,
    0x88, 0x39, 0x88, 0x39, 0x68, 0x39, 0x88, 0x39, 0x88, 0x39, 0x68, 0x39,
    0x68, 0x39, 0x88, 0x41, 0x68, 0x39, 0x88, 0x39, 0x88, 0x41, 0x68, 0x39,
    0x88, 0x39, 0x88, 0x41, 0x68, 0x39, 0x88, 0x39, 0x68, 0x39, 0x68, 0x39,
    0x88, 0x39, 0x88, 0x39, 0x68, 0x41, 0x87, 0x39, 0x88, 0x41, 0x68, 0x39,
    0x88, 0x41, 0x68, 0x39, 0x68, 0x41, 0x88, 0x39, 0x68, 0x39, 0x88, 0x39,
    0x68, 0x41, 0x88, 0x39, 0x88, 0x39, 0x68, 0x39, 0x88, 0x39, 0x88, 0x39,
    0x68, 0x41, 0x88, 0x39, 0x67, 0x39, 0x88, 0x41, 0x68, 0x39, 0x88, 0x41,
    0x88, 0x39, 0x68, 0x39, 0x88, 0x39, 0x67, 0x41, 0x68, 0x39, 0x88, 0x39,
    0x68, 0x39, 0x88, 0x39, 0x68, 0x41, 0x88, 0x39, 0x88, 0x39, 0x68, 0x39,
    0x68, 0x39, 0x88, 0x41, 0x68, 0x39, 0x68, 0x39, 0x88, 0x39, 0x68, 0x39,
    0x68, 0x39, 0x88, 0x39, 0x68, 0x39, 0x88, 0x39, 0x68, 0x39, 0x88, 0x41,
    0x68, 0x39, 0x68, 0x39, 0x88, 0x39, 0x68, 0x41, 0x88, 0x39, 0x88, 0x39,
    0x68, 0x41, 0x88, 0x39, 0x88, 0x39, 0x68, 0x41, 0x68, 0x39, 0x88, 0x39,
    0x88, 0x39, 0x68, 0x41, 0x88, 0x39, 0x68, 0x39, 0x68, 0x41, 0x88, 0x39,
    0x68, 0x39, 0x88, 0x39, 0x68, 0x39, 0x88, 0x39, 0x88, 0x39, 0x68, 0x39,
    0x68, 0x39, 0x88, 0x41, 0x68, 0x39, 0x68, 0x39, 0x88, 0x41, 0x68, 0x39,
    0x68, 0x39, 0x88, 0x41, 0x68, 0x39, 0x88, 0x39, 0x68, 0x41, 0x88, 0x39,
    0x68, 0x39, 0x68, 0x39, 0x88, 0x41, 0x68, 0x39, 0x88, 0x39, 0x88, 0x41,
    0x68, 0x39, 0x88, 0x39, 0x88, 0x39, 0x68, 0x39, 0x68, 0x39, 0x88, 0x39,
    0x88, 0x39, 0x68, 0x39, 0x88, 0x39, 0x68, 0x39, 0x68, 0x41, 0x88, 0x39,
    0x68, 0x39, 0x88, 0x41, 0x68, 0x39, 0x88, 0x39, 0x88, 0x41, 0x68, 0x39,
    0x68, 0x39, 0x88, 0x41, 0x68, 0x39, 0x68, 0x39, 0x88, 0x39, 0x68, 0x41,
    0x68, 0x39, 0x88, 0x39, 0x68, 0x41, 0x88, 0x39, 0x68, 0x39, 0x88, 0x39,
    0x68, 0x39, 0x68, 0x39, 0x88, 0x39, 0x68, 0x39, 0x88, 0x39, 0x88, 0x39,
    0x68, 0x39, 0x88, 0x41, 0x88, 0x39, 0x68, 0x39, 0x68, 0x41, 0x88, 0x39,
    0x88, 0x39, 0x68, 0x41, 0x88, 0x39, 0x68, 0x39, 0x68, 0x41, 0x88, 0x39,
    0x68, 0x39, 0x88, 0x39, 0x68, 0x41, 0x88, 0x39, 0x88, 0x39, 0x68, 0x41,
    0x68, 0x39, 0x88, 0x39, 0x68, 0x39, 0x68, 0x39, 0x88, 0x39, 0x68, 0x39,
    0x88, 0x39, 0x88, 0x41, 0x68, 0x39, 0x88, 0x39, 0x68, 0x39, 0x88, 0x39,
    0x88, 0x41, 0x68, 0x39, 0x88, 0x39, 0x88, 0x41, 0x68, 0x39, 0x88, 0x39,
    0x68, 0x39, 0x68, 0x39, 0x88, 0x41, 0x68, 0x39, 0x88, 0x39, 0x68, 0x41,
    0x68, 0x39, 0x88, 0x39, 0x88, 0x41, 0x68, 0x39, 0x88, 0x39, 0x88, 0x41,
    0x68, 0x39, 0x88, 0x39, 0x88, 0x39, 0x68, 0x39, 0x88, 0x39, 0x68, 0x41,
    0x88, 0x39, 0x68, 0x39, 0x67, 0x39, 0x88, 0x39, 0x88, 0x39, 0x68, 0x41,
    0x88, 0x39, 0x88, 0x39, 0x68, 0x41, 0x88, 0x39, 0x87, 0x39, 0x68, 0x39,
    0x68, 0x39, 0x87, 0x41, 0x88, 0x39, 0x68, 0x41, 0x88, 0x39, 0x68, 0x41,
    0x68, 0x39, 0x88, 0x39, 0x87, 0x39, 0x68, 0x39, 0x88, 0x39, 0x88, 0x41,
    0x67, 0x39, 0x88, 0x39, 0x68, 0x39, 0x67, 0x39, 0x88, 0x39, 0x88, 0x39,
    0x88, 0x39, 0x68, 0x41, 0x88, 0x39, 0x68, 0x39, 0x88, 0x39, 0x87, 0x39,
    0x68, 0x39, 0x68, 0x39, 0x88, 0x39, 0x67, 0x41, 0x68, 0x39, 0x88, 0x39,
    0x67, 0x41, 0x68, 0x41, 0x88, 0x39, 0x68, 0x39, 0x88, 0x41, 0x88, 0x39,
    0x68, 0x39, 0x88, 0x39, 0x67, 0x39, 0x68, 0x41, 0x88, 0x39, 0x68, 0x39,
    0x87, 0x39, 0x68, 0x39, 0x88, 0x41, 0x87, 0x39, 0x68, 0x39, 0x68, 0x41,
    0x88, 0x39, 0x68, 0x39, 0x88, 0x39, 0x68, 0x39, 0x68, 0x39, 0x88, 0x39,
    0x87, 0x39, 0x68, 0x41, 0x88, 0x39, 0x68, 0x39, 0x68, 0x41, 0x88, 0x39,
    0x68, 0x39, 0x68, 0x39, 0x87, 0x41, 0x68, 0x39, 0x68, 0x39, 0x87, 0x41,
    0x68, 0x39, 0x88, 0x39, 0x88, 0x39, 0x68, 0x39, 0x68, 0x41, 0x87, 0x39,
    0x68, 0x39, 0x88, 0x41, 0x88, 0x39, 0x68, 0x39, 0x88, 0x39, 0x68, 0x41,
    0x87, 0x39, 0x68, 0x39, 0x88, 0x39, 0x68, 0x39, 0x88, 0x41, 0x68, 0x39,
    0x88, 0x39, 0x68, 0x39, 0x87, 0x39, 0x88, 0x41, 0x68, 0x39, 0x88, 0x39,
    0x87, 0x41, 0x68, 0x39, 0x68, 0x39, 0x87, 0x39, 0x68, 0x39, 0x88, 0x39,
    0x88, 0x41, 0x68, 0x39, 0x88, 0x39, 0x68, 0x39, 0x68, 0x39, 0x87, 0x39,
    0x68, 0x39, 0x88, 0x41, 0x68, 0x39, 0x67, 0x39, 0x88, 0x39, 0x68, 0x39,
    0x67, 0x41, 0x88, 0x39, 0x88, 0x39, 0x68, 0x39, 0x88, 0x39, 0x68, 0x39,
    0x88, 0x41, 0x68, 0x39, 0x87, 0x39, 0x68, 0x41, 0x88, 0x39, 0x68, 0x39,
    0x87, 0x39, 0x68, 0x39, 0x88, 0x41, 0x87, 0x39, 0x68, 0x39, 0x88, 0x39,
    0x88, 0x39, 0x68, 0x39, 0x68, 0x39, 0x88, 0x39, 0x68, 0x41, 0x87, 0x39,
    0x88, 0x39, 0x68, 0x39, 0x88, 0x39, 0x67, 0x39, 0x68, 0x39, 0x88, 0x39,
    0x67, 0x41, 0x88, 0x39, 0x68, 0x39, 0x68, 0x41, 0x88, 0x41, 0x68, 0x39,
    0x68, 0x39, 0x88, 0x41, 0x87, 0x39, 0x68, 0x39, 0x88, 0x39, 0x68, 0x39,
    0x87, 0x41, 0x68, 0x39, 0x88, 0x39, 0x67, 0x39, 0x88, 0x39, 0x68, 0x39,
    0x88, 0x39, 0x68, 0x41, 0x88, 0x39, 0x88, 0x39, 0x68, 0x39, 0x87, 0x39,
    0x88, 0x39, 0x68, 0x39, 0x68, 0x39, 0x87, 0x41, 0x68, 0x39, 0x88, 0x39,
    0x87, 0x41, 0x68, 0x41, 0x88, 0x39, 0x68, 0x39, 0x68, 0x41, 0x88, 0x39,
    0x68, 0x39, 0x88, 0x39, 0x67, 0x39, 0x68, 0x41, 0x88, 0x39, 0x68, 0x39,
    0x67, 0x39, 0x88, 0x39, 0x88, 0x39, 0x67, 0x39, 0x88, 0x41, 0x68, 0x39,
    0x88, 0x39, 0x68, 0x39, 0x88, 0x39, 0x68, 0x39, 0x88, 0x39, 0x67, 0x39,
    0x88, 0x41, 0x68, 0x39, 0x88, 0x39, 0x87, 0x41, 0x68, 0x41, 0x68, 0x39,
    0x87, 0x39, 0x68, 0x39, 0x68, 0x41, 0x88, 0x39, 0x88, 0x39, 0x68, 0x39,
    0x68, 0x39, 0x88, 0x39, 0x67, 0x39, 0x68, 0x41, 0x88, 0x39, 0x88, 0x39,
    0x68, 0x41, 0x88, 0x39, 0x88, 0x39, 0x68, 0x41, 0x88, 0x39, 0x88, 0x39,
    0x68, 0x39, 0x68, 0x39, 0x88, 0x39, 0x68, 0x39, 0x88, 0x39, 0x68, 0x39,
    0x68, 0x39, 0x88, 0x41, 0x67, 0x39, 0x88, 0x39, 0x68, 0x41, 0x87, 0x39,
    0x88, 0x39, 0x68, 0x41, 0x88, 0x41, 0x68, 0x39, 0x67, 0x39, 0x88, 0x39,
    0x68, 0x41, 0x67, 0x39, 0x88, 0x39, 0x68, 0x39, 0x88, 0x41, 0x88, 0x39,
    0x68, 0x39, 0x68, 0x39, 0x88, 0x39, 0x68, 0x39, 0x87, 0x41, 0x88, 0x39,
    0x68, 0x39, 0x68, 0x41, 0x88, 0x41, 0x68, 0x39, 0x88, 0x39, 0x68, 0x39,
    0x88, 0x41, 0x88, 0x39, 0x68, 0x41, 0x68, 0x39, 0x88, 0x41, 0x67, 0x39,
    0x68, 0x39, 0x88, 0x39, 0x87, 0x41, 0x68, 0x39, 0x68, 0x41, 0x88, 0x39,
    0x88, 0x41, 0x68, 0x39, 0x88, 0x39, 0x88, 0x39, 0x68, 0x41, 0x88, 0x39,
    0x68, 0x39, 0x88, 0x39, 0x67, 0x39, 0x68, 0x41, 0x88, 0x39, 0x67, 0x39,
    0x88, 0x41, 0x88, 0x39, 0x68, 0x39, 0x88, 0x39, 0x68, 0x39, 0x88, 0x41,
    0x68, 0x39, 0x68, 0x39, 0x88, 0x39, 0x68, 0x41, 0x88, 0x39, 0x87, 0x39,
    0x68, 0x41, 0x88, 0x39, 0x67, 0x39, 0x88, 0x41, 0x68, 0x39, 0x68, 0x39,
    0x88, 0x39, 0x88, 0x39, 0x68, 0x39, 0x87, 0x39, 0x88, 0x41, 0x68, 0x39,
    0x87, 0x39, 0x88, 0x41, 0x68, 0x39, 0x88, 0x39, 0x68, 0x41, 0x88, 0x39,
    0x68, 0x39, 0x68, 0x41, 0x88, 0x39, 0x68, 0x39, 0x88, 0x39, 0x68, 0x39,
    0x68, 0x39, 0x88, 0x41, 0x68, 0x39, 0x88, 0x39, 0x88, 0x41, 0x68, 0x39,
    0x68, 0x39, 0x88, 0x41, 0x68, 0x39, 0x87, 0x39, 0x68, 0x41, 0x88, 0x39,
    0x67, 0x39, 0x88, 0x41, 0x68, 0x39, 0x88, 0x39, 0x68, 0x41, 0x88, 0x39,
    0x88, 0x39, 0x68, 0x41, 0x88, 0x39, 0x68, 0x41, 0x88, 0x39, 0x67, 0x39,
    0x68, 0x41, 0x88, 0x39, 0x87, 0x39, 0x68, 0x41, 0x88, 0x41, 0x68, 0x39,
    0x88, 0x39, 0x68, 0x39, 0x88, 0x41, 0x88, 0x39, 0x88, 0x39, 0x68, 0x41,
    0x88, 0x39, 0x68, 0x39, 0x67, 0x41, 0x88, 0x39, 0x88, 0x39, 0x67, 0x41,
    0x68, 0x39, 0x88, 0x39, 0x68, 0x41, 0x88, 0x39, 0x68, 0x41, 0x88, 0x39,
    0x68, 0x39, 0x88, 0x39, 0x68, 0x39, 0x88, 0x41, 0x68, 0x39, 0x87, 0x41,
    0x88, 0x39, 0x68, 0x41, 0x87, 0x39, 0x68, 0x39, 0x88, 0x39, 0x68, 0x41,
    0x68, 0x39, 0x88, 0x41, 0x88, 0x39, 0x68, 0x41, 0x88, 0x39, 0x68, 0x39,
    0x88, 0x39, 0x68, 0x41, 0x87, 0x39, 0x88, 0x39, 0x88, 0x39, 0x67, 0x39,
    0x88, 0x41, 0x68, 0x39, 0x68, 0x39, 0x88, 0x41, 0x88, 0x39, 0x68, 0x39,
    0x68, 0x39, 0x88, 0x39, 0x68, 0x41, 0x88, 0x39, 0x68, 0x41, 0x87, 0x39,
    0x68, 0x39, 0x88, 0x39, 0x67, 0x41, 0x88, 0x39, 0x68, 0x41, 0x88, 0x39,
    0x88, 0x41, 0x68, 0x39, 0x88, 0x39, 0x68, 0x39, 0x88, 0x41, 0x68, 0x39,
    0x68, 0x39, 0x88, 0x39, 0x87, 0x39, 0x68, 0x41, 0x88, 0x39, 0x67, 0x39,
    0x88, 0x41, 0x68, 0x39, 0x88, 0x39, 0x88, 0x39, 0x88, 0x39, 0x68, 0x41,
    0x88, 0x39, 0x68, 0x41, 0x68, 0x39, 0x88, 0x39, 0x88, 0x39, 0x67, 0x41,
    0x68, 0x39, 0x88, 0x41, 0x67, 0x39, 0x88, 0x41, 0x68, 0x39, 0x88, 0x39,
    0x68, 0x39, 0x88, 0x41, 0x68, 0x39, 0x88, 0x39, 0x88, 0x39, 0x68, 0x41,
    0x88, 0x39, 0x88, 0x39, 0x67, 0x39, 0x68, 0x41, 0x88, 0x39, 0x67, 0x41,
    0x88, 0x39, 0x88, 0x39, 0x68, 0x41, 0x68, 0x39, 0x88, 0x39, 0x67, 0x41,
    0x68, 0x39, 0x88, 0x39, 0x67, 0x39, 0x68, 0x39, 0x68, 0x39, 0x88, 0x39,
    0x88, 0x39, 0x68, 0x39, 0x87, 0x41, 0x68, 0x39, 0x68, 0x41, 0x87, 0x39,
    0x88, 0x39, 0x68, 0x41, 0x68, 0x39, 0x88, 0x39, 0x68, 0x39, 0x68, 0x39,
    0x88, 0x39, 0x88, 0x39, 0x68, 0x39, 0x88, 0x41, 0x88, 0x39, 0x68, 0x39,
    0x88, 0x39, 0x68, 0x41, 0x88, 0x39, 0x68, 0x39, 0x68, 0x41, 0x88, 0x39,
    0x88, 0x39, 0x68, 0x41, 0x68, 0x39, 0x88, 0x39, 0x68, 0x39, 0x88, 0x39,
    0x68, 0x39, 0x87, 0x39, 0x68, 0x39, 0x88, 0x41, 0x68, 0x39, 0x68, 0x39,
    0x88, 0x39, 0x68, 0x39, 0x88, 0x39, 0x88, 0x41, 0x68, 0x39, 0x68, 0x39,
    0x88, 0x41, 0x68, 0x39, 0x88, 0x39, 0x68, 0x39, 0x68, 0x39, 0x88, 0x41,
    0x68, 0x39, 0x67, 0x39, 0x88, 0x41, 0x68, 0x39, 0x88, 0x39, 0x68, 0x39,
    0x88, 0x39, 0x88, 0x39, 0x68, 0x41, 0x88, 0x39, 0x68, 0x39, 0x68, 0x39,
    0x88, 0x41, 0x68, 0x39, 0x88, 0x39, 0x88, 0x41, 0x67, 0x39, 0x88, 0x39,
    0x88, 0x41, 0x68, 0x39, 0x68, 0x39, 0x88, 0x39, 0x68, 0x39, 0x88, 0x39,
    0x68, 0x39, 0x68, 0x41, 0x88, 0x39, 0x88, 0x39, 0x88, 0x41, 0x68, 0x39,
    0x68, 0x41, 0x88, 0x39, 0x68, 0x39, 0x88, 0x41, 0x68, 0x39, 0x68, 0x39,
    0x88, 0x39, 0x68, 0x39, 0x88, 0x39, 0x68, 0x39, 0x88, 0x39, 0x88, 0x39,
    0x68, 0x39, 0x87, 0x41, 0x68, 0x39, 0x88, 0x39, 0x87, 0x41, 0x68, 0x39,
    0x88, 0x39, 0x67, 0x39, 0x68, 0x39, 0x88, 0x39, 0x67, 0x39, 0x88, 0x39,
    0x88, 0x39, 0x68, 0x41, 0x88, 0x39, 0x68, 0x39, 0x88, 0x39, 0x68, 0x39,
    0x88, 0x41, 0x68, 0x39, 0x88, 0x39, 0x68, 0x39, 0x68, 0x39, 0x67, 0x39,
    0x88, 0x39, 0x68, 0x39, 0x88, 0x41, 0x88, 0x39, 0x68, 0x39, 0x88, 0x39,
    0x68, 0x39, 0x68, 0x39, 0x88, 0x39, 0x68, 0x39, 0x88, 0x39, 0x88, 0x41,
    0x68, 0x39, 0x67, 0x39, 0x88, 0x39, 0x68, 0x39, 0x68, 0x41, 0x88, 0x39,
    0x88, 0x39, 0x68, 0x39, 0x88, 0x39, 0x68, 0x41, 0x88, 0x39, 0x88, 0x39,
    0x68, 0x39, 0x88, 0x39, 0x88, 0x39, 0x68, 0x39, 0x87, 0x39, 0x68, 0x41,
    0x88, 0x39, 0x68, 0x41, 0x88, 0x39, 0x68, 0x39, 0x68, 0x39, 0x68, 0x39,
    0x88, 0x41, 0x68, 0x39, 0x88, 0x39, 0x88, 0x41, 0x68, 0x39, 0x88, 0x39,
    0x68, 0x39, 0x67, 0x39, 0x88, 0x41, 0x68, 0x39, 0x88, 0x39, 0x88, 0x41,
    0x68, 0x39, 0x68, 0x39, 0x88, 0x39, 0x68, 0x39, 0x68, 0x39, 0x88, 0x41,
    0x88, 0x39, 0x68, 0x39, 0x88, 0x39, 0x68, 0x41, 0x87, 0x39, 0x88, 0x39,
    0x68, 0x41, 0x88, 0x39, 0x88, 0x39, 0x68, 0x39, 0x88, 0x41, 0x68, 0x39,
    0x88, 0x39, 0x68, 0x41, 0x88, 0x39, 0x68, 0x39, 0x68, 0x39, 0x68, 0x41,
    0x88, 0x39, 0x67, 0x39, 0x88, 0x41, 0x88, 0x39, 0x68, 0x39, 0x88, 0x39,
    0x68, 0x39, 0x68, 0x39, 0x88, 0x41, 0x68, 0x39, 0x88, 0x39, 0x88, 0x39,
    0x68, 0x41, 0x68, 0x39, 0x88, 0x39, 0x68, 0x41, 0x67, 0x39, 0x88, 0x39,
    0x88, 0x39, 0x68, 0x41, 0x88, 0x39, 0x68, 0x39, 0x88, 0x41, 0x88, 0x39,
    0x68, 0x39, 0x88, 0x39, 0x88, 0x41, 0x68, 0x39, 0x88, 0x39, 0x68, 0x41,
    0x88, 0x39, 0x67, 0x39, 0x68, 0x39, 0x88, 0x39, 0x68, 0x39, 0x68, 0x39,
    0x88, 0x41, 0x88, 0x39, 0x68, 0x39, 0x88, 0x39, 0x68, 0x39, 0x88, 0x41,
    0x68, 0x39, 0x88, 0x39, 0x88, 0x39, 0x68, 0x39, 0x88, 0x39, 0x88, 0x39,
    0x68, 0x39, 0x88, 0x41, 0x88, 0x39, 0x68, 0x39, 0x88, 0x41, 0x68, 0x39,
    0x68, 0x39, 0x88, 0x39, 0x88, 0x39, 0x68, 0x41, 0x88, 0x39, 0x88, 0x39,
    0x68, 0x39, 0x88, 0x39, 0x88, 0x41, 0x68, 0x39, 0x88, 0x41, 0x68, 0x39,
    0x67, 0x41, 0x88, 0x39, 0x68, 0x39, 0x68, 0x39, 0x88, 0x41, 0x68, 0x39,
    0x88, 0x39, 0x88, 0x39, 0x67, 0x39, 0x88, 0x39, 0x68, 0x39, 0x67, 0x39,
    0x88, 0x41, 0x88, 0x39, 0x67, 0x39, 0x88, 0x41, 0x68, 0x39, 0x68, 0x41,
    0x88, 0x39, 0x88, 0x39, 0x68, 0x39, 0x88, 0x39, 0x87, 0x41, 0x68, 0x39,
    0x68, 0x39, 0x87, 0x41, 0x68, 0x39, 0x88, 0x39, 0x87, 0x39, 0x68, 0x39,
    0x88, 0x41, 0x88, 0x39, 0x68, 0x39, 0x87, 0x41, 0x88, 0x39, 0x68, 0x39,
    0x88, 0x39, 0x88, 0x39, 0x68, 0x39, 0x88, 0x41, 0x67, 0x39, 0x68, 0x41,
    0x88, 0x39, 0x67, 0x39, 0x88, 0x41, 0x88, 0x39, 0x68, 0x39, 0x88, 0x39,
    0x67, 0x39, 0x68, 0x39, 0x88, 0x41, 0x68, 0x39, 0x68, 0x39, 0x88, 0x39,
    0x68, 0x39, 0x87, 0x41, 0x88, 0x39, 0x68, 0x39, 0x68, 0x41, 0x88, 0x39,
    0x88, 0x39, 0x68, 0x39, 0x68, 0x39, 0x88, 0x39, 0x67, 0x39, 0x88, 0x41,
    0x88, 0x39, 0x67, 0x39, 0x68, 0x41, 0x88, 0x39, 0x88, 0x39, 0x68, 0x41,
    0x88, 0x39, 0x68, 0x39, 0x67, 0x41, 0x88, 0x39, 0x68, 0x41, 0x67, 0x39,
    0x88, 0x39, 0x88, 0x39, 0x68, 0x39, 0x68, 0x41, 0x88, 0x39, 0x88, 0x39,
    0x68, 0x41, 0x88, 0x39, 0x88, 0x41, 0x68, 0x39, 0x68, 0x41, 0x88, 0x39,
    0x68, 0x39, 0x87, 0x39, 0x68, 0x41, 0x88, 0x39, 0x68, 0x39, 0x88, 0x41,
    0x68, 0x39, 0x88, 0x39, 0x87, 0x41, 0x68, 0x39, 0x88, 0x41, 0x88, 0x39,
    0x68, 0x39, 0x68, 0x41, 0x87, 0x39, 0x68, 0x39, 0x68, 0x41, 0x88, 0x39,
    0x88, 0x41, 0x68, 0x41, 0x88, 0x39, 0x67, 0x39, 0x68, 0x39, 0x88, 0x39,
    0x68, 0x41, 0x88, 0x39, 0x68, 0x39, 0x88, 0x41, 0x67, 0x39, 0x68, 0x39,
    0x88, 0x39, 0x87, 0x41, 0x68, 0x39, 0x68, 0x39, 0x88, 0x39, 0x68, 0x41,
    0x67, 0x39, 0x88, 0x41, 0x68, 0x39, 0x68, 0x39, 0x88, 0x39, 0x68, 0x39,
    0x88, 0x41, 0x67, 0x39, 0x88, 0x39, 0x88, 0x39, 0x67, 0x41, 0x88, 0x39,
    0x68, 0x39, 0x68, 0x39, 0x88, 0x39, 0x67, 0x41, 0x68, 0x39, 0x88, 0x39,
    0x88, 0x41, 0x68, 0x39, 0x88, 0x39, 0x68, 0x39, 0x67, 0x39, 0x88, 0x39,
    0x68, 0x41, 0x87, 0x39, 0x68, 0x41, 0x88, 0x39, 0x68, 0x39, 0x68, 0x41,
    0x87, 0x39, 0x88, 0x39, 0x68, 0x39, 0x68, 0x39, 0x88, 0x39, 0x68, 0x41,
    0x68, 0x39, 0x87, 0x39, 0x68, 0x39, 0x68, 0x39, 0x87, 0x39, 0x68, 0x39,
    0x88, 0x39, 0x68, 0x39, 0x88, 0x39, 0x87, 0x39, 0x68, 0x39, 0x88, 0x39,
    0x68, 0x39, 0x68, 0x39, 0x88, 0x41, 0x68, 0x39, 0x67, 0x39, 0x88, 0x41,
    0x88, 0x39, 0x67, 0x41, 0x88, 0x39, 0x68, 0x39, 0x68, 0x39, 0x88, 0x39,
    0x67, 0x39, 0x88, 0x39, 0x68, 0x41, 0x88, 0x39, 0x68, 0x39, 0x68, 0x39,
    0x88, 0x39, 0x87, 0x39, 0x68, 0x39, 0x68, 0x39, 0x87, 0x39, 0x68, 0x39,
    0x68, 0x39, 0x88, 0x39, 0x68, 0x39, 0x67, 0x39, 0x88, 0x39, 0x68, 0x41,
    0x88, 0x39, 0x88, 0x39, 0x68, 0x41, 0x88, 0x41, 0x87, 0x39, 0x68, 0x39,
    0x68, 0x39, 0x67, 0x41, 0x88, 0x39, 0x88, 0x39, 0x68, 0x39, 0x68, 0x39,
    0x87, 0x41, 0x68, 0x39, 0x68, 0x39, 0x87, 0x41, 0x68, 0x39, 0x88, 0x39,
    0x68, 0x41, 0x67, 0x39, 0x88, 0x39, 0x88, 0x41, 0x67, 0x39, 0x88, 0x39,
    0x68, 0x39, 0x88, 0x39, 0x68, 0x39, 0x68, 0x39, 0x88, 0x39, 0x68, 0x41,
    0x67, 0x39, 0x88, 0x39, 0x68, 0x39, 0x87, 0x39, 0x88, 0x39, 0x68, 0x41,
    0x88, 0x39, 0x88, 0x39, 0x67, 0x41, 0x88, 0x39, 0x68, 0x39, 0x67, 0x41,
    0x88, 0x39, 0x68, 0x39, 0x68, 0x41, 0x88, 0x41, 0x88, 0x39, 0x68, 0x39,
    0x68, 0x39, 0x88, 0x39, 0x88, 0x39, 0x68, 0x39, 0x87, 0x41, 0x68, 0x39,
    0x88, 0x39, 0x68, 0x41, 0x68, 0x39, 0x88, 0x39, 0x68, 0x39, 0x88, 0x41,
    0x88, 0x39, 0x68, 0x39, 0x68, 0x39, 0x88, 0x41, 0x68, 0x39, 0x68, 0x39,
    0x88, 0x39, 0x68, 0x39, 0x68, 0x39, 0x88, 0x41, 0x68, 0x39, 0x68, 0x39,
    0x87, 0x41, 0x68, 0x39, 0x88, 0x39, 0x88, 0x39, 0x68, 0x39, 0x88, 0x41,
    0x68, 0x39, 0x68, 0x39, 0x88, 0x39, 0x68, 0x41, 0x88, 0x39, 0x88, 0x41,
    0x68, 0x39, 0x88, 0x39, 0x88, 0x39, 0x67, 0x41, 0x88, 0x39, 0x68, 0x39,
    0x68, 0x41, 0x88, 0x39, 0x88, 0x39, 0x67, 0x41, 0x88, 0x39, 0x68, 0x41,
    0x87, 0x39, 0x88, 0x41, 0x68, 0x41, 0x68, 0x39, 0x88, 0x39, 0x68, 0x39,
    0x88, 0x39, 0x68, 0x39, 0x88, 0x39, 0x67, 0x39, 0x88, 0x39, 0x88, 0x41,
    0x67, 0x39, 0x88, 0x39, 0x88, 0x41, 0x68, 0x39, 0x88, 0x39, 0x68, 0x41,
    0x88, 0x39, 0x68, 0x39, 0x88, 0x41, 0x68, 0x39, 0x68, 0x39, 0x88, 0x39,
    0x68, 0x39, 0x68, 0x41, 0x88, 0x39, 0x88, 0x39, 0x68, 0x39, 0x68, 0x41,
    0x88, 0x39, 0x68, 0x39, 0x88, 0x39, 0x67, 0x41, 0x88, 0x39, 0x68, 0x39,
    0x67, 0x39, 0x88, 0x39, 0x68, 0x39, 0x68, 0x41, 0x88, 0x39, 0x88, 0x39,
    0x68, 0x41, 0x88, 0x39, 0x68, 0x39, 0x88, 0x39, 0x68, 0x39, 0x87, 0x39,
    0x68, 0x39, 0x88, 0x39, 0x88, 0x41, 0x68, 0x39, 0x88, 0x39, 0x68, 0x41,
    0x87, 0x39, 0x88, 0x39, 0x68, 0x39, 0x88, 0x39, 0x88, 0x39, 0x68, 0x39,
    0x68, 0x41, 0x88, 0x39, 0x68, 0x39, 0x88, 0x39, 0x88, 0x41, 0x68, 0x39,
    0x88, 0x39, 0x88, 0x39, 0x68, 0x41, 0x87, 0x41, 0x68, 0x39, 0x88, 0x39,
    0x68, 0x39, 0x88, 0x39, 0x68, 0x39, 0x88, 0x41, 0x88, 0x39, 0x68, 0x39,
    0x88, 0x39, 0x88, 0x41, 0x68, 0x39, 0x88, 0x39, 0x68, 0x39, 0x88, 0x39,
    0x67, 0x41, 0x88, 0x39, 0x88, 0x39, 0x68, 0x41, 0x88, 0x39, 0x68, 0x39,
    0x88, 0x39, 0x88, 0x39, 0x68, 0x41, 0x88, 0x39, 0x88, 0x39, 0x68, 0x39,
    0x68, 0x41, 0x88, 0x39, 0x68, 0x41, 0x87, 0x39, 0x88, 0x39, 0x68, 0x39,
    0x88, 0x41, 0x88, 0x39, 0x68, 0x41, 0x88, 0x41, 0x68, 0x39, 0x88, 0x41,
    0x68, 0x39, 0x88, 0x41, 0x68, 0x41, 0x88, 0x39, 0x88, 0x41, 0x68, 0x39,
    0x87, 0x39, 0x88, 0x41, 0x68, 0x39, 0x88, 0x39, 0x68, 0x39, 0x88, 0x41,
    0x68, 0x39, 0x88, 0x39, 0x88, 0x39, 0x68, 0x41, 0x88, 0x41, 0x68, 0x39,
    0x88, 0x39, 0x88, 0x41, 0x68, 0x39, 0x87, 0x39, 0x88, 0x41, 0x68, 0x41,
    0x68, 0x39, 0x88, 0x41, 0x68, 0x39, 0x88, 0x41, 0x88, 0x39, 0x68, 0x41,
    0x88, 0x41, 0x88, 0x39, 0x68, 0x39, 0x88, 0x41, 0x68, 0x39, 0x88, 0x39,
    0x67, 0x39, 0x68, 0x39, 0x88, 0x39, 0x68, 0x39, 0x88, 0x41, 0x88, 0x39,
    0x68, 0x39, 0x88, 0x39, 0x68, 0x41, 0x88, 0x41, 0x68, 0x39, 0x88, 0x39,
    0x88, 0x39, 0x68, 0x41, 0x88, 0x39, 0x68, 0x39, 0x88, 0x41, 0x68, 0x39,
    0x88, 0x39, 0x68, 0x39, 0x68, 0x39, 0x88, 0x39, 0x68, 0x39, 0x68, 0x39,
    0x68, 0x39, 0x88, 0x41, 0x67, 0x41, 0x88, 0x39, 0x88, 0x39, 0x68, 0x41,
    0x88, 0x39, 0x68, 0x39, 0x68, 0x41, 0x88, 0x39, 0x68, 0x39, 0x68, 0x39,
    0x88, 0x39, 0x68, 0x39, 0x88, 0x39, 0x88, 0x39, 0x68, 0x39, 0x88, 0x39,
    0x88, 0x41, 0x68, 0x39, 0x88, 0x39, 0x68, 0x39, 0x88, 0x41, 0x88, 0x39,
    0x68, 0x41, 0x67, 0x39, 0x88, 0x39, 0x68, 0x41, 0x88, 0x39, 0x88, 0x39,
    0x68, 0x39, 0x87, 0x41, 0x88, 0x39, 0x68, 0x39, 0x68, 0x41, 0x87, 0x39,
    0x88, 0x39, 0x68, 0x39, 0x88, 0x41, 0x68, 0x39, 0x88, 0x39, 0x88, 0x41,
    0x67, 0x39, 0x88, 0x39, 0x88, 0x41, 0x68, 0x39, 0x88, 0x39, 0x88, 0x39,
    0x68, 0x41, 0x68, 0x39, 0x88, 0x39, 0x68, 0x41, 0x88, 0x39, 0x88, 0x39,
    0x68, 0x39, 0x88, 0x39, 0x68, 0x39, 0x67, 0x39, 0x88, 0x39, 0x68, 0x39,
    0x68, 0x41, 0x88, 0x39, 0x68, 0x39, 0x88, 0x39, 0x88, 0x41, 0x68, 0x39,
    0x88, 0x39, 0x68, 0x39, 0x68, 0x39, 0x88, 0x39, 0x68, 0x39, 0x68, 0x39,
    0x88, 0x39, 0x68, 0x39, 0x87, 0x39, 0x88, 0x41, 0x68, 0x39, 0x68, 0x39,
    0x88, 0x41, 0x88, 0x39, 0x68, 0x41, 0x68, 0x39, 0x68, 0x39, 0x88, 0x39,
    0x68, 0x39, 0x68, 0x39, 0x88, 0x39, 0x88, 0x39, 0x68, 0x39, 0x88, 0x39,
    0x68, 0x41, 0x87, 0x39, 0x88, 0x39, 0x68, 0x39, 0x87, 0x41, 0x88, 0x39,
    0x68, 0x39, 0x67, 0x39, 0x88, 0x39, 0x88, 0x39, 0x67, 0x39, 0x88, 0x41,
    0x88, 0x39, 0x68, 0x39, 0x68, 0x39, 0x88, 0x39, 0x88, 0x41, 0x68, 0x39,
    0x88, 0x39, 0x88, 0x41, 0x68, 0x39, 0x88, 0x39, 0x68, 0x39, 0x67, 0x39,
    0x88, 0x39, 0x68, 0x39, 0x88, 0x41, 0x88, 0x39, 0x68, 0x39, 0x68, 0x41,
    0x88, 0x39, 0x67, 0x39, 0x68, 0x39, 0x88, 0x41, 0x88, 0x39, 0x68, 0x39,
    0x68, 0x39, 0x88, 0x41, 0x68, 0x39, 0x68, 0x41, 0x88, 0x39, 0x88, 0x39,
    0x68, 0x41, 0x88, 0x39, 0x68, 0x39, 0x67, 0x41, 0x88, 0x39, 0x68, 0x39,
    0x68, 0x39, 0x88, 0x39, 0x68, 0x39, 0x88, 0x39, 0x88, 0x41, 0x68, 0x39,
    0x88, 0x39, 0x68, 0x41, 0x68, 0x39, 0x68, 0x39, 0x88, 0x39, 0x68, 0x39,
    0x87, 0x41, 0x68, 0x39, 0x88, 0x39, 0x68, 0x41, 0x88, 0x39, 0x68, 0x39,
    0x68, 0x39, 0x88, 0x39, 0x68, 0x39, 0x88, 0x41, 0x68, 0x39, 0x88, 0x39,
    0x68, 0x41, 0x68, 0x39, 0x88, 0x39, 0x67, 0x39, 0x88, 0x39, 0x88, 0x39,
    0x68, 0x39, 0x88, 0x39, 0x68, 0x39, 0x68, 0x41, 0x88, 0x39, 0x68, 0x39,
    0x68, 0x39, 0x88, 0x39, 0x68, 0x39, 0x88, 0x39, 0x88, 0x39, 0x68, 0x39,
    0x87, 0x39, 0x68, 0x39, 0x68, 0x39, 0x68, 0x39, 0x88, 0x39, 0x68, 0x41,
    0x88, 0x39, 0x68, 0x39, 0x88, 0x39, 0x68, 0x39, 0x88, 0x41, 0x68, 0x39,
    0x68, 0x39, 0x88, 0x39, 0x68, 0x39, 0x87, 0x39, 0x68, 0x39, 0x88, 0x39,
    0x68, 0x41, 0x68, 0x39, 0x88, 0x39, 0x68, 0x39, 0x88, 0x39, 0x88, 0x39,
    0x68, 0x39, 0x88, 0x39, 0x68, 0x41, 0x68, 0x39, 0x88, 0x39, 0x68, 0x39,
    0x67, 0x39, 0x88, 0x39, 0x68, 0x41, 0x88, 0x39, 0x88, 0x39, 0x68, 0x41,
    0x88, 0x39, 0x68, 0x39, 0x88, 0x39, 0x68, 0x39, 0x68, 0x39, 0x88, 0x41,
    0x88, 0x39, 0x68, 0x39, 0x88, 0x39, 0x67, 0x39, 0x88, 0x41, 0x68, 0x39,
    0x68, 0x39, 0x88, 0x39, 0x68, 0x39, 0x88, 0x39, 0x67, 0x41, 0x88, 0x39,
    0x88, 0x39, 0x88, 0x41, 0x68, 0x41, 0x88, 0x39, 0x88, 0x39, 0x68, 0x41,
    0x88, 0x39, 0x68, 0x39, 0x88, 0x39, 0x68, 0x39, 0x68, 0x39, 0x87, 0x39,
    0x88, 0x39, 0x68, 0x41, 0x88, 0x39, 0x88, 0x39, 0x67, 0x41, 0x88, 0x39,
    0x68, 0x41, 0x68, 0x39, 0x88, 0x41, 0x68, 0x39, 0x68, 0x39, 0x88, 0x41,
    0x67, 0x39, 0x88, 0x39, 0x68, 0x39, 0x67, 0x39, 0x88, 0x39, 0x88, 0x39,
    0x68, 0x41, 0x88, 0x39, 0x68, 0x39, 0x68, 0x39, 0x88, 0x39, 0x68, 0x39,
    0x68, 0x41, 0x88, 0x39, 0x68, 0x39, 0x88, 0x39, 0x68, 0x39, 0x68, 0x39,
    0x88, 0x41, 0x67, 0x39, 0x88, 0x39, 0x68, 0x39, 0x67, 0x39, 0x88, 0x41,
    0x68, 0x39, 0x68, 0x39, 0x87, 0x39, 0x68, 0x39, 0x88, 0x39, 0x87, 0x41,
    0x68, 0x39, 0x88, 0x39, 0x67, 0x39, 0x68, 0x41, 0x88, 0x39, 0x67, 0x39,
    0x88, 0x41, 0x88, 0x41, 0x68, 0x39, 0x88, 0x39, 0x88, 0x41, 0x67, 0x39,
    0x88, 0x39, 0x68, 0x41, 0x67, 0x39, 0x88, 0x39, 0x68, 0x39, 0x87, 0x41,
    0x88, 0x39, 0x68, 0x39, 0x87, 0x41, 0x88, 0x39, 0x68, 0x39, 0x88, 0x41,
    0x68, 0x39, 0x68, 0x39, 0x88, 0x39, 0x88, 0x39, 0x68, 0x41, 0x87, 0x39,
    0x68, 0x39, 0x88, 0x41, 0x87, 0x39, 0x68, 0x39, 0x88, 0x41, 0x88, 0x39,
    0x68, 0x41, 0x68, 0x39, 0x88, 0x41, 0x67, 0x39, 0x68, 0x39, 0x88, 0x41,
    0x68, 0x39, 0x68, 0x39, 0x88, 0x39, 0x68, 0x41, 0x68, 0x39, 0x88, 0x39,
    0x88, 0x41, 0x68, 0x39, 0x68, 0x41, 0x88, 0x39, 0x68, 0x39, 0x68, 0x39,
    0x87, 0x41, 0x88, 0x39, 0x68, 0x39, 0x88, 0x41, 0x68, 0x39, 0x68, 0x39,
    0x88, 0x41, 0x68, 0x39, 0x88, 0x39, 0x88, 0x39, 0x68, 0x41, 0x88, 0x39,
    0x88, 0x39, 0x67, 0x41, 0x68, 0x39, 0x88, 0x39, 0x87, 0x41, 0x68, 0x39,
    0x88, 0x39, 0x88, 0x41, 0x68, 0x39, 0x68, 0x39, 0x87, 0x39, 0x68, 0x39,
    0x88, 0x41, 0x88, 0x39, 0x67, 0x39, 0x68, 0x41, 0x88, 0x39, 0x67, 0x39,
    0x88, 0x39, 0x88, 0x39, 0x68, 0x39, 0x88, 0x39, 0x88, 0x39, 0x67, 0x41,
    0x88, 0x41, 0x68, 0x39, 0x67, 0x39, 0x88, 0x39, 0x68, 0x39, 0x67, 0x41,
    0x88, 0x39, 0x88, 0x39, 0x67, 0x41, 0x88, 0x39, 0x68, 0x39, 0x88, 0x41,
    0x68, 0x39, 0x68, 0x39, 0x87, 0x39, 0x88, 0x39, 0x68, 0x41, 0x87, 0x39,
    0x88, 0x39, 0x68, 0x41, 0x67, 0x39, 0x88, 0x39, 0x88, 0x39, 0x67, 0x41,
    0x88, 0x39, 0x68, 0x39, 0x88, 0x41, 0x68, 0x39, 0x68, 0x41, 0x87, 0x41,
    0x68, 0x39, 0x88, 0x39, 0x87, 0x39, 0x68, 0x41, 0x88, 0x39, 0x87, 0x39,
    0x68, 0x41, 0x68, 0x39, 0x87, 0x39, 0x68, 0x41, 0x68, 0x39, 0x88, 0x39,
    0x68, 0x41, 0x88, 0x39, 0x87, 0x39, 0x68, 0x39, 0x88, 0x39, 0x67, 0x39,
    0x68, 0x41, 0x88, 0x39, 0x67, 0x39, 0x88, 0x41, 0x88, 0x39, 0x67, 0x39,
    0x88, 0x41, 0x68, 0x39, 0x88, 0x41, 0x68, 0x39, 0x88, 0x39, 0x67, 0x39,
    0x88, 0x39, 0x68, 0x39, 0x87, 0x41, 0x68, 0x39, 0x68, 0x39, 0x87, 0x41,
    0x68, 0x39, 0x88, 0x39, 0x87, 0x39, 0x68, 0x39, 0x88, 0x39, 0x88, 0x41,
    0x68, 0x39, 0x68, 0x39, 0x87, 0x39, 0x68, 0x39, 0x68, 0x39, 0x87, 0x41,
    0x68, 0x39, 0x88, 0x41, 0x87, 0x41, 0x68, 0x39, 0x68, 0x39, 0x87, 0x39,
    0x68, 0x41, 0x68, 0x39, 0x88, 0x39, 0x68, 0x39, 0x88, 0x39, 0x87, 0x41,
    0x68, 0x39, 0x88, 0x41, 0x87, 0x39, 0x68, 0x39, 0x68, 0x39, 0x68, 0x39,
    0x88, 0x39, 0x67, 0x39, 0x68, 0x39, 0x88, 0x41, 0x67, 0x39, 0x88, 0x39,
    0x68, 0x39, 0x88, 0x39, 0x68, 0x41, 0x88, 0x39, 0x68, 0x41, 0x88, 0x39,
    0x68, 0x39, 0x68, 0x39, 0x87, 0x39, 0x68, 0x39, 0x88, 0x39, 0x88, 0x41,
    0x68, 0x39, 0x87, 0x39, 0x88, 0x39, 0x68, 0x41, 0x87, 0x39, 0x68, 0x39,
    0x88, 0x39, 0x88, 0x41, 0x68, 0x39, 0x88, 0x41, 0x68, 0x39, 0x67, 0x39,
    0x88, 0x39, 0x88, 0x41, 0x68, 0x39, 0x88, 0x41, 0x87, 0x39, 0x68, 0x39,
    0x88, 0x39, 0x68, 0x39, 0x87, 0x41, 0x88, 0x39, 0x68, 0x39, 0x88, 0x41,
    0x68, 0x39, 0x88, 0x39, 0x68, 0x41, 0x88, 0x39, 0x88, 0x39, 0x68, 0x39,
    0x88, 0x41, 0x88, 0x39, 0x68, 0x39, 0x68, 0x41, 0x68, 0x39, 0x88, 0x39,
    0x68, 0x39, 0x88, 0x39, 0x88, 0x41, 0x68, 0x39, 0x68, 0x39, 0x88, 0x39,
    0x68, 0x39, 0x67, 0x39, 0x88, 0x41, 0x68, 0x39, 0x68, 0x39, 0x88, 0x39,
    0x88, 0x39, 0x68, 0x39, 0x88, 0x41, 0x68, 0x39, 0x68, 0x39, 0x88, 0x39,
    0x68, 0x41, 0x68, 0x39, 0x88, 0x39, 0x68, 0x41, 0x88, 0x39, 0x87, 0x39,
    0x68, 0x41, 0x88, 0x39, 0x68, 0x39, 0x68, 0x39, 0x88, 0x39, 0x68, 0x39,
    0x68, 0x39, 0x88, 0x39, 0x68, 0x39, 0x88, 0x39, 0x68, 0x39, 0x87, 0x41,
    0x88, 0x39, 0x68, 0x39, 0x88, 0x39, 0x88, 0x41, 0x68, 0x39, 0x88, 0x39,
    0x87, 0x39, 0x68, 0x39, 0x88, 0x41, 0x88, 0x39, 0x68, 0x39, 0x68, 0x39,
    0x88, 0x39, 0x88, 0x41, 0x67, 0x39, 0x88, 0x39, 0x88, 0x41, 0x68, 0x39,
    0x68, 0x39, 0x88, 0x41, 0x68, 0x39, 0x87, 0x39, 0x68, 0x39, 0x88, 0x39,
    0x67, 0x39, 0x68, 0x39, 0x88, 0x41, 0x67, 0x39, 0x68, 0x39, 0x88, 0x41,
    0x68, 0x39, 0x88, 0x39, 0x68, 0x39, 0x68, 0x39, 0x88, 0x39, 0x68, 0x39,
    0x68, 0x39, 0x88, 0x39, 0x88, 0x41, 0x68, 0x39, 0x88, 0x39, 0x68, 0x41,
    0x68, 0x39, 0x88, 0x39, 0x88, 0x39, 0x68, 0x39, 0x88, 0x39, 0x68, 0x41,
    0x68, 0x39, 0x87, 0x41, 0x68, 0x39, 0x68, 0x39, 0x88, 0x39, 0x68, 0x39,
    0x88, 0x39, 0x88, 0x41, 0x68, 0x39, 0x88, 0x39, 0x68, 0x39, 0x88, 0x39,
    0x68, 0x39, 0x88, 0x39, 0x88, 0x41, 0x68, 0x39, 0x87, 0x39, 0x88, 0x39,
    0x68, 0x39, 0x88, 0x41, 0x68, 0x39, 0x68, 0x39, 0x88, 0x39, 0x68, 0x41,
    0x88, 0x39, 0x68, 0x39, 0x88, 0x41, 0x68, 0x39, 0x68, 0x39, 0x88, 0x39,
    0x68, 0x39, 0x87, 0x39, 0x88, 0x39, 0x68, 0x39, 0x88, 0x39, 0x68, 0x39,
    0x68, 0x41, 0x88, 0x39, 0x68, 0x39, 0x68, 0x39, 0x88, 0x39, 0x88, 0x41,
    0x68, 0x39, 0x88, 0x39, 0x88, 0x41, 0x68, 0x39, 0x87, 0x39, 0x68, 0x41,
    0x88, 0x39, 0x68, 0x39, 0x88, 0x41, 0x88, 0x41, 0x68, 0x39, 0x88, 0x39,
    0x88, 0x39, 0x68, 0x41, 0x68, 0x39, 0x88, 0x39, 0x68, 0x39, 0x88, 0x39,
    0x88, 0x39, 0x67, 0x39, 0x68, 0x39, 0x88, 0x41, 0x68, 0x39, 0x88, 0x41,
    0x88, 0x39, 0x68, 0x39, 0x88, 0x41, 0x88, 0x39, 0x68, 0x39, 0x68, 0x41,
    0x88, 0x39, 0x68, 0x39, 0x88, 0x41, 0x68, 0x39, 0x67, 0x39, 0x88, 0x41,
    0x88, 0x39, 0x68, 0x39, 0x88, 0x41, 0x88, 0x39, 0x68, 0x39, 0x88, 0x39,
    0x68, 0x39, 0x68, 0x39, 0x88, 0x39, 0x88, 0x41, 0x68, 0x39, 0x88, 0x39,
    0x68, 0x39, 0x87, 0x41, 0x88, 0x39, 0x68, 0x39, 0x68, 0x39, 0x88, 0x39,
    0x68, 0x39, 0x68, 0x41, 0x88, 0x39, 0x88, 0x39, 0x68, 0x41, 0x88, 0x41,
    0x68, 0x39, 0x88, 0x39, 0x88, 0x39, 0x68, 0x39, 0x68, 0x39, 0x88, 0x39,
    0x68, 0x39, 0x88, 0x39, 0x87, 0x39, 0x68, 0x41, 0x88, 0x39, 0x68, 0x39,
    0x88, 0x41, 0x88, 0x39, 0x68, 0x41, 0x68, 0x39, 0x88, 0x39, 0x68, 0x39,
    0x68, 0x39, 0x88, 0x39, 0x68, 0x39, 0x88, 0x39, 0x88, 0x41, 0x68, 0x39,
    0x68, 0x39, 0x88, 0x39, 0x68, 0x39, 0x88, 0x39, 0x88, 0x41, 0x68, 0x39,
    0x68, 0x39, 0x88, 0x39, 0x68, 0x39, 0x88, 0x41, 0x68, 0x39, 0x88, 0x39,
    0x68, 0x41, 0x68, 0x39, 0x88, 0x39, 0x68, 0x41, 0x87, 0x39, 0x68, 0x39,
    0x88, 0x39, 0x68, 0x39, 0x88, 0x41, 0x68, 0x39, 0x88, 0x39, 0x68, 0x39,
    0x68, 0x41, 0x88, 0x39, 0x88, 0x39, 0x68, 0x41, 0x88, 0x39, 0x68, 0x39,
    0x68, 0x41, 0x88, 0x39, 0x88, 0x39, 0x68, 0x39, 0x88, 0x41, 0x88, 0x39,
    0x68, 0x39, 0x88, 0x39, 0x88, 0x39, 0x68, 0x41, 0x68, 0x39, 0x88, 0x41,
    0x68, 0x39, 0x88, 0x39, 0x88, 0x39, 0x68, 0x41, 0x88, 0x39, 0x68, 0x39,
    0x88, 0x39, 0x88, 0x39, 0x68, 0x39, 0x68, 0x41, 0x88, 0x39, 0x68, 0x39,
    0x88, 0x39, 0x87, 0x41, 0x68, 0x41, 0x88, 0x39, 0x87, 0x41, 0x68, 0x39,
    0x88, 0x41, 0x68, 0x39, 0x68, 0x41, 0x88, 0x39, 0x68, 0x39, 0x68, 0x39,
    0x88, 0x39, 0x68, 0x39, 0x67, 0x39, 0x88, 0x39, 0x68, 0x41, 0x68, 0x39,
    0x88, 0x39, 0x68, 0x41, 0x68, 0x39, 0x87, 0x39, 0x88, 0x41, 0x68, 0x39,
    0x67, 0x39, 0x88, 0x39, 0x68, 0x39, 0x68, 0x39, 0x88, 0x41, 0x88, 0x39,
    0x68, 0x39, 0x68, 0x39, 0x88, 0x41, 0x68, 0x39, 0x88, 0x39, 0x88, 0x41,
    0x68, 0x39, 0x88, 0x39, 0x88, 0x41, 0x68, 0x39, 0x88, 0x39, 0x68, 0x39,
    0x88, 0x41, 0x88, 0x39, 0x68, 0x41, 0x88, 0x39, 0x88, 0x41, 0x68, 0x39,
    0x67, 0x39, 0x88, 0x41, 0x68, 0x39, 0x87, 0x39, 0x88, 0x41, 0x68, 0x39,
    0x68, 0x39, 0x87, 0x39, 0x68, 0x41, 0x88, 0x39, 0x88, 0x39, 0x68, 0x39,
    0x88, 0x41, 0x88, 0x39, 0x68, 0x41, 0x88, 0x39, 0x68, 0x41, 0x68, 0x39,
    0x88, 0x39, 0x68, 0x39, 0x88, 0x41, 0x68, 0x39, 0x88, 0x41, 0x68, 0x39,
    0x68, 0x39, 0x88, 0x41, 0x68, 0x39, 0x68, 0x39, 0x88, 0x41, 0x68, 0x39,
    0x88, 0x39, 0x88, 0x41, 0x68, 0x39, 0x88, 0x39, 0x68, 0x41, 0x88, 0x39,
    0x68, 0x39, 0x88, 0x39, 0x88, 0x39, 0x68, 0x41, 0x88, 0x39, 0x68, 0x39,
    0x68, 0x41, 0x88, 0x39, 0x68, 0x39, 0x88, 0x41, 0x88, 0x39, 0x68, 0x39,
    0x88, 0x39, 0x88, 0x41, 0x68, 0x39, 0x68, 0x39, 0x88, 0x41, 0x68, 0x39,
    0x68, 0x39, 0x88, 0x39, 0x68, 0x39, 0x88, 0x39, 0x68, 0x39, 0x88, 0x39,
    0x68, 0x39, 0x68, 0x39, 0x88, 0x39, 0x68, 0x39, 0x68, 0x41, 0x88, 0x39,
    0x88, 0x39, 0x68, 0x39, 0x88, 0x39, 0x68, 0x41, 0x68, 0x39, 0x88, 0x39,
    0x68, 0x41, 0x88, 0x39, 0x88, 0x39, 0x68, 0x39, 0x68, 0x39, 0x88, 0x41,
    0x68, 0x39, 0x68, 0x39, 0x88, 0x39, 0x68, 0x39, 0x88, 0x39, 0x88, 0x39,
    0x68, 0x39, 0x68, 0x41, 0x88, 0x39, 0x88, 0x39, 0x68, 0x39, 0x68, 0x39,
    0x88, 0x39, 0x68, 0x41, 0x68, 0x39, 0x88, 0x39, 0x68, 0x41, 0x88, 0x39,
    0x88, 0x39, 0x68, 0x39, 0x68, 0x39, 0x88, 0x39, 0x88, 0x41, 0x68, 0x39,
    0x88, 0x39, 0x68, 0x39, 0x88, 0x41, 0x68, 0x39, 0x88, 0x41, 0x88, 0x39,
    0x68, 0x39, 0x68, 0x39, 0x88, 0x39, 0x68, 0x39, 0x87, 0x39, 0x88, 0x39,
    0x68, 0x41, 0x68, 0x39, 0x88, 0x41, 0x88, 0x39, 0x68, 0x39, 0x68, 0x41,
    0x68, 0x39, 0x68, 0x39, 0x88, 0x39, 0x68, 0x39, 0x68, 0x39, 0x87, 0x39,
    0x68, 0x41, 0x88, 0x39, 0x68, 0x39, 0x88, 0x41, 0x87, 0x39, 0x68, 0x39,
    0x88, 0x41, 0x68, 0x41, 0x68, 0x39, 0x88, 0x39, 0x68, 0x39, 0x68, 0x41,
    0x87, 0x39, 0x68, 0x39, 0x68, 0x41, 0x87, 0x39, 0x88, 0x39, 0x68, 0x41,
    0x88, 0x39, 0x67, 0x39, 0x88, 0x39, 0x68, 0x39, 0x68, 0x39, 0x87, 0x41,
    0x88, 0x39, 0x68, 0x39, 0x68, 0x39, 0x88, 0x39, 0x68, 0x41, 0x88, 0x39,
    0x68, 0x39, 0x87, 0x41, 0x68, 0x39, 0x68, 0x39, 0x87, 0x41, 0x88, 0x39,
    0x68, 0x39, 0x67, 0x39, 0x88, 0x39, 0x88, 0x39, 0x67, 0x39, 0x88, 0x41,
    0x68, 0x39, 0x67, 0x39, 0x88, 0x39, 0x68, 0x41, 0x67, 0x39, 0x88, 0x39,
    0x68, 0x41, 0x68, 0x39, 0x88, 0x39, 0x87, 0x39, 0x88, 0x39, 0x68, 0x39,
    0x67, 0x41, 0x88, 0x39, 0x68, 0x39, 0x87, 0x39, 0x88, 0x41, 0x68, 0x39,
    0x67, 0x39, 0x88, 0x41, 0x68, 0x39, 0x87, 0x39, 0x68, 0x39, 0x68, 0x39,
    0x88, 0x39, 0x68, 0x39, 0x68, 0x39, 0x88, 0x39, 0x68, 0x39, 0x88, 0x41,
    0x88, 0x39, 0x67, 0x39, 0x88, 0x39, 0x88, 0x41, 0x67, 0x39, 0x88, 0x39,
    0x88, 0x41, 0x68, 0x41, 0x88, 0x39, 0x88, 0x39, 0x68, 0x39, 0x88, 0x41,
    0x88, 0x39, 0x68, 0x39, 0x68, 0x39, 0x88, 0x39, 0x88, 0x41, 0x68, 0x39,
    0x88, 0x39, 0x88, 0x41, 0x68, 0x39, 0x68, 0x39, 0x87, 0x39, 0x88, 0x39,
    0x68, 0x39, 0x87, 0x39, 0x88, 0x39, 0x68, 0x41, 0x68, 0x39, 0x88, 0x39,
    0x68, 0x41, 0x87, 0x39, 0x68, 0x39, 0x88, 0x39, 0x68, 0x39, 0x67, 0x39,
    0x88, 0x39, 0x68, 0x39, 0x67, 0x39, 0x88, 0x41, 0x88, 0x39, 0x68, 0x39,
    0x88, 0x41, 0x88, 0x39, 0x68, 0x39, 0x68, 0x39, 0x88, 0x39, 0x88, 0x39,
    0x88, 0x39, 0x68, 0x41, 0x68, 0x39, 0x88, 0x39, 0x67, 0x41, 0x68, 0x39,
    0x88, 0x39, 0x68, 0x39, 0x88, 0x39, 0x87, 0x39, 0x68, 0x39, 0x88, 0x41,
    0x67, 0x39, 0x88, 0x39, 0x68, 0x39, 0x87, 0x41, 0x88, 0x39, 0x68, 0x39,
    0x87, 0x41, 0x88, 0x39, 0x68, 0x39, 0x87, 0x39, 0x68, 0x41, 0x68, 0x39,
    0x87, 0x39, 0x68, 0x39, 0x88, 0x39, 0x67, 0x39, 0x88, 0x39, 0x68, 0x39,
    0x67, 0x41, 0x88, 0x39, 0x68, 0x39, 0x87, 0x39, 0x88, 0x41, 0x68, 0x39,
    0x87, 0x39, 0x68, 0x41, 0x68, 0x39, 0x87, 0x39, 0x68, 0x41, 0x68, 0x39,
    0x87, 0x39, 0x88, 0x39, 0x68, 0x41, 0x87, 0x39, 0x88, 0x39, 0x68, 0x39,
    0x87, 0x41, 0x68, 0x39, 0x88, 0x41, 0x67, 0x39, 0x88, 0x41, 0x88, 0x39,
    0x67, 0x41, 0x88, 0x39, 0x88, 0x39, 0x67, 0x39, 0x68, 0x39, 0x88, 0x41,
    0x67, 0x39, 0x88, 0x39, 0x88, 0x41, 0x67, 0x39, 0x88, 0x39, 0x68, 0x41,
    0x67, 0x39, 0x88, 0x39, 0x88, 0x41, 0x67, 0x39, 0x88, 0x39, 0x88, 0x39,
    0x67, 0x41, 0x88, 0x39, 0x68, 0x39, 0x67, 0x41, 0x88, 0x39, 0x88, 0x39,
    0x67, 0x41, 0x88, 0x39, 0x68, 0x39, 0x87, 0x41, 0x88, 0x39, 0x68, 0x39,
    0x87, 0x41, 0x88, 0x39, 0x68, 0x39, 0x87, 0x39, 0x68, 0x41, 0x68, 0x39,
    0x87, 0x41, 0x88, 0x41, 0x68, 0x39, 0x67, 0x39, 0x88, 0x39, 0x68, 0x41,
    0x67, 0x39, 0x88, 0x39, 0x68, 0x39, 0x67, 0x39, 0x88, 0x41, 0x68, 0x39,
    0x87, 0x39, 0x88, 0x41, 0x68, 0x41, 0x68, 0x39, 0x88, 0x39, 0x68, 0x39,
    0x88, 0x39, 0x67, 0x39, 0x68, 0x41, 0x88, 0x39, 0x87, 0x39, 0x68, 0x39,
    0x88, 0x39, 0x68, 0x41, 0x88, 0x41, 0x88, 0x39, 0x68, 0x39, 0x88, 0x41,
    0x68, 0x39, 0x67, 0x39, 0x88, 0x39, 0x68, 0x39, 0x68, 0x41, 0x88, 0x39,
    0x88, 0x39, 0x67, 0x39, 0x88, 0x41, 0x88, 0x39, 0x67, 0x39, 0x88, 0x39,
    0x88, 0x41, 0x88, 0x39, 0x68, 0x39, 0x68, 0x39, 0x68, 0x39, 0x88, 0x39,
    0x68, 0x41, 0x88, 0x39, 0x88, 0x41, 0x68, 0x39, 0x88, 0x39, 0x68, 0x39,
    0x88, 0x41, 0x87, 0x39, 0x68, 0x39, 0x88, 0x41, 0x88, 0x39, 0x68, 0x39,
    0x88, 0x39, 0x88, 0x39, 0x68, 0x39, 0x88, 0x39, 0x68, 0x39, 0x88, 0x41,
    0x88, 0x39, 0x68, 0x39, 0x68, 0x41, 0x88, 0x39, 0x68, 0x39, 0x88, 0x39,
    0x88, 0x41, 0x68, 0x39, 0x88, 0x39, 0x88, 0x39, 0x68, 0x39, 0x88, 0x39,
    0x87, 0x41, 0x68, 0x39, 0x68, 0x39, 0x88, 0x41, 0x68, 0x39, 0x88, 0x39,
    0x88, 0x39, 0x68, 0x41, 0x68, 0x39, 0x88, 0x39, 0x68, 0x39, 0x88, 0x41,
    0x68, 0x39, 0x88, 0x39, 0x88, 0x41, 0x68, 0x39, 0x88, 0x41, 0x88, 0x41,
    0x68, 0x39, 0x88, 0x39, 0x88, 0x41, 0x68, 0x39, 0x68, 0x39, 0x88, 0x39,
    0x68, 0x39, 0x68, 0x39, 0x88, 0x39, 0x68, 0x41, 0x68, 0x39, 0x88, 0x39,
    0x68, 0x39, 0x68, 0x39, 0x88, 0x41, 0x67, 0x39, 0x68, 0x39, 0x88, 0x39,
    0x87, 0x41, 0x68, 0x39, 0x88, 0x39, 0x68, 0x39, 0x68, 0x39, 0x88, 0x39,
    0x68, 0x41, 0x88, 0x39, 0x88, 0x39, 0x68, 0x41, 0x68, 0x39, 0x88, 0x41,
    0x68, 0x41, 0x88, 0x39, 0x68, 0x39, 0x87, 0x39, 0x88, 0x39, 0x68, 0x39,
    0x88, 0x39, 0x68, 0x41, 0x68, 0x39, 0x88, 0x41, 0x88, 0x41, 0x68, 0x39,
    0x88, 0x39, 0x68, 0x41, 0x88, 0x39, 0x68, 0x39, 0x67, 0x39, 0x88, 0x39,
    0x68, 0x39, 0x88, 0x39, 0x68, 0x41, 0x68, 0x39, 0x88, 0x39, 0x67, 0x41,
    0x68, 0x39, 0x88, 0x39, 0x88, 0x39, 0x68, 0x39, 0x88, 0x41, 0x88, 0x39,
    0x67, 0x39, 0x68, 0x41, 0x88, 0x39, 0x68, 0x39, 0x88, 0x39, 0x88, 0x39,
    0x68, 0x41, 0x88, 0x39, 0x68, 0x39, 0x68, 0x39, 0x88, 0x39, 0x68, 0x39,
    0x88, 0x39, 0x68, 0x39, 0x88, 0x39, 0x88, 0x39, 0x68, 0x39, 0x88, 0x41,
    0x68, 0x39, 0x68, 0x39, 0x88, 0x41, 0x68, 0x41, 0x88, 0x39, 0x88, 0x39,
    0x68, 0x41, 0x88, 0x39, 0x68, 0x39, 0x68, 0x39, 0x88, 0x39, 0x88, 0x39,
    0x68, 0x39, 0x88, 0x41, 0x88, 0x39, 0x68, 0x39, 0x88, 0x39, 0x68, 0x41,
    0x68, 0x39, 0x88, 0x39, 0x68, 0x39, 0x68, 0x41, 0x88, 0x39, 0x88, 0x39,
    0x68, 0x39, 0x88, 0x41, 0x68, 0x39, 0x68, 0x39, 0x88, 0x39, 0x68, 0x41,
    0x68, 0x39, 0x88, 0x41, 0x68, 0x39, 0x88, 0x41, 0x88, 0x39, 0x68, 0x39,
    0x68, 0x41, 0x88, 0x39, 0x68, 0x39, 0x88, 0x39, 0x88, 0x39, 0x68, 0x39,
    0x88, 0x39, 0x68, 0x41, 0x68, 0x39, 0x88, 0x39, 0x68, 0x41, 0x68, 0x39,
    0x88, 0x39, 0x88, 0x39, 0x68, 0x41, 0x88, 0x39, 0x68, 0x39, 0x68, 0x41,
    0x88, 0x39, 0x68, 0x39, 0x68, 0x39, 0x88, 0x41, 0x68, 0x39, 0x68, 0x39,
    0x88, 0x39, 0x68, 0x39, 0x88, 0x41, 0x88, 0x39, 0x68, 0x39, 0x68, 0x39,
    0x88, 0x39, 0x88, 0x39, 0x68, 0x41, 0x88, 0x39, 0x88, 0x39, 0x68, 0x39,
    0x88, 0x41, 0x88, 0x39, 0x68, 0x39, 0x88, 0x39, 0x68, 0x39, 0x68, 0x39,
    0x88, 0x39, 0x88, 0x39, 0x67, 0x39, 0x88, 0x41, 0x68, 0x39, 0x88, 0x41,
    0x88, 0x39, 0x68, 0x39, 0x88, 0x39, 0x68, 0x41, 0x88, 0x39, 0x68, 0x39,
    0x68, 0x39, 0x88, 0x39, 0x67, 0x39, 0x88, 0x39, 0x88, 0x41, 0x68, 0x39,
    0x88, 0x39, 0x88, 0x39, 0x68, 0x41, 0x88, 0x39, 0x68, 0x39, 0x88, 0x39,
    0x68, 0x39, 0x68, 0x39, 0x88, 0x39, 0x68, 0x41, 0x68, 0x39, 0x88, 0x39,
    0x68, 0x39, 0x88, 0x41, 0x88, 0x39, 0x68, 0x41, 0x88, 0x39, 0x87, 0x39,
    0x68, 0x39, 0x68, 0x39, 0x87, 0x41, 0x68, 0x39, 0x88, 0x39, 0x68, 0x41,
    0x68, 0x39, 0x88, 0x39, 0x68, 0x41, 0x68, 0x39, 0x87, 0x39, 0x68, 0x41,
    0x68, 0x39, 0x88, 0x41, 0x68, 0x39, 0x87, 0x39, 0x68, 0x41, 0x68, 0x39,
    0x88, 0x39, 0x88, 0x41, 0x67, 0x39, 0x88, 0x41, 0x68, 0x39, 0x68, 0x39,
    0x88, 0x39, 0x68, 0x41, 0x67, 0x39, 0x88, 0x41, 0x68, 0x39, 0x68, 0x39,
    0x88, 0x39, 0x88, 0x41, 0x68, 0x39, 0x68, 0x39, 0x88, 0x41, 0x67, 0x39,
    0x88, 0x39, 0x68, 0x39, 0x88, 0x41, 0x68, 0x39, 0x88, 0x39, 0x67, 0x39,
    0x88, 0x39, 0x68, 0x39, 0x68, 0x39, 0x88, 0x39, 0x67, 0x39, 0x68, 0x39,
    0x88, 0x39, 0x67, 0x41, 0x88, 0x39, 0x68, 0x39, 0x87, 0x41, 0x88, 0x39,
    0x68, 0x41, 0x88, 0x39, 0x88, 0x39, 0x68, 0x39, 0x88, 0x41, 0x88, 0x39,
    0x67, 0x39, 0x88, 0x39, 0x88, 0x39, 0x68, 0x41, 0x88, 0x39, 0x68, 0x39,
    0x68, 0x39, 0x88, 0x41, 0x87, 0x39, 0x68, 0x41, 0x88, 0x39, 0x67, 0x39,
    0x68, 0x39, 0x88, 0x39, 0x67, 0x41, 0x88, 0x39, 0x88, 0x39, 0x68, 0x39,
    0x88, 0x39, 0x68, 0x41, 0x68, 0x39, 0x88, 0x39, 0x68, 0x41, 0x68, 0x39,
    0x87, 0x39, 0x88, 0x39, 0x68, 0x39, 0x87, 0x39, 0x68, 0x39, 0x88, 0x39,
    0x68, 0x41, 0x88, 0x39, 0x88, 0x39, 0x68, 0x39, 0x88, 0x41, 0x68, 0x39,
    0x88, 0x39, 0x67, 0x41, 0x88, 0x39, 0x88, 0x39, 0x68, 0x41, 0x68, 0x39,
    0x88, 0x39, 0x88, 0x41, 0x67, 0x39, 0x68, 0x39, 0x88, 0x39, 0x68, 0x39,
    0x88, 0x39, 0x88, 0x41, 0x68, 0x39, 0x68, 0x41, 0x88, 0x39, 0x67, 0x39,
    0x68, 0x39, 0x88, 0x41, 0x88, 0x39, 0x68, 0x39, 0x87, 0x41, 0x68, 0x41,
    0x68, 0x39, 0x88, 0x41, 0x68, 0x41, 0x68, 0x39, 0x88, 0x39, 0x88, 0x39,
    0x68, 0x41, 0x88, 0x39, 0x88, 0x39, 0x68, 0x39, 0x67, 0x39, 0x88, 0x39,
    0x88, 0x39, 0x68, 0x41, 0x88, 0x39, 0x68, 0x41, 0x67, 0x39, 0x88, 0x39,
    0x68, 0x41, 0x88, 0x39, 0x68, 0x39, 0x88, 0x39, 0x88, 0x39, 0x68, 0x39,
    0x88, 0x41, 0x87, 0x39, 0x68, 0x39, 0x68, 0x39, 0x88, 0x41, 0x68, 0x39,
    0x68, 0x39, 0x87, 0x39, 0x88, 0x39, 0x68, 0x39, 0x88, 0x39, 0x68, 0x39,
    0x88, 0x39, 0x68, 0x39, 0x68, 0x39, 0x88, 0x39, 0x87, 0x39, 0x68, 0x39,
    0x88, 0x39, 0x68, 0x41, 0x68, 0x39, 0x88, 0x41, 0x67, 0x39, 0x88, 0x39,
    0x88, 0x41, 0x68, 0x39, 0x88, 0x39, 0x88, 0x39, 0x68, 0x39, 0x68, 0x41,
    0x88, 0x39, 0x67, 0x39, 0x88, 0x39, 0x88, 0x39, 0x68, 0x39, 0x88, 0x39,
    0x88, 0x39, 0x67, 0x39, 0x88, 0x41, 0x88, 0x39, 0x68, 0x39, 0x88, 0x41,
    0x68, 0x39, 0x68, 0x39, 0x88, 0x41, 0x68, 0x39, 0x87, 0x39, 0x88, 0x41,
    0x68, 0x39, 0x68, 0x39, 0x88, 0x39, 0x68, 0x41, 0x67, 0x39, 0x88, 0x39,
    0x68, 0x39, 0x68, 0x41, 0x88, 0x41, 0x88, 0x39, 0x88, 0x41, 0x68, 0x41,
    0x68, 0x39, 0x88, 0x39, 0x68, 0x39, 0x88, 0x39, 0x68, 0x39, 0x67, 0x41,
    0x88, 0x39, 0x88, 0x39, 0x68, 0x39, 0x88, 0x39, 0x68, 0x41, 0x88, 0x39,
    0x68, 0x39, 0x88, 0x39, 0x68, 0x39, 0x68, 0x39, 0x88, 0x39, 0x67, 0x39,
    0x68, 0x39, 0x88, 0x41, 0x88, 0x39, 0x67, 0x39, 0x88, 0x41, 0x68, 0x39,
    0x87, 0x41, 0x88, 0x39, 0x68, 0x39, 0x88, 0x39, 0x88, 0x41, 0x68, 0x39,
    0x67, 0x39, 0x68, 0x39, 0x88, 0x39, 0x67, 0x39, 0x88, 0x41, 0x68, 0x39,
    0x88, 0x39, 0x68, 0x39, 0x68, 0x39, 0x88, 0x39, 0x87, 0x41, 0x68, 0x39,
    0x88, 0x39, 0x88, 0x39, 0x68, 0x39, 0x88, 0x39, 0x88, 0x39, 0x68, 0x39,
    0x87, 0x41, 0x68, 0x39, 0x88, 0x39, 0x68, 0x41, 0x88, 0x39, 0x68, 0x39,
    0x67, 0x39, 0x88, 0x39, 0x68, 0x39, 0x88, 0x39, 0x88, 0x41, 0x67, 0x39,
    0x88, 0x39, 0x88, 0x39, 0x68, 0x39, 0x88, 0x41, 0x88, 0x39, 0x68, 0x39,
    0x68, 0x41, 0x88, 0x39, 0x87, 0x39, 0x68, 0x39, 0x88, 0x39, 0x68, 0x41,
    0x68, 0x39, 0x88, 0x39, 0x87, 0x39, 0x68, 0x41, 0x68, 0x39, 0x88, 0x41,
    0x88, 0x39, 0x68, 0x41, 0x87, 0x39, 0x88, 0x39, 0x68, 0x41, 0x88, 0x39,
    0x68, 0x39, 0x68, 0x39, 0x88, 0x39, 0x68, 0x39, 0x68, 0x39, 0x88, 0x39,
    0x67, 0x41, 0x68, 0x39, 0x88, 0x39, 0x67, 0x39, 0x88, 0x39, 0x68, 0x41,
    0x68, 0x39, 0x88, 0x39, 0x68, 0x41, 0x88, 0x39, 0x88, 0x39, 0x68, 0x41,
    0x68, 0x39, 0x88, 0x39, 0x68, 0x39, 0x88, 0x41, 0x88, 0x39, 0x68, 0x39,
    0x88, 0x41, 0x68, 0x39, 0x68, 0x39, 0x88, 0x39, 0x68, 0x39, 0x67, 0x39,
    0x88, 0x39, 0x88, 0x39, 0x68, 0x41, 0x88, 0x39, 0x68, 0x39, 0x88, 0x41,
    0x68, 0x39, 0x68, 0x39, 0x88, 0x41, 0x68, 0x39, 0x88, 0x39, 0x68, 0x39,
    0x67, 0x39, 0x88, 0x41, 0x68, 0x39, 0x87, 0x39, 0x68, 0x41, 0x88, 0x39,
    0x68, 0x39, 0x88, 0x41, 0x68, 0x39, 0x88, 0x39, 0x87, 0x39, 0x68, 0x39,
    0x88, 0x39, 0x68, 0x41, 0x68, 0x39, 0x88, 0x39, 0x68, 0x41, 0x68, 0x39,
    0x88, 0x39, 0x68, 0x39, 0x87, 0x39, 0x68, 0x39, 0x88, 0x41, 0x68, 0x39,
    0x88, 0x39, 0x68, 0x39, 0x87, 0x41, 0x68, 0x39, 0x88, 0x39, 0x88, 0x39,
    0x68, 0x39, 0x87, 0x39, 0x68, 0x39, 0x68, 0x41, 0x87, 0x39, 0x68, 0x39,
    0x68, 0x39, 0x87, 0x39, 0x68, 0x39, 0x88, 0x41, 0x68, 0x39, 0x68, 0x39,
    0x88, 0x41, 0x67, 0x39, 0x88, 0x39, 0x88, 0x41, 0x68, 0x39, 0x68, 0x39,
    0x88, 0x41, 0x67, 0x39, 0x68, 0x39, 0x88, 0x41, 0x67, 0x39, 0x68, 0x39,
    0x88, 0x39, 0x88, 0x41, 0x68, 0x39, 0x88, 0x39, 0x87, 0x39, 0x68, 0x41,
    0x88, 0x39, 0x68, 0x39, 0x88, 0x41, 0x88, 0x41, 0x67, 0x39, 0x88, 0x39,
    0x88, 0x41, 0x67, 0x39, 0x88, 0x39, 0x68, 0x41, 0x68, 0x39, 0x88, 0x39,
    0x88, 0x41, 0x67, 0x39, 0x88, 0x39, 0x68, 0x39, 0x68, 0x41, 0x88, 0x39,
    0x68, 0x39, 0x67, 0x39, 0x88, 0x41, 0x68, 0x39, 0x87, 0x39, 0x88, 0x39,
    0x68, 0x41, 0x68, 0x39, 0x88, 0x41, 0x68, 0x39, 0x67, 0x41, 0x88, 0x39,
    0x68, 0x39, 0x68, 0x41, 0x88, 0x39, 0x68, 0x39, 0x87, 0x39, 0x88, 0x41,
    0x68, 0x39, 0x87, 0x39, 0x68, 0x39, 0x68, 0x39, 0x88, 0x39, 0x68, 0x41,
    0x68, 0x39, 0x87, 0x39, 0x88, 0x39, 0x68, 0x39, 0x88, 0x41, 0x88, 0x39,
    0x68, 0x39, 0x87, 0x39, 0x68, 0x39, 0x68, 0x39, 0x87, 0x39, 0x88, 0x39,
    0x68, 0x41, 0x67, 0x39, 0x88, 0x41, 0x88, 0x39, 0x68, 0x39, 0x68, 0x39,
    0x88, 0x41, 0x68, 0x39, 0x67, 0x39, 0x88, 0x41, 0x68, 0x39, 0x68, 0x39,
    0x88, 0x39, 0x68, 0x41, 0x88, 0x41, 0x68, 0x39, 0x88, 0x39, 0x88, 0x41,
    0x68, 0x39, 0x68, 0x39, 0x88, 0x39, 0x68, 0x39, 0x88, 0x39, 0x68, 0x41,
    0x88, 0x39, 0x68, 0x39, 0x68, 0x41, 0x87, 0x39, 0x88, 0x39, 0x68, 0x41,
    0x88, 0x39, 0x88, 0x39, 0x68, 0x41, 0x88, 0x39, 0x68, 0x39, 0x88, 0x41,
    0x88, 0x41, 0x68, 0x39, 0x88, 0x39, 0x68, 0x41, 0x68, 0x39, 0x88, 0x39,
    0x68, 0x39, 0x67, 0x41, 0x88, 0x39, 0x68, 0x41, 0x68, 0x39, 0x88, 0x39,
    0x68, 0x39, 0x88, 0x39, 0x68, 0x39, 0x88, 0x39, 0x88, 0x39, 0x68, 0x41,
    0x88, 0x39, 0x68, 0x39, 0x68, 0x41, 0x88, 0x39, 0x68, 0x39, 0x88, 0x41,
    0x68, 0x39, 0x88, 0x39, 0x68, 0x39, 0x68, 0x39, 0x87, 0x39, 0x88, 0x41,
    0x68, 0x39, 0x68, 0x39, 0x88, 0x41, 0x88, 0x39, 0x68, 0x39, 0x88, 0x39,
    0x68, 0x41, 0x88, 0x39, 0x68, 0x39, 0x88, 0x39, 0x68, 0x39, 0x88, 0x39,
    0x68, 0x41, 0x68, 0x39, 0x88, 0x39, 0x68, 0x41, 0x88, 0x39, 0x88, 0x39,
    0x68, 0x41, 0x88, 0x39, 0x88, 0x41, 0x67, 0x39, 0x88, 0x39, 0x88, 0x39,
    0x68, 0x39, 0x88, 0x41, 0x68, 0x39, 0x88, 0x41, 0x68, 0x39, 0x88, 0x39,
    0x88, 0x41, 0x68, 0x39, 0x67, 0x39, 0x88, 0x39, 0x68, 0x39, 0x87, 0x39,
    0x88, 0x41, 0x68, 0x39, 0x68, 0x39, 0x88, 0x39, 0x68, 0x39, 0x88, 0x41,
    0x87, 0x39, 0x68, 0x39, 0x88, 0x41, 0x88, 0x39, 0x68, 0x41, 0x88, 0x41,
    0x68, 0x39, 0x67, 0x39, 0x88, 0x39, 0x68, 0x39, 0x87, 0x39, 0x88, 0x41,
    0x68, 0x39, 0x88, 0x39, 0x88, 0x41, 0x68, 0x39, 0x88, 0x41, 0x88, 0x39,
    0x68, 0x39, 0x88, 0x39, 0x68, 0x39, 0x68, 0x39, 0x88, 0x39, 0x68, 0x39,
    0x88, 0x39, 0x68, 0x39, 0x68, 0x39, 0x88, 0x41, 0x68, 0x39, 0x88, 0x39,
    0x68, 0x41, 0x88, 0x39, 0x88, 0x39, 0x87, 0x41, 0x68, 0x39, 0x88, 0x39,
    0x67, 0x41, 0x88, 0x39, 0x68, 0x39, 0x88, 0x39, 0x68, 0x41, 0x88, 0x39,
    0x68, 0x39, 0x88, 0x39, 0x68, 0x39, 0x68, 0x39, 0x88, 0x39, 0x68, 0x39,
    0x88, 0x41, 0x88, 0x39, 0x68, 0x39, 0x88, 0x39, 0x88, 0x41, 0x68, 0x39,
    0x88, 0x39, 0x68, 0x41, 0x88, 0x39, 0x88, 0x39, 0x68, 0x41, 0x88, 0x39,
    0x68, 0x39, 0x68, 0x39, 0x88, 0x39, 0x88, 0x39, 0x68, 0x39, 0x88, 0x39,
    0x88, 0x39, 0x68, 0x39, 0x88, 0x41, 0x88, 0x39, 0x68, 0x41, 0x68, 0x39,
    0x88, 0x39, 0x68, 0x39, 0x68, 0x41, 0x88, 0x39, 0x68, 0x39, 0x88, 0x39,
    0x68, 0x41, 0x68, 0x39, 0x68, 0x39, 0x88, 0x39, 0x68, 0x39, 0x68, 0x41,
    0x88, 0x39, 0x88, 0x39, 0x68, 0x41, 0x88, 0x39, 0x68, 0x39, 0x68, 0x41,
    0x88, 0x39, 0x68, 0x39, 0x88, 0x39, 0x88, 0x39, 0x68, 0x39, 0x88, 0x41,
    0x68, 0x39, 0x88, 0x39, 0x68, 0x41, 0x68, 0x39, 0x88, 0x39, 0x88, 0x39,
    0x68, 0x39, 0x88, 0x39, 0x88, 0x39, 0x68, 0x41, 0x88, 0x39, 0x88, 0x39,
    0x68, 0x41, 0x88, 0x39, 0x68, 0x39, 0x68, 0x39, 0x88, 0x39, 0x68, 0x39,
    0x88, 0x41, 0x88, 0x39, 0x68, 0x39, 0x88, 0x41, 0x88, 0x39, 0x68, 0x39,
    0x88, 0x39, 0x88, 0x41, 0x68, 0x39, 0x68, 0x39, 0x88, 0x39, 0x68, 0x41,
    0x88, 0x39, 0x88, 0x39, 0x68, 0x39, 0x68, 0x41, 0x88, 0x39, 0x68, 0x39,
    0x88, 0x39, 0x88, 0x39, 0x68, 0x41, 0x88, 0x39, 0x88, 0x39, 0x68, 0x39,
    0x88, 0x41, 0x68, 0x39, 0x88, 0x39, 0x88, 0x39, 0x68, 0x39, 0x88, 0x39,
    0x68, 0x39, 0x88, 0x39, 0x67, 0x39, 0x88, 0x39, 0x68, 0x41, 0x88, 0x39,
    0x68, 0x39, 0x87, 0x41, 0x68, 0x39, 0x88, 0x39, 0x68, 0x39, 0x88, 0x39,
    0x68, 0x39, 0x88, 0x39, 0x68, 0x41, 0x68, 0x39, 0x88, 0x39, 0x68, 0x39,
    0x88, 0x39, 0x68, 0x41, 0x68, 0x39, 0x88, 0x39, 0x68, 0x39, 0x68, 0x39,
    0x87, 0x39, 0x88, 0x39, 0x68, 0x41, 0x88, 0x39, 0x88, 0x39, 0x68, 0x39,
    0x88, 0x41, 0x88, 0x39, 0x68, 0x39, 0x87, 0x39, 0x68, 0x41, 0x88, 0x39,
    0x88, 0x39, 0x68, 0x41, 0x67, 0x39, 0x88, 0x39, 0x68, 0x41, 0x87, 0x39,
    0x88, 0x39, 0x68, 0x41, 0x88, 0x39, 0x67, 0x39, 0x88, 0x39, 0x68, 0x39,
    0x68, 0x41, 0x87, 0x39, 0x88, 0x41, 0x68, 0x39, 0x68, 0x39, 0x88, 0x39,
    0x88, 0x39, 0x67, 0x39, 0x68, 0x41, 0x88, 0x39, 0x67, 0x39, 0x88, 0x41,
    0x88, 0x39, 0x67, 0x39, 0x88, 0x41, 0x68, 0x39, 0x87, 0x39, 0x68, 0x39,
    0x88, 0x39, 0x88, 0x39, 0x68, 0x39, 0x68, 0x39, 0x87, 0x39, 0x68, 0x39,
    0x68, 0x39, 0x87, 0x41, 0x68, 0x39, 0x88, 0x41, 0x68, 0x39, 0x68, 0x41,
    0x88, 0x39, 0x88, 0x39, 0x68, 0x39, 0x68, 0x39, 0x87, 0x39, 0x68, 0x39,
    0x88, 0x39, 0x68, 0x41, 0x88, 0x39, 0x68, 0x39, 0x68, 0x41, 0x88, 0x39,
    0x88, 0x39, 0x67, 0x39, 0x88, 0x41, 0x68, 0x39, 0x67, 0x39, 0x88, 0x39,
    0x68, 0x39, 0x68, 0x39, 0x88, 0x39, 0x67, 0x39, 0x88, 0x39, 0x88, 0x39,
    0x68, 0x41, 0x88, 0x39, 0x88, 0x41, 0x68, 0x39, 0x68, 0x39, 0x88, 0x39,
    0x68, 0x39, 0x87, 0x39, 0x68, 0x39, 0x68, 0x39, 0x87, 0x39, 0x68, 0x41,
    0x88, 0x39, 0x88, 0x41, 0x68, 0x39, 0x88, 0x41, 0x88, 0x39, 0x67, 0x41,
    0x88, 0x39, 0x88, 0x39, 0x67, 0x41, 0x68, 0x39, 0x88, 0x39, 0x68, 0x41,
    0x67, 0x39, 0x88, 0x39, 0x68, 0x39, 0x68, 0x39, 0x88, 0x39, 0x88, 0x41,
    0x68, 0x39, 0x88, 0x39, 0x68, 0x41, 0x88, 0x39, 0x87, 0x39, 0x68, 0x41,
    0x88, 0x39, 0x88, 0x41, 0x68, 0x39, 0x88, 0x41, 0x67, 0x39, 0x68, 0x39,
    0x88, 0x41, 0x68, 0x39, 0x68, 0x39, 0x87, 0x39, 0x68, 0x39, 0x88, 0x41,
    0x88, 0x39, 0x68, 0x39, 0x67, 0x41, 0x88, 0x39, 0x88, 0x39, 0x67, 0x39,
    0x88, 0x41, 0x68, 0x39, 0x68, 0x39, 0x87, 0x41, 0x68, 0x39, 0x88, 0x41,
    0x67, 0x39, 0x68, 0x39, 0x88, 0x39, 0x68, 0x39, 0x88, 0x39, 0x87, 0x41,
    0x68, 0x39, 0x88, 0x39, 0x87, 0x39, 0x68, 0x41, 0x68, 0x39, 0x88, 0x39,
    0x87, 0x39, 0x68, 0x39, 0x88, 0x39, 0x87, 0x39, 0x68, 0x41, 0x68, 0x39,
    0x88, 0x39, 0x68, 0x39, 0x67, 0x39, 0x88, 0x39, 0x88, 0x39, 0x67, 0x39,
    0x88, 0x39, 0x68, 0x41, 0x68, 0x39, 0x87, 0x39, 0x88, 0x41, 0x68, 0x39,
    0x87, 0x39, 0x88, 0x39, 0x68, 0x39, 0x88, 0x41, 0x68, 0x39, 0x67, 0x41,
    0x88, 0x39, 0x68, 0x39, 0x67, 0x39, 0x88, 0x39, 0x68, 0x39, 0x68, 0x39,
    0x87, 0x39, 0x88, 0x39, 0x68, 0x41, 0x87, 0x41, 0x68, 0x39, 0x68, 0x39,
    0x88, 0x39, 0x68, 0x41, 0x67, 0x39, 0x88, 0x39, 0x68, 0x41, 0x87, 0x39,
    0x68, 0x39, 0x68, 0x41, 0x88, 0x39, 0x87, 0x39, 0x68, 0x39, 0x68, 0x39,
    0x87, 0x41, 0x68, 0x39, 0x88, 0x39, 0x88, 0x41, 0x68, 0x39, 0x68, 0x39,
    0x88, 0x39, 0x68, 0x39, 0x68, 0x39, 0x87, 0x41, 0x68, 0x39, 0x88, 0x39,
    0x67, 0x39, 0x88, 0x41, 0x68, 0x39, 0x67, 0x39, 0x88, 0x41, 0x68, 0x39,
    0x68, 0x39, 0x88, 0x39, 0x68, 0x39, 0x68, 0x39, 0x88, 0x41, 0x67, 0x39,
    0x88, 0x39, 0x68, 0x41, 0x88, 0x39, 0x68, 0x41, 0x87, 0x41, 0x68, 0x39,
    0x88, 0x39, 0x87, 0x41, 0x68, 0x39, 0x88, 0x39, 0x68, 0x39, 0x87, 0x41,
    0x68, 0x39, 0x88, 0x39, 0x87, 0x39, 0x68, 0x41, 0x88, 0x39, 0x68, 0x39,
    0x68, 0x39, 0x88, 0x41, 0x68, 0x39, 0x67, 0x39, 0x88, 0x39, 0x68, 0x41,
    0x87, 0x39, 0x68, 0x39, 0x88, 0x39, 0x68, 0x39, 0x88, 0x41, 0x68, 0x39,
    0x87, 0x39, 0x68, 0x41, 0x88, 0x39, 0x68, 0x39, 0x68, 0x41, 0x88, 0x39,
    0x68, 0x39, 0x88, 0x39, 0x88, 0x39, 0x68, 0x41, 0x88, 0x39, 0x88, 0x39,
    0x68, 0x39, 0x88, 0x39, 0x88, 0x41, 0x68, 0x39, 0x68, 0x39, 0x88, 0x41,
    0x88, 0x39, 0x68, 0x39, 0x88, 0x39, 0x68, 0x39, 0x68, 0x39, 0x88, 0x41,
    0x68, 0x39, 0x68, 0x39, 0x88, 0x41, 0x88, 0x39, 0x68, 0x41, 0x68, 0x41,
    0x87, 0x39, 0x88, 0x39, 0x68, 0x41, 0x88, 0x39, 0x68, 0x41, 0x88, 0x39,
    0x88, 0x39, 0x68, 0x39, 0x88, 0x39, 0x68, 0x39, 0x88, 0x39, 0x68, 0x39,
    0x87, 0x41, 0x68, 0x39, 0x88, 0x39, 0x88, 0x41, 0x68, 0x41, 0x68, 0x39,
    0x88, 0x39, 0x87, 0x39, 0x68, 0x41, 0x88, 0x39, 0x68, 0x39, 0x68, 0x41,
    0x88, 0x39, 0x68, 0x39, 0x88, 0x41, 0x88, 0x39, 0x68, 0x39, 0x88, 0x41,
    0x68, 0x41, 0x88, 0x39, 0x68, 0x39, 0x68, 0x41, 0x88, 0x39, 0x68, 0x39,
    0x68, 0x39, 0x88, 0x39, 0x68, 0x39, 0x88, 0x41, 0x88, 0x39, 0x68, 0x41,
    0x88, 0x39, 0x68, 0x41, 0x88, 0x39, 0x68, 0x39, 0x68, 0x39, 0x88, 0x39,
    0x67, 0x39, 0x68, 0x39, 0x88, 0x41, 0x67, 0x39, 0x68, 0x39, 0x88, 0x41,
    0x68, 0x39, 0x88, 0x39, 0x88, 0x41, 0x68, 0x39, 0x88, 0x39, 0x88, 0x39,
    0x68, 0x39, 0x88, 0x41, 0x68, 0x39, 0x68, 0x39, 0x88, 0x41, 0x68, 0x39,
    0x88, 0x39, 0x68, 0x39, 0x68, 0x41, 0x88, 0x39, 0x68, 0x39, 0x68, 0x39,
    0x87, 0x39, 0x68, 0x39, 0x88, 0x41, 0x88, 0x39, 0x68, 0x39, 0x88, 0x39,
    0x88, 0x39, 0x67, 0x41, 0x88, 0x39, 0x68, 0x39, 0x68, 0x39, 0x88, 0x39,
    0x67, 0x39, 0x88, 0x39, 0x68, 0x39, 0x68, 0x41, 0x88, 0x39, 0x68, 0x39,
    0x88, 0x41, 0x88, 0x39, 0x68, 0x39, 0x88, 0x41, 0x68, 0x39, 0x68, 0x39,
    0x88, 0x41, 0x88, 0x39, 0x68, 0x39, 0x68, 0x41, 0x88, 0x39, 0x68, 0x39,
    0x68, 0x41, 0x88, 0x39, 0x88, 0x39, 0x68, 0x39, 0x88, 0x41, 0x68, 0x39,
    0x88, 0x39, 0x88, 0x41, 0x68, 0x39, 0x88, 0x39, 0x88, 0x41, 0x68, 0x39,
    0x88, 0x39, 0x88, 0x41, 0x68, 0x39, 0x88, 0x41, 0x68, 0x41, 0x88, 0x39,
    0x88, 0x39, 0x68, 0x41, 0x68, 0x39, 0x88, 0x39, 0x68, 0x39, 0x68, 0x39,
    0x88, 0x41, 0x68, 0x39, 0x88, 0x39, 0x88, 0x39, 0x68, 0x39, 0x88, 0x41,
    0x88, 0x39, 0x68, 0x41, 0x88, 0x41, 0x88, 0x39, 0x68, 0x41, 0x68, 0x39,
    0x88, 0x39, 0x68, 0x39, 0x88, 0x39, 0x88, 0x39, 0x68, 0x41, 0x88, 0x39,
    0x88, 0x39, 0x68, 0x39, 0x88, 0x39, 0x68, 0x39, 0x88, 0x39, 0x68, 0x39,
    0x88, 0x39, 0x68, 0x39, 0x88, 0x41, 0x68, 0x39, 0x88, 0x39, 0x88, 0x41,
    0x68, 0x39, 0x68, 0x39, 0x88, 0x39, 0x87, 0x39, 0x68, 0x41, 0x88, 0x39,
    0x87, 0x41, 0x68, 0x39, 0x88, 0x39, 0x68, 0x39, 0x68, 0x41, 0x88, 0x39,
    0x88, 0x39, 0x68, 0x39, 0x88, 0x41, 0x88, 0x39, 0x68, 0x39, 0x88, 0x39,
    0x88, 0x39, 0x68, 0x41, 0x88, 0x39, 0x88, 0x39, 0x68, 0x39, 0x88, 0x39,
    0x68, 0x39, 0x88, 0x39, 0x68, 0x39, 0x88, 0x39, 0x68, 0x39, 0x68, 0x39,
    0x88, 0x41, 0x68, 0x39, 0x88, 0x39, 0x88, 0x39, 0x68, 0x41, 0x68, 0x39,
    0x88, 0x39, 0x68, 0x39, 0x88, 0x41, 0x68, 0x39, 0x88, 0x39, 0x87, 0x41,
    0x68, 0x39, 0x88, 0x39, 0x88, 0x39, 0x68, 0x39, 0x68, 0x41, 0x88, 0x39,
    0x68, 0x39, 0x68, 0x41, 0x88, 0x39, 0x88, 0x39, 0x68, 0x39, 0x68, 0x39,
    0x88, 0x39, 0x88, 0x39, 0x68, 0x39, 0x88, 0x39, 0x88, 0x39, 0x68, 0x39,
    0x68, 0x41, 0x88, 0x39, 0x67, 0x39, 0x68, 0x41, 0x88, 0x39, 0x68, 0x39,
    0x67, 0x41, 0x88, 0x39, 0x68, 0x39, 0x87, 0x39, 0x88, 0x41, 0x68, 0x39,
    0x67, 0x39, 0x88, 0x41, 0x88, 0x39, 0x68, 0x39, 0x88, 0x41, 0x88, 0x39,
    0x68, 0x39, 0x68, 0x39, 0x88, 0x39, 0x68, 0x39, 0x88, 0x39, 0x68, 0x39,
    0x68, 0x39, 0x88, 0x41, 0x68, 0x39, 0x87, 0x39, 0x68, 0x41, 0x68, 0x39,
    0x88, 0x39, 0x68, 0x41, 0x88, 0x39, 0x88, 0x39, 0x68, 0x41, 0x88, 0x39,
    0x68, 0x39, 0x68, 0x39, 0x87, 0x39, 0x88, 0x39, 0x68, 0x39, 0x88, 0x41,
    0x68, 0x39, 0x68, 0x39, 0x88, 0x39, 0x88, 0x39, 0x87, 0x39, 0x68, 0x39,
    0x68, 0x39, 0x88, 0x39, 0x68, 0x39, 0x68, 0x39, 0x88, 0x39, 0x68, 0x39,
    0x87, 0x39, 0x88, 0x41, 0x68, 0x39, 0x88, 0x39, 0x88, 0x41, 0x67, 0x39,
    0x88, 0x39, 0x68, 0x41, 0x67, 0x39, 0x88, 0x39, 0x68, 0x39, 0x67, 0x39,
    0x88, 0x41, 0x88, 0x39, 0x68, 0x39, 0x88, 0x41, 0x88, 0x41, 0x68, 0x39,
    0x88, 0x39, 0x68, 0x39, 0x88, 0x39, 0x88, 0x39, 0x68, 0x39, 0x88, 0x39,
    0x68, 0x39, 0x68, 0x39, 0x88, 0x39, 0x67, 0x39, 0x88, 0x41, 0x68, 0x39,
    0x88, 0x39, 0x88, 0x41, 0x87, 0x39, 0x68, 0x39, 0x88, 0x39, 0x67, 0x39,
    0x88, 0x39, 0x88, 0x41, 0x67, 0x39, 0x88, 0x39, 0x68, 0x41, 0x88, 0x39,
    0x68, 0x39, 0x68, 0x39, 0x88, 0x39, 0x67, 0x39, 0x68, 0x41, 0x88, 0x39,
    0x68, 0x39, 0x88, 0x39, 0x88, 0x41, 0x68, 0x41, 0x88, 0x39, 0x68, 0x41,
    0x88, 0x39, 0x88, 0x39, 0x68, 0x41, 0x88, 0x39, 0x68, 0x39, 0x68, 0x39,
    0x87, 0x39, 0x68, 0x39, 0x88, 0x39, 0x88, 0x39, 0x68, 0x39, 0x88, 0x39,
    0x88, 0x39, 0x68, 0x41, 0x87, 0x39, 0x88, 0x39, 0x68, 0x39, 0x88, 0x39,
    0x68, 0x39, 0x68, 0x41, 0x88, 0x39, 0x67, 0x39, 0x88, 0x39, 0x68, 0x41,
    0x68, 0x39, 0x88, 0x39, 0x68, 0x41, 0x68, 0x39, 0x88, 0x39, 0x67, 0x39,
    0x68, 0x39, 0x88, 0x41, 0x68, 0x39, 0x68, 0x39, 0x88, 0x39, 0x68, 0x39,
    0x87, 0x39, 0x88, 0x39, 0x68, 0x41, 0x88, 0x39, 0x68, 0x39, 0x88, 0x41,
    0x68, 0x39, 0x68, 0x39, 0x87, 0x41, 0x68, 0x39, 0x68, 0x39, 0x88, 0x39,
    0x68, 0x39, 0x68, 0x39, 0x88, 0x39, 0x67, 0x39, 0x88, 0x39, 0x88, 0x41,
    0x68, 0x41, 0x68, 0x39, 0x88, 0x39, 0x68, 0x39, 0x68, 0x39, 0x87, 0x41,
    0x68, 0x39, 0x88, 0x39, 0x68, 0x41, 0x88, 0x39, 0x68, 0x41, 0x88, 0x39,
    0x67, 0x39, 0x88, 0x41, 0x68, 0x39, 0x68, 0x39, 0x88, 0x41, 0x68, 0x39,
    0x88, 0x39, 0x68, 0x41, 0x68, 0x39, 0x88, 0x39, 0x68, 0x39, 0x68, 0x39,
    0x88, 0x41, 0x68, 0x39, 0x88, 0x39, 0x88, 0x41, 0x68, 0x39, 0x68, 0x39,
    0x88, 0x41, 0x68, 0x39, 0x68, 0x39, 0x88, 0x41, 0x68, 0x39, 0x68, 0x39,
    0x68, 0x39, 0x88, 0x39, 0x67, 0x41, 0x88, 0x39, 0x68, 0x41, 0x88, 0x39,
    0x88, 0x41, 0x68, 0x39, 0x87, 0x39, 0x88, 0x41, 0x68, 0x39, 0x88, 0x39,
    0x68, 0x39, 0x68, 0x39, 0x87, 0x39, 0x68, 0x41, 0x88, 0x39, 0x88, 0x39,
    0x68, 0x39, 0x68, 0x41, 0x88, 0x39, 0x68, 0x39, 0x68, 0x39, 0x88, 0x41,
    0x68, 0x39, 0x68, 0x39, 0x87, 0x41, 0x88, 0x39, 0x68, 0x39, 0x88, 0x39,
    0x88, 0x39, 0x68, 0x41, 0x67, 0x39, 0x88, 0x39, 0x68, 0x41, 0x88, 0x41,
    0x68, 0x39, 0x68, 0x41, 0x87, 0x39, 0x68, 0x41, 0x88, 0x39, 0x67, 0x39,
    0x88, 0x41, 0x88, 0x39, 0x68, 0x39, 0x88, 0x39, 0x88, 0x39, 0x68, 0x41,
    0x88, 0x39, 0x68, 0x39, 0x68, 0x39, 0x88, 0x41, 0x68, 0x39, 0x68, 0x39,
    0x88, 0x39, 0x68, 0x41, 0x68, 0x39, 0x87, 0x39, 0x68, 0x39, 0x88, 0x39,
    0x87, 0x41, 0x68, 0x39, 0x88, 0x39, 0x67, 0x41, 0x88, 0x39, 0x88, 0x39,
    0x68, 0x39, 0x68, 0x39, 0x88, 0x39, 0x88, 0x39, 0x68, 0x39, 0x88, 0x39,
    0x67, 0x41, 0x68, 0x39, 0x88, 0x39, 0x67, 0x41, 0x68, 0x39, 0x88, 0x39,
    0x88, 0x41, 0x68, 0x39, 0x68, 0x41, 0x68, 0x39, 0x88, 0x39, 0x87, 0x39,
    0x68, 0x41, 0x68, 0x39, 0x88, 0x39, 0x68, 0x41, 0x68, 0x41, 0x88, 0x39,
    0x87, 0x41, 0x68, 0x39, 0x88, 0x41, 0x87, 0x41, 0x68, 0x39, 0x88, 0x39,
    0x68, 0x39, 0x68, 0x39, 0x88, 0x39, 0x67, 0x39, 0x68, 0x41, 0x88, 0x39,
    0x88, 0x39, 0x68, 0x41, 0x88, 0x39, 0x88, 0x39, 0x68, 0x41, 0x88, 0x39,
    0x68, 0x39, 0x67, 0x39, 0x88, 0x39, 0x68, 0x39, 0x87, 0x39, 0x68, 0x41,
    0x88, 0x39, 0x88, 0x41, 0x68, 0x39, 0x68, 0x41, 0x88, 0x39, 0x87, 0x39,
    0x68, 0x41, 0x88, 0x41, 0x68, 0x39, 0x88, 0x39, 0x68, 0x41, 0x67, 0x39,
    0x68, 0x39, 0x88, 0x39, 0x68, 0x41, 0x88, 0x39, 0x68, 0x39, 0x68, 0x41,
    0x88, 0x39, 0x68, 0x39, 0x88, 0x39, 0x68, 0x39, 0x88, 0x39, 0x88, 0x41,
    0x68, 0x39, 0x88, 0x41, 0x88, 0x39, 0x68, 0x39, 0x88, 0x41, 0x68, 0x39,
    0x68, 0x39, 0x88, 0x39, 0x68, 0x39, 0x87, 0x39, 0x88, 0x39, 0x68, 0x41,
    0x68, 0x39, 0x88, 0x39, 0x67, 0x39, 0x88, 0x39, 0x88, 0x41, 0x68, 0x39,
    0x88, 0x39, 0x68, 0x41, 0x67, 0x41, 0x88, 0x39, 0x68, 0x39, 0x67, 0x41,
    0x88, 0x39, 0x68, 0x39, 0x68, 0x41, 0x88, 0x39, 0x67, 0x39, 0x88, 0x41,
    0x88, 0x39, 0x67, 0x39, 0x68, 0x41, 0x88, 0x39, 0x88, 0x39, 0x68, 0x39,
    0x87, 0x39, 0x68, 0x39, 0x88, 0x41, 0x67, 0x39, 0x88, 0x39, 0x88, 0x41,
    0x68, 0x39, 0x87, 0x39, 0x88, 0x39, 0x68, 0x39, 0x87, 0x41, 0x68, 0x39,
    0x68, 0x39, 0x88, 0x39, 0x88, 0x41, 0x67, 0x39, 0x88, 0x39, 0x88, 0x39,
    0x67, 0x39, 0x88, 0x39, 0x88, 0x41, 0x68, 0x39, 0x87, 0x39, 0x88, 0x41,
    0x68, 0x39, 0x87, 0x39, 0x68, 0x39, 0x68, 0x39, 0x88, 0x39, 0x88, 0x39,
    0x67, 0x39, 0x88, 0x41, 0x88, 0x39, 0x67, 0x39, 0x88, 0x39, 0x68, 0x39,
    0x88, 0x41, 0x67, 0x39, 0x88, 0x39, 0x68, 0x41, 0x87, 0x39, 0x68, 0x39,
    0x88, 0x41, 0x88, 0x39, 0x68, 0x39, 0x87, 0x39, 0x68, 0x39, 0x88, 0x39,
    0x87, 0x39, 0x68, 0x41, 0x88, 0x39, 0x68, 0x39, 0x87, 0x41, 0x68, 0x39,
    0x88, 0x39, 0x68, 0x39, 0x67, 0x39, 0x88, 0x41, 0x88, 0x39, 0x67, 0x39,
    0x88, 0x39, 0x88, 0x39, 0x67, 0x39, 0x88, 0x39, 0x88, 0x41, 0x68, 0x39,
    0x68, 0x39, 0x88, 0x39, 0x68, 0x39, 0x68, 0x39, 0x88, 0x39, 0x67, 0x41,
    0x68, 0x39, 0x68, 0x39, 0x88, 0x41, 0x68, 0x39, 0x88, 0x39, 0x87, 0x41,
    0x68, 0x39, 0x88, 0x39, 0x68, 0x41, 0x68, 0x39, 0x87, 0x39, 0x88, 0x39,
    0x68, 0x41, 0x87, 0x39, 0x88, 0x39, 0x68, 0x39, 0x87, 0x41, 0x88, 0x39,
    0x68, 0x39, 0x68, 0x39, 0x88, 0x41, 0x68, 0x39, 0x88, 0x39, 0x67, 0x41,
    0x88, 0x39, 0x88, 0x39, 0x68, 0x39, 0x88, 0x39, 0x88, 0x39, 0x67, 0x39,
    0x88, 0x39, 0x68, 0x39, 0x88, 0x41, 0x68, 0x39, 0x68, 0x39, 0x88, 0x39,
    0x68, 0x39, 0x68, 0x39, 0x88, 0x41, 0x68, 0x39, 0x67, 0x39, 0x88, 0x39,
    0x88, 0x39, 0x68, 0x41, 0x88, 0x39, 0x88, 0x39, 0x68, 0x39, 0x88, 0x39,
    0x88, 0x41, 0x68, 0x39, 0x88, 0x39, 0x68, 0x41, 0x68, 0x39, 0x88, 0x39,
    0x68, 0x41, 0x88, 0x39, 0x68, 0x39, 0x88, 0x41, 0x68, 0x39, 0x88, 0x41,
    0x87, 0x39, 0x68, 0x41, 0x88, 0x39, 0x68, 0x41, 0x88, 0x39, 0x88, 0x39,
    0x68, 0x39, 0x88, 0x39, 0x88, 0x39, 0x68, 0x39, 0x88, 0x39, 0x67, 0x39,
    0x88, 0x39, 0x88, 0x41, 0x68, 0x39, 0x88, 0x39, 0x68, 0x39, 0x88, 0x39,
    0x88, 0x41, 0x68, 0x39, 0x87, 0x39, 0x68, 0x39, 0x88, 0x39, 0x88, 0x39,
    0x68, 0x39, 0x68, 0x39, 0x88, 0x39, 0x68, 0x39, 0x88, 0x41, 0x88, 0x39,
    0x68, 0x41, 0x88, 0x39, 0x88, 0x39, 0x68, 0x41, 0x88, 0x39, 0x68, 0x39,
    0x68, 0x39, 0x88, 0x39, 0x68, 0x39, 0x67, 0x39, 0x88, 0x41, 0x88, 0x39,
    0x68, 0x39, 0x88, 0x41, 0x68, 0x39, 0x88, 0x39, 0x68, 0x39, 0x68, 0x39,
    0x88, 0x39, 0x67, 0x39, 0x68, 0x41, 0x88, 0x39, 0x68, 0x39, 0x68, 0x39,
    0x88, 0x39, 0x68, 0x39, 0x87, 0x39, 0x88, 0x39, 0x68, 0x39, 0x88, 0x39,
    0x88, 0x39, 0x68, 0x39, 0x68, 0x39, 0x88, 0x41, 0x88, 0x39, 0x68, 0x39,
    0x88, 0x41, 0x68, 0x39, 0x68, 0x39, 0x87, 0x41, 0x68, 0x39, 0x68, 0x39,
    0x87, 0x39, 0x68, 0x41, 0x68, 0x39, 0x88, 0x39, 0x88, 0x39, 0x67, 0x41,
    0x88, 0x39, 0x68, 0x41, 0x68, 0x39, 0x88, 0x39, 0x68, 0x39, 0x88, 0x39,
    0x68, 0x41, 0x68, 0x39, 0x88, 0x39, 0x68, 0x41, 0x88, 0x39, 0x87, 0x39,
    0x68, 0x39, 0x88, 0x39, 0x68, 0x39, 0x88, 0x39, 0x88, 0x41, 0x68, 0x39,
    0x88, 0x39, 0x68, 0x39, 0x88, 0x39, 0x68, 0x41, 0x88, 0x39, 0x68, 0x39,
    0x88, 0x39, 0x88, 0x39, 0x68, 0x39, 0x88, 0x41, 0x68, 0x39, 0x88, 0x41,
    0x68, 0x39, 0x88, 0x39, 0x68, 0x39, 0x88, 0x39, 0x68, 0x39, 0x68, 0x41,
    0x88, 0x39, 0x68, 0x39, 0x88, 0x41, 0x68, 0x39, 0x88, 0x39, 0x88, 0x41,
    0x68, 0x39, 0x68, 0x39, 0x88, 0x39, 0x68, 0x41, 0x68, 0x39, 0x88, 0x39,
    0x68, 0x41, 0x68, 0x39, 0x88, 0x39, 0x68, 0x39, 0x68, 0x41, 0x88, 0x39,
    0x68, 0x39, 0x88, 0x41, 0x88, 0x41, 0x68, 0x39, 0x68, 0x41, 0x88, 0x39,
    0x68, 0x39, 0x68, 0x39, 0x88, 0x41, 0x88, 0x41, 0x68, 0x39, 0x88, 0x39,
    0x68, 0x39, 0x88, 0x39, 0x68, 0x39, 0x88, 0x39, 0x68, 0x39, 0x68, 0x39,
    0x88, 0x39, 0x68, 0x39, 0x88, 0x41, 0x68, 0x39, 0x68, 0x39, 0x88, 0x41,
    0x68, 0x39, 0x88, 0x39, 0x68, 0x39, 0x88, 0x41, 0x88, 0x39, 0x68, 0x39,
    0x88, 0x41, 0x88, 0x39, 0x68, 0x39, 0x68, 0x39, 0x88, 0x39, 0x68, 0x41,
    0x68, 0x39, 0x88, 0x41, 0x68, 0x39, 0x68, 0x39, 0x88, 0x39, 0x88, 0x39,
    0x88, 0x39, 0x68, 0x41, 0x88, 0x39, 0x88, 0x39, 0x68, 0x39, 0x88, 0x39,
    0x88, 0x39, 0x68, 0x39, 0x68, 0x39, 0x88, 0x39, 0x68, 0x39, 0x68, 0x41,
    0x88, 0x39, 0x88, 0x39, 0x68, 0x39, 0x88, 0x39, 0x68, 0x41, 0x68, 0x39,
    0x88, 0x39, 0x68, 0x39, 0x68, 0x39, 0x88, 0x41, 0x68, 0x39, 0x88, 0x39,
    0x88, 0x39, 0x88, 0x41, 0x68, 0x39, 0x88, 0x39, 0x68, 0x39, 0x68, 0x41,
    0x88, 0x39, 0x68, 0x39, 0x68, 0x41, 0x88, 0x39, 0x68, 0x39, 0x68, 0x41,
    0x88, 0x39, 0x88, 0x39, 0x68, 0x39, 0x88, 0x39, 0x88, 0x41, 0x68, 0x39,
    0x88, 0x39, 0x87, 0x41, 0x68, 0x39, 0x88, 0x39, 0x68, 0x41, 0x68, 0x39,
    0x88, 0x39, 0x67, 0x41, 0x68, 0x39, 0x88, 0x39, 0x67, 0x41, 0x88, 0x39,
    0x68, 0x39, 0x87, 0x39, 0x88, 0x39, 0x68, 0x41, 0x88, 0x39, 0x68, 0x39,
    0x68, 0x39, 0x88, 0x39, 0x87, 0x39, 0x68, 0x39, 0x68, 0x39, 0x88, 0x39,
    0x68, 0x39, 0x88, 0x39, 0x67, 0x41, 0x68, 0x39, 0x88, 0x39, 0x67, 0x41,
    0x68, 0x39, 0x88, 0x41, 0x68, 0x39, 0x88, 0x41, 0x68, 0x39, 0x68, 0x39,
    0x88, 0x39, 0x68, 0x39, 0x87, 0x39, 0x88, 0x41, 0x68, 0x39, 0x68, 0x39,
    0x88, 0x39, 0x88, 0x41, 0x68, 0x39, 0x88, 0x39, 0x68, 0x41, 0x68, 0x39,
    0x88, 0x39, 0x88, 0x41, 0x68, 0x39, 0x68, 0x39, 0x87, 0x39, 0x68, 0x39,
    0x68, 0x41, 0x87, 0x39, 0x68, 0x39, 0x88, 0x39, 0x88, 0x39, 0x67, 0x41,
    0x88, 0x39, 0x88, 0x39, 0x68, 0x41, 0x88, 0x39, 0x68, 0x39, 0x68, 0x39,
    0x88, 0x39, 0x88, 0x41, 0x68, 0x39, 0x88, 0x41, 0x88, 0x41, 0x68, 0x39,
    0x88, 0x39, 0x88, 0x39, 0x68, 0x39, 0x88, 0x39, 0x87, 0x41, 0x68, 0x39,
    0x88, 0x39, 0x68, 0x41, 0x68, 0x39, 0x88, 0x41, 0x68, 0x39, 0x88, 0x41,
    0x88, 0x41, 0x67, 0x39, 0x88, 0x39, 0x68, 0x39, 0x87, 0x39, 0x88, 0x39,
    0x67, 0x41, 0x88, 0x39, 0x88, 0x39, 0x68, 0x41, 0x88, 0x39, 0x88, 0x39,
    0x68, 0x39, 0x88, 0x39, 0x67, 0x41, 0x88, 0x39, 0x68, 0x39, 0x88, 0x39,
    0x88, 0x39, 0x68, 0x41, 0x87, 0x39, 0x68, 0x39, 0x88, 0x41, 0x87, 0x39,
    0x68, 0x39, 0x88, 0x41, 0x88, 0x39, 0x68, 0x39, 0x68, 0x39, 0x88, 0x41,
    0x68, 0x41, 0x88, 0x39, 0x88, 0x39, 0x68, 0x39, 0x68, 0x39, 0x88, 0x41,
    0x67, 0x39, 0x88, 0x39, 0x88, 0x39, 0x68, 0x39, 0x68, 0x41, 0x88, 0x39,
    0x68, 0x41, 0x68, 0x39, 0x88, 0x39, 0x67, 0x39, 0x68, 0x39, 0x88, 0x41,
    0x88, 0x39, 0x68, 0x39, 0x88, 0x41, 0x68, 0x39, 0x88, 0x39, 0x68, 0x39,
    0x88, 0x39, 0x68, 0x39, 0x68, 0x41, 0x88, 0x39, 0x68, 0x39, 0x88, 0x39,
    0x67, 0x41, 0x88, 0x39, 0x68, 0x39, 0x88, 0x39, 0x68, 0x41, 0x88, 0x39,
    0x88, 0x39, 0x68, 0x41, 0x88, 0x39, 0x88, 0x39, 0x68, 0x39, 0x68, 0x39,
    0x88, 0x39, 0x68, 0x39, 0x88, 0x39, 0x87, 0x39, 0x68, 0x41, 0x88, 0x39,
    0x88, 0x39, 0x68, 0x39, 0x68, 0x39, 0x88, 0x39, 0x68, 0x41, 0x68, 0x39,
    0x88, 0x41, 0x68, 0x39, 0x88, 0x41, 0x88, 0x39, 0x68, 0x41, 0x88, 0x39,
    0x67, 0x39, 0x88, 0x41, 0x88, 0x39, 0x68, 0x39, 0x87, 0x41, 0x68, 0x39,
    0x68, 0x39, 0x87, 0x39, 0x68, 0x41, 0x68, 0x39, 0x88, 0x39, 0x67, 0x39,
    0x68, 0x41, 0x88, 0x39, 0x88, 0x39, 0x67, 0x41, 0x88, 0x39, 0x88, 0x39,
    0x68, 0x39, 0x87, 0x39, 0x88, 0x41, 0x68, 0x39, 0x67, 0x39, 0x68, 0x39,
    0x68, 0x39, 0x68, 0x39, 0x87, 0x41, 0x68, 0x39, 0x68, 0x41, 0x88, 0x39,
    0x88, 0x41, 0x67, 0x39, 0x88, 0x39, 0x88, 0x41, 0x67, 0x39, 0x68, 0x39,
    0x88, 0x41, 0x67, 0x39, 0x88, 0x39, 0x88, 0x41, 0x68, 0x39, 0x88, 0x39,
    0x88, 0x41, 0x68, 0x39, 0x87, 0x39, 0x68, 0x39, 0x68, 0x39, 0x68, 0x39,
    0x87, 0x41, 0x68, 0x39, 0x68, 0x39, 0x87, 0x39, 0x88, 0x39, 0x68, 0x39,
    0x88, 0x39, 0x67, 0x41, 0x88, 0x39, 0x88, 0x39, 0x67, 0x41, 0x88, 0x39,
    0x68, 0x39, 0x67, 0x41, 0x88, 0x39, 0x68, 0x39, 0x87, 0x41, 0x68, 0x39,
    0x88, 0x39, 0x68, 0x41, 0x88, 0x39, 0x88, 0x39, 0x68, 0x41, 0x88, 0x39,
    0x88, 0x39, 0x68, 0x39, 0x88, 0x39, 0x68, 0x41, 0x88, 0x39, 0x68, 0x39,
    0x68, 0x41, 0x88, 0x39, 0x68, 0x39, 0x88, 0x39, 0x87, 0x39, 0x68, 0x41,
    0x88, 0x39, 0x68, 0x39, 0x88, 0x41, 0x68, 0x39, 0x88, 0x39, 0x67, 0x41,
    0x68, 0x39, 0x88, 0x39, 0x88, 0x39, 0x68, 0x39, 0x88, 0x39, 0x68, 0x39,
    0x88, 0x41, 0x68, 0x39, 0x87, 0x39, 0x68, 0x39, 0x88, 0x41, 0x88, 0x41,
    0x68, 0x39, 0x68, 0x39, 0x88, 0x41, 0x68, 0x39, 0x67, 0x41, 0x88, 0x39,
    0x68, 0x39, 0x67, 0x39, 0x88, 0x41, 0x68, 0x39, 0x87, 0x39, 0x68, 0x41,
    0x88, 0x39, 0x87, 0x39, 0x68, 0x41, 0x88, 0x39, 0x68, 0x39, 0x88, 0x39,
    0x88, 0x39, 0x68, 0x41, 0x68, 0x39, 0x88, 0x39, 0x68, 0x41, 0x68, 0x39,
    0x88, 0x39, 0x68, 0x41, 0x87, 0x39, 0x88, 0x39, 0x68, 0x41, 0x67, 0x39,
    0x88, 0x39, 0x68, 0x39, 0x67, 0x39, 0x88, 0x39, 0x68, 0x39, 0x67, 0x41,
    0x88, 0x39, 0x68, 0x41, 0x68, 0x39, 0x88, 0x39, 0x68, 0x41, 0x88, 0x39,
    0x88, 0x39, 0x68, 0x41, 0x88, 0x39, 0x68, 0x39, 0x67, 0x39, 0x68, 0x39,
    0x88, 0x39, 0x68, 0x41, 0x68, 0x39, 0x88, 0x41, 0x68, 0x39, 0x68, 0x39,
    0x88, 0x39, 0x68, 0x39, 0x88, 0x39, 0x68, 0x39, 0x68, 0x41, 0x88, 0x39,
    0x68, 0x39, 0x88, 0x39, 0x88, 0x39, 0x68, 0x41, 0x68, 0x39, 0x88, 0x39,
    0x68, 0x39, 0x88, 0x39, 0x88, 0x39, 0x68, 0x41, 0x68, 0x39, 0x88, 0x39,
    0x68, 0x39, 0x87, 0x39, 0x68, 0x41, 0x68, 0x39, 0x87, 0x39, 0x68, 0x39,
    0x68, 0x39, 0x88, 0x41, 0x67, 0x39, 0x68, 0x41, 0x88, 0x39, 0x88, 0x39,
    0x68, 0x41, 0x68, 0x39, 0x87, 0x39, 0x88, 0x41, 0x68, 0x39, 0x87, 0x39,
    0x88, 0x39, 0x68, 0x41, 0x88, 0x39, 0x88, 0x39, 0x68, 0x39, 0x67, 0x39,
    0x88, 0x39, 0x68, 0x41, 0x67, 0x39, 0x88, 0x41, 0x88, 0x39, 0x67, 0x41,
    0x88, 0x39, 0x88, 0x39, 0x67, 0x39, 0x88, 0x39, 0x68, 0x39, 0x68, 0x41,
    0x88, 0x39, 0x68, 0x39, 0x87, 0x41, 0x88, 0x39, 0x68, 0x39, 0x67, 0x39,
    0x88, 0x39, 0x68, 0x39, 0x67, 0x41, 0x88, 0x39, 0x88, 0x39, 0x67, 0x41,
    0x88, 0x39, 0x68, 0x39, 0x68, 0x39, 0x88, 0x39, 0x68, 0x39, 0x67, 0x41,
    0x88, 0x39, 0x88, 0x41, 0x67, 0x39, 0x88, 0x39, 0x88, 0x39, 0x67, 0x39,
    0x88, 0x39, 0x68, 0x41, 0x67, 0x39, 0x88, 0x39, 0x88, 0x39, 0x68, 0x41,
    0x68, 0x39, 0x88, 0x39, 0x68, 0x39, 0x88, 0x39, 0x88, 0x39, 0x68, 0x41,
    0x88, 0x39, 0x88, 0x39, 0x68, 0x39, 0x88, 0x39, 0x88, 0x39, 0x68, 0x39,
    0x68, 0x39, 0x88, 0x39, 0x68, 0x41, 0x68, 0x39, 0x88, 0x39, 0x68, 0x41,
    0x68, 0x39, 0x88, 0x39, 0x88, 0x39, 0x68, 0x41, 0x88, 0x39, 0x88, 0x39,
    0x68, 0x39, 0x88, 0x39, 0x88, 0x39, 0x68, 0x39, 0x88, 0x39, 0x67, 0x41,
    0x68, 0x39, 0x88, 0x39, 0x68, 0x41, 0x88, 0x39, 0x88, 0x39, 0x68, 0x39,
    0x88, 0x39, 0x68, 0x41, 0x68, 0x39, 0x88, 0x39, 0x67, 0x39, 0x68, 0x39,
    0x88, 0x41, 0x68, 0x39, 0x88, 0x41, 0x88, 0x39, 0x88, 0x39, 0x68, 0x41,
    0x88, 0x39, 0x68, 0x39, 0x88, 0x41, 0x68, 0x39, 0x88, 0x41, 0x68, 0x39,
    0x88, 0x39, 0x88, 0x39, 0x68, 0x39, 0x68, 0x39, 0x88, 0x41, 0x88, 0x39,
    0x68, 0x39, 0x88, 0x41, 0x88, 0x39, 0x68, 0x39, 0x68, 0x39, 0x88, 0x39,
    0x68, 0x39, 0x68, 0x39, 0x88, 0x39, 0x67, 0x39, 0x68, 0x39, 0x88, 0x39,
    0x67, 0x41, 0x88, 0x39, 0x88, 0x39, 0x68, 0x39, 0x88, 0x39, 0x88, 0x39,
    0x67, 0x41, 0x68, 0x39, 0x88, 0x39, 0x68, 0x41, 0x68, 0x39, 0x88, 0x39,
    0x87, 0x41, 0x68, 0x39, 0x68, 0x39, 0x88, 0x41, 0x88, 0x39, 0x68, 0x39,
    0x88, 0x41, 0x68, 0x39, 0x68, 0x39, 0x88, 0x41, 0x68, 0x39, 0x88, 0x39,
    0x88, 0x39, 0x68, 0x39, 0x88, 0x39, 0x68, 0x39, 0x68, 0x39, 0x87, 0x39,
    0x88, 0x39, 0x68, 0x41, 0x88, 0x39, 0x88, 0x39, 0x68, 0x39, 0x88, 0x41,
    0x88, 0x39, 0x68, 0x39, 0x88, 0x39, 0x88, 0x39, 0x68, 0x39, 0x88, 0x39,
    0x68, 0x39, 0x68, 0x39, 0x88, 0x39, 0x68, 0x41, 0x88, 0x39, 0x68, 0x39,
    0x88, 0x41, 0x68, 0x39, 0x88, 0x39, 0x87, 0x41, 0x68, 0x39, 0x88, 0x39,
    0x68, 0x39, 0x68, 0x39, 0x88, 0x39, 0x68, 0x39, 0x88, 0x41, 0x88, 0x39,
    0x68, 0x39, 0x88, 0x41, 0x88, 0x39, 0x68, 0x39, 0x88, 0x39, 0x88, 0x39,
    0x68, 0x39, 0x87, 0x41, 0x88, 0x39, 0x68, 0x39, 0x68, 0x39, 0x88, 0x39,
    0x67, 0x39, 0x88, 0x39, 0x88, 0x39, 0x88, 0x39, 0x68, 0x41, 0x88, 0x39,
    0x88, 0x39, 0x68, 0x39, 0x88, 0x39, 0x88, 0x39, 0x68, 0x41, 0x88, 0x39,
    0x68, 0x41, 0x68, 0x39, 0x87, 0x39, 0x88, 0x41, 0x68, 0x39, 0x87, 0x39,
    0x68, 0x41, 0x68, 0x39, 0x88, 0x39, 0x68, 0x41, 0x87, 0x39, 0x68, 0x41,
    0x68, 0x41, 0x87, 0x39, 0x68, 0x39, 0x68, 0x39, 0x88, 0x39, 0x68, 0x41,
    0x88, 0x39, 0x68, 0x39, 0x88, 0x39, 0x88, 0x41, 0x88, 0x39, 0x68, 0x39,
    0x88, 0x39, 0x88, 0x39, 0x68, 0x39, 0x88, 0x39, 0x88, 0x39, 0x67, 0x39,
    0x88, 0x41, 0x68, 0x39, 0x68, 0x39, 0x88, 0x39, 0x68, 0x39, 0x68, 0x39,
    0x88, 0x39, 0x67, 0x39, 0x68, 0x41, 0x88, 0x39, 0x88, 0x41, 0x68, 0x39,
    0x88, 0x39, 0x88, 0x39, 0x68, 0x39, 0x88, 0x39, 0x68, 0x39, 0x68, 0x39,
    0x88, 0x41, 0x68, 0x39, 0x88, 0x41, 0x88, 0x39, 0x67, 0x39, 0x88, 0x39,
    0x88, 0x39, 0x68, 0x39, 0x68, 0x41, 0x88, 0x39, 0x68, 0x39, 0x88, 0x41,
    0x88, 0x39, 0x68, 0x39, 0x68, 0x39, 0x88, 0x41, 0x68, 0x39, 0x88, 0x39,
    0x88, 0x41, 0x67, 0x41, 0x88, 0x39, 0x88, 0x41, 0x68, 0x39, 0x68, 0x39,
    0x88, 0x39, 0x68, 0x39, 0x68, 0x41, 0x88, 0x39, 0x68, 0x39, 0x88, 0x41,
    0x88, 0x39, 0x68, 0x39, 0x68, 0x39, 0x88, 0x39, 0x67, 0x39, 0x88, 0x39,
    0x88, 0x41, 0x68, 0x39, 0x67, 0x41, 0x88, 0x39, 0x68, 0x39, 0x68, 0x39,
    0x88, 0x41, 0x68, 0x39, 0x88, 0x39, 0x67, 0x41, 0x88, 0x41, 0x88, 0x39,
    0x68, 0x39, 0x87, 0x41, 0x88, 0x39, 0x68, 0x39, 0x88, 0x39, 0x87, 0x41,
    0x68, 0x39, 0x68, 0x39, 0x88, 0x41, 0x68, 0x39, 0x68, 0x39, 0x88, 0x41,
    0x88, 0x39, 0x68, 0x39, 0x68, 0x41, 0x88, 0x39, 0x88, 0x39, 0x68, 0x39,
    0x88, 0x39, 0x68, 0x39, 0x68, 0x39, 0x88, 0x39, 0x68, 0x41, 0x88, 0x39,
    0x88, 0x39, 0x68, 0x39, 0x88, 0x41, 0x88, 0x39, 0x68, 0x39, 0x88, 0x41,
    0x67, 0x39, 0x68, 0x39, 0x88, 0x39, 0x68, 0x41, 0x67, 0x39, 0x88, 0x39,
    0x68, 0x39, 0x88, 0x39, 0x68, 0x39, 0x88, 0x41, 0x67, 0x39, 0x68, 0x39,
    0x88, 0x41, 0x68, 0x39, 0x68, 0x39, 0x88, 0x41, 0x68, 0x39, 0x68, 0x39,
    0x88, 0x39, 0x68, 0x39, 0x88, 0x39, 0x68, 0x41, 0x88, 0x39, 0x87, 0x41,
    0x68, 0x39, 0x88, 0x39, 0x88, 0x41, 0x68, 0x39, 0x88, 0x39, 0x68, 0x41,
    0x68, 0x39, 0x88, 0x39, 0x68, 0x41, 0x67, 0x39, 0x88, 0x39, 0x68, 0x41,
    0x88, 0x39, 0x88, 0x39, 0x68, 0x39, 0x87, 0x41, 0x68, 0x39, 0x88, 0x39,
    0x68, 0x39, 0x88, 0x39, 0x68, 0x39, 0x87, 0x41, 0x68, 0x39, 0x88, 0x39,
    0x88, 0x39, 0x68, 0x41, 0x87, 0x39, 0x88, 0x39, 0x68, 0x41, 0x67, 0x39,
    0x88, 0x41, 0x68, 0x39, 0x88, 0x41, 0x88, 0x39, 0x68, 0x39, 0x68, 0x39,
    0x88, 0x41, 0x67, 0x39, 0x68, 0x39, 0x88, 0x39, 0x68, 0x39, 0x68, 0x39,
    0x88, 0x41, 0x68, 0x39, 0x68, 0x39, 0x88, 0x41, 0x68, 0x39, 0x88, 0x41,
    0x68, 0x39, 0x88, 0x39, 0x67, 0x41, 0x88, 0x39, 0x68, 0x39, 0x67, 0x41,
    0x88, 0x39, 0x68, 0x39, 0x68, 0x39, 0x88, 0x39, 0x68, 0x39, 0x88, 0x41,
    0x87, 0x39, 0x68, 0x41, 0x88, 0x39, 0x68, 0x39, 0x68, 0x39, 0x88, 0x39,
    0x68, 0x41, 0x88, 0x39, 0x68, 0x39, 0x67, 0x41, 0x88, 0x39, 0x68, 0x39,
    0x68, 0x39, 0x88, 0x39, 0x88, 0x41, 0x68, 0x39, 0x87, 0x41, 0x68, 0x39,
    0x68, 0x41, 0x68, 0x39, 0x88, 0x39, 0x67, 0x41, 0x88, 0x39, 0x68, 0x39,
    0x68, 0x41, 0x87, 0x39, 0x68, 0x39, 0x68, 0x39, 0x87, 0x39, 0x88, 0x39,
    0x68, 0x41, 0x88, 0x39, 0x68, 0x39, 0x88, 0x39, 0x68, 0x39, 0x88, 0x39,
    0x88, 0x41, 0x67, 0x39, 0x88, 0x39, 0x88, 0x39, 0x68, 0x39, 0x88, 0x39,
    0x88, 0x39, 0x68, 0x41, 0x88, 0x39, 0x88, 0x39, 0x67, 0x41, 0x88, 0x39,
    0x68, 0x39, 0x88, 0x41, 0x68, 0x39, 0x68, 0x39, 0x88, 0x41, 0x68, 0x39,
    0x67, 0x41, 0x88, 0x39, 0x68, 0x39, 0x68, 0x41, 0x88, 0x39, 0x68, 0x39,
    0x88, 0x39, 0x88, 0x41, 0x68, 0x39, 0x88, 0x39, 0x88, 0x41, 0x68, 0x41,
    0x88, 0x39, 0x88, 0x39, 0x68, 0x39, 0x68, 0x41, 0x88, 0x39, 0x68, 0x39,
    0x68, 0x41, 0x88, 0x39, 0x68, 0x39, 0x87, 0x41, 0x68, 0x39, 0x88, 0x39,
    0x68, 0x39, 0x67, 0x39, 0x88, 0x41, 0x68, 0x39, 0x68, 0x39, 0x88, 0x41,
    0x88, 0x39, 0x68, 0x39, 0x88, 0x39, 0x68, 0x39, 0x88, 0x41, 0x68, 0x39,
    0x87, 0x39, 0x88, 0x41, 0x68, 0x39, 0x88, 0x39, 0x67, 0x39, 0x68, 0x39,
    0x88, 0x39, 0x68, 0x39, 0x68, 0x39, 0x88, 0x39, 0x88, 0x41, 0x68, 0x39,
    0x88, 0x39, 0x88, 0x39, 0x68, 0x39, 0x67, 0x41, 0x88, 0x39, 0x68, 0x39,
    0x88, 0x39, 0x87, 0x39, 0x68, 0x41, 0x88, 0x41, 0x68, 0x39, 0x68, 0x39,
    0x88, 0x39, 0x68, 0x39, 0x88, 0x39, 0x88, 0x41, 0x68, 0x39, 0x87, 0x39,
    0x68, 0x39, 0x88, 0x41, 0x68, 0x39, 0x68, 0x39, 0x88, 0x39, 0x68, 0x39,
    0x68, 0x41, 0x88, 0x39, 0x68, 0x39, 0x68, 0x39, 0x88, 0x39, 0x88, 0x39,
    0x68, 0x39, 0x88, 0x39, 0x67, 0x41, 0x88, 0x39, 0x68, 0x39, 0x68, 0x39,
    0x68, 0x39, 0x88, 0x39, 0x67, 0x41, 0x88, 0x39, 0x68, 0x39, 0x88, 0x41,
    0x88, 0x39, 0x67, 0x41, 0x88, 0x39, 0x68, 0x39, 0x67, 0x41, 0x88, 0x39,
    0x68, 0x39, 0x67, 0x39, 0x88, 0x39, 0x68, 0x41, 0x88, 0x39, 0x88, 0x39,
    0x68, 0x39, 0x88, 0x39, 0x88, 0x39, 0x68, 0x39, 0x88, 0x41, 0x88, 0x39,
    0x68, 0x41, 0x87, 0x39, 0x88, 0x39, 0x68, 0x39, 0x88, 0x39, 0x88, 0x39,
    0x67, 0x41, 0x88, 0x39, 0x88, 0x39, 0x87, 0x39, 0x68, 0x39, 0x88, 0x41,
    0x67, 0x39, 0x88, 0x39, 0x68, 0x41, 0x87, 0x39, 0x68, 0x39, 0x68, 0x39,
    0x88, 0x41, 0x68, 0x39, 0x67, 0x39, 0x88, 0x41, 0x88, 0x39, 0x68, 0x39,
    0x88, 0x39, 0x88, 0x39, 0x68, 0x41, 0x88, 0x39, 0x68, 0x39, 0x68, 0x39,
    0x88, 0x39, 0x68, 0x39, 0x88, 0x41, 0x68, 0x39, 0x88, 0x39, 0x68, 0x41,
    0x88, 0x39, 0x68, 0x39, 0x88, 0x41, 0x68, 0x39, 0x68, 0x39, 0x88, 0x39,
    0x68, 0x39, 0x68, 0x39, 0x88, 0x39, 0x68, 0x39, 0x88, 0x39, 0x88, 0x41,
    0x68, 0x39, 0x67, 0x39, 0x88, 0x39, 0x88, 0x41, 0x67, 0x39, 0x88, 0x41,
    0x88, 0x39, 0x68, 0x39, 0x88, 0x41, 0x88, 0x39, 0x67, 0x39, 0x88, 0x39,
    0x88, 0x41, 0x67, 0x39, 0x88, 0x39, 0x68, 0x41, 0x87, 0x39, 0x68, 0x39,
    0x88, 0x41, 0x68, 0x39, 0x88, 0x39, 0x88, 0x39, 0x68, 0x39, 0x88, 0x39,
    0x88, 0x39, 0x67, 0x41, 0x88, 0x39, 0x68, 0x39, 0x68, 0x41, 0x88, 0x39,
    0x68, 0x39, 0x88, 0x39, 0x88, 0x41, 0x67, 0x39, 0x88, 0x39, 0x68, 0x41,
    0x87, 0x39, 0x68, 0x39, 0x88, 0x39, 0x88, 0x41, 0x68, 0x39, 0x88, 0x41,
    0x68, 0x39, 0x68, 0x39, 0x88, 0x39, 0x68, 0x39, 0x88, 0x39, 0x88, 0x41,
    0x68, 0x39, 0x88, 0x39, 0x68, 0x41, 0x68, 0x39, 0x88, 0x39, 0x88, 0x39,
    0x68, 0x41, 0x88, 0x39, 0x88, 0x41, 0x68, 0x41, 0x68, 0x39, 0x88, 0x39,
    0x88, 0x39, 0x67, 0x41, 0x88, 0x39, 0x68, 0x39, 0x68, 0x41, 0x88, 0x39,
    0x68, 0x39, 0x68, 0x41, 0x88, 0x39, 0x68, 0x39, 0x68, 0x41, 0x88, 0x39,
    0x68, 0x39, 0x68, 0x39, 0x88, 0x39, 0x68, 0x41, 0x88, 0x39, 0x68, 0x39,
    0x88, 0x39, 0x67, 0x39, 0x88, 0x39, 0x68, 0x39, 0x87, 0x39, 0x88, 0x39,
    0x68, 0x39, 0x88, 0x41, 0x88, 0x39, 0x67, 0x39, 0x68, 0x41, 0x88, 0x39,
    0x68, 0x39, 0x67, 0x39, 0x88, 0x41, 0x68, 0x39, 0x67, 0x39, 0x88, 0x39,
    0x68, 0x41, 0x88, 0x39, 0x88, 0x39, 0x67, 0x39, 0x88, 0x39, 0x88, 0x39,
    0x67, 0x41, 0x68, 0x39, 0x88, 0x39, 0x68, 0x41, 0x88, 0x39, 0x88, 0x39,
    0x68, 0x41, 0x88, 0x39, 0x88, 0x39, 0x68, 0x39, 0x68, 0x41, 0x88, 0x39,
    0x67, 0x39, 0x68, 0x41, 0x88, 0x39, 0x87, 0x39, 0x68, 0x39, 0x68, 0x39,
    0x88, 0x39, 0x68, 0x41, 0x88, 0x39, 0x88, 0x39, 0x68, 0x41, 0x88, 0x39,
    0x88, 0x39, 0x68, 0x41, 0x68, 0x39, 0x87, 0x39, 0x68, 0x39, 0x68, 0x41,
    0x87, 0x39, 0x88, 0x39, 0x68, 0x41, 0x88, 0x39, 0x68, 0x39, 0x68, 0x41,
    0x88, 0x39, 0x68, 0x39, 0x88, 0x39, 0x88, 0x39, 0x68, 0x41, 0x88, 0x39,
    0x67, 0x39, 0x88, 0x41, 0x68, 0x39, 0x68, 0x39, 0x88, 0x41, 0x88, 0x39,
    0x68, 0x39, 0x88, 0x39, 0x87, 0x41, 0x68, 0x39, 0x88, 0x39, 0x67, 0x39,
    0x88, 0x39, 0x88, 0x39, 0x68, 0x41, 0x87, 0x41, 0x68, 0x39, 0x68, 0x39,
    0x88, 0x41, 0x68, 0x39, 0x88, 0x39, 0x88, 0x39, 0x88, 0x39, 0x68, 0x39,
    0x68, 0x39, 0x88, 0x39, 0x88, 0x39, 0x68, 0x39, 0x68, 0x41, 0x88, 0x39,
    0x68, 0x39, 0x88, 0x39, 0x88, 0x41, 0x68, 0x39, 0x88, 0x39, 0x88, 0x41,
    0x68, 0x39, 0x88, 0x39, 0x68, 0x41, 0x67, 0x39, 0x88, 0x39, 0x68, 0x39,
    0x68, 0x41, 0x88, 0x41, 0x67, 0x39, 0x68, 0x39, 0x88, 0x39, 0x68, 0x39,
    0x68, 0x39, 0x88, 0x41, 0x68, 0x39, 0x68, 0x39, 0x88, 0x41, 0x68, 0x39,
    0x68, 0x39, 0x88, 0x41, 0x68, 0x39, 0x68, 0x39, 0x88, 0x41, 0x88, 0x39,
    0x68, 0x39, 0x68, 0x39, 0x88, 0x39, 0x88, 0x39, 0x68, 0x39, 0x88, 0x39,
    0x88, 0x41, 0x68, 0x39, 0x68, 0x39, 0x88, 0x39, 0x68, 0x41, 0x67, 0x39,
    0x88, 0x39, 0x68, 0x41, 0x87, 0x39, 0x88, 0x39, 0x68, 0x41, 0x87, 0x39,
    0x68, 0x39, 0x88, 0x41, 0x68, 0x39, 0x88, 0x39, 0x68, 0x39, 0x87, 0x39,
    0x68, 0x41, 0x88, 0x39, 0x88, 0x39, 0x68, 0x39, 0x87, 0x41, 0x88, 0x41,
    0x68, 0x39, 0x87, 0x41, 0x68, 0x41, 0x68, 0x39, 0x88, 0x39, 0x88, 0x39,
    0x68, 0x39, 0x68, 0x39, 0x88, 0x41, 0x68, 0x39, 0x68, 0x39, 0x88, 0x39,
    0x68, 0x39, 0x68, 0x39, 0x88, 0x41, 0x68, 0x39, 0x68, 0x39, 0x88, 0x41,
    0x68, 0x39, 0x88, 0x39, 0x68, 0x39, 0x88, 0x39, 0x68, 0x39, 0x88, 0x39,
    0x67, 0x39, 0x68, 0x41, 0x88, 0x39, 0x68, 0x41, 0x68, 0x39, 0x88, 0x39,
    0x68, 0x41, 0x88, 0x39, 0x88, 0x39, 0x68, 0x41, 0x87, 0x39, 0x88, 0x39,
    0x68, 0x39, 0x68, 0x39, 0x88, 0x41, 0x68, 0x39, 0x88, 0x39, 0x88, 0x39,
    0x68, 0x39, 0x68, 0x39, 0x88, 0x41, 0x68, 0x39, 0x88, 0x39, 0x87, 0x39,
    0x68, 0x41, 0x88, 0x39, 0x67, 0x39, 0x68, 0x41, 0x88, 0x39, 0x88, 0x39,
    0x67, 0x39, 0x88, 0x39, 0x88, 0x39, 0x68, 0x41, 0x88, 0x39, 0x67, 0x39,
    0x68, 0x39, 0x88, 0x39, 0x88, 0x39, 0x68, 0x39, 0x68, 0x39, 0x88, 0x41,
    0x68, 0x39, 0x68, 0x39, 0x88, 0x41, 0x88, 0x39, 0x67, 0x39, 0x88, 0x39,
    0x88, 0x39, 0x68, 0x39, 0x88, 0x41, 0x67, 0x39, 0x88, 0x39, 0x88, 0x41,
    0x67, 0x39, 0x88, 0x39, 0x68, 0x41, 0x87, 0x39, 0x68, 0x39, 0x88, 0x41,
    0x68, 0x39, 0x88, 0x39, 0x68, 0x41, 0x88, 0x39, 0x68, 0x39, 0x68, 0x41,
    0x88, 0x39, 0x68, 0x39, 0x88, 0x39, 0x88, 0x39, 0x68, 0x41, 0x88, 0x39,
    0x68, 0x39, 0x88, 0x39, 0x88, 0x39, 0x68, 0x41, 0x88, 0x39, 0x68, 0x39,
    0x67, 0x39, 0x88, 0x41, 0x68, 0x39, 0x68, 0x39, 0x88, 0x41, 0x88, 0x39,
    0x68, 0x39, 0x88, 0x39, 0x88, 0x39, 0x68, 0x39, 0x67, 0x39, 0x88, 0x41,
    0x68, 0x39, 0x88, 0x39, 0x68, 0x39, 0x87, 0x41, 0x88, 0x39, 0x68, 0x39,
    0x88, 0x39, 0x68, 0x41, 0x68, 0x39, 0x88, 0x39, 0x68, 0x41, 0x88, 0x39,
    0x68, 0x39, 0x67, 0x39, 0x88, 0x39, 0x68, 0x41, 0x68, 0x39, 0x88, 0x39,
    0x67, 0x41, 0x88, 0x39, 0x88, 0x39, 0x68, 0x41, 0x88, 0x39, 0x68, 0x39,
    0x68, 0x41, 0x88, 0x39, 0x68, 0x39, 0x88, 0x39, 0x87, 0x39, 0x68, 0x41,
    0x68, 0x39, 0x88, 0x39, 0x68, 0x39, 0x67, 0x39, 0x88, 0x39, 0x88, 0x41,
    0x68, 0x39, 0x88, 0x39, 0x88, 0x39, 0x67, 0x39, 0x68, 0x39, 0x88, 0x41,
    0x68, 0x39, 0x68, 0x39, 0x88, 0x39, 0x68, 0x41, 0x88, 0x39, 0x88, 0x41,
    0x68, 0x39, 0x68, 0x39, 0x88, 0x39, 0x88, 0x39, 0x68, 0x39, 0x88, 0x41,
    0x67, 0x39, 0x68, 0x39, 0x88, 0x41, 0x67, 0x39, 0x68, 0x41, 0x88, 0x39,
    0x68, 0x39, 0x88, 0x41, 0x68, 0x39, 0x68, 0x39, 0x87, 0x39, 0x68, 0x39,
    0x68, 0x39, 0x88, 0x39, 0x68, 0x39, 0x68, 0x39, 0x88, 0x39, 0x68, 0x39,
    0x88, 0x41, 0x88, 0x39, 0x68, 0x39, 0x88, 0x39, 0x88, 0x39, 0x68, 0x41,
    0x87, 0x39, 0x88, 0x39, 0x68, 0x39, 0x88, 0x41, 0x88, 0x39, 0x67, 0x39,
    0x88, 0x39, 0x68, 0x41, 0x88, 0x39, 0x87, 0x39, 0x68, 0x41, 0x88, 0x39,
    0x88, 0x39, 0x68, 0x39, 0x68, 0x41, 0x88, 0x39, 0x67, 0x39, 0x88, 0x39,
    0x88, 0x41, 0x68, 0x39, 0x88, 0x41, 0x68, 0x41, 0x68, 0x39, 0x87, 0x39,
    0x88, 0x39, 0x68, 0x41, 0x88, 0x39, 0x88, 0x39, 0x68, 0x39, 0x88, 0x41,
    0x68, 0x39, 0x68, 0x39, 0x88, 0x39, 0x68, 0x39, 0x88, 0x41, 0x68, 0x39,
    0x88, 0x39, 0x67, 0x41, 0x88, 0x39, 0x68, 0x39, 0x88, 0x41, 0x68, 0x39,
    0x68, 0x39, 0x87, 0x39, 0x68, 0x39, 0x68, 0x39, 0x88, 0x39, 0x68, 0x39,
    0x88, 0x39, 0x88, 0x39, 0x68, 0x39, 0x88, 0x39, 0x67, 0x41, 0x68, 0x39,
    0x88, 0x39, 0x88, 0x41, 0x68, 0x39, 0x88, 0x39, 0x68, 0x39, 0x88, 0x41,
    0x87, 0x39, 0x68, 0x39, 0x88, 0x39, 0x87, 0x39, 0x68, 0x41, 0x68, 0x39,
    0x88, 0x39, 0x68, 0x41, 0x87, 0x39, 0x68, 0x39, 0x88, 0x41, 0x88, 0x39,
    0x68, 0x39, 0x88, 0x39, 0x88, 0x39, 0x67, 0x39, 0x88, 0x41, 0x68, 0x39,
    0x67, 0x39, 0x88, 0x39, 0x68, 0x39, 0x88, 0x39, 0x68, 0x39, 0x88, 0x41,
    0x68, 0x39, 0x87, 0x39, 0x68, 0x39, 0x68, 0x41, 0x88, 0x39, 0x68, 0x41,
    0x88, 0x39, 0x87, 0x39, 0x68, 0x39, 0x68, 0x39, 0x88, 0x39, 0x68, 0x39,
    0x88, 0x41, 0x88, 0x39, 0x68, 0x39, 0x88, 0x41, 0x68, 0x39, 0x68, 0x39,
    0x88, 0x41, 0x68, 0x39, 0x88, 0x39, 0x67, 0x39, 0x88, 0x41, 0x88, 0x39,
    0x68, 0x39, 0x68, 0x41, 0x87, 0x39, 0x88, 0x39, 0x67, 0x39, 0x88, 0x39,
    0x68, 0x39, 0x88, 0x39, 0x68, 0x39, 0x68, 0x41, 0x88, 0x39, 0x68, 0x41,
    0x68, 0x39, 0x87, 0x39, 0x68, 0x39, 0x88, 0x39, 0x68, 0x39, 0x68, 0x39,
    0x88, 0x39, 0x88, 0x39, 0x68, 0x39, 0x68, 0x39, 0x88, 0x39, 0x68, 0x41,
    0x88, 0x39, 0x68, 0x39, 0x88, 0x41, 0x88, 0x39, 0x68, 0x39, 0x88, 0x41,
    0x68, 0x39, 0x67, 0x39, 0x88, 0x41, 0x68, 0x39, 0x88, 0x39, 0x67, 0x41,
    0x88, 0x39, 0x68, 0x39, 0x68, 0x41, 0x88, 0x39, 0x88, 0x39, 0x68, 0x39,
    0x88, 0x39, 0x88, 0x39, 0x68, 0x41, 0x68, 0x39, 0x88, 0x39, 0x68, 0x41,
    0x68, 0x39, 0x87, 0x41, 0x88, 0x39, 0x68, 0x39, 0x88, 0x41, 0x68, 0x39,
    0x88, 0x39, 0x67, 0x39, 0x68, 0x41, 0x88, 0x39, 0x88, 0x39, 0x68, 0x39,
    0x88, 0x41, 0x88, 0x39, 0x68, 0x39, 0x88, 0x41, 0x87, 0x39, 0x68, 0x41,
    0x88, 0x39, 0x88, 0x39, 0x68, 0x41, 0x88, 0x39, 0x87, 0x39, 0x68, 0x39,
    0x68, 0x39, 0x88, 0x39, 0x68, 0x39, 0x88, 0x41, 0x88, 0x39, 0x88, 0x39,
    0x68, 0x39, 0x87, 0x39, 0x68, 0x41, 0x68, 0x39, 0x88, 0x39, 0x88, 0x39,
    0x68, 0x41, 0x87, 0x39, 0x68, 0x41, 0x68, 0x39, 0x88, 0x39, 0x68, 0x39,
    0x68, 0x41, 0x88, 0x39, 0x88, 0x41, 0x68, 0x39, 0x88, 0x39, 0x88, 0x39,
    0x67, 0x41, 0x88, 0x39, 0x68, 0x39, 0x68, 0x39, 0x88, 0x39, 0x68, 0x41,
    0x68, 0x39, 0x87, 0x39, 0x68, 0x41, 0x68, 0x39, 0x88, 0x39, 0x88, 0x39,
    0x68, 0x39, 0x88, 0x39, 0x88, 0x39, 0x68, 0x41, 0x68, 0x39, 0x88, 0x39,
    0x68, 0x39, 0x88, 0x39, 0x88, 0x41, 0x68, 0x39, 0x88, 0x41, 0x88, 0x41,
    0x67, 0x39, 0x88, 0x41, 0x88, 0x39, 0x67, 0x41, 0x88, 0x39, 0x68, 0x39,
    0x67, 0x39, 0x88, 0x41, 0x68, 0x39, 0x68, 0x39, 0x88, 0x41, 0x68, 0x39,
    0x68, 0x39, 0x88, 0x39, 0x68, 0x39, 0x68, 0x41, 0x88, 0x39, 0x88, 0x39,
    0x68, 0x41, 0x68, 0x39, 0x88, 0x39, 0x68, 0x39, 0x68, 0x39, 0x88, 0x39,
    0x87, 0x39, 0x68, 0x39, 0x88, 0x39, 0x88, 0x41, 0x68, 0x39, 0x68, 0x39,
    0x88, 0x39, 0x67, 0x39, 0x88, 0x39, 0x68, 0x39, 0x68, 0x41, 0x88, 0x39,
    0x68, 0x39, 0x68, 0x39, 0x87, 0x41, 0x68, 0x39, 0x88, 0x39, 0x88, 0x39,
    0x68, 0x39, 0x88, 0x41, 0x68, 0x39, 0x68, 0x39, 0x88, 0x39, 0x88, 0x39,
    0x68, 0x39, 0x88, 0x39, 0x68, 0x39, 0x88, 0x39, 0x87, 0x41, 0x68, 0x39,
    0x88, 0x39, 0x88, 0x41, 0x68, 0x41, 0x88, 0x39, 0x68, 0x39, 0x68, 0x39,
    0x88, 0x41, 0x68, 0x39, 0x88, 0x39, 0x88, 0x39, 0x68, 0x41, 0x68, 0x39,
    0x88, 0x39, 0x67, 0x39, 0x88, 0x39, 0x68, 0x41, 0x87, 0x39, 0x68, 0x39,
    0x68, 0x41, 0x88, 0x39, 0x68, 0x39, 0x88, 0x41, 0x88, 0x39, 0x68, 0x39,
    0x87, 0x39, 0x88, 0x39, 0x68, 0x41, 0x68, 0x39, 0x88, 0x39, 0x68, 0x41,
    0x68, 0x39, 0x88, 0x39, 0x68, 0x41, 0x88, 0x39, 0x88, 0x39, 0x68, 0x39,
    0x88, 0x41, 0x68, 0x39, 0x88, 0x41, 0x68, 0x39, 0x68, 0x39, 0x88, 0x41,
    0x88, 0x39, 0x68, 0x39, 0x88, 0x39, 0x88, 0x39, 0x67, 0x39, 0x68, 0x41,
    0x88, 0x39, 0x68, 0x39, 0x88, 0x41, 0x88, 0x41, 0x67, 0x39, 0x68, 0x39,
    0x88, 0x39, 0x68, 0x39, 0x88, 0x39, 0x87, 0x39, 0x68, 0x39, 0x88, 0x39,
    0x68, 0x41, 0x68, 0x39, 0x88, 0x39, 0x68, 0x39, 0x68, 0x39, 0x88, 0x41,
    0x88, 0x39, 0x68, 0x39, 0x68, 0x41, 0x88, 0x39, 0x88, 0x41, 0x68, 0x39,
    0x87, 0x41, 0x88, 0x39, 0x68, 0x39, 0x87, 0x39, 0x88, 0x39, 0x68, 0x39,
    0x88, 0x41, 0x88, 0x39, 0x68, 0x41, 0x88, 0x39, 0x88, 0x41, 0x68, 0x39,
    0x68, 0x41, 0x88, 0x39, 0x88, 0x41, 0x68, 0x39, 0x88, 0x39, 0x87, 0x39,
    0x68, 0x39, 0x68, 0x39, 0x87, 0x39, 0x68, 0x41, 0x88, 0x39, 0x87, 0x39,
    0x68, 0x39, 0x88, 0x41, 0x68, 0x39, 0x68, 0x39, 0x88, 0x39, 0x88, 0x39,
    0x68, 0x41, 0x88, 0x39, 0x67, 0x39, 0x88, 0x39, 0x68, 0x41, 0x68, 0x39,
    0x88, 0x39, 0x88, 0x41, 0x67, 0x39, 0x88, 0x39, 0x88, 0x39, 0x67, 0x39,
    0x68, 0x39, 0x88, 0x41, 0x68, 0x39, 0x68, 0x39, 0x88, 0x41, 0x88, 0x39,
    0x68, 0x39, 0x88, 0x41, 0x88, 0x41, 0x88, 0x41, 0x68, 0x39, 0x68, 0x39,
    0x87, 0x39, 0x68, 0x39, 0x88, 0x39, 0x68, 0x39, 0x68, 0x39, 0x88, 0x39,
    0x68, 0x41, 0x68, 0x39, 0x88, 0x39, 0x68, 0x39, 0x88, 0x41, 0x68, 0x39,
    0x88, 0x41, 0x68, 0x39, 0x68, 0x39, 0x67, 0x39, 0x88, 0x39, 0x68, 0x41,
    0x88, 0x39, 0x88, 0x39, 0x68, 0x41, 0x68, 0x39, 0x88, 0x39, 0x68, 0x39,
    0x88, 0x39, 0x88, 0x41, 0x88, 0x39, 0x68, 0x39, 0x88, 0x41, 0x88, 0x39,
    0x67, 0x39, 0x68, 0x39, 0x68, 0x39, 0x88, 0x41, 0x68, 0x39, 0x68, 0x39,
    0x88, 0x39, 0x88, 0x41, 0x68, 0x39, 0x87, 0x39, 0x88, 0x39, 0x68, 0x39,
    0x88, 0x39, 0x88, 0x41, 0x68, 0x39, 0x88, 0x39, 0x67, 0x41, 0x68, 0x39,
    0x88, 0x41, 0x68, 0x39, 0x88, 0x39, 0x88, 0x39, 0x68, 0x39, 0x68, 0x39,
    0x68, 0x39, 0x88, 0x39, 0x67, 0x39, 0x88, 0x39, 0x68, 0x39, 0x88, 0x39,
    0x68, 0x39, 0x68, 0x39, 0x88, 0x41, 0x68, 0x39, 0x88, 0x39, 0x88, 0x41,
    0x68, 0x39, 0x88, 0x39, 0x87, 0x39, 0x68, 0x41, 0x88, 0x39, 0x88, 0x39,
    0x68, 0x41, 0x88, 0x39, 0x87, 0x39, 0x68, 0x39, 0x68, 0x39, 0x88, 0x41,
    0x68, 0x39, 0x87, 0x39, 0x88, 0x41, 0x68, 0x39, 0x68, 0x39, 0x88, 0x41,
    0x68, 0x41, 0x68, 0x39, 0x87, 0x39, 0x68, 0x39, 0x68, 0x41, 0x88, 0x39,
    0x68, 0x39, 0x88, 0x41, 0x68, 0x39, 0x88, 0x39, 0x87, 0x39, 0x68, 0x41,
    0x88, 0x39, 0x88, 0x39, 0x68, 0x39, 0x68, 0x41, 0x87, 0x39, 0x68, 0x39,
    0x88, 0x41, 0x87, 0x39, 0x68, 0x39, 0x88, 0x41, 0x67, 0x39, 0x68, 0x41,
    0x88, 0x39, 0x68, 0x41, 0x68, 0x39, 0x88, 0x39, 0x68, 0x39, 0x68, 0x39,
    0x88, 0x39, 0x68, 0x39, 0x88, 0x39, 0x87, 0x41, 0x68, 0x39, 0x88, 0x39,
    0x67, 0x41, 0x68, 0x39, 0x88, 0x39, 0x67, 0x41, 0x88, 0x39, 0x88, 0x39,
    0x68, 0x41, 0x88, 0x39, 0x68, 0x39, 0x88, 0x41, 0x88, 0x39, 0x68, 0x39,
    0x88, 0x39, 0x68, 0x41, 0x68, 0x39, 0x88, 0x39, 0x68, 0x39, 0x68, 0x41,
    0x88, 0x39, 0x68, 0x39, 0x88, 0x39, 0x88, 0x39, 0x67, 0x39, 0x88, 0x41,
    0x88, 0x39, 0x67, 0x39, 0x68, 0x41, 0x88, 0x39, 0x68, 0x39, 0x88, 0x41,
    0x88, 0x39, 0x68, 0x39, 0x87, 0x39, 0x88, 0x41, 0x68, 0x39, 0x67, 0x39,
    0x88, 0x41, 0x68, 0x39, 0x68, 0x41, 0x88, 0x39, 0x88, 0x39, 0x68, 0x39,
    0x68, 0x39, 0x88, 0x39, 0x68, 0x39, 0x88, 0x39, 0x68, 0x41, 0x88, 0x39,
    0x68, 0x39, 0x67, 0x41, 0x88, 0x41, 0x68, 0x39, 0x88, 0x39, 0x88, 0x41,
    0x67, 0x39, 0x88, 0x39, 0x88, 0x41, 0x68, 0x39, 0x68, 0x39, 0x87, 0x39,
    0x68, 0x39, 0x88, 0x39, 0x68, 0x39, 0x68, 0x39, 0x88, 0x39, 0x68, 0x41,
    0x68, 0x39, 0x88, 0x39, 0x68, 0x41, 0x88, 0x39, 0x68, 0x39, 0x68, 0x39,
    0x88, 0x39, 0x68, 0x39, 0x68, 0x39, 0x87, 0x41, 0x88, 0x39, 0x68, 0x39,
    0x67, 0x39, 0x88, 0x41, 0x68, 0x39, 0x67, 0x39, 0x88, 0x41, 0x68, 0x39,
    0x88, 0x41, 0x88, 0x39, 0x68, 0x39, 0x68, 0x39, 0x88, 0x41, 0x68, 0x39,
    0x88, 0x39, 0x88, 0x39, 0x68, 0x39, 0x88, 0x41, 0x68, 0x39, 0x68, 0x39,
    0x88, 0x39, 0x88, 0x41, 0x68, 0x39, 0x88, 0x39, 0x87, 0x41, 0x68, 0x39,
    0x68, 0x39, 0x88, 0x39, 0x68, 0x39, 0x68, 0x41, 0x88, 0x39, 0x88, 0x39,
    0x68, 0x39, 0x88, 0x39, 0x88, 0x39, 0x67, 0x39, 0x68, 0x39, 0x88, 0x39,
    0x68, 0x39, 0x88, 0x39, 0x88, 0x41, 0xa9, 0x41, 0x88, 0x39, 0x88, 0x41,
    0x68, 0x39, 0x88, 0x41, 0x68, 0x39, 0x87, 0x39, 0x68, 0x41, 0x88, 0x39,
    0x87, 0x39, 0x68, 0x39, 0x88, 0x39, 0x68, 0x41, 0x68, 0x39, 0x88, 0x39,
    0x87, 0x39, 0x88, 0x41, 0x88, 0x39, 0x68, 0x39, 0x68, 0x41, 0x87, 0x39,
    0x68, 0x39, 0x68, 0x39, 0x88, 0x39, 0x87, 0x41, 0x68, 0x39, 0x68, 0x39,
    0x88, 0x39, 0x68, 0x39, 0x68, 0x39, 0x87, 0x39, 0x68, 0x41, 0x88, 0x39,
    0x88, 0x39, 0x68, 0x39, 0x87, 0x39, 0x88, 0x41, 0x68, 0x39, 0x67, 0x39,
    0x88, 0x39, 0x68, 0x41, 0x68, 0x39, 0x88, 0x41, 0x68, 0x41, 0x68, 0x39,
    0x87, 0x39, 0x68, 0x39, 0x88, 0x39, 0x88, 0x39, 0x68, 0x39, 0x88, 0x41,
    0x88, 0x39, 0x67, 0x39, 0x68, 0x41, 0x88, 0x39, 0x87, 0x39, 0x68, 0x41,
    0x88, 0x39, 0x68, 0x39, 0x68, 0x41, 0x88, 0x39, 0x68, 0x39, 0x88, 0x41,
    0x88, 0x39, 0x68, 0x39, 0x68, 0x39, 0x88, 0x39, 0x67, 0x39, 0x68, 0x39,
    0x88, 0x41, 0x68, 0x39, 0x68, 0x39, 0x88, 0x39, 0x67, 0x39, 0x68, 0x39,
    0x88, 0x39, 0x68, 0x41, 0x88, 0x39, 0x88, 0x39, 0x68, 0x41, 0x87, 0x39,
    0x68, 0x39, 0x88, 0x39, 0x88, 0x41, 0x68, 0x39, 0x87, 0x39, 0x88, 0x39,
    0x68, 0x39, 0x88, 0x41, 0x88, 0x39, 0x68, 0x39, 0x88, 0x39, 0x87, 0x41,
    0x68, 0x39, 0x88, 0x39, 0x68, 0x41, 0x88, 0x39, 0x68, 0x39, 0x68, 0x39,
    0x88, 0x41, 0x88, 0x39, 0x68, 0x39, 0x88, 0x39, 0x68, 0x41, 0x68, 0x39,
    0x88, 0x39, 0x68, 0x39, 0x88, 0x39, 0x88, 0x39, 0x68, 0x41, 0x88, 0x39,
    0x88, 0x39, 0x67, 0x39, 0x88, 0x41, 0x88, 0x39, 0x68, 0x41, 0x88, 0x39,
    0x68, 0x41, 0x68, 0x39, 0x88, 0x39, 0x68, 0x39, 0x88, 0x41, 0x88, 0x39,
    0x68, 0x39, 0x88, 0x39, 0x68, 0x39, 0x68, 0x41, 0x88, 0x39, 0x68, 0x39,
    0x87, 0x41, 0x68, 0x39, 0x68, 0x39, 0x88, 0x39, 0x68, 0x39, 0x88, 0x39,
    0x87, 0x39, 0x68, 0x39, 0x88, 0x41, 0x87, 0x39, 0x68, 0x39, 0x88, 0x39,
    0x68, 0x41, 0x68, 0x39, 0x88, 0x41, 0x88, 0x41, 0x68, 0x39, 0x68, 0x39,
    0x88, 0x39, 0x68, 0x39, 0x88, 0x39, 0x67, 0x39, 0x68, 0x39, 0x88, 0x39,
    0x67, 0x39, 0x68, 0x39, 0x88, 0x39, 0x88, 0x39, 0x68, 0x39, 0x88, 0x39,
    0x88, 0x39, 0x68, 0x39, 0x67, 0x41, 0x88, 0x39, 0x88, 0x39, 0x68, 0x41,
    0x87, 0x41, 0x88, 0x39, 0x68, 0x39, 0x67, 0x39, 0x88, 0x39, 0x88, 0x41,
    0x68, 0x39, 0x88, 0x39, 0x68, 0x39, 0x68, 0x39, 0x88, 0x41, 0x68, 0x39,
    0x68, 0x39, 0x88, 0x39, 0x87, 0x41, 0x68, 0x39, 0x88, 0x41, 0x88, 0x39,
    0x68, 0x41, 0x88, 0x39, 0x87, 0x39, 0x68, 0x41, 0x88, 0x39, 0x68, 0x39,
    0x88, 0x39, 0x68, 0x39, 0x88, 0x41, 0x68, 0x39, 0x87, 0x41, 0x88, 0x41,
    0x68, 0x39, 0x87, 0x39, 0x68, 0x39, 0x68, 0x39, 0x88, 0x39, 0x88, 0x39,
    0x68, 0x39, 0x88, 0x39, 0x88, 0x39, 0x68, 0x39, 0x88, 0x39, 0x68, 0x41,
    0x68, 0x39, 0x88, 0x39, 0x68, 0x41, 0x88, 0x39, 0x68, 0x39, 0x68, 0x39,
    0x88, 0x41, 0x67, 0x39, 0x88, 0x39, 0x88, 0x41, 0x67, 0x39, 0x68, 0x39,
    0x88, 0x39, 0x67, 0x39, 0x68, 0x39, 0x88, 0x39, 0x68, 0x39, 0x88, 0x41,
    0x88, 0x39, 0x67, 0x39, 0x88, 0x41, 0x68, 0x39, 0x68, 0x39, 0x88, 0x41,
    0x68, 0x41, 0x68, 0x39, 0x88, 0x41, 0x88, 0x39, 0x68, 0x41, 0x67, 0x39,
    0x88, 0x39, 0x68, 0x39, 0xa8, 0x41, 0xc9, 0x49, 0x88, 0x41, 0x68, 0x39,
    0x88, 0x39, 0x68, 0x41, 0x88, 0x39, 0x88, 0x39, 0x68, 0x41, 0x68, 0x39,
    0x88, 0x39, 0x88, 0x41, 0x67, 0x39, 0x88, 0x39, 0x68, 0x39, 0x68, 0x39,
    0x68, 0x39, 0x88, 0x41, 0x88, 0x39, 0x68, 0x39, 0x88, 0x39, 0x88, 0x39,
    0x68, 0x41, 0x68, 0x39, 0x88, 0x39, 0x88, 0x39, 0x68, 0x41, 0x87, 0x41,
    0x68, 0x39, 0x88, 0x41, 0x68, 0x39, 0x88, 0x39, 0x68, 0x39, 0x68, 0x41,
    0x88, 0x39, 0x68, 0x41, 0x88, 0x39, 0x68, 0x39, 0x88, 0x41, 0x88, 0x39,
    0x68, 0x39, 0x88, 0x39, 0x87, 0x39, 0x68, 0x39, 0x88, 0x39, 0x88, 0x39,
    0x68, 0x41, 0x68, 0x39, 0x88, 0x41, 0x68, 0x39, 0x68, 0x39, 0x88, 0x39,
    0x68, 0x39, 0x88, 0x39, 0x68, 0x41, 0x68, 0x39, 0x88, 0x39, 0x88, 0x39,
    0x68, 0x39, 0x88, 0x39, 0x88, 0x41, 0x68, 0x39, 0x67, 0x39, 0x88, 0x41,
    0x88, 0x39, 0x67, 0x39, 0x88, 0x41, 0x88, 0x39, 0x68, 0x39, 0x88, 0x41,
    0x88, 0x39, 0x68, 0x39, 0x88, 0x41, 0x88, 0x39, 0x68, 0x41, 0x88, 0x39,
    0x68, 0x39, 0x67, 0x39, 0x88, 0x41, 0x68, 0x39, 0x88, 0x39, 0x68, 0x39,
    0x68, 0x39, 0x68, 0x39, 0x88, 0x39, 0x68, 0x41, 0x68, 0x39, 0x88, 0x39,
    0x68, 0x39, 0x68, 0x39, 0x88, 0x41, 0x68, 0x39, 0x88, 0x39, 0x68, 0x39,
    0x68, 0x39, 0x87, 0x39, 0x88, 0x39, 0x68, 0x41, 0x88, 0x39, 0x68, 0x39,
    0x67, 0x39, 0x88, 0x41, 0x68, 0x39, 0x87, 0x39, 0x88, 0x39, 0x68, 0x39,
    0x68, 0x41, 0x88, 0x39, 0x68, 0x39, 0x68, 0x39, 0x88, 0x39, 0x68, 0x39,
    0x68, 0x39, 0x88, 0x39, 0x68, 0x39, 0x67, 0x39, 0x88, 0x39, 0x88, 0x41,
    0x67, 0x39, 0x88, 0x39, 0x68, 0x41, 0x68, 0x39, 0x88, 0x39, 0x68, 0x39,
    0x88, 0x41, 0x88, 0x39, 0x68, 0x39, 0x88, 0x39, 0x68, 0x39, 0x88, 0x39,
    0x88, 0x39, 0x68, 0x39, 0x88, 0x41, 0x67, 0x39, 0x68, 0x41, 0x88, 0x41,
    0x68, 0x39, 0x68, 0x39, 0x88, 0x39, 0x68, 0x41, 0x88, 0x39, 0x88, 0x39,
    0x67, 0x39, 0x88, 0x39, 0x68, 0x39, 0x88, 0x41, 0x88, 0x39, 0x68, 0x39,
    0x88, 0x41, 0x88, 0x39, 0x68, 0x41, 0x88, 0x39, 0x88, 0x41, 0x68, 0x39,
    0x88, 0x41, 0x68, 0x41, 0x68, 0x39, 0x68, 0x39, 0x88, 0x41, 0x68, 0x39,
    0x88, 0x39, 0x88, 0x39, 0x68, 0x39, 0x68, 0x39, 0x88, 0x39, 0x68, 0x39,
    0x68, 0x39, 0x88, 0x41, 0x68, 0x39, 0x88, 0x41, 0x68, 0x39, 0x68, 0x39,
    0x88, 0x39, 0x88, 0x39, 0x68, 0x39, 0x88, 0x41, 0x67, 0x39, 0x88, 0x39,
    0x68, 0x39, 0x68, 0x39, 0x88, 0x39, 0x68, 0x39, 0x88, 0x39, 0x68, 0x41,
    0x68, 0x39, 0x88, 0x39, 0x68, 0x41, 0x88, 0x39, 0x68, 0x39, 0x87, 0x41,
    0x88, 0x39, 0x68, 0x39, 0x67, 0x39, 0x88, 0x39, 0x68, 0x39, 0x68, 0x39,
    0x88, 0x41, 0x88, 0x39, 0x68, 0x41, 0x68, 0x39, 0x88, 0x41, 0x68, 0x41,
    0x68, 0x39, 0x88, 0x39, 0x68, 0x41, 0x88, 0x39, 0x88, 0x39, 0x67, 0x39,
    0x88, 0x39, 0x68, 0x39, 0x87, 0x41, 0x88, 0x39, 0x68, 0x39, 0x87, 0x39,
    0x68, 0x41, 0x68, 0x39, 0x88, 0x39, 0x68, 0x39, 0x88, 0x41, 0x88, 0x39,
    0x68, 0x41, 0x88, 0x39, 0x88, 0x41, 0x68, 0x39, 0x68, 0x39, 0x88, 0x39,
    0x68, 0x41, 0x68, 0x39, 0x88, 0x39, 0x88, 0x39, 0x67, 0x39, 0x88, 0x39,
    0x88, 0x39, 0x67, 0x39, 0x68, 0x39, 0x88, 0x41, 0x88, 0x39, 0x68, 0x39,
    0x88, 0x41, 0x68, 0x39, 0xa9, 0x41, 0xea, 0x49, 0x88, 0x41, 0x68, 0x39,
    0x88, 0x39, 0x68, 0x39, 0x68, 0x39, 0x88, 0x39, 0x68, 0x39, 0x68, 0x39,
    0x88, 0x41, 0x68, 0x39, 0x68, 0x39, 0x88, 0x41, 0x88, 0x39, 0x87, 0x41,
    0x68, 0x39, 0x68, 0x39, 0x68, 0x41, 0x87, 0x39, 0x68, 0x39, 0x88, 0x41,
    0x88, 0x39, 0x67, 0x39, 0x88, 0x41, 0x68, 0x39, 0x88, 0x39, 0x88, 0x39,
    0x68, 0x39, 0x88, 0x39, 0x87, 0x41, 0x68, 0x39, 0x88, 0x39, 0x68, 0x39,
    0x87, 0x39, 0x68, 0x39, 0x68, 0x39, 0x88, 0x39, 0x68, 0x39, 0x88, 0x41,
    0x68, 0x39, 0x88, 0x39, 0x68, 0x41, 0x68, 0x39, 0x88, 0x39, 0x88, 0x39,
    0x68, 0x39, 0x87, 0x41, 0x88, 0x39, 0x68, 0x39, 0x87, 0x41, 0x68, 0x39,
    0x88, 0x39, 0x88, 0x41, 0x68, 0x39, 0x68, 0x39, 0x88, 0x39, 0x68, 0x39,
    0x68, 0x39, 0x88, 0x39, 0x88, 0x39, 0x68, 0x39, 0x88, 0x39, 0x68, 0x39,
    0x68, 0x39, 0x88, 0x41, 0x68, 0x39, 0x68, 0x39, 0x88, 0x41, 0x68, 0x39,
    0x67, 0x39, 0x88, 0x39, 0x68, 0x39, 0x68, 0x39, 0x88, 0x39, 0x88, 0x41,
    0x68, 0x39, 0x88, 0x39, 0x68, 0x39, 0x68, 0x41, 0x88, 0x39, 0x88, 0x41,
    0x68, 0x39, 0x87, 0x39, 0x88, 0x41, 0x68, 0x39, 0x88, 0x39, 0x88, 0x41,
    0x67, 0x39, 0x88, 0x39, 0x68, 0x39, 0x87, 0x41, 0x68, 0x39, 0x88, 0x41,
    0x68, 0x39, 0x68, 0x39, 0x88, 0x41, 0x68, 0x39, 0x87, 0x39, 0x88, 0x39,
    0x68, 0x39, 0x68, 0x39, 0x88, 0x41, 0x68, 0x39, 0x88, 0x39, 0x88, 0x41,
    0x67, 0x39, 0x88, 0x41, 0x88, 0x39, 0x67, 0x41, 0x88, 0x39, 0x88, 0x41,
    0x67, 0x41, 0x88, 0x39, 0x88, 0x41, 0x68, 0x39, 0x68, 0x39, 0x88, 0x39,
    0x88, 0x39, 0x68, 0x39, 0x87, 0x39, 0x88, 0x41, 0x68, 0x39, 0x67, 0x39,
    0x88, 0x41, 0x68, 0x39, 0x87, 0x39, 0x88, 0x41, 0x68, 0x39, 0x67, 0x41,
    0x88, 0x39, 0x68, 0x39, 0x88, 0x39, 0x88, 0x39, 0x68, 0x39, 0x88, 0x39,
    0x68, 0x41, 0x88, 0x39, 0x68, 0x39, 0x68, 0x39, 0x88, 0x41, 0x68, 0x39,
    0x88, 0x39, 0x88, 0x41, 0x88, 0x41, 0x88, 0x41, 0x88, 0x41, 0x88, 0x41,
    0x68, 0x39, 0x88, 0x39, 0x68, 0x39, 0x68, 0x41, 0x88, 0x39, 0x68, 0x39,
    0x88, 0x39, 0x88, 0x39, 0x67, 0x39, 0x88, 0x41, 0x68, 0x39, 0x67, 0x41,
    0x88, 0x39, 0x68, 0x41, 0x88, 0x39, 0x87, 0x41, 0x68, 0x39, 0x88, 0x39,
    0x88, 0x39, 0x68, 0x39, 0x88, 0x39, 0x88, 0x39, 0x68, 0x41, 0x67, 0x39,
    0x88, 0x41, 0x68, 0x39, 0x87, 0x39, 0x68, 0x41, 0x88, 0x39, 0x88, 0x39,
    0x68, 0x41, 0x88, 0x41, 0x68, 0x39, 0x88, 0x39, 0x67, 0x39, 0x88, 0x39,
    0x68, 0x39, 0x67, 0x39, 0x88, 0x39, 0x68, 0x39, 0x68, 0x39, 0x88, 0x41,
    0x68, 0x39, 0x88, 0x39, 0x88, 0x41, 0x68, 0x39, 0x88, 0x39, 0x68, 0x39,
    0x88, 0x39, 0x68, 0x39, 0x88, 0x39, 0x88, 0x39, 0x67, 0x39, 0x88, 0x39,
    0x88, 0x39, 0x67, 0x41, 0x68, 0x39, 0x88, 0x41, 0x68, 0x39, 0x88, 0x39,
    0x68, 0x41, 0x88, 0x39, 0x68, 0x39, 0x68, 0x39, 0x88, 0x41, 0x88, 0x39,
    0x68, 0x39, 0x88, 0x39, 0x68, 0x39, 0x68, 0x39, 0x88, 0x39, 0x68, 0x39,
    0x68, 0x39, 0x88, 0x41, 0x88, 0x39, 0x67, 0x39, 0x88, 0x41, 0x88, 0x39,
    0x67, 0x39, 0x88, 0x39, 0x88, 0x41, 0x68, 0x39, 0x68, 0x41, 0x88, 0x39,
    0x88, 0x39, 0x68, 0x39, 0x88, 0x39, 0x68, 0x39, 0x68, 0x39, 0x88, 0x39,
    0x88, 0x41, 0x68, 0x39, 0xca, 0x49, 0xea, 0x51, 0x89, 0x41, 0x88, 0x39,
    0x88, 0x39, 0x67, 0x41, 0x88, 0x39, 0x88, 0x41, 0x67, 0x39, 0x88, 0x39,
    0x88, 0x39, 0x68, 0x39, 0x88, 0x39, 0x68, 0x39, 0x88, 0x41, 0x88, 0x39,
    0x68, 0x39, 0x88, 0x39, 0x88, 0x39, 0x68, 0x41, 0x68, 0x39, 0x88, 0x39,
    0x68, 0x39, 0x88, 0x39, 0x68, 0x41, 0x68, 0x39, 0x88, 0x39, 0x68, 0x39,
    0x68, 0x39, 0x88, 0x39, 0x68, 0x41, 0x68, 0x39, 0x88, 0x39, 0x88, 0x41,
    0x68, 0x39, 0x88, 0x41, 0x88, 0x39, 0x67, 0x39, 0x88, 0x41, 0x68, 0x39,
    0x87, 0x39, 0x68, 0x41, 0x88, 0x39, 0x68, 0x39, 0x67, 0x41, 0x88, 0x39,
    0x68, 0x39, 0x68, 0x39, 0x88, 0x39, 0x68, 0x39, 0x88, 0x41, 0x68, 0x39,
    0x67, 0x39, 0x88, 0x39, 0x88, 0x41, 0x67, 0x39, 0x88, 0x41, 0x68, 0x39,
    0x68, 0x39, 0x68, 0x41, 0x87, 0x39, 0x68, 0x41, 0x88, 0x39, 0x88, 0x39,
    0x68, 0x41, 0x88, 0x39, 0x87, 0x39, 0x68, 0x39, 0x88, 0x39, 0x88, 0x39,
    0x68, 0x41, 0x88, 0x39, 0x67, 0x39, 0x68, 0x41, 0x88, 0x39, 0x67, 0x39,
    0x88, 0x41, 0x88, 0x39, 0x68, 0x39, 0x87, 0x39, 0x68, 0x39, 0x88, 0x41,
    0x88, 0x39, 0x68, 0x39, 0x68, 0x39, 0x88, 0x39, 0x67, 0x39, 0x68, 0x41,
    0x88, 0x39, 0x88, 0x39, 0x68, 0x41, 0x68, 0x39, 0x88, 0x39, 0x88, 0x39,
    0x88, 0x41, 0x68, 0x39, 0x68, 0x39, 0x88, 0x39, 0x68, 0x41, 0x88, 0x41,
    0x88, 0x39, 0x68, 0x39, 0x88, 0x39, 0x68, 0x41, 0x68, 0x39, 0x88, 0x39,
    0x68, 0x39, 0x68, 0x39, 0x88, 0x39, 0x68, 0x39, 0x68, 0x39, 0x88, 0x39,
    0x68, 0x39, 0x68, 0x39, 0x88, 0x39, 0x88, 0x41, 0x68, 0x39, 0x68, 0x39,
    0x88, 0x41, 0x68, 0x39, 0x68, 0x39, 0x88, 0x39, 0x68, 0x39, 0x88, 0x39,
    0x68, 0x39, 0x68, 0x39, 0x88, 0x41, 0x68, 0x39, 0x88, 0x39, 0x68, 0x39,
    0x68, 0x41, 0x88, 0x39, 0x68, 0x39, 0x88, 0x41, 0x68, 0x39, 0x87, 0x39,
    0x88, 0x39, 0x68, 0x41, 0x87, 0x39, 0x88, 0x39, 0x68, 0x39, 0x67, 0x41,
    0x68, 0x39, 0x88, 0x39, 0x68, 0x39, 0x88, 0x41, 0x88, 0x39, 0x88, 0x39,
    0x68, 0x39, 0x87, 0x39, 0x88, 0x39, 0x68, 0x39, 0x87, 0x39, 0x68, 0x39,
    0x68, 0x41, 0x88, 0x39, 0x88, 0x39, 0x88, 0x39, 0x68, 0x39, 0x88, 0x39,
    0x68, 0x39, 0x68, 0x39, 0x88, 0x41, 0x68, 0x39, 0x68, 0x41, 0x87, 0x39,
    0x68, 0x41, 0x68, 0x39, 0x87, 0x39, 0x68, 0x39, 0x88, 0x39, 0x88, 0x39,
    0x68, 0x41, 0x88, 0x39, 0x68, 0x39, 0x68, 0x39, 0x88, 0x39, 0x68, 0x39,
    0x87, 0x39, 0x88, 0x39, 0x68, 0x41, 0x68, 0x39, 0x88, 0x41, 0x88, 0x39,
    0x88, 0x41, 0x68, 0x39, 0x88, 0x41, 0x88, 0x39, 0x67, 0x39, 0x88, 0x39,
    0x68, 0x39, 0x68, 0x41, 0x88, 0x39, 0x68, 0x39, 0x87, 0x41, 0x88, 0x39,
    0x68, 0x39, 0x67, 0x41, 0x88, 0x39, 0x68, 0x39, 0x68, 0x41, 0x88, 0x39,
    0x88, 0x39, 0x68, 0x39, 0x88, 0x39, 0x67, 0x39, 0x68, 0x41, 0x88, 0x39,
    0x88, 0x39, 0x68, 0x41, 0x88, 0x39, 0x67, 0x39, 0x88, 0x39, 0x68, 0x41,
    0x88, 0x39, 0x88, 0x41, 0x67, 0x41, 0x88, 0x39, 0x88, 0x39, 0x67, 0x41,
    0x88, 0x39, 0x68, 0x39, 0x68, 0x39, 0x88, 0x39, 0x68, 0x41, 0x68, 0x39,
    0x88, 0x39, 0x68, 0x41, 0x68, 0x39, 0x87, 0x39, 0x68, 0x39, 0x68, 0x41,
    0x88, 0x41, 0x68, 0x39, 0x87, 0x41, 0x88, 0x39, 0x68, 0x39, 0x87, 0x41,
    0x68, 0x39, 0x88, 0x39, 0xea, 0x49, 0x0b, 0x52, 0x88, 0x41, 0x68, 0x39,
    0x88, 0x39, 0x68, 0x39, 0x68, 0x41, 0x88, 0x39, 0x68, 0x39, 0x88, 0x41,
    0x67, 0x39, 0x88, 0x41, 0x68, 0x39, 0x67, 0x39, 0x68, 0x39, 0x88, 0x39,
    0x68, 0x41, 0x87, 0x39, 0x88, 0x39, 0x68, 0x39, 0x88, 0x41, 0x67, 0x39,
    0x68, 0x39, 0x88, 0x41, 0x88, 0x39, 0x67, 0x39, 0x88, 0x41, 0x68, 0x41,
    0x87, 0x39, 0x68, 0x39, 0x88, 0x39, 0x68, 0x39, 0x87, 0x41, 0x68, 0x39,
    0x68, 0x39, 0x88, 0x41, 0x68, 0x39, 0x68, 0x39, 0x88, 0x41, 0x68, 0x39,
    0x68, 0x39, 0x88, 0x39, 0x88, 0x39, 0x68, 0x39, 0x88, 0x41, 0x88, 0x39,
    0x68, 0x39, 0x88, 0x41, 0x68, 0x39, 0x88, 0x39, 0x88, 0x39, 0x68, 0x41,
    0x68, 0x39, 0x88, 0x39, 0x68, 0x39, 0x88, 0x39, 0x68, 0x39, 0x88, 0x39,
    0x88, 0x39, 0x68, 0x39, 0x68, 0x39, 0x88, 0x41, 0x68, 0x39, 0x67, 0x39,
    0x88, 0x39, 0x68, 0x39, 0x68, 0x41, 0x88, 0x39, 0x68, 0x39, 0x67, 0x41,
    0x88, 0x39, 0x88, 0x39, 0x88, 0x41, 0x88, 0x39, 0x68, 0x39, 0x68, 0x39,
    0x88, 0x39, 0x68, 0x41, 0x88, 0x39, 0x68, 0x39, 0x68, 0x39, 0x88, 0x39,
    0x67, 0x41, 0x68, 0x39, 0x88, 0x41, 0x88, 0x39, 0x68, 0x39, 0x68, 0x39,
    0x88, 0x41, 0x68, 0x39, 0x88, 0x39, 0x68, 0x39, 0x67, 0x39, 0x88, 0x39,
    0x68, 0x39, 0x87, 0x41, 0x88, 0x39, 0x68, 0x39, 0x68, 0x39, 0x88, 0x39,
    0x67, 0x41, 0x88, 0x39, 0x88, 0x39, 0x67, 0x39, 0x88, 0x39, 0x88, 0x39,
    0x68, 0x41, 0x87, 0x39, 0x88, 0x39, 0x68, 0x41, 0x88, 0x39, 0x88, 0x39,
    0x68, 0x41, 0x68, 0x39, 0x87, 0x39, 0x88, 0x39, 0x68, 0x41, 0x87, 0x39,
    0x88, 0x39, 0x68, 0x41, 0x88, 0x39, 0x68, 0x41, 0x87, 0x39, 0x88, 0x41,
    0x68, 0x39, 0x88, 0x39, 0x68, 0x39, 0x87, 0x39, 0x88, 0x39, 0x68, 0x39,
    0x88, 0x41, 0x87, 0x39, 0x68, 0x39, 0x68, 0x41, 0x88, 0x39, 0x68, 0x39,
    0x68, 0x39, 0x88, 0x39, 0x68, 0x41, 0x88, 0x39, 0x88, 0x39, 0x68, 0x39,
    0x88, 0x39, 0x68, 0x39, 0x88, 0x39, 0x88, 0x41, 0x88, 0x39, 0x68, 0x39,
    0x68, 0x41, 0x88, 0x41, 0x68, 0x39, 0x88, 0x39, 0x88, 0x41, 0x68, 0x39,
    0x67, 0x39, 0x88, 0x41, 0x68, 0x39, 0x68, 0x39, 0x88, 0x41, 0x88, 0x39,
    0x67, 0x39, 0x88, 0x39, 0x88, 0x39, 0x68, 0x39, 0x88, 0x39, 0x88, 0x39,
    0x68, 0x41, 0x88, 0x39, 0x68, 0x41, 0x68, 0x41, 0x88, 0x39, 0x68, 0x39,
    0x88, 0x39, 0x88, 0x41, 0x68, 0x39, 0x88, 0x39, 0x68, 0x41, 0x68, 0x39,
    0x88, 0x39, 0x68, 0x39, 0x88, 0x39, 0x67, 0x39, 0x68, 0x39, 0x88, 0x41,
    0x68, 0x39, 0x68, 0x39, 0x88, 0x39, 0x68, 0x41, 0x88, 0x39, 0x88, 0x39,
    0x68, 0x41, 0x87, 0x39, 0x68, 0x39, 0x68, 0x39, 0x88, 0x41, 0x68, 0x39,
    0x88, 0x39, 0x88, 0x41, 0x68, 0x39, 0x88, 0x39, 0x68, 0x41, 0x68, 0x39,
    0x87, 0x39, 0x68, 0x41, 0x88, 0x39, 0x88, 0x39, 0x68, 0x39, 0x68, 0x39,
    0x87, 0x39, 0x68, 0x39, 0x88, 0x41, 0x88, 0x39, 0x68, 0x39, 0x68, 0x39,
    0x88, 0x39, 0x68, 0x39, 0x68, 0x39, 0x88, 0x39, 0x68, 0x41, 0x88, 0x39,
    0x88, 0x39, 0x67, 0x41, 0x88, 0x39, 0x88, 0x39, 0x68, 0x39, 0x88, 0x39,
    0x88, 0x39, 0x68, 0x39, 0x88, 0x39, 0x88, 0x39, 0x88, 0x39, 0x68, 0x39,
    0x87, 0x39, 0x68, 0x39, 0x88, 0x41, 0x88, 0x41, 0xa9, 0x41, 0xa9, 0x49,
    0xc9, 0x49, 0xca, 0x49, 0xeb, 0x51, 0x2b, 0x52, 0x09, 0x52, 0xe9, 0x51,
    0xe9, 0x51, 0xc9, 0x49, 0xa8, 0x49, 0xa8, 0x41, 0xa8, 0x41, 0x88, 0x41,
    0x87, 0x41, 0x88, 0x39, 0x88, 0x39, 0x68, 0x41, 0x88, 0x39, 0x68, 0x39,
    0x68, 0x41, 0x68, 0x39, 0x88, 0x39, 0x68, 0x39, 0x88, 0x39, 0x88, 0x41,
    0x68, 0x39, 0x88, 0x39, 0x68, 0x39, 0x88, 0x39, 0x68, 0x39, 0x88, 0x39,
    0x68, 0x41, 0x88, 0x39, 0x88, 0x39, 0x68, 0x41, 0x88, 0x39, 0x88, 0x39,
    0x68, 0x39, 0x87, 0x39, 0x88, 0x39, 0x68, 0x39, 0x88, 0x39, 0x88, 0x39,
    0x68, 0x41, 0x87, 0x39, 0x68, 0x39, 0x68, 0x41, 0x88, 0x39, 0x68, 0x39,
    0x87, 0x41, 0x68, 0x39, 0x88, 0x41, 0x67, 0x39, 0x88, 0x39, 0x88, 0x39,
    0x68, 0x41, 0x88, 0x39, 0x68, 0x39, 0x68, 0x41, 0x88, 0x39, 0x68, 0x39,
    0x88, 0x39, 0x68, 0x39, 0x88, 0x39, 0x88, 0x39, 0x68, 0x41, 0x88, 0x39,
    0x88, 0x39, 0x68, 0x41, 0x88, 0x39, 0x88, 0x39, 0x68, 0x41, 0x68, 0x39,
    0x88, 0x39, 0x68, 0x39, 0x68, 0x39, 0x88, 0x39, 0x68, 0x41, 0x88, 0x39,
    0x67, 0x39, 0x88, 0x39, 0x88, 0x41, 0x68, 0x39, 0x88, 0x39, 0x88, 0x41,
    0x68, 0x39, 0x88, 0x39, 0x88, 0x39, 0x68, 0x41, 0x88, 0x39, 0x88, 0x39,
    0x67, 0x39, 0x88, 0x41, 0x88, 0x39, 0x68, 0x41, 0x88, 0x41, 0x68, 0x39,
    0x68, 0x39, 0x88, 0x39, 0x88, 0x41, 0x67, 0x39, 0x88, 0x39, 0x68, 0x39,
    0x68, 0x39, 0x88, 0x41, 0x68, 0x39, 0x68, 0x41, 0x88, 0x39, 0x68, 0x39,
    0x68, 0x41, 0x88, 0x39, 0x68, 0x39, 0x67, 0x41, 0x88, 0x39, 0x88, 0x39,
    0x67, 0x41, 0x88, 0x39, 0x68, 0x39, 0x68, 0x39, 0x88, 0x39, 0x68, 0x39,
    0x68, 0x39, 0x87, 0x39, 0x88, 0x39, 0x68, 0x39, 0x68, 0x41, 0x88, 0x39,
    0x87, 0x39, 0x68, 0x41, 0x68, 0x39, 0x88, 0x41, 0x68, 0x39, 0x68, 0x39,
    0x88, 0x39, 0x68, 0x39, 0x88, 0x39, 0x88, 0x39, 0x67, 0x41, 0x88, 0x39,
    0x88, 0x39, 0x68, 0x39, 0x68, 0x39, 0x88, 0x41, 0x68, 0x39, 0x88, 0x39,
    0x88, 0x41, 0x68, 0x39, 0x68, 0x39, 0x88, 0x39, 0x68, 0x39, 0x88, 0x39,
    0x88, 0x39, 0x68, 0x39, 0x68, 0x39, 0x88, 0x41, 0x68, 0x39, 0x88, 0x39,
    0x88, 0x39, 0x68, 0x39, 0x88, 0x41, 0x67, 0x39, 0x68, 0x39, 0x88, 0x41,
    0x68, 0x41, 0x88, 0x39, 0x67, 0x39, 0x68, 0x41, 0x88, 0x39, 0x68, 0x39,
    0x88, 0x39, 0x88, 0x39, 0x68, 0x39, 0x87, 0x39, 0x68, 0x39, 0x68, 0x41,
    0x87, 0x39, 0x68, 0x39, 0x88, 0x39, 0x87, 0x41, 0x68, 0x39, 0x88, 0x41,
    0x68, 0x39, 0x88, 0x41, 0x88, 0x39, 0x68, 0x39, 0x88, 0x39, 0x68, 0x39,
    0x87, 0x39, 0x88, 0x39, 0x68, 0x39, 0x68, 0x41, 0x88, 0x39, 0x68, 0x39,
    0x88, 0x39, 0x88, 0x39, 0x68, 0x39, 0x88, 0x41, 0x68, 0x39, 0x68, 0x39,
    0x88, 0x39, 0x68, 0x39, 0x88, 0x39, 0x87, 0x39, 0x68, 0x39, 0x88, 0x39,
    0x68, 0x41, 0x68, 0x39, 0x88, 0x39, 0x88, 0x41, 0x68, 0x39, 0x88, 0x41,
    0x68, 0x39, 0x68, 0x39, 0x88, 0x39, 0x68, 0x41, 0x68, 0x39, 0x87, 0x39,
    0x88, 0x41, 0x68, 0x39, 0x88, 0x39, 0x67, 0x39, 0x68, 0x39, 0x88, 0x39,
    0x68, 0x39, 0x68, 0x41, 0x88, 0x39, 0x68, 0x39, 0x67, 0x41, 0x88, 0x39,
    0x68, 0x41, 0x67, 0x39, 0x88, 0x41, 0x68, 0x41, 0x68, 0x39, 0x88, 0x39,
    0x68, 0x39, 0x88, 0x39, 0x88, 0x41, 0xa9, 0x41, 0xc9, 0x49, 0xca, 0x49,
    0xea, 0x51, 0x0b, 0x52, 0x0b, 0x52, 0x2a, 0x5a, 0x4a, 0x62, 0x4a, 0x62,
    0x29, 0x5a, 0x29, 0x5a, 0x09, 0x5a, 0xe8, 0x51, 0xe8, 0x51, 0xc7, 0x49,
    0xc7, 0x49, 0xc7, 0x49, 0x88, 0x41, 0x88, 0x39, 0x88, 0x39, 0x87, 0x39,
    0x68, 0x39, 0x88, 0x41, 0x68, 0x39, 0x67, 0x39, 0x88, 0x41, 0x68, 0x39,
    0x88, 0x39, 0x67, 0x39, 0x68, 0x41, 0x88, 0x39, 0x88, 0x39, 0x68, 0x39,
    0x68, 0x39, 0x87, 0x41, 0x68, 0x39, 0x68, 0x39, 0x88, 0x39, 0x68, 0x41,
    0x68, 0x39, 0x88, 0x39, 0x68, 0x41, 0x88, 0x39, 0x67, 0x39, 0x88, 0x41,
    0x68, 0x39, 0x88, 0x39, 0x88, 0x41, 0x68, 0x39, 0x87, 0x39, 0x68, 0x39,
    0x68, 0x39, 0x88, 0x39, 0x68, 0x39, 0x68, 0x41, 0x68, 0x39, 0x87, 0x39,
    0x88, 0x39, 0x68, 0x41, 0x87, 0x39, 0x88, 0x39, 0x68, 0x41, 0x88, 0x39,
    0x68, 0x39, 0x88, 0x41, 0x67, 0x39, 0x68, 0x39, 0x88, 0x39, 0x68, 0x41,
    0x67, 0x39, 0x88, 0x39, 0x68, 0x39, 0x87, 0x39, 0x88, 0x39, 0x68, 0x39,
    0x88, 0x41, 0x67, 0x39, 0x68, 0x39, 0x88, 0x41, 0x87, 0x39, 0x68, 0x39,
    0x68, 0x41, 0x88, 0x39, 0x68, 0x39, 0x67, 0x41, 0x88, 0x39, 0x68, 0x39,
    0x68, 0x39, 0x88, 0x39, 0x67, 0x39, 0x68, 0x39, 0x88, 0x41, 0x68, 0x39,
    0x68, 0x39, 0x88, 0x39, 0x68, 0x39, 0x87, 0x39, 0x88, 0x39, 0x68, 0x39,
    0x88, 0x41, 0x68, 0x39, 0x68, 0x39, 0x88, 0x41, 0x88, 0x39, 0x68, 0x39,
    0x88, 0x41, 0x88, 0x39, 0x68, 0x39, 0x88, 0x39, 0x87, 0x41, 0x68, 0x39,
    0x88, 0x39, 0x88, 0x39, 0x68, 0x39, 0x68, 0x39, 0x88, 0x39, 0x68, 0x39,
    0x88, 0x39, 0x88, 0x41, 0x68, 0x39, 0x88, 0x41, 0x88, 0x39, 0x68, 0x41,
    0x68, 0x41, 0x88, 0x39, 0x68, 0x39, 0x88, 0x39, 0x68, 0x39, 0x68, 0x39,
    0x88, 0x39, 0x68, 0x41, 0x88, 0x39, 0x88, 0x39, 0x68, 0x41, 0x87, 0x39,
    0x68, 0x41, 0x68, 0x39, 0x88, 0x39, 0x68, 0x41, 0x68, 0x39, 0x88, 0x39,
    0x88, 0x41, 0x67, 0x39, 0x88, 0x39, 0x68, 0x41, 0x67, 0x39, 0x88, 0x39,
    0x68, 0x41, 0x87, 0x39, 0x88, 0x41, 0x68, 0x39, 0x68, 0x41, 0x88, 0x39,
    0x67, 0x39, 0x88, 0x39, 0x88, 0x41, 0x67, 0x39, 0x68, 0x39, 0x88, 0x41,
    0x68, 0x39, 0x88, 0x39, 0x88, 0x39, 0x68, 0x39, 0x88, 0x39, 0x68, 0x39,
    0x88, 0x39, 0x68, 0x39, 0x88, 0x41, 0x88, 0x39, 0x68, 0x39, 0x67, 0x41,
    0x88, 0x39, 0x68, 0x39, 0x88, 0x41, 0x88, 0x39, 0x68, 0x39, 0x88, 0x39,
    0x68, 0x41, 0x68, 0x39, 0x88, 0x39, 0x68, 0x39, 0x88, 0x39, 0x87, 0x39,
    0x68, 0x39, 0x68, 0x41, 0x87, 0x39, 0x88, 0x41, 0x68, 0x41, 0x88, 0x39,
    0x68, 0x41, 0x88, 0x39, 0x87, 0x39, 0x68, 0x39, 0x68, 0x41, 0x87, 0x39,
    0x68, 0x39, 0x68, 0x41, 0x88, 0x39, 0x87, 0x39, 0x68, 0x39, 0x88, 0x41,
    0x67, 0x39, 0x68, 0x41, 0x88, 0x41, 0x68, 0x39, 0x88, 0x39, 0x88, 0x41,
    0x68, 0x39, 0x88, 0x39, 0x67, 0x39, 0x68, 0x39, 0x88, 0x41, 0x87, 0x39,
    0x68, 0x39, 0x88, 0x41, 0x87, 0x39, 0x68, 0x39, 0x88, 0x39, 0x88, 0x41,
    0x68, 0x39, 0x88, 0x39, 0x88, 0x41, 0x68, 0x41, 0x88, 0x39, 0x88, 0x39,
    0x68, 0x41, 0x88, 0x39, 0x68, 0x39, 0x88, 0x39, 0x68, 0x41, 0x88, 0x39,
    0x68, 0x39, 0x88, 0x39, 0x68, 0x39, 0x88, 0x39, 0x67, 0x41, 0x88, 0x39,
    0x68, 0x41, 0x68, 0x39, 0x88, 0x39, 0x68, 0x39, 0x88, 0x39, 0x88, 0x39,
    0x68, 0x39, 0x88, 0x39, 0xe9, 0x51, 0x2a, 0x5a, 0x09, 0x5a, 0x28, 0x5a,
    0x08, 0x5a, 0x29, 0x5a, 0x28, 0x5a, 0x08, 0x5a, 0x08, 0x5a, 0x08, 0x5a,
    0x08, 0x5a, 0xe8, 0x51, 0x87, 0x41, 0x68, 0x39, 0x68, 0x41, 0x88, 0x39,
    0x88, 0x39, 0x68, 0x39, 0x88, 0x41, 0x88, 0x39, 0x68, 0x39, 0x68, 0x39,
    0x88, 0x39, 0x88, 0x41, 0x68, 0x39, 0x68, 0x39, 0x87, 0x41, 0x68, 0x39,
    0x88, 0x39, 0x88, 0x39, 0x68, 0x41, 0x88, 0x39, 0x67, 0x39, 0x88, 0x41,
    0x88, 0x39, 0x68, 0x39, 0x68, 0x41, 0x88, 0x39, 0x68, 0x39, 0x68, 0x41,
    0x88, 0x39, 0x68, 0x39, 0x68, 0x39, 0x88, 0x39, 0x88, 0x41, 0x68, 0x39,
    0x88, 0x39, 0x88, 0x41, 0x88, 0x39, 0x68, 0x39, 0x88, 0x41, 0x68, 0x39,
    0x68, 0x39, 0x88, 0x39, 0x68, 0x39, 0x88, 0x39, 0x67, 0x39, 0x68, 0x39,
    0x68, 0x39, 0x88, 0x39, 0x88, 0x41, 0x68, 0x39, 0x88, 0x39, 0x68, 0x39,
    0x88, 0x41, 0x68, 0x39, 0x68, 0x41, 0x88, 0x39, 0x68, 0x39, 0x88, 0x41,
    0x88, 0x39, 0x68, 0x39, 0x88, 0x41, 0x68, 0x39, 0x88, 0x39, 0x68, 0x39,
    0x88, 0x41, 0x88, 0x39, 0x68, 0x39, 0x88, 0x39, 0x88, 0x39, 0x67, 0x41,
    0x88, 0x39, 0x88, 0x41, 0x68, 0x39, 0x88, 0x39, 0x88, 0x41, 0x67, 0x39,
    0x88, 0x39, 0x68, 0x41, 0x68, 0x39, 0x88, 0x39, 0x68, 0x39, 0x88, 0x41,
    0x87, 0x39, 0x68, 0x39, 0x68, 0x39, 0x88, 0x39, 0x68, 0x41, 0x67, 0x39,
    0x88, 0x39, 0x68, 0x39, 0x67, 0x39, 0x88, 0x39, 0x68, 0x39, 0x68, 0x41,
    0x88, 0x39, 0x87, 0x41, 0x68, 0x39, 0x88, 0x41, 0x68, 0x41, 0x68, 0x39,
    0x88, 0x39, 0x68, 0x39, 0x67, 0x39, 0x88, 0x39, 0x68, 0x39, 0x87, 0x39,
    0x88, 0x39, 0x68, 0x41, 0x88, 0x39, 0x87, 0x41, 0x68, 0x39, 0x88, 0x39,
    0x68, 0x41, 0x88, 0x39, 0x67, 0x39, 0x68, 0x39, 0x88, 0x39, 0x88, 0x41,
    0x68, 0x39, 0x88, 0x39, 0x87, 0x41, 0x68, 0x39, 0x68, 0x39, 0x88, 0x39,
    0x68, 0x41, 0x68, 0x39, 0x88, 0x39, 0x88, 0x39, 0x68, 0x39, 0x68, 0x39,
    0x88, 0x39, 0x68, 0x39, 0x88, 0x39, 0x68, 0x41, 0x88, 0x39, 0x68, 0x39,
    0x68, 0x41, 0x88, 0x39, 0x68, 0x39, 0x88, 0x39, 0x88, 0x39, 0x67, 0x41,
    0x68, 0x39, 0x88, 0x39, 0x67, 0x41, 0x88, 0x41, 0x88, 0x39, 0x67, 0x39,
    0x88, 0x39, 0x68, 0x41, 0x68, 0x39, 0x88, 0x39, 0x88, 0x39, 0x68, 0x41,
    0x68, 0x39, 0x87, 0x39, 0x68, 0x41, 0x68, 0x39, 0x88, 0x39, 0x88, 0x39,
    0x68, 0x39, 0x87, 0x41, 0x68, 0x39, 0x68, 0x39, 0x88, 0x41, 0x68, 0x39,
    0x88, 0x39, 0x68, 0x39, 0x68, 0x39, 0x88, 0x39, 0x68, 0x39, 0x68, 0x39,
    0x88, 0x39, 0x68, 0x41, 0x88, 0x39, 0x88, 0x39, 0x68, 0x39, 0x88, 0x41,
    0x68, 0x39, 0x68, 0x39, 0x88, 0x41, 0x68, 0x39, 0x88, 0x39, 0x88, 0x39,
    0x68, 0x39, 0x88, 0x39, 0x68, 0x39, 0x68, 0x39, 0x88, 0x41, 0x67, 0x39,
    0x88, 0x39, 0x88, 0x41, 0x68, 0x39, 0x68, 0x39, 0x88, 0x39, 0x68, 0x39,
    0x68, 0x39, 0x88, 0x41, 0x68, 0x39, 0x68, 0x39, 0x88, 0x41, 0x68, 0x39,
    0x67, 0x39, 0x68, 0x39, 0x88, 0x39, 0x68, 0x39, 0x88, 0x39, 0x67, 0x41,
    0x88, 0x39, 0x68, 0x39, 0x87, 0x39, 0x88, 0x41, 0x68, 0x39, 0x88, 0x39,
    0x88, 0x39, 0x68, 0x41, 0x88, 0x39, 0x68, 0x39, 0x88, 0x39, 0x88, 0x39,
    0x68, 0x39, 0x88, 0x41, 0x88, 0x39, 0x68, 0x39, 0x68, 0x39, 0x88, 0x39,
    0x68, 0x39, 0x88, 0x41, 0xe9, 0x51, 0x4a, 0x62, 0x29, 0x5a, 0x28, 0x5a,
    0x08, 0x5a, 0x09, 0x5a, 0x08, 0x5a, 0x28, 0x5a, 0x29, 0x5a, 0x09, 0x5a,
    0x09, 0x5a, 0x08, 0x52, 0xa7, 0x41, 0x68, 0x39, 0x68, 0x39, 0x88, 0x41,
    0x68, 0x39, 0x67, 0x39, 0x88, 0x39, 0x88, 0x41, 0x68, 0x39, 0x87, 0x39,
    0x68, 0x41, 0x88, 0x39, 0x88, 0x39, 0x68, 0x39, 0x88, 0x41, 0x68, 0x39,
    0x88, 0x39, 0x68, 0x39, 0x88, 0x39, 0x68, 0x39, 0x88, 0x39, 0x68, 0x39,
    0x87, 0x39, 0x68, 0x39, 0x88, 0x39, 0x87, 0x39, 0x68, 0x39, 0x88, 0x39,
    0x87, 0x39, 0x68, 0x41, 0x68, 0x39, 0x87, 0x39, 0x68, 0x41, 0x68, 0x39,
    0x88, 0x39, 0x67, 0x41, 0x68, 0x39, 0x88, 0x39, 0x87, 0x39, 0x68, 0x41,
    0x88, 0x39, 0x68, 0x41, 0x88, 0x39, 0x68, 0x41, 0x88, 0x39, 0x88, 0x39,
    0x68, 0x39, 0x88, 0x39, 0x68, 0x39, 0x88, 0x41, 0x67, 0x39, 0x88, 0x39,
    0x88, 0x39, 0x68, 0x39, 0x88, 0x39, 0x68, 0x41, 0x67, 0x39, 0x88, 0x39,
    0x68, 0x39, 0x88, 0x39, 0x68, 0x39, 0x88, 0x39, 0x68, 0x39, 0x88, 0x41,
    0x67, 0x39, 0x68, 0x39, 0x88, 0x41, 0x68, 0x39, 0x68, 0x39, 0x88, 0x39,
    0x68, 0x41, 0x68, 0x39, 0x88, 0x39, 0x68, 0x39, 0x68, 0x39, 0x88, 0x39,
    0x88, 0x41, 0x68, 0x39, 0x88, 0x39, 0x68, 0x41, 0x68, 0x39, 0x88, 0x39,
    0x68, 0x39, 0x88, 0x41, 0x88, 0x39, 0x67, 0x39, 0x88, 0x39, 0x88, 0x41,
    0x68, 0x39, 0x88, 0x39, 0x88, 0x41, 0x68, 0x39, 0x88, 0x39, 0x68, 0x39,
    0x68, 0x39, 0x88, 0x39, 0x68, 0x39, 0x88, 0x39, 0x87, 0x39, 0x68, 0x41,
    0x88, 0x39, 0x68, 0x39, 0x88, 0x41, 0x68, 0x39, 0x68, 0x39, 0x88, 0x39,
    0x68, 0x39, 0x68, 0x39, 0x88, 0x39, 0x68, 0x41, 0x88, 0x39, 0x88, 0x39,
    0x68, 0x39, 0x88, 0x39, 0x88, 0x41, 0x68, 0x39, 0x68, 0x39, 0x88, 0x39,
    0x68, 0x39, 0x88, 0x39, 0x88, 0x39, 0x68, 0x39, 0x88, 0x39, 0x87, 0x41,
    0x68, 0x39, 0x88, 0x39, 0x68, 0x41, 0x87, 0x39, 0x88, 0x41, 0x68, 0x39,
    0x88, 0x41, 0x68, 0x39, 0x68, 0x39, 0x87, 0x39, 0x88, 0x39, 0x68, 0x39,
    0x88, 0x41, 0x68, 0x39, 0x68, 0x39, 0x88, 0x41, 0x68, 0x39, 0x88, 0x39,
    0x88, 0x39, 0x68, 0x39, 0x68, 0x39, 0x88, 0x39, 0x68, 0x41, 0x68, 0x39,
    0x88, 0x39, 0x88, 0x41, 0x67, 0x39, 0x68, 0x39, 0x88, 0x39, 0x88, 0x39,
    0x68, 0x39, 0x88, 0x39, 0x88, 0x39, 0x67, 0x41, 0x88, 0x39, 0x68, 0x39,
    0x88, 0x41, 0x88, 0x39, 0x68, 0x39, 0x88, 0x41, 0x68, 0x39, 0x88, 0x39,
    0x88, 0x41, 0x68, 0x39, 0x88, 0x39, 0x88, 0x39, 0x67, 0x39, 0x88, 0x39,
    0x68, 0x39, 0x68, 0x41, 0x68, 0x39, 0x88, 0x39, 0x88, 0x39, 0x68, 0x39,
    0x87, 0x39, 0x88, 0x39, 0x68, 0x41, 0x68, 0x39, 0x88, 0x39, 0x68, 0x41,
    0x88, 0x39, 0x87, 0x39, 0x68, 0x39, 0x88, 0x41, 0x68, 0x39, 0x68, 0x39,
    0x88, 0x39, 0x68, 0x39, 0x88, 0x41, 0x88, 0x39, 0x68, 0x39, 0x88, 0x41,
    0x88, 0x39, 0x68, 0x39, 0x88, 0x39, 0x88, 0x39, 0x68, 0x39, 0x88, 0x39,
    0x88, 0x41, 0x68, 0x39, 0x67, 0x39, 0x88, 0x39, 0x68, 0x41, 0x68, 0x39,
    0x88, 0x39, 0x68, 0x39, 0x68, 0x41, 0x88, 0x39, 0x67, 0x39, 0x68, 0x39,
    0x88, 0x41, 0x67, 0x39, 0x88, 0x39, 0x68, 0x41, 0x68, 0x39, 0x88, 0x39,
    0x67, 0x39, 0x88, 0x41, 0x68, 0x39, 0x68, 0x41, 0x88, 0x41, 0x68, 0x39,
    0x88, 0x39, 0xa7, 0x41, 0x09, 0x5a, 0x6a, 0x62, 0x29, 0x5a, 0x28, 0x5a,
    0x29, 0x5a, 0x49, 0x62, 0x29, 0x5a, 0x28, 0x5a, 0x28, 0x5a, 0x08, 0x5a,
    0x28, 0x5a, 0x08, 0x52, 0xa7, 0x49, 0x88, 0x39, 0x88, 0x39, 0x68, 0x39,
    0x88, 0x41, 0x68, 0x39, 0x68, 0x39, 0x88, 0x39, 0x68, 0x41, 0x88, 0x39,
    0x68, 0x39, 0x68, 0x39, 0x87, 0x39, 0x68, 0x41, 0x88, 0x39, 0x88, 0x39,
    0x67, 0x41, 0x68, 0x41, 0x88, 0x39, 0x67, 0x41, 0x68, 0x39, 0x88, 0x41,
    0x68, 0x39, 0x88, 0x41, 0x68, 0x39, 0x68, 0x41, 0x88, 0x41, 0x68, 0x39,
    0x88, 0x39, 0x88, 0x39, 0x68, 0x41, 0x88, 0x39, 0x88, 0x39, 0x68, 0x39,
    0x88, 0x39, 0x68, 0x39, 0x68, 0x39, 0x88, 0x39, 0x68, 0x39, 0x88, 0x39,
    0x68, 0x39, 0x87, 0x39, 0x68, 0x41, 0x68, 0x39, 0x88, 0x39, 0x68, 0x41,
    0x68, 0x39, 0x88, 0x39, 0x68, 0x39, 0x68, 0x39, 0x88, 0x41, 0x68, 0x39,
    0x67, 0x39, 0x88, 0x41, 0x88, 0x39, 0x68, 0x39, 0x88, 0x41, 0x68, 0x39,
    0x68, 0x41, 0x87, 0x39, 0x88, 0x41, 0x68, 0x39, 0x87, 0x39, 0x68, 0x39,
    0x88, 0x39, 0x88, 0x39, 0x68, 0x39, 0x87, 0x41, 0x68, 0x39, 0x88, 0x39,
    0x88, 0x39, 0x67, 0x39, 0x88, 0x41, 0x68, 0x39, 0x67, 0x39, 0x88, 0x41,
    0x68, 0x39, 0x87, 0x39, 0x88, 0x39, 0x68, 0x41, 0x87, 0x39, 0x68, 0x39,
    0x68, 0x41, 0x88, 0x39, 0x68, 0x39, 0x68, 0x41, 0x88, 0x39, 0x68, 0x39,
    0x68, 0x39, 0x88, 0x41, 0x68, 0x39, 0x88, 0x41, 0x87, 0x39, 0x68, 0x39,
    0x88, 0x41, 0x68, 0x39, 0x68, 0x39, 0x88, 0x39, 0x68, 0x39, 0x88, 0x39,
    0x68, 0x41, 0x87, 0x39, 0x88, 0x39, 0x68, 0x41, 0x88, 0x41, 0x88, 0x39,
    0x68, 0x41, 0x87, 0x39, 0x68, 0x39, 0x68, 0x39, 0x88, 0x41, 0x67, 0x39,
    0x68, 0x39, 0x88, 0x41, 0x88, 0x39, 0x68, 0x39, 0x87, 0x41, 0x68, 0x39,
    0x68, 0x41, 0x87, 0x39, 0x68, 0x41, 0x68, 0x39, 0x88, 0x39, 0x68, 0x41,
    0x88, 0x39, 0x68, 0x39, 0x68, 0x39, 0x88, 0x39, 0x68, 0x39, 0x88, 0x41,
    0x87, 0x39, 0x68, 0x39, 0x88, 0x41, 0x88, 0x39, 0x68, 0x39, 0x87, 0x41,
    0x88, 0x39, 0x68, 0x39, 0x87, 0x41, 0x68, 0x39, 0x68, 0x39, 0x88, 0x41,
    0x68, 0x39, 0x88, 0x41, 0x68, 0x39, 0x88, 0x39, 0x68, 0x39, 0x88, 0x41,
    0x68, 0x39, 0x88, 0x39, 0x88, 0x39, 0x68, 0x41, 0x67, 0x39, 0x88, 0x41,
    0x68, 0x39, 0x68, 0x39, 0x88, 0x41, 0x68, 0x39, 0x68, 0x39, 0x88, 0x41,
    0x67, 0x39, 0x68, 0x39, 0x88, 0x39, 0x87, 0x39, 0x68, 0x39, 0x68, 0x39,
    0x87, 0x41, 0x68, 0x39, 0x68, 0x41, 0x88, 0x41, 0x68, 0x39, 0x88, 0x41,
    0x87, 0x39, 0x68, 0x39, 0x88, 0x41, 0x67, 0x39, 0x68, 0x41, 0x88, 0x39,
    0x68, 0x39, 0x88, 0x41, 0x87, 0x39, 0x68, 0x39, 0x88, 0x39, 0x67, 0x41,
    0x68, 0x39, 0x88, 0x41, 0x88, 0x39, 0x68, 0x39, 0x87, 0x39, 0x88, 0x41,
    0x68, 0x39, 0x67, 0x39, 0x88, 0x39, 0x68, 0x41, 0x67, 0x39, 0x88, 0x39,
    0x68, 0x41, 0x67, 0x39, 0x88, 0x39, 0x68, 0x41, 0x67, 0x39, 0x88, 0x39,
    0x88, 0x41, 0x68, 0x39, 0x88, 0x39, 0x88, 0x41, 0x68, 0x39, 0x88, 0x39,
    0x88, 0x39, 0x68, 0x41, 0x88, 0x39, 0x88, 0x39, 0x68, 0x39, 0x88, 0x41,
    0x68, 0x39, 0x88, 0x39, 0x68, 0x39, 0x87, 0x41, 0x88, 0x39, 0x68, 0x39,
    0x88, 0x41, 0x68, 0x39, 0x88, 0x39, 0x87, 0x39, 0x68, 0x39, 0x88, 0x39,
    0x87, 0x41, 0xc7, 0x51, 0x29, 0x5a, 0x49, 0x62, 0x28, 0x5a, 0x29, 0x5a,
    0x49, 0x62, 0x49, 0x62, 0x49, 0x62, 0x49, 0x62, 0x29, 0x5a, 0x28, 0x5a,
    0x09, 0x5a, 0x08, 0x5a, 0xa7, 0x49, 0x68, 0x39, 0x88, 0x39, 0x68, 0x39,
    0x88, 0x39, 0x88, 0x41, 0x68, 0x39, 0x87, 0x39, 0x68, 0x39, 0x88, 0x41,
    0x88, 0x39, 0x68, 0x39, 0x68, 0x41, 0x88, 0x39, 0x68, 0x39, 0x68, 0x39,
    0x88, 0x39, 0x88, 0x39, 0x68, 0x39, 0x88, 0x39, 0x88, 0x41, 0x68, 0x39,
    0x88, 0x39, 0x88, 0x39, 0x68, 0x39, 0x88, 0x39, 0x68, 0x39, 0x68, 0x41,
    0x88, 0x39, 0x68, 0x39, 0x68, 0x39, 0x88, 0x39, 0x68, 0x41, 0x87, 0x39,
    0x88, 0x39, 0x88, 0x41, 0x88, 0x39, 0x68, 0x41, 0x88, 0x41, 0x68, 0x39,
    0x88, 0x39, 0x88, 0x39, 0x68, 0x39, 0x88, 0x39, 0x67, 0x39, 0x68, 0x39,
    0x88, 0x39, 0x68, 0x41, 0x87, 0x39, 0x88, 0x39, 0x68, 0x41, 0x88, 0x39,
    0x68, 0x39, 0x88, 0x41, 0x68, 0x39, 0x87, 0x39, 0x88, 0x39, 0x68, 0x39,
    0x88, 0x39, 0x68, 0x41, 0x68, 0x39, 0x88, 0x39, 0x68, 0x41, 0x68, 0x39,
    0x88, 0x41, 0x68, 0x39, 0x88, 0x39, 0x88, 0x39, 0x68, 0x41, 0x68, 0x39,
    0x88, 0x39, 0x88, 0x41, 0x68, 0x39, 0x88, 0x39, 0x88, 0x41, 0x68, 0x39,
    0x68, 0x39, 0x88, 0x39, 0x68, 0x39, 0x88, 0x39, 0x88, 0x39, 0x68, 0x39,
    0x88, 0x39, 0x87, 0x39, 0x68, 0x39, 0x88, 0x39, 0x88, 0x41, 0x68, 0x39,
    0x87, 0x39, 0x68, 0x39, 0x68, 0x39, 0x88, 0x39, 0x68, 0x41, 0x88, 0x39,
    0x88, 0x39, 0x67, 0x41, 0x88, 0x41, 0x68, 0x39, 0x88, 0x39, 0x68, 0x41,
    0x68, 0x39, 0x88, 0x39, 0x68, 0x39, 0x88, 0x39, 0x67, 0x39, 0x68, 0x39,
    0x88, 0x41, 0x88, 0x39, 0x68, 0x39, 0x88, 0x39, 0x88, 0x41, 0x68, 0x39,
    0x68, 0x39, 0x87, 0x39, 0x68, 0x39, 0x68, 0x39, 0x88, 0x39, 0x88, 0x41,
    0x68, 0x39, 0x88, 0x39, 0x68, 0x39, 0x88, 0x41, 0x68, 0x39, 0x88, 0x39,
    0x67, 0x39, 0x88, 0x41, 0x88, 0x39, 0x68, 0x39, 0x68, 0x39, 0x88, 0x39,
    0x68, 0x39, 0x68, 0x39, 0x88, 0x41, 0x68, 0x39, 0x68, 0x39, 0x88, 0x39,
    0x68, 0x39, 0x88, 0x39, 0x88, 0x39, 0x68, 0x39, 0x88, 0x39, 0x67, 0x39,
    0x88, 0x41, 0x68, 0x39, 0x87, 0x39, 0x68, 0x41, 0x88, 0x39, 0x67, 0x39,
    0x68, 0x39, 0x88, 0x39, 0x68, 0x41, 0x88, 0x39, 0x88, 0x39, 0x68, 0x39,
    0x88, 0x41, 0x87, 0x39, 0x68, 0x39, 0x88, 0x39, 0x88, 0x39, 0x68, 0x39,
    0x88, 0x39, 0x68, 0x41, 0x88, 0x39, 0x68, 0x39, 0x88, 0x41, 0x68, 0x39,
    0x88, 0x39, 0x88, 0x39, 0x67, 0x39, 0x68, 0x39, 0x88, 0x39, 0x68, 0x39,
    0x88, 0x39, 0x88, 0x39, 0x68, 0x39, 0x88, 0x39, 0x88, 0x41, 0x68, 0x39,
    0x68, 0x39, 0x88, 0x39, 0x68, 0x39, 0x88, 0x39, 0x88, 0x41, 0x68, 0x39,
    0x68, 0x39, 0x88, 0x39, 0x68, 0x41, 0x68, 0x39, 0x88, 0x39, 0x88, 0x39,
    0x68, 0x41, 0x88, 0x39, 0x88, 0x39, 0x68, 0x39, 0x88, 0x39, 0x88, 0x39,
    0x68, 0x39, 0x88, 0x41, 0x88, 0x39, 0x68, 0x39, 0x88, 0x41, 0x68, 0x39,
    0x68, 0x39, 0x88, 0x39, 0x68, 0x41, 0x88, 0x39, 0x67, 0x39, 0x88, 0x39,
    0x68, 0x41, 0x67, 0x39, 0x88, 0x39, 0x68, 0x39, 0x88, 0x41, 0x68, 0x39,
    0x88, 0x39, 0x68, 0x39, 0x88, 0x39, 0x68, 0x39, 0x68, 0x39, 0x88, 0x41,
    0x68, 0x39, 0x88, 0x39, 0x68, 0x39, 0x88, 0x39, 0x68, 0x39, 0x88, 0x41,
    0xa7, 0x49, 0x08, 0x52, 0x29, 0x5a, 0x49, 0x62, 0x28, 0x5a, 0x49, 0x62,
    0x49, 0x62, 0x49, 0x62, 0x49, 0x62, 0x49, 0x62, 0x49, 0x5a, 0x09, 0x5a,
    0x28, 0x5a, 0x08, 0x5a, 0xc8, 0x49, 0x88, 0x41, 0x68, 0x39, 0x68, 0x41,
    0x87, 0x39, 0x68, 0x39, 0x88, 0x41, 0x68, 0x39, 0x68, 0x39, 0x88, 0x39,
    0x87, 0x41, 0x68, 0x39, 0x88, 0x39, 0x88, 0x39, 0x67, 0x41, 0x68, 0x39,
    0x88, 0x39, 0x68, 0x41, 0x68, 0x39, 0x88, 0x39, 0x68, 0x39, 0x67, 0x39,
    0x88, 0x41, 0x68, 0x39, 0x87, 0x39, 0x88, 0x39, 0x68, 0x39, 0x87, 0x39,
    0x88, 0x41, 0x68, 0x39, 0x87, 0x39, 0x68, 0x41, 0x68, 0x39, 0x68, 0x39,
    0x68, 0x41, 0x88, 0x39, 0x67, 0x39, 0x68, 0x39, 0x88, 0x39, 0x67, 0x41,
    0x68, 0x39, 0x88, 0x41, 0x88, 0x39, 0x68, 0x41, 0x88, 0x39, 0x88, 0x39,
    0x68, 0x39, 0x68, 0x39, 0x88, 0x41, 0x68, 0x39, 0x88, 0x39, 0x88, 0x39,
    0x68, 0x39, 0x68, 0x39, 0x88, 0x39, 0x68, 0x41, 0x68, 0x39, 0x88, 0x39,
    0x87, 0x39, 0x68, 0x39, 0x88, 0x39, 0x88, 0x39, 0x68, 0x41, 0x88, 0x39,
    0x68, 0x39, 0x67, 0x41, 0x88, 0x39, 0x68, 0x39, 0x88, 0x39, 0x67, 0x41,
    0x68, 0x39, 0x88, 0x39, 0x68, 0x39, 0x88, 0x39, 0x88, 0x39, 0x68, 0x39,
    0x88, 0x41, 0x68, 0x41, 0x68, 0x39, 0x88, 0x41, 0x68, 0x39, 0x68, 0x41,
    0x88, 0x39, 0x68, 0x41, 0x88, 0x39, 0x68, 0x39, 0x68, 0x39, 0x88, 0x41,
    0x88, 0x39, 0x68, 0x39, 0x88, 0x41, 0x67, 0x39, 0x68, 0x39, 0x88, 0x39,
    0x68, 0x39, 0x88, 0x39, 0x88, 0x39, 0x67, 0x39, 0x88, 0x41, 0x88, 0x39,
    0x67, 0x39, 0x88, 0x41, 0x68, 0x39, 0x88, 0x39, 0x88, 0x39, 0x68, 0x39,
    0x88, 0x39, 0x68, 0x41, 0x68, 0x39, 0x87, 0x39, 0x68, 0x39, 0x88, 0x41,
    0x88, 0x39, 0x68, 0x39, 0x88, 0x41, 0x68, 0x39, 0x88, 0x39, 0x68, 0x39,
    0x88, 0x39, 0x68, 0x39, 0x88, 0x39, 0x87, 0x39, 0x68, 0x41, 0x68, 0x39,
    0x88, 0x39, 0x68, 0x39, 0x87, 0x41, 0x68, 0x41, 0x88, 0x39, 0x87, 0x39,
    0x68, 0x41, 0x88, 0x39, 0x87, 0x39, 0x68, 0x41, 0x88, 0x39, 0x68, 0x39,
    0x68, 0x41, 0x88, 0x39, 0x68, 0x41, 0x88, 0x39, 0x88, 0x39, 0x68, 0x39,
    0x68, 0x39, 0x88, 0x39, 0x68, 0x39, 0x88, 0x39, 0x88, 0x41, 0x68, 0x39,
    0x88, 0x39, 0x67, 0x41, 0x68, 0x39, 0x88, 0x39, 0x68, 0x39, 0x68, 0x39,
    0x88, 0x39, 0x68, 0x41, 0x68, 0x39, 0x88, 0x39, 0x67, 0x41, 0x88, 0x39,
    0x68, 0x39, 0x88, 0x41, 0x68, 0x39, 0x88, 0x39, 0x68, 0x41, 0x88, 0x39,
    0x68, 0x39, 0x88, 0x41, 0x88, 0x39, 0x68, 0x39, 0x88, 0x41, 0x68, 0x39,
    0x68, 0x41, 0x88, 0x39, 0x67, 0x39, 0x68, 0x39, 0x88, 0x39, 0x87, 0x41,
    0x68, 0x39, 0x68, 0x41, 0x88, 0x39, 0x68, 0x39, 0x88, 0x39, 0x88, 0x39,
    0x68, 0x39, 0x87, 0x39, 0x88, 0x39, 0x68, 0x41, 0x68, 0x39, 0x88, 0x39,
    0x68, 0x39, 0x68, 0x41, 0x88, 0x39, 0x68, 0x41, 0x88, 0x39, 0x68, 0x39,
    0x68, 0x41, 0x88, 0x39, 0x67, 0x39, 0x88, 0x39, 0x88, 0x39, 0x68, 0x41,
    0x87, 0x39, 0x68, 0x39, 0x88, 0x39, 0x68, 0x39, 0x88, 0x41, 0x68, 0x39,
    0x88, 0x39, 0x88, 0x39, 0x68, 0x39, 0x67, 0x41, 0x88, 0x39, 0x68, 0x39,
    0x87, 0x41, 0x68, 0x39, 0x88, 0x41, 0x88, 0x39, 0x68, 0x39, 0x87, 0x39,
    0x68, 0x39, 0x68, 0x41, 0x88, 0x39, 0x68, 0x41, 0x88, 0x39, 0x68, 0x39,
    0xa7, 0x49, 0xe8, 0x51, 0x29, 0x5a, 0x29, 0x62, 0x29, 0x5a, 0x49, 0x62,
    0x49, 0x62, 0x49, 0x62, 0x49, 0x62, 0x49, 0x62, 0x29, 0x5a, 0x28, 0x5a,
    0x08, 0x5a, 0x09, 0x5a, 0xe8, 0x49, 0x87, 0x41, 0x68, 0x39, 0x88, 0x39,
    0x68, 0x39, 0x88, 0x39, 0x88, 0x39, 0x68, 0x41, 0x88, 0x39, 0x68, 0x39,
    0x68, 0x39, 0x88, 0x41, 0x68, 0x39, 0x88, 0x39, 0x88, 0x41, 0x68, 0x39,
    0x88, 0x39, 0x87, 0x41, 0x68, 0x39, 0x88, 0x39, 0x88, 0x41, 0x68, 0x39,
    0x68, 0x39, 0x88, 0x41, 0x68, 0x41, 0x68, 0x39, 0x88, 0x39, 0x68, 0x41,
    0x68, 0x39, 0x88, 0x39, 0x88, 0x39, 0x88, 0x39, 0x88, 0x39, 0x68, 0x39,
    0x88, 0x39, 0x68, 0x39, 0x68, 0x41, 0x88, 0x39, 0x88, 0x39, 0x68, 0x39,
    0x68, 0x39, 0x88, 0x39, 0x67, 0x41, 0x68, 0x39, 0x88, 0x39, 0x68, 0x39,
    0x68, 0x39, 0x88, 0x39, 0x88, 0x39, 0x68, 0x39, 0x67, 0x41, 0x88, 0x39,
    0x88, 0x41, 0x67, 0x39, 0x88, 0x39, 0x88, 0x39, 0x68, 0x41, 0x88, 0x39,
    0x68, 0x41, 0x68, 0x39, 0x88, 0x39, 0x67, 0x41, 0x88, 0x39, 0x88, 0x39,
    0x68, 0x39, 0x88, 0x39, 0x68, 0x41, 0x88, 0x39, 0x88, 0x39, 0x68, 0x39,
    0x88, 0x41, 0x68, 0x39, 0x67, 0x41, 0x68, 0x39, 0x88, 0x39, 0x67, 0x39,
    0x88, 0x39, 0x88, 0x39, 0x67, 0x39, 0x88, 0x39, 0x88, 0x41, 0x67, 0x39,
    0x88, 0x39, 0x68, 0x39, 0x88, 0x41, 0x87, 0x39, 0x68, 0x39, 0x88, 0x39,
    0x68, 0x41, 0x88, 0x39, 0x88, 0x39, 0x68, 0x41, 0x88, 0x39, 0x68, 0x39,
    0x68, 0x41, 0x88, 0x39, 0x68, 0x39, 0x68, 0x41, 0x88, 0x39, 0x68, 0x39,
    0x88, 0x39, 0x68, 0x39, 0x68, 0x41, 0x88, 0x41, 0x68, 0x39, 0x88, 0x39,
    0x67, 0x41, 0x88, 0x39, 0x88, 0x39, 0x68, 0x41, 0x68, 0x39, 0x88, 0x39,
    0x68, 0x41, 0x88, 0x39, 0x68, 0x39, 0x87, 0x41, 0x68, 0x39, 0x88, 0x39,
    0x67, 0x41, 0x68, 0x41, 0x88, 0x39, 0x68, 0x39, 0x88, 0x39, 0x88, 0x41,
    0x68, 0x39, 0x88, 0x39, 0x68, 0x39, 0x88, 0x39, 0x68, 0x39, 0x68, 0x41,
    0x88, 0x39, 0x68, 0x39, 0x68, 0x39, 0x88, 0x39, 0x88, 0x41, 0x67, 0x39,
    0x88, 0x39, 0x68, 0x41, 0x67, 0x39, 0x88, 0x41, 0x68, 0x39, 0x88, 0x41,
    0x87, 0x39, 0x68, 0x41, 0x88, 0x39, 0x68, 0x39, 0x68, 0x39, 0x88, 0x41,
    0x88, 0x39, 0x68, 0x39, 0x88, 0x39, 0x88, 0x41, 0x67, 0x41, 0x88, 0x39,
    0x88, 0x39, 0x68, 0x39, 0x88, 0x41, 0x68, 0x39, 0x88, 0x39, 0x68, 0x41,
    0x88, 0x39, 0x67, 0x39, 0x88, 0x39, 0x68, 0x39, 0x87, 0x39, 0x68, 0x39,
    0x68, 0x39, 0x87, 0x41, 0x68, 0x39, 0x88, 0x39, 0x87, 0x39, 0x68, 0x41,
    0x88, 0x39, 0x88, 0x41, 0x68, 0x39, 0x68, 0x41, 0x88, 0x39, 0x88, 0x39,
    0x68, 0x39, 0x88, 0x41, 0x67, 0x39, 0x68, 0x41, 0x88, 0x39, 0x67, 0x41,
    0x68, 0x41, 0x88, 0x39, 0x88, 0x39, 0x68, 0x39, 0x87, 0x41, 0x68, 0x39,
    0x88, 0x39, 0x87, 0x39, 0x68, 0x39, 0x88, 0x41, 0x67, 0x39, 0x88, 0x39,
    0x88, 0x39, 0x68, 0x39, 0x68, 0x41, 0x88, 0x39, 0x68, 0x39, 0x88, 0x39,
    0x68, 0x41, 0x88, 0x39, 0x67, 0x39, 0x88, 0x41, 0x68, 0x39, 0x68, 0x39,
    0x88, 0x41, 0x88, 0x39, 0x68, 0x39, 0x88, 0x39, 0x68, 0x39, 0x88, 0x39,
    0x68, 0x39, 0x88, 0x41, 0x67, 0x39, 0x68, 0x39, 0x88, 0x41, 0x88, 0x39,
    0x68, 0x39, 0x87, 0x39, 0x88, 0x41, 0x68, 0x39, 0x88, 0x39, 0x88, 0x39,
    0x87, 0x41, 0xe8, 0x51, 0x28, 0x5a, 0x29, 0x5a, 0x08, 0x5a, 0x49, 0x62,
    0x49, 0x62, 0x49, 0x62, 0x49, 0x62, 0x49, 0x62, 0x29, 0x5a, 0x28, 0x5a,
    0x08, 0x5a, 0x29, 0x5a, 0xe8, 0x51, 0x87, 0x41, 0x88, 0x39, 0x88, 0x39,
    0x68, 0x41, 0x68, 0x39, 0x87, 0x39, 0x68, 0x39, 0x88, 0x41, 0x87, 0x39,
    0x68, 0x39, 0x68, 0x39, 0x88, 0x39, 0x67, 0x39, 0x68, 0x39, 0x88, 0x39,
    0x68, 0x39, 0x88, 0x39, 0x68, 0x39, 0x68, 0x39, 0x87, 0x41, 0x88, 0x39,
    0x68, 0x39, 0x88, 0x39, 0x88, 0x39, 0x68, 0x39, 0x88, 0x41, 0x88, 0x39,
    0x68, 0x39, 0x68, 0x41, 0x68, 0x39, 0x87, 0x41, 0x68, 0x39, 0x88, 0x41,
    0x87, 0x39, 0x88, 0x39, 0x68, 0x41, 0x88, 0x39, 0x88, 0x39, 0x68, 0x41,
    0x88, 0x39, 0x88, 0x39, 0x68, 0x39, 0x88, 0x39, 0x68, 0x41, 0x68, 0x39,
    0x88, 0x39, 0x68, 0x41, 0x88, 0x39, 0x68, 0x39, 0x68, 0x39, 0x88, 0x39,
    0x68, 0x39, 0x68, 0x41, 0x88, 0x39, 0x68, 0x39, 0x87, 0x39, 0x68, 0x39,
    0x88, 0x41, 0x88, 0x39, 0x68, 0x39, 0x68, 0x39, 0x88, 0x39, 0x68, 0x41,
    0x87, 0x39, 0x88, 0x39, 0x68, 0x39, 0x68, 0x41, 0x87, 0x39, 0x68, 0x39,
    0x88, 0x39, 0x88, 0x39, 0x68, 0x39, 0x88, 0x41, 0x68, 0x41, 0x68, 0x39,
    0x88, 0x39, 0x68, 0x41, 0x68, 0x39, 0x88, 0x39, 0x68, 0x39, 0x88, 0x39,
    0x68, 0x39, 0x68, 0x39, 0x88, 0x41, 0x68, 0x39, 0x88, 0x39, 0x67, 0x39,
    0x68, 0x39, 0x88, 0x39, 0x67, 0x39, 0x88, 0x39, 0x88, 0x41, 0x67, 0x39,
    0x88, 0x39, 0x88, 0x41, 0x68, 0x39, 0x88, 0x39, 0x68, 0x39, 0x88, 0x41,
    0x88, 0x39, 0x68, 0x39, 0x87, 0x39, 0x68, 0x39, 0x68, 0x39, 0x88, 0x41,
    0x68, 0x39, 0x68, 0x39, 0x88, 0x39, 0x88, 0x39, 0x68, 0x39, 0x67, 0x39,
    0x88, 0x39, 0x68, 0x39, 0x88, 0x39, 0x68, 0x41, 0x88, 0x39, 0x88, 0x39,
    0x68, 0x39, 0x88, 0x39, 0x68, 0x41, 0x68, 0x39, 0x88, 0x39, 0x67, 0x39,
    0x88, 0x41, 0x68, 0x39, 0x88, 0x39, 0x68, 0x39, 0x88, 0x41, 0x88, 0x39,
    0x68, 0x39, 0x88, 0x41, 0x68, 0x39, 0x68, 0x39, 0x88, 0x39, 0x68, 0x39,
    0x88, 0x39, 0x88, 0x39, 0x68, 0x39, 0x68, 0x39, 0x88, 0x39, 0x68, 0x39,
    0x88, 0x41, 0x68, 0x39, 0x88, 0x39, 0x87, 0x41, 0x68, 0x39, 0x88, 0x39,
    0x67, 0x39, 0x88, 0x39, 0x68, 0x39, 0x68, 0x39, 0x88, 0x39, 0x68, 0x41,
    0x67, 0x39, 0x88, 0x39, 0x88, 0x39, 0x67, 0x39, 0x68, 0x39, 0x88, 0x39,
    0x68, 0x41, 0x88, 0x39, 0x68, 0x39, 0x88, 0x41, 0x88, 0x39, 0x68, 0x39,
    0x88, 0x41, 0x68, 0x39, 0x68, 0x39, 0x88, 0x39, 0x68, 0x39, 0x68, 0x39,
    0x88, 0x39, 0x67, 0x39, 0x88, 0x39, 0x88, 0x39, 0x68, 0x41, 0x68, 0x39,
    0x88, 0x39, 0x88, 0x39, 0x68, 0x39, 0x88, 0x39, 0x88, 0x39, 0x68, 0x39,
    0x68, 0x39, 0x88, 0x41, 0x68, 0x39, 0x68, 0x39, 0x88, 0x39, 0x68, 0x41,
    0x88, 0x39, 0x68, 0x39, 0x68, 0x39, 0x88, 0x39, 0x68, 0x41, 0x68, 0x39,
    0x87, 0x39, 0x88, 0x41, 0x68, 0x39, 0x68, 0x39, 0x87, 0x41, 0x68, 0x39,
    0x88, 0x39, 0x68, 0x39, 0x88, 0x41, 0x88, 0x39, 0x68, 0x39, 0x87, 0x39,
    0x68, 0x41, 0x68, 0x39, 0x87, 0x39, 0x88, 0x41, 0x68, 0x39, 0x88, 0x39,
    0x68, 0x39, 0x88, 0x39, 0x68, 0x39, 0x68, 0x39, 0x88, 0x41, 0x68, 0x39,
    0x88, 0x39, 0x68, 0x39, 0x68, 0x39, 0x87, 0x39, 0x68, 0x41, 0x68, 0x39,
    0x88, 0x41, 0xa7, 0x49, 0x08, 0x52, 0x08, 0x5a, 0x28, 0x5a, 0x29, 0x5a,
    0x49, 0x62, 0x49, 0x62, 0x49, 0x62, 0x29, 0x5a, 0x28, 0x5a, 0x28, 0x5a,
    0x08, 0x5a, 0x29, 0x5a, 0xe8, 0x51, 0xa7, 0x41, 0x68, 0x39, 0x88, 0x39,
    0x68, 0x41, 0x88, 0x39, 0x68, 0x39, 0x68, 0x39, 0x88, 0x39, 0x88, 0x41,
    0x68, 0x39, 0x88, 0x39, 0x88, 0x41, 0x68, 0x39, 0x88, 0x41, 0x68, 0x39,
    0x87, 0x41, 0x68, 0x39, 0x88, 0x39, 0x68, 0x41, 0x88, 0x39, 0x68, 0x39,
    0x68, 0x39, 0x87, 0x39, 0x68, 0x39, 0x68, 0x41, 0x87, 0x39, 0x88, 0x39,
    0x67, 0x39, 0x88, 0x39, 0x88, 0x41, 0x68, 0x39, 0x68, 0x39, 0x68, 0x39,
    0x88, 0x41, 0x68, 0x39, 0x68, 0x39, 0x87, 0x39, 0x68, 0x39, 0x68, 0x41,
    0x87, 0x39, 0x68, 0x39, 0x88, 0x41, 0x88, 0x39, 0x88, 0x39, 0x68, 0x39,
    0x68, 0x39, 0x68, 0x39, 0x87, 0x41, 0x88, 0x39, 0x68, 0x39, 0x88, 0x41,
    0x88, 0x39, 0x68, 0x39, 0x88, 0x41, 0x68, 0x39, 0x68, 0x39, 0x88, 0x39,
    0x68, 0x39, 0x87, 0x41, 0x68, 0x39, 0x88, 0x39, 0x68, 0x41, 0x68, 0x39,
    0x88, 0x39, 0x68, 0x39, 0x88, 0x39, 0x68, 0x41, 0x68, 0x39, 0x88, 0x39,
    0x68, 0x41, 0x88, 0x39, 0x88, 0x39, 0x87, 0x39, 0x68, 0x39, 0x88, 0x39,
    0x88, 0x41, 0x68, 0x39, 0x88, 0x39, 0x67, 0x41, 0x88, 0x39, 0x68, 0x41,
    0x88, 0x39, 0x87, 0x39, 0x68, 0x39, 0x68, 0x41, 0x88, 0x39, 0x88, 0x41,
    0x68, 0x39, 0x68, 0x41, 0x88, 0x39, 0x68, 0x39, 0x68, 0x39, 0x88, 0x39,
    0x68, 0x39, 0x67, 0x39, 0x88, 0x41, 0x68, 0x39, 0x87, 0x39, 0x68, 0x39,
    0x68, 0x41, 0x88, 0x39, 0x88, 0x39, 0x68, 0x39, 0x87, 0x41, 0x88, 0x39,
    0x68, 0x39, 0x68, 0x41, 0x87, 0x39, 0x88, 0x39, 0x68, 0x41, 0x88, 0x39,
    0x88, 0x41, 0x68, 0x39, 0x87, 0x39, 0x68, 0x39, 0x68, 0x41, 0x88, 0x39,
    0x88, 0x39, 0x67, 0x39, 0x88, 0x39, 0x88, 0x41, 0x68, 0x39, 0x88, 0x39,
    0x68, 0x39, 0x88, 0x41, 0x67, 0x39, 0x68, 0x39, 0x88, 0x39, 0x67, 0x39,
    0x88, 0x39, 0x88, 0x41, 0x67, 0x39, 0x88, 0x39, 0x68, 0x41, 0x88, 0x39,
    0x68, 0x41, 0x87, 0x39, 0x88, 0x39, 0x68, 0x41, 0x87, 0x39, 0x68, 0x39,
    0x68, 0x39, 0x88, 0x39, 0x68, 0x39, 0x68, 0x39, 0x88, 0x41, 0x68, 0x39,
    0x88, 0x41, 0x68, 0x41, 0x88, 0x39, 0x88, 0x39, 0x68, 0x39, 0x88, 0x39,
    0x68, 0x41, 0x88, 0x39, 0x68, 0x39, 0x88, 0x41, 0x88, 0x39, 0x68, 0x39,
    0x88, 0x39, 0x68, 0x41, 0x68, 0x39, 0x88, 0x39, 0x68, 0x41, 0x88, 0x39,
    0x88, 0x39, 0x68, 0x39, 0x88, 0x41, 0x88, 0x41, 0x68, 0x39, 0x88, 0x39,
    0x68, 0x41, 0x68, 0x39, 0x88, 0x39, 0x68, 0x39, 0x67, 0x39, 0x88, 0x41,
    0x68, 0x39, 0x67, 0x39, 0x88, 0x41, 0x68, 0x39, 0x88, 0x39, 0x88, 0x39,
    0x68, 0x39, 0x88, 0x39, 0x87, 0x41, 0x68, 0x39, 0x88, 0x39, 0x88, 0x39,
    0x68, 0x41, 0x88, 0x39, 0x88, 0x41, 0x67, 0x39, 0x88, 0x39, 0x68, 0x41,
    0x68, 0x39, 0x88, 0x39, 0x88, 0x39, 0x68, 0x39, 0x88, 0x41, 0x68, 0x39,
    0x88, 0x39, 0x68, 0x39, 0x68, 0x39, 0x88, 0x39, 0x68, 0x39, 0x88, 0x41,
    0x88, 0x39, 0x68, 0x39, 0x68, 0x41, 0x88, 0x39, 0x68, 0x41, 0x67, 0x41,
    0x88, 0x39, 0x88, 0x41, 0x88, 0x39, 0x68, 0x39, 0x87, 0x39, 0x68, 0x41,
    0x88, 0x39, 0x68, 0x41, 0x88, 0x39, 0x88, 0x39, 0x68, 0x39, 0x88, 0x39,
    0x68, 0x39, 0xa7, 0x41, 0xe8, 0x51, 0x09, 0x5a, 0x28, 0x5a, 0x28, 0x5a,
    0x29, 0x62, 0x29, 0x5a, 0x28, 0x5a, 0x28, 0x5a, 0x08, 0x5a, 0x09, 0x5a,
    0x28, 0x5a, 0x08, 0x52, 0xe8, 0x51, 0xa7, 0x41, 0x68, 0x39, 0x68, 0x39,
    0x88, 0x39, 0x88, 0x41, 0x68, 0x39, 0x88, 0x39, 0x68, 0x41, 0x68, 0x39,
    0x88, 0x39, 0x67, 0x41, 0x68, 0x39, 0x88, 0x39, 0x88, 0x39, 0x68, 0x41,
    0x68, 0x39, 0x88, 0x39, 0x88, 0x41, 0x68, 0x39, 0x88, 0x39, 0x88, 0x41,
    0x68, 0x39, 0x88, 0x41, 0x88, 0x39, 0x68, 0x39, 0x68, 0x39, 0x88, 0x41,
    0x68, 0x39, 0x88, 0x39, 0x88, 0x39, 0x68, 0x39, 0x88, 0x39, 0x88, 0x39,
    0x68, 0x39, 0x88, 0x41, 0x88, 0x39, 0x68, 0x39, 0x88, 0x41, 0x88, 0x39,
    0x68, 0x39, 0x68, 0x39, 0x67, 0x41, 0x88, 0x39, 0x68, 0x39, 0x88, 0x39,
    0x68, 0x39, 0x88, 0x39, 0x68, 0x39, 0x88, 0x41, 0x68, 0x39, 0x67, 0x39,
    0x88, 0x39, 0x88, 0x39, 0x67, 0x39, 0x88, 0x41, 0x88, 0x39, 0x68, 0x41,
    0x68, 0x39, 0x88, 0x39, 0x88, 0x39, 0x68, 0x41, 0x87, 0x39, 0x88, 0x39,
    0x68, 0x41, 0x68, 0x39, 0x87, 0x39, 0x88, 0x39, 0x68, 0x39, 0x88, 0x41,
    0x67, 0x39, 0x68, 0x39, 0x88, 0x41, 0x68, 0x39, 0x68, 0x39, 0x88, 0x39,
    0x67, 0x39, 0x88, 0x39, 0x88, 0x39, 0x68, 0x39, 0x88, 0x39, 0x68, 0x41,
    0x88, 0x39, 0x88, 0x39, 0x68, 0x41, 0x88, 0x39, 0x68, 0x39, 0x88, 0x39,
    0x88, 0x41, 0x68, 0x39, 0x88, 0x39, 0x88, 0x41, 0x68, 0x39, 0x88, 0x41,
    0x88, 0x39, 0x68, 0x39, 0x88, 0x39, 0x68, 0x41, 0x88, 0x39, 0x68, 0x39,
    0x67, 0x39, 0x88, 0x41, 0x68, 0x39, 0x88, 0x39, 0x68, 0x39, 0x88, 0x39,
    0x88, 0x39, 0x68, 0x41, 0x88, 0x39, 0x68, 0x39, 0x68, 0x41, 0x88, 0x39,
    0x68, 0x39, 0x88, 0x41, 0x68, 0x39, 0x88, 0x39, 0x68, 0x39, 0x67, 0x41,
    0x88, 0x39, 0x68, 0x39, 0x88, 0x41, 0x68, 0x39, 0x67, 0x39, 0x88, 0x39,
    0x68, 0x39, 0x88, 0x41, 0x88, 0x39, 0x68, 0x39, 0x88, 0x41, 0x68, 0x39,
    0x68, 0x39, 0x88, 0x39, 0x88, 0x39, 0x68, 0x41, 0x87, 0x39, 0x68, 0x39,
    0x68, 0x39, 0x88, 0x41, 0x68, 0x39, 0x88, 0x39, 0x88, 0x41, 0x68, 0x39,
    0x88, 0x39, 0x87, 0x41, 0x68, 0x39, 0x88, 0x39, 0x68, 0x39, 0x88, 0x39,
    0x68, 0x39, 0x68, 0x39, 0x87, 0x41, 0x68, 0x39, 0x88, 0x39, 0x88, 0x39,
    0x68, 0x41, 0x68, 0x39, 0x88, 0x39, 0x68, 0x41, 0x88, 0x39, 0x67, 0x39,
    0x88, 0x39, 0x88, 0x39, 0x67, 0x39, 0x68, 0x39, 0x88, 0x41, 0x67, 0x39,
    0x68, 0x39, 0x88, 0x39, 0x67, 0x39, 0x68, 0x39, 0x88, 0x39, 0x87, 0x41,
    0x68, 0x39, 0x88, 0x39, 0x88, 0x41, 0x68, 0x39, 0x88, 0x39, 0x88, 0x39,
    0x68, 0x41, 0x88, 0x39, 0x88, 0x39, 0x68, 0x41, 0x67, 0x41, 0x88, 0x39,
    0x68, 0x39, 0x68, 0x41, 0x88, 0x39, 0x68, 0x39, 0x68, 0x41, 0x87, 0x39,
    0x68, 0x39, 0x68, 0x39, 0x88, 0x39, 0x68, 0x39, 0x88, 0x39, 0x88, 0x39,
    0x68, 0x41, 0x88, 0x39, 0x67, 0x39, 0x88, 0x41, 0x68, 0x39, 0x88, 0x39,
    0x67, 0x41, 0x88, 0x39, 0x88, 0x41, 0x67, 0x39, 0x68, 0x39, 0x88, 0x39,
    0x68, 0x39, 0x88, 0x39, 0x88, 0x39, 0x68, 0x39, 0x88, 0x39, 0x68, 0x39,
    0x68, 0x39, 0x88, 0x39, 0x67, 0x41, 0x88, 0x39, 0x68, 0x39, 0x88, 0x39,
    0x68, 0x39, 0x87, 0x41, 0x68, 0x39, 0x68, 0x39, 0x88, 0x41, 0x88, 0x39,
    0x68, 0x39, 0x87, 0x41, 0xe8, 0x51, 0x28, 0x5a, 0x08, 0x5a, 0x29, 0x5a,
    0x28, 0x5a, 0x08, 0x5a, 0x28, 0x5a, 0x28, 0x5a, 0x09, 0x5a, 0x29, 0x5a,
    0xe8, 0x51, 0xc7, 0x49, 0xa8, 0x41, 0x88, 0x39, 0x88, 0x39, 0x68, 0x41,
    0x87, 0x39, 0x68, 0x39, 0x88, 0x41, 0x87, 0x39, 0x68, 0x39, 0x88, 0x39,
    0x88, 0x39, 0x68, 0x39, 0x68, 0x39, 0x88, 0x39, 0x67, 0x39, 0x88, 0x39,
    0x68, 0x39, 0x88, 0x39, 0x67, 0x39, 0x68, 0x39, 0x88, 0x39, 0x67, 0x39,
    0x68, 0x41, 0x88, 0x39, 0x88, 0x39, 0x68, 0x39, 0x88, 0x41, 0x68, 0x39,
    0x68, 0x39, 0x68, 0x41, 0x87, 0x39, 0x68, 0x41, 0x88, 0x41, 0x67, 0x39,
    0x68, 0x39, 0x88, 0x39, 0x67, 0x39, 0x68, 0x41, 0x88, 0x39, 0x88, 0x39,
    0x68, 0x39, 0x88, 0x39, 0x88, 0x39, 0x68, 0x41, 0x68, 0x39, 0x88, 0x39,
    0x88, 0x39, 0x68, 0x39, 0x88, 0x39, 0x68, 0x39, 0x88, 0x41, 0x68, 0x39,
    0x68, 0x41, 0x88, 0x39, 0x68, 0x39, 0x68, 0x39, 0x88, 0x39, 0x87, 0x39,
    0x68, 0x41, 0x88, 0x39, 0x68, 0x39, 0x68, 0x39, 0x88, 0x39, 0x88, 0x39,
    0x68, 0x41, 0x88, 0x39, 0x68, 0x41, 0x88, 0x39, 0x88, 0x39, 0x68, 0x39,
    0x88, 0x39, 0x68, 0x39, 0x88, 0x41, 0x68, 0x39, 0x88, 0x41, 0x68, 0x41,
    0x68, 0x39, 0x88, 0x41, 0x68, 0x39, 0x68, 0x39, 0x88, 0x39, 0x67, 0x39,
    0x68, 0x39, 0x68, 0x41, 0x88, 0x39, 0x67, 0x39, 0x68, 0x39, 0x88, 0x39,
    0x67, 0x39, 0x68, 0x39, 0x88, 0x39, 0x67, 0x39, 0x68, 0x41, 0x88, 0x39,
    0x68, 0x39, 0x88, 0x41, 0x68, 0x39, 0x87, 0x39, 0x88, 0x41, 0x88, 0x39,
    0x68, 0x39, 0x88, 0x39, 0x68, 0x41, 0x68, 0x39, 0x88, 0x41, 0x68, 0x39,
    0x67, 0x39, 0x88, 0x39, 0x68, 0x39, 0x88, 0x39, 0x87, 0x39, 0x68, 0x39,
    0x68, 0x39, 0x87, 0x39, 0x88, 0x41, 0x68, 0x39, 0x88, 0x39, 0x88, 0x41,
    0x68, 0x39, 0x88, 0x39, 0x68, 0x39, 0x88, 0x39, 0x88, 0x41, 0x68, 0x39,
    0x88, 0x39, 0x68, 0x39, 0x68, 0x39, 0x88, 0x41, 0x88, 0x39, 0x68, 0x39,
    0x67, 0x41, 0x88, 0x39, 0x68, 0x39, 0x68, 0x39, 0x88, 0x39, 0x88, 0x39,
    0x68, 0x39, 0x68, 0x39, 0x88, 0x39, 0x68, 0x39, 0x68, 0x39, 0x88, 0x41,
    0x68, 0x39, 0x68, 0x39, 0x88, 0x41, 0x87, 0x39, 0x68, 0x39, 0x88, 0x41,
    0x87, 0x39, 0x68, 0x39, 0x88, 0x39, 0x68, 0x41, 0x67, 0x39, 0x88, 0x39,
    0x68, 0x39, 0x87, 0x39, 0x88, 0x39, 0x68, 0x39, 0x68, 0x41, 0x88, 0x39,
    0x68, 0x41, 0x88, 0x39, 0x88, 0x39, 0x68, 0x41, 0x88, 0x39, 0x68, 0x39,
    0x88, 0x41, 0x88, 0x39, 0x68, 0x39, 0x68, 0x39, 0x88, 0x41, 0x68, 0x39,
    0x68, 0x39, 0x88, 0x39, 0x67, 0x41, 0x88, 0x39, 0x68, 0x39, 0x88, 0x41,
    0x68, 0x39, 0x68, 0x39, 0x88, 0x39, 0x68, 0x39, 0x88, 0x39, 0x88, 0x39,
    0x68, 0x41, 0x87, 0x39, 0x88, 0x39, 0x68, 0x39, 0x88, 0x39, 0x68, 0x41,
    0x88, 0x39, 0x67, 0x39, 0x88, 0x41, 0x68, 0x39, 0x68, 0x39, 0x87, 0x41,
    0x88, 0x39, 0x68, 0x39, 0x68, 0x39, 0x88, 0x39, 0x88, 0x39, 0x68, 0x39,
    0x68, 0x39, 0x88, 0x41, 0x88, 0x39, 0x68, 0x39, 0x88, 0x41, 0x67, 0x39,
    0x68, 0x41, 0x88, 0x39, 0x67, 0x39, 0x88, 0x41, 0x88, 0x39, 0x68, 0x39,
    0x88, 0x39, 0x68, 0x39, 0x68, 0x41, 0x88, 0x39, 0x88, 0x39, 0x68, 0x41,
    0x88, 0x39, 0x68, 0x39, 0x88, 0x39, 0x68, 0x41, 0x67, 0x39, 0x88, 0x39,
    0x88, 0x41, 0x88, 0x41, 0xa7, 0x49, 0x08, 0x52, 0x09, 0x5a, 0x08, 0x5a,
    0x28, 0x5a, 0x09, 0x5a, 0x09, 0x5a, 0x28, 0x5a, 0x08, 0x52, 0xe8, 0x51,
    0xa7, 0x49, 0x88, 0x41, 0x68, 0x39, 0x68, 0x39, 0x88, 0x41, 0x88, 0x39,
    0x68, 0x39, 0x68, 0x39, 0x88, 0x39, 0x68, 0x41, 0x68, 0x39, 0x87, 0x39,
    0x68, 0x41, 0x88, 0x39, 0x88, 0x41, 0x68, 0x41, 0x88, 0x39, 0x68, 0x39,
    0x88, 0x41, 0x88, 0x39, 0x68, 0x41, 0x88, 0x39, 0x88, 0x39, 0x68, 0x39,
    0x68, 0x39, 0x87, 0x39, 0x68, 0x41, 0x68, 0x39, 0x87, 0x39, 0x88, 0x39,
    0x68, 0x39, 0x88, 0x39, 0x68, 0x39, 0x88, 0x39, 0x68, 0x39, 0x88, 0x41,
    0x88, 0x39, 0x68, 0x39, 0x88, 0x41, 0x68, 0x39, 0x67, 0x39, 0x88, 0x41,
    0x68, 0x39, 0x87, 0x39, 0x88, 0x41, 0x68, 0x39, 0x87, 0x39, 0x68, 0x39,
    0x68, 0x39, 0x88, 0x41, 0x67, 0x39, 0x88, 0x39, 0x88, 0x39, 0x88, 0x39,
    0x67, 0x41, 0x88, 0x39, 0x88, 0x39, 0x68, 0x41, 0x68, 0x39, 0x88, 0x39,
    0x68, 0x39, 0x88, 0x41, 0x67, 0x39, 0x88, 0x39, 0x68, 0x41, 0x68, 0x39,
    0x87, 0x39, 0x68, 0x39, 0x68, 0x39, 0x88, 0x41, 0x67, 0x39, 0x68, 0x41,
    0x88, 0x39, 0x88, 0x39, 0x67, 0x39, 0x88, 0x39, 0x88, 0x39, 0x67, 0x39,
    0x88, 0x39, 0x88, 0x39, 0x67, 0x41, 0x88, 0x41, 0x88, 0x39, 0x68, 0x39,
    0x88, 0x41, 0x88, 0x39, 0x68, 0x39, 0x88, 0x41, 0x88, 0x39, 0x68, 0x41,
    0x88, 0x39, 0x88, 0x41, 0x68, 0x39, 0x88, 0x39, 0x88, 0x39, 0x67, 0x39,
    0x68, 0x39, 0x88, 0x41, 0x68, 0x39, 0x68, 0x39, 0x88, 0x39, 0x68, 0x41,
    0x88, 0x39, 0x88, 0x39, 0x67, 0x39, 0x88, 0x39, 0x88, 0x41, 0x68, 0x39,
    0x88, 0x39, 0x88, 0x41, 0x68, 0x41, 0x68, 0x39, 0x88, 0x39, 0x88, 0x41,
    0x68, 0x39, 0x68, 0x39, 0x88, 0x39, 0x68, 0x41, 0x88, 0x39, 0x68, 0x39,
    0x68, 0x39, 0x87, 0x41, 0x68, 0x39, 0x88, 0x39, 0x68, 0x41, 0x68, 0x39,
    0x87, 0x41, 0x88, 0x39, 0x68, 0x39, 0x67, 0x41, 0x88, 0x39, 0x88, 0x39,
    0x68, 0x41, 0x88, 0x39, 0x68, 0x39, 0x88, 0x41, 0x68, 0x41, 0x88, 0x39,
    0x87, 0x41, 0x68, 0x39, 0x88, 0x41, 0x67, 0x39, 0x88, 0x39, 0x88, 0x39,
    0x67, 0x39, 0x68, 0x39, 0x88, 0x41, 0x68, 0x39, 0x68, 0x39, 0x88, 0x41,
    0x68, 0x39, 0x88, 0x39, 0x88, 0x39, 0x68, 0x39, 0x88, 0x41, 0x68, 0x39,
    0x88, 0x41, 0x68, 0x39, 0x88, 0x39, 0x67, 0x41, 0x88, 0x39, 0x68, 0x39,
    0x68, 0x41, 0x88, 0x39, 0x68, 0x39, 0x87, 0x41, 0x68, 0x39, 0x88, 0x39,
    0x68, 0x39, 0x88, 0x41, 0x88, 0x39, 0x67, 0x41, 0x88, 0x39, 0x88, 0x39,
    0x68, 0x39, 0x88, 0x41, 0x68, 0x39, 0x68, 0x39, 0x88, 0x39, 0x67, 0x39,
    0x88, 0x39, 0x88, 0x41, 0x67, 0x39, 0x68, 0x39, 0x88, 0x39, 0x68, 0x41,
    0x68, 0x39, 0x88, 0x39, 0x68, 0x39, 0x88, 0x41, 0x68, 0x39, 0x88, 0x39,
    0x88, 0x39, 0x68, 0x41, 0x88, 0x39, 0x88, 0x39, 0x68, 0x41, 0x68, 0x39,
    0x88, 0x39, 0x68, 0x41, 0x88, 0x39, 0x68, 0x39, 0x87, 0x41, 0x68, 0x39,
    0x88, 0x39, 0x68, 0x39, 0x68, 0x39, 0x88, 0x39, 0x88, 0x39, 0x68, 0x41,
    0x88, 0x39, 0x68, 0x39, 0x68, 0x41, 0x88, 0x39, 0x67, 0x39, 0x88, 0x41,
    0x88, 0x39, 0x67, 0x39, 0x88, 0x39, 0x68, 0x39, 0x68, 0x41, 0x87, 0x39,
    0x68, 0x39, 0x88, 0x39, 0x88, 0x41, 0x68, 0x39, 0x88, 0x39, 0x68, 0x39,
    0x68, 0x39, 0x88, 0x39, 0x87, 0x41, 0xc7, 0x49, 0xe8, 0x51, 0xe8, 0x51,
    0x08, 0x5a, 0x28, 0x5a, 0x08, 0x5a, 0xe8, 0x51, 0xc7, 0x49, 0x88, 0x41,
    0x88, 0x39, 0x88, 0x39, 0x68, 0x39, 0x68, 0x39, 0x88, 0x39, 0x68, 0x39,
    0x68, 0x41, 0x88, 0x39, 0x87, 0x39, 0x68, 0x39, 0x88, 0x41, 0x68, 0x39,
    0x68, 0x39, 0x88, 0x39, 0x67, 0x39, 0x88, 0x39, 0x68, 0x41, 0x68, 0x39,
    0x87, 0x39, 0x68, 0x41, 0x68, 0x39, 0x88, 0x39, 0x68, 0x41, 0x88, 0x41,
    0x88, 0x39, 0x68, 0x39, 0x88, 0x39, 0x68, 0x41, 0x88, 0x39, 0x88, 0x39,
    0x68, 0x41, 0x87, 0x39, 0x88, 0x39, 0x68, 0x39, 0x68, 0x39, 0x88, 0x39,
    0x68, 0x41, 0x87, 0x39, 0x88, 0x39, 0x68, 0x39, 0x88, 0x39, 0x68, 0x41,
    0x68, 0x39, 0x68, 0x39, 0x68, 0x39, 0x88, 0x41, 0x68, 0x39, 0x88, 0x39,
    0x68, 0x39, 0x88, 0x39, 0x68, 0x41, 0x68, 0x39, 0x88, 0x39, 0x68, 0x39,
    0x68, 0x39, 0x88, 0x39, 0x88, 0x41, 0x67, 0x39, 0x88, 0x41, 0x68, 0x39,
    0x88, 0x39, 0x68, 0x39, 0x88, 0x41, 0x88, 0x39, 0x68, 0x39, 0x88, 0x41,
    0x88, 0x39, 0x68, 0x39, 0x88, 0x39, 0x88, 0x39, 0x68, 0x39, 0x88, 0x41,
    0x68, 0x39, 0x68, 0x39, 0x88, 0x41, 0x68, 0x39, 0x68, 0x39, 0x88, 0x39,
    0x68, 0x39, 0x68, 0x39, 0x88, 0x39, 0x68, 0x39, 0x68, 0x39, 0x88, 0x41,
    0x88, 0x39, 0x67, 0x39, 0x68, 0x39, 0x88, 0x39, 0x68, 0x39, 0x67, 0x39,
    0x88, 0x41, 0x68, 0x39, 0x68, 0x39, 0x88, 0x41, 0x88, 0x39, 0x68, 0x39,
    0x88, 0x41, 0x88, 0x39, 0x67, 0x39, 0x88, 0x39, 0x68, 0x39, 0x68, 0x39,
    0x88, 0x41, 0x68, 0x39, 0x68, 0x39, 0x88, 0x39, 0x68, 0x39, 0x67, 0x39,
    0x88, 0x39, 0x68, 0x39, 0x88, 0x39, 0x67, 0x41, 0x68, 0x39, 0x88, 0x39,
    0x88, 0x41, 0x68, 0x39, 0x68, 0x39, 0x87, 0x39, 0x68, 0x39, 0x88, 0x39,
    0x88, 0x41, 0x68, 0x39, 0x88, 0x39, 0x68, 0x39, 0x87, 0x39, 0x68, 0x39,
    0x88, 0x39, 0x88, 0x41, 0x68, 0x39, 0x88, 0x39, 0x68, 0x39, 0x68, 0x39,
    0x88, 0x39, 0x88, 0x39, 0x67, 0x39, 0x88, 0x41, 0x68, 0x39, 0x68, 0x39,
    0x88, 0x39, 0x88, 0x41, 0x68, 0x39, 0x88, 0x39, 0x68, 0x41, 0x88, 0x39,
    0x88, 0x39, 0x68, 0x41, 0x88, 0x39, 0x88, 0x39, 0x68, 0x39, 0x68, 0x39,
    0x88, 0x41, 0x68, 0x39, 0x68, 0x39, 0x88, 0x41, 0x68, 0x39, 0x88, 0x39,
    0x68, 0x41, 0x88, 0x39, 0x68, 0x39, 0x88, 0x41, 0x88, 0x39, 0x68, 0x39,
    0x87, 0x39, 0x68, 0x39, 0x88, 0x39, 0x68, 0x39, 0x88, 0x39, 0x67, 0x39,
    0x68, 0x41, 0x88, 0x39, 0x68, 0x39, 0x68, 0x39, 0x88, 0x39, 0x68, 0x39,
    0x87, 0x41, 0x88, 0x39, 0x68, 0x39, 0x88, 0x41, 0x88, 0x39, 0x68, 0x39,
    0x68, 0x41, 0x88, 0x39, 0x88, 0x39, 0x68, 0x41, 0x88, 0x39, 0x67, 0x39,
    0x88, 0x39, 0x68, 0x39, 0x68, 0x41, 0x87, 0x39, 0x68, 0x39, 0x68, 0x39,
    0x87, 0x41, 0x68, 0x39, 0x68, 0x39, 0x88, 0x39, 0x88, 0x39, 0x68, 0x39,
    0x88, 0x39, 0x87, 0x41, 0x68, 0x39, 0x68, 0x39, 0x88, 0x41, 0x88, 0x39,
    0x68, 0x39, 0x87, 0x41, 0x68, 0x39, 0x68, 0x39, 0x87, 0x41, 0x88, 0x39,
    0x68, 0x39, 0x88, 0x39, 0x88, 0x39, 0x68, 0x39, 0x68, 0x39, 0x88, 0x41,
    0x68, 0x39, 0x88, 0x41, 0x88, 0x39, 0x68, 0x39, 0x88, 0x39, 0x68, 0x41,
    0x68, 0x39, 0x88, 0x39, 0x67, 0x39, 0x88, 0x39, 0x88, 0x41, 0x68, 0x39,
    0x68, 0x39, 0x88, 0x39, 0x88, 0x39, 0x88, 0x41, 0xa8, 0x41, 0xa7, 0x41,
    0xc8, 0x49, 0xe8, 0x51, 0xe8, 0x49, 0xa7, 0x41, 0x88, 0x39, 0x68, 0x39,
    0x68, 0x39, 0x88, 0x39, 0x88, 0x41, 0x87, 0x39, 0x68, 0x39, 0x88, 0x41,
    0x87, 0x39, 0x68, 0x39, 0x68, 0x41, 0x88, 0x39, 0x88, 0x39, 0x68, 0x41,
    0x88, 0x39, 0x68, 0x39, 0x88, 0x39, 0x88, 0x39, 0x68, 0x39, 0x88, 0x39,
    0x88, 0x39, 0x68, 0x39, 0x88, 0x39, 0x67, 0x39, 0x68, 0x39, 0x88, 0x39,
    0x67, 0x41, 0x88, 0x39, 0x88, 0x39, 0x68, 0x39, 0x68, 0x41, 0x88, 0x39,
    0x68, 0x39, 0x68, 0x41, 0x88, 0x41, 0x68, 0x39, 0x87, 0x39, 0x68, 0x39,
    0x68, 0x39, 0x88, 0x41, 0x68, 0x39, 0x88, 0x39, 0x88, 0x39, 0x88, 0x39,
    0x88, 0x41, 0x68, 0x39, 0x88, 0x39, 0x88, 0x39, 0x68, 0x41, 0x68, 0x39,
    0x88, 0x39, 0x68, 0x39, 0x88, 0x39, 0x68, 0x41, 0x87, 0x39, 0x68, 0x41,
    0x68, 0x39, 0x88, 0x39, 0x68, 0x39, 0x68, 0x39, 0x88, 0x39, 0x88, 0x41,
    0x67, 0x39, 0x68, 0x39, 0x88, 0x39, 0x68, 0x39, 0x67, 0x39, 0x88, 0x39,
    0x68, 0x41, 0x68, 0x39, 0x87, 0x41, 0x68, 0x39, 0x88, 0x39, 0x88, 0x39,
    0x67, 0x39, 0x88, 0x41, 0x88, 0x39, 0x68, 0x39, 0x88, 0x41, 0x88, 0x41,
    0x68, 0x39, 0x88, 0x41, 0x88, 0x39, 0x68, 0x39, 0x67, 0x41, 0x88, 0x39,
    0x68, 0x39, 0x68, 0x39, 0x88, 0x41, 0x88, 0x39, 0x68, 0x39, 0x88, 0x39,
    0x88, 0x39, 0x68, 0x39, 0x67, 0x39, 0x88, 0x41, 0x68, 0x39, 0x68, 0x39,
    0x88, 0x39, 0x68, 0x39, 0x88, 0x41, 0x88, 0x39, 0x68, 0x39, 0x87, 0x41,
    0x68, 0x39, 0x88, 0x39, 0x88, 0x41, 0x68, 0x41, 0x88, 0x39, 0x88, 0x41,
    0x68, 0x39, 0x88, 0x39, 0x88, 0x39, 0x68, 0x39, 0x88, 0x39, 0x68, 0x39,
    0x87, 0x41, 0x88, 0x39, 0x68, 0x39, 0x88, 0x41, 0x68, 0x39, 0x88, 0x39,
    0x67, 0x41, 0x68, 0x39, 0x88, 0x39, 0x88, 0x41, 0x68, 0x39, 0x88, 0x39,
    0x68, 0x39, 0x68, 0x39, 0x88, 0x41, 0x88, 0x39, 0x67, 0x39, 0x68, 0x41,
    0x88, 0x39, 0x68, 0x39, 0x88, 0x41, 0x68, 0x39, 0x88, 0x39, 0x67, 0x39,
    0x68, 0x39, 0x88, 0x39, 0x68, 0x39, 0x68, 0x39, 0x88, 0x41, 0x68, 0x39,
    0x68, 0x39, 0x88, 0x41, 0x67, 0x39, 0x88, 0x39, 0x88, 0x41, 0x67, 0x39,
    0x88, 0x39, 0x68, 0x39, 0x87, 0x41, 0x88, 0x39, 0x68, 0x39, 0x67, 0x39,
    0x88, 0x39, 0x68, 0x39, 0x67, 0x39, 0x88, 0x39, 0x68, 0x39, 0x88, 0x41,
    0x88, 0x39, 0x68, 0x41, 0x68, 0x39, 0x88, 0x39, 0x88, 0x41, 0x68, 0x39,
    0x88, 0x39, 0x88, 0x39, 0x67, 0x39, 0x88, 0x41, 0x68, 0x39, 0x68, 0x39,
    0x88, 0x39, 0x68, 0x39, 0x68, 0x39, 0x87, 0x41, 0x88, 0x39, 0x68, 0x39,
    0x68, 0x41, 0x88, 0x39, 0x68, 0x39, 0x88, 0x41, 0x68, 0x39, 0x88, 0x39,
    0x88, 0x41, 0x68, 0x39, 0x88, 0x39, 0x88, 0x39, 0x68, 0x41, 0x88, 0x39,
    0x88, 0x39, 0x68, 0x39, 0x68, 0x41, 0x87, 0x39, 0x68, 0x41, 0x68, 0x39,
    0x88, 0x39, 0x68, 0x39, 0x88, 0x39, 0x68, 0x39, 0x68, 0x39, 0x88, 0x41,
    0x68, 0x39, 0x88, 0x39, 0x88, 0x41, 0x68, 0x39, 0x68, 0x39, 0x88, 0x39,
    0x68, 0x41, 0x67, 0x39, 0x88, 0x39, 0x88, 0x41, 0x68, 0x39, 0x68, 0x39,
    0x88, 0x39, 0x68, 0x39, 0x68, 0x41, 0x87, 0x39, 0x88, 0x39, 0x68, 0x39,
    0x88, 0x41, 0x68, 0x39, 0x68, 0x39, 0x88, 0x41, 0x68, 0x39, 0x87, 0x39,
    0x88, 0x41, 0x68, 0x39, 0x68, 0x39, 0x68, 0x39, 0x88, 0x39, 0x68, 0x39,
    0x88, 0x41, 0xa7, 0x41, 0x88, 0x41, 0x68, 0x39, 0x88, 0x39, 0x88, 0x39,
    0x68, 0x41, 0x68, 0x39, 0x88, 0x39, 0x68, 0x41, 0x68, 0x39, 0x88, 0x39,
    0x88, 0x39, 0x68, 0x39, 0x68, 0x39, 0x88, 0x39, 0x68, 0x39, 0x87, 0x39,
    0x88, 0x41, 0x68, 0x41, 0x68, 0x39, 0x88, 0x41, 0x67, 0x39, 0x88, 0x41,
    0x68, 0x39, 0x88, 0x41, 0x88, 0x39, 0x68, 0x41, 0x88, 0x39, 0x68, 0x39,
    0x68, 0x39, 0x88, 0x41, 0x68, 0x39, 0x87, 0x39, 0x68, 0x39, 0x88, 0x39,
    0x87, 0x39, 0x68, 0x39, 0x88, 0x39, 0x88, 0x41, 0x68, 0x41, 0x88, 0x39,
    0x88, 0x39, 0x68, 0x39, 0x68, 0x41, 0x68, 0x39, 0x67, 0x39, 0x88, 0x39,
    0x68, 0x39, 0x87, 0x41, 0x68, 0x39, 0x88, 0x39, 0x88, 0x39, 0x68, 0x39,
    0x68, 0x39, 0x88, 0x39, 0x68, 0x41, 0x88, 0x39, 0x88, 0x39, 0x88, 0x39,
    0x68, 0x41, 0x87, 0x39, 0x68, 0x39, 0x88, 0x41, 0x68, 0x39, 0x88, 0x39,
    0x68, 0x41, 0x88, 0x39, 0x88, 0x39, 0x68, 0x41, 0x88, 0x39, 0x88, 0x39,
    0x68, 0x39, 0x88, 0x39, 0x68, 0x41, 0x68, 0x39, 0x88, 0x39, 0x68, 0x41,
    0x68, 0x39, 0x88, 0x39, 0x68, 0x39, 0x67, 0x39, 0x88, 0x39, 0x68, 0x39,
    0x67, 0x39, 0x88, 0x41, 0x88, 0x39, 0x68, 0x39, 0x88, 0x39, 0x88, 0x39,
    0x68, 0x39, 0x88, 0x41, 0x87, 0x39, 0x68, 0x41, 0x68, 0x39, 0x88, 0x41,
    0x88, 0x39, 0x68, 0x39, 0x88, 0x41, 0x88, 0x39, 0x67, 0x39, 0x88, 0x41,
    0x68, 0x39, 0x67, 0x39, 0x88, 0x41, 0x68, 0x39, 0x88, 0x39, 0x68, 0x39,
    0x88, 0x39, 0x67, 0x39, 0x68, 0x39, 0x88, 0x39, 0x67, 0x39, 0x88, 0x41,
    0x68, 0x39, 0x67, 0x41, 0x88, 0x41, 0x68, 0x39, 0x88, 0x39, 0x68, 0x41,
    0x68, 0x39, 0x88, 0x39, 0x88, 0x41, 0x68, 0x39, 0x88, 0x39, 0x68, 0x39,
    0x88, 0x39, 0x68, 0x39, 0x68, 0x41, 0x88, 0x39, 0x68, 0x41, 0x88, 0x41,
    0x67, 0x39, 0x68, 0x39, 0x88, 0x39, 0x68, 0x39, 0x88, 0x41, 0x88, 0x39,
    0x68, 0x39, 0x87, 0x41, 0x68, 0x39, 0x88, 0x39, 0x88, 0x39, 0x68, 0x41,
    0x88, 0x39, 0x88, 0x41, 0x67, 0x39, 0x88, 0x39, 0x88, 0x39, 0x67, 0x39,
    0x88, 0x39, 0x68, 0x39, 0x68, 0x39, 0x88, 0x39, 0x68, 0x41, 0x88, 0x39,
    0x68, 0x39, 0x88, 0x39, 0x68, 0x39, 0x88, 0x39, 0x88, 0x41, 0x68, 0x39,
    0x88, 0x39, 0x88, 0x41, 0x68, 0x39, 0x88, 0x39, 0x68, 0x41, 0x68, 0x39,
    0x88, 0x39, 0x87, 0x39, 0x68, 0x41, 0x88, 0x39, 0x68, 0x39, 0x68, 0x41,
    0x88, 0x39, 0x68, 0x39, 0x88, 0x41, 0x88, 0x39, 0x68, 0x41, 0x88, 0x39,
    0x88, 0x41, 0x68, 0x39, 0x68, 0x39, 0x88, 0x39, 0x68, 0x39, 0x88, 0x39,
    0x87, 0x39, 0x68, 0x39, 0x88, 0x39, 0x67, 0x39, 0x68, 0x39, 0x88, 0x41,
    0x68, 0x39, 0x87, 0x39, 0x68, 0x39, 0x88, 0x41, 0x68, 0x39, 0x68, 0x39,
    0x88, 0x39, 0x88, 0x41, 0x68, 0x39, 0x88, 0x39, 0x88, 0x39, 0x67, 0x41,
    0x68, 0x39, 0x88, 0x41, 0x88, 0x39, 0x67, 0x39, 0x88, 0x41, 0x68, 0x39,
    0x67, 0x39, 0x88, 0x39, 0x88, 0x39, 0x68, 0x41, 0x88, 0x39, 0x88, 0x39,
    0x68, 0x41, 0x68, 0x39, 0x88, 0x39, 0x87, 0x41, 0x68, 0x39, 0x88, 0x39,
    0x87, 0x41, 0x68, 0x39, 0x68, 0x39, 0x88, 0x41, 0x68, 0x39, 0x88, 0x39,
    0x87, 0x39, 0x68, 0x41, 0x88, 0x39, 0x68, 0x39, 0x68, 0x39, 0x88, 0x39,
    0x88, 0x41, 0x68, 0x39, 0x88, 0x39, 0x68, 0x41, 0x68, 0x39, 0x88, 0x39,
    0x68, 0x39, 0x88, 0x39, 0x68, 0x39, 0x68, 0x39, 0x88, 0x41, 0x88, 0x39,
    0x68, 0x39, 0x88, 0x39, 0x68, 0x39, 0x88, 0x39, 0x68, 0x39, 0x68, 0x41,
    0x88, 0x39, 0x88, 0x41, 0x68, 0x39, 0x88, 0x41, 0x68, 0x39, 0x68, 0x39,
    0x88, 0x39, 0x67, 0x39, 0x88, 0x39, 0x68, 0x39, 0x88, 0x41, 0x68, 0x39,
    0x68, 0x39, 0x87, 0x39, 0x68, 0x39, 0x88, 0x39, 0x88, 0x41, 0x68, 0x39,
    0x88, 0x39, 0x68, 0x39, 0x88, 0x41, 0x68, 0x39, 0x88, 0x39, 0x68, 0x41,
    0x68, 0x39, 0x88, 0x39, 0x68, 0x39, 0x67, 0x39, 0x88, 0x39, 0x68, 0x41,
    0x87, 0x39, 0x88, 0x39, 0x88, 0x39, 0x68, 0x41, 0x88, 0x41, 0x68, 0x39,
    0x68, 0x39, 0x88, 0x39, 0x68, 0x41, 0x67, 0x39, 0x88, 0x39, 0x68, 0x39,
    0x68, 0x39, 0x88, 0x39, 0x67, 0x39, 0x68, 0x39, 0x88, 0x39, 0x68, 0x41,
    0x88, 0x39, 0x68, 0x39, 0x88, 0x41, 0x68, 0x39, 0x87, 0x39, 0x68, 0x39,
    0x88, 0x39, 0x68, 0x41, 0x67, 0x39, 0x88, 0x39, 0x68, 0x41, 0x68, 0x39,
    0x87, 0x39, 0x88, 0x39, 0x68, 0x39, 0x88, 0x39, 0x87, 0x41, 0x68, 0x39,
    0x88, 0x39, 0x88, 0x41, 0x68, 0x39, 0x88, 0x41, 0x88, 0x39, 0x68, 0x39,
    0x68, 0x39, 0x88, 0x39, 0x67, 0x41, 0x68, 0x39, 0x88, 0x39, 0x68, 0x41,
    0x88, 0x39, 0x68, 0x39, 0x68, 0x39, 0x88, 0x39, 0x67, 0x39, 0x68, 0x41,
    0x88, 0x39, 0x67, 0x39, 0x68, 0x39, 0x88, 0x39, 0x68, 0x39, 0x88, 0x41,
    0x88, 0x39, 0x68, 0x39, 0x68, 0x39, 0x88, 0x41, 0x68, 0x39, 0x88, 0x39,
    0x68, 0x41, 0x88, 0x39, 0x88, 0x39, 0x68, 0x39, 0x68, 0x39, 0x88, 0x39,
    0x68, 0x39, 0x88, 0x39, 0x68, 0x39, 0x88, 0x39, 0x67, 0x41, 0x88, 0x39,
    0x68, 0x39, 0x68, 0x39, 0x87, 0x39, 0x68, 0x41, 0x68, 0x39, 0x87, 0x41,
    0x88, 0x39, 0x88, 0x39, 0x67, 0x39, 0x68, 0x39, 0x88, 0x39, 0x88, 0x39,
    0x68, 0x39, 0x88, 0x41, 0x88, 0x39, 0x67, 0x39, 0x68, 0x39, 0x88, 0x39,
    0x68, 0x39, 0x88, 0x39, 0x68, 0x39, 0x68, 0x39, 0x87, 0x41, 0x68, 0x39,
    0x88, 0x39, 0x68, 0x39, 0x68, 0x41, 0x88, 0x39, 0x68, 0x41, 0x88, 0x41,
    0x88, 0x39, 0x68, 0x39, 0x88, 0x41, 0x68, 0x39, 0x88, 0x39, 0x68, 0x39,
    0x88, 0x41, 0x68, 0x41, 0x68, 0x39, 0x88, 0x39, 0x67, 0x41, 0x68, 0x39,
    0x88, 0x39, 0x68, 0x41, 0x88, 0x39, 0x88, 0x39, 0x67, 0x39, 0x68, 0x39,
    0x88, 0x39, 0x68, 0x39, 0x88, 0x39, 0x67, 0x39, 0x88, 0x39, 0x88, 0x41,
    0x67, 0x39, 0x88, 0x41, 0x68, 0x39, 0x68, 0x39, 0x87, 0x39, 0x68, 0x39,
    0x88, 0x39, 0x87, 0x41, 0x68, 0x39, 0x88, 0x41, 0x68, 0x39, 0x68, 0x41,
    0x88, 0x39, 0x68, 0x41, 0x88, 0x39, 0x88, 0x39, 0x68, 0x41, 0x88, 0x39,
    0x68, 0x39, 0x68, 0x41, 0x88, 0x39, 0x68, 0x39, 0x87, 0x39, 0x68, 0x41,
    0x88, 0x39, 0x67, 0x39, 0x68, 0x39, 0x88, 0x39, 0x88, 0x39, 0x68, 0x39,
    0x88, 0x39, 0x68, 0x41, 0x68, 0x39, 0x88, 0x39, 0x88, 0x41, 0x88, 0x39,
    0x68, 0x39, 0x68, 0x41, 0x88, 0x39, 0x67, 0x39, 0x68, 0x39, 0x88, 0x39,
    0x87, 0x39, 0x68, 0x39, 0x68, 0x39, 0x88, 0x39, 0x68, 0x39, 0x68, 0x41,
    0x88, 0x39, 0x88, 0x39, 0x68, 0x39, 0x88, 0x39, 0x68, 0x41, 0x68, 0x39,
    0x88, 0x39, 0x88, 0x39, 0x68, 0x41, 0x87, 0x39, 0x88, 0x39, 0x68, 0x41,
    0x68, 0x39, 0x88, 0x39, 0x87, 0x39, 0x88, 0x39, 0x68, 0x41, 0x88, 0x39,
    0x88, 0x39, 0x68, 0x39, 0x88, 0x39, 0x68, 0x41, 0x68, 0x39, 0x88, 0x39,
    0x67, 0x41, 0x88, 0x39, 0x88, 0x41, 0x67, 0x39, 0x88, 0x39, 0x68, 0x39,
    0x67, 0x41, 0x88, 0x39, 0x88, 0x39, 0x67, 0x39, 0x88, 0x41, 0x68, 0x39,
    0x88, 0x39, 0x88, 0x41, 0x68, 0x39, 0x88, 0x39, 0x68, 0x39, 0x88, 0x39,
    0x88, 0x41, 0x68, 0x39, 0x68, 0x39, 0x88, 0x39, 0x67, 0x39, 0x88, 0x41,
    0x88, 0x39, 0x67, 0x39, 0x68, 0x39, 0x88, 0x41, 0x88, 0x39, 0x68, 0x39,
    0x88, 0x41, 0x88, 0x41, 0x68, 0x39, 0x88, 0x39, 0x68, 0x39, 0x68, 0x39,
    0x68, 0x41, 0x88, 0x39, 0x68, 0x39, 0x87, 0x39, 0x88, 0x39, 0x68, 0x41,
    0x88, 0x39, 0x88, 0x39, 0x68, 0x39, 0x88, 0x41, 0x68, 0x39, 0x88, 0x39,
    0x88, 0x39, 0x68, 0x41, 0x88, 0x39, 0x68, 0x39, 0x68, 0x41, 0x87, 0x39,
    0x68, 0x39, 0x88, 0x39, 0x68, 0x39, 0x88, 0x39, 0x68, 0x41, 0x88, 0x39,
    0x68, 0x39, 0x88, 0x39, 0x88, 0x39, 0x68, 0x39, 0x88, 0x41, 0x68, 0x39,
    0x88, 0x41, 0x68, 0x41, 0x68, 0x39, 0x88, 0x39, 0x68, 0x39, 0x68, 0x39,
    0x88, 0x39, 0x67, 0x39, 0x68, 0x41, 0x88, 0x39, 0x68, 0x39, 0x88, 0x41,
    0x88, 0x39, 0x68, 0x39, 0x88, 0x39, 0x88, 0x41, 0x68, 0x39, 0x87, 0x39,
    0x68, 0x41, 0x88, 0x39, 0x88, 0x39, 0x88, 0x39, 0x68, 0x39, 0x88, 0x39,
    0x88, 0x41, 0x68, 0x39, 0x88, 0x39, 0x68, 0x41, 0x68, 0x39, 0x88, 0x39,
    0x88, 0x39, 0x68, 0x39, 0x88, 0x39, 0x87, 0x41, 0x68, 0x39, 0x68, 0x39,
    0x87, 0x41, 0x68, 0x41, 0x88, 0x39, 0x68, 0x41, 0x88, 0x41, 0x88, 0x39,
    0x68, 0x39, 0x88, 0x39, 0x88, 0x39, 0x68, 0x41, 0x88, 0x39, 0x88, 0x39,
    0x68, 0x39, 0x88, 0x41, 0x88, 0x39, 0x68, 0x39, 0x88, 0x39, 0x68, 0x39,
    0x68, 0x41, 0x88, 0x39, 0x88, 0x39, 0x68, 0x41, 0x88, 0x39, 0x67, 0x39,
    0x68, 0x39, 0x88, 0x41, 0x68, 0x39, 0x88, 0x41, 0x88, 0x39, 0x68, 0x41,
    0x87, 0x41, 0x68, 0x39, 0x88, 0x39, 0x88, 0x41, 0x68, 0x39, 0x88, 0x39,
    0x68, 0x39, 0x88, 0x39, 0x88, 0x39, 0x67, 0x39, 0x68, 0x39, 0x88, 0x39,
    0x68, 0x39, 0x87, 0x41, 0x88, 0x39, 0x68, 0x39, 0x67, 0x39, 0x88, 0x39,
    0x88, 0x39, 0x67, 0x39, 0x88, 0x39, 0x88, 0x39, 0x68, 0x39, 0x88, 0x39,
    0x68, 0x39, 0x67, 0x39, 0x88, 0x41, 0x68, 0x39, 0x88, 0x41, 0x88, 0x39,
    0x68, 0x41, 0x68, 0x41, 0x88, 0x39, 0x68, 0x39, 0x68, 0x41, 0x88, 0x39,
    0x68, 0x39, 0x88, 0x41, 0x88, 0x39, 0x68, 0x39, 0x88, 0x41, 0x68, 0x39,
    0x68, 0x39, 0x88, 0x39, 0x88, 0x39, 0x68, 0x39, 0x87, 0x41, 0x88, 0x39,
    0x68, 0x39, 0x68, 0x39, 0x88, 0x41, 0x68, 0x39, 0x87, 0x39, 0x88, 0x39,
    0x68, 0x39, 0x88, 0x39, 0x88, 0x41, 0x68, 0x39, 0x88, 0x39, 0x88, 0x39,
    0x68, 0x41, 0x88, 0x39, 0x68, 0x41, 0x68, 0x41, 0x88, 0x39, 0x68, 0x39,
    0x87, 0x39, 0x88, 0x39, 0x68, 0x39, 0x68, 0x39, 0x88, 0x39, 0x68, 0x39,
    0x88, 0x39, 0x88, 0x41, 0x68, 0x39, 0x88, 0x39, 0x68, 0x41, 0x68, 0x39,
    0x88, 0x41, 0x88, 0x39, 0x68, 0x41, 0x88, 0x39, 0x88, 0x39, 0x68, 0x39,
    0x68, 0x39, 0x87, 0x41, 0x88, 0x39, 0x68, 0x39, 0x87, 0x39, 0x68, 0x41,
    0x68, 0x39, 0x88, 0x39, 0x68, 0x39, 0x88, 0x41, 0x68, 0x39, 0x68, 0x39,
    0x88, 0x39, 0x68, 0x41, 0x68, 0x39, 0x88, 0x39, 0x68, 0x39, 0x67, 0x41,
    0x88, 0x39, 0x68, 0x41, 0x88, 0x39, 0x87, 0x39, 0x68, 0x39, 0x68, 0x39,
    0x88, 0x39, 0x68, 0x41, 0x68, 0x39, 0x88, 0x39, 0x88, 0x41, 0x88, 0x39,
    0x68, 0x39, 0x68, 0x39, 0x88, 0x39, 0x68, 0x39, 0x88, 0x39, 0x68, 0x41,
    0x68, 0x39, 0x88, 0x39, 0x68, 0x41, 0x67, 0x39, 0x88, 0x39, 0x68, 0x41,
    0x87, 0x39, 0x68, 0x39, 0x88, 0x41, 0x68, 0x39, 0x68, 0x39, 0x88, 0x39,
    0x68, 0x41, 0x88, 0x39, 0x68, 0x39, 0x87, 0x39, 0x68, 0x39, 0x68, 0x39,
    0x87, 0x39, 0x68, 0x39, 0x88, 0x41, 0x88, 0x39, 0x88, 0x39, 0x68, 0x39,
    0x88, 0x39, 0x68, 0x41, 0x68, 0x39, 0x88, 0x39, 0x68, 0x39, 0x68, 0x39,
    0x87, 0x41, 0x68, 0x39, 0x88, 0x39, 0x68, 0x41, 0x88, 0x39, 0x68, 0x39,
    0x68, 0x39, 0x88, 0x39, 0x88, 0x41, 0x88, 0x39, 0x68, 0x39, 0x88, 0x39,
    0x88, 0x41, 0x68, 0x39, 0x87, 0x39, 0x68, 0x41, 0x88, 0x39, 0x68, 0x39,
    0x67, 0x41, 0x88, 0x39, 0x68, 0x39, 0x88, 0x41, 0x67, 0x39, 0x88, 0x39,
    0x68, 0x39, 0x88, 0x39, 0x87, 0x39, 0x68, 0x41, 0x88, 0x39, 0x88, 0x41,
    0x68, 0x39, 0x88, 0x39, 0x88, 0x39, 0x67, 0x39, 0x68, 0x39, 0x88, 0x41,
    0x67, 0x39, 0x68, 0x39, 0x88, 0x41, 0x68, 0x39, 0x68, 0x39, 0x88, 0x39,
    0x68, 0x39, 0x67, 0x41, 0x88, 0x41, 0x68, 0x39, 0x68, 0x39, 0x88, 0x41,
    0x68, 0x39, 0x88, 0x39, 0x88, 0x41, 0x67, 0x39, 0x88, 0x39, 0x68, 0x41,
    0x67, 0x39, 0x88, 0x41, 0x68, 0x39, 0x88, 0x39, 0x68, 0x39, 0x88, 0x39,
    0x88, 0x39, 0x68, 0x39, 0x68, 0x39, 0x87, 0x39, 0x68, 0x39, 0x68, 0x41,
    0x87, 0x39, 0x68, 0x41, 0x68, 0x39, 0x67, 0x39, 0x88, 0x39, 0x68, 0x39,
    0x67, 0x41, 0x88, 0x39, 0x68, 0x39, 0x88, 0x39, 0x88, 0x41, 0x68, 0x39,
    0x68, 0x39, 0x88, 0x41, 0x68, 0x39, 0x88, 0x39, 0x68, 0x41, 0x88, 0x39,
    0x88, 0x39, 0x68, 0x39, 0x67, 0x39, 0x88, 0x39, 0x68, 0x39, 0x68, 0x39,
    0x88, 0x39, 0x68, 0x39, 0x68, 0x41, 0x88, 0x39, 0x68, 0x39, 0x68, 0x41,
    0x87, 0x41, 0x68, 0x39, 0x88, 0x39, 0x68, 0x41, 0x88, 0x39, 0x68, 0x39,
    0x68, 0x39, 0x88, 0x39, 0x68, 0x41, 0x88, 0x39, 0x68, 0x41, 0x88, 0x39,
    0x68, 0x39, 0x68, 0x41, 0x88, 0x39, 0x68, 0x41, 0x88, 0x39, 0x88, 0x41,
    0x68, 0x39, 0x88, 0x39, 0x68, 0x39, 0x68, 0x39, 0x88, 0x39, 0x88, 0x39,
    0x67, 0x39, 0x88, 0x39, 0x88, 0x39, 0x68, 0x41, 0x88, 0x39, 0x68, 0x39,
    0x88, 0x41, 0x88, 0x41, 0x88, 0x39, 0x88, 0x39, 0x68, 0x41, 0x88, 0x39,
    0x68, 0x39, 0x68, 0x41, 0x88, 0x39, 0x68, 0x39, 0x68, 0x39, 0x88, 0x39,
    0x87, 0x39, 0x68, 0x39, 0x68, 0x39, 0x88, 0x41, 0x68, 0x39, 0x68, 0x39,
    0x87, 0x41, 0x68, 0x39, 0x68, 0x39, 0x87, 0x41, 0x68, 0x39, 0x68, 0x39,
    0x88, 0x39, 0x88, 0x39, 0x67, 0x39, 0x88, 0x39, 0x68, 0x41, 0x88, 0x39,
    0x68, 0x41, 0x88, 0x39, 0x87, 0x41, 0x68, 0x39, 0x68, 0x41, 0x87, 0x39,
    0x68, 0x39, 0x68, 0x39, 0x87, 0x39, 0x88, 0x41, 0x68, 0x39, 0x88, 0x39,
    0x68, 0x39, 0x68, 0x41, 0x88, 0x39, 0x67, 0x39, 0x88, 0x41, 0x88, 0x39,
    0x68, 0x39, 0x68, 0x41, 0x88, 0x39, 0x68, 0x39, 0x88, 0x39, 0x88, 0x39,
    0x68, 0x41, 0x87, 0x39, 0x68, 0x39, 0x88, 0x39, 0x88, 0x39, 0x67, 0x39,
    0x88, 0x41, 0x68, 0x39, 0x88, 0x39, 0x68, 0x41, 0x88, 0x39, 0x88, 0x39,
    0x68, 0x39, 0x68, 0x39, 0x88, 0x41, 0x88, 0x39, 0x68, 0x41, 0x88, 0x39,
    0x88, 0x39, 0x68, 0x39, 0x68, 0x39, 0x88, 0x39, 0x67, 0x39, 0x68, 0x41,
    0x88, 0x39, 0x88, 0x39, 0x68, 0x41, 0x88, 0x39, 0x67, 0x39, 0x88, 0x39,
    0x88, 0x39, 0x67, 0x39, 0x88, 0x39, 0x88, 0x39, 0x68, 0x41, 0x68, 0x39,
    0x88, 0x39, 0x88, 0x39, 0x68, 0x41, 0x87, 0x39, 0x88, 0x39, 0x68, 0x41,
    0x88, 0x39, 0x68, 0x39, 0x88, 0x41, 0x68, 0x39, 0x88, 0x41, 0x88, 0x39,
    0x68, 0x39, 0x68, 0x39, 0x67, 0x39, 0x68, 0x41, 0x88, 0x39, 0x87, 0x41,
    0x68, 0x39, 0x88, 0x39, 0x87, 0x41, 0x68, 0x39, 0x88, 0x39, 0x88, 0x39,
    0x68, 0x39, 0x68, 0x41, 0x88, 0x39, 0x87, 0x39, 0x68, 0x39, 0x68, 0x39,
    0x68, 0x39, 0x68, 0x39, 0x87, 0x39, 0x68, 0x41, 0x68, 0x39, 0x88, 0x39,
    0x68, 0x41, 0x68, 0x39, 0x88, 0x39, 0x88, 0x39, 0x68, 0x39, 0x88, 0x39,
    0x88, 0x41, 0x68, 0x39, 0x68, 0x39, 0x88, 0x39, 0x88, 0x39, 0x68, 0x39,
    0x68, 0x39, 0x88, 0x39, 0x68, 0x41, 0x68, 0x39, 0x88, 0x39, 0x67, 0x39,
    0x68, 0x41, 0x88, 0x39, 0x88, 0x39, 0x68, 0x41, 0x88, 0x39, 0x88, 0x39,
    0x68, 0x39, 0x88, 0x39, 0x88, 0x39, 0x67, 0x39, 0x88, 0x41, 0x88, 0x39,
    0x68, 0x39, 0x88, 0x39, 0x68, 0x39, 0x88, 0x39, 0x87, 0x41, 0x68, 0x39,
    0x68, 0x39, 0x87, 0x39, 0x68, 0x39, 0x88, 0x39, 0x88, 0x39, 0x68, 0x39,
    0x88, 0x41, 0x68, 0x39, 0x88, 0x39, 0x68, 0x41, 0x88, 0x39, 0x68, 0x39,
    0x88, 0x41, 0x68, 0x39, 0x88, 0x39, 0x88, 0x39, 0x68, 0x39, 0x88, 0x39,
    0x88, 0x39, 0x68, 0x39, 0x88, 0x41, 0x88, 0x39, 0x68, 0x39, 0x88, 0x41,
    0x88, 0x39, 0x68, 0x39, 0x68, 0x39, 0x87, 0x41, 0x68, 0x39, 0x88, 0x39,
    0x87, 0x39, 0x68, 0x39, 0x68, 0x39, 0x87, 0x39, 0x68, 0x39, 0x68, 0x41,
    0x88, 0x39, 0x88, 0x39, 0x68, 0x41, 0x88, 0x39, 0x68, 0x39, 0x88, 0x41,
    0x88, 0x39, 0x68, 0x39, 0x87, 0x39, 0x88, 0x39, 0x68, 0x39, 0x88, 0x39,
    0x88, 0x39, 0x68, 0x39, 0x68, 0x41, 0x88, 0x39, 0x88, 0x41, 0x67, 0x39,
    0x88, 0x41, 0x68, 0x39, 0x88, 0x39, 0x68, 0x39, 0x88, 0x41, 0x67, 0x39,
    0x88, 0x39, 0x88, 0x41, 0x68, 0x39, 0x67, 0x39, 0x88, 0x39, 0x68, 0x41,
    0x87, 0x39, 0x88, 0x39, 0x68, 0x41, 0x87, 0x39, 0x68, 0x39, 0x68, 0x41,
    0x88, 0x39, 0x68, 0x39, 0x68, 0x39, 0x87, 0x39, 0x88, 0x39, 0x68, 0x39,
    0x88, 0x41, 0xa8, 0x41, 0x88, 0x39, 0x68, 0x39, 0x67, 0x39, 0x88, 0x39,
    0x88, 0x41, 0x67, 0x39, 0x88, 0x39, 0x88, 0x41, 0x68, 0x39, 0x68, 0x41,
    0x88, 0x41, 0x88, 0x39, 0x67, 0x39, 0x88, 0x39, 0x88, 0x41, 0x68, 0x39,
    0x88, 0x39, 0x88, 0x39, 0x68, 0x39, 0x88, 0x39, 0x68, 0x41, 0x68, 0x39,
    0x87, 0x39, 0x68, 0x41, 0x88, 0x39, 0x88, 0x39, 0x68, 0x39, 0x67, 0x39,
    0x88, 0x39, 0x68, 0x41, 0x88, 0x39, 0x88, 0x39, 0x68, 0x39, 0x88, 0x41,
    0x88, 0x39, 0x68, 0x39, 0x68, 0x41, 0x88, 0x39, 0x88, 0x39, 0x67, 0x39,
    0x88, 0x39, 0x88, 0x39, 0x68, 0x39, 0x68, 0x39, 0x68, 0x41, 0x88, 0x39,
    0x87, 0x39, 0x68, 0x39, 0x68, 0x41, 0x88, 0x39, 0x68, 0x39, 0x88, 0x41,
    0x88, 0x39, 0x68, 0x39, 0x68, 0x41, 0x88, 0x39, 0x68, 0x39, 0x88, 0x41,
    0x68, 0x39, 0x87, 0x39, 0x88, 0x39, 0x68, 0x39, 0x67, 0x41, 0x88, 0x39,
    0x88, 0x39, 0x68, 0x39, 0x68, 0x39, 0x88, 0x39, 0x68, 0x39, 0x87, 0x41,
    0x68, 0x39, 0x88, 0x39, 0x87, 0x41, 0x68, 0x39, 0x88, 0x39, 0x68, 0x39,
    0x88, 0x41, 0x67, 0x39, 0x68, 0x39, 0x88, 0x41, 0x68, 0x39, 0x88, 0x41,
    0x68, 0x39, 0x68, 0x41, 0x88, 0x39, 0x88, 0x39, 0x68, 0x39, 0x88, 0x39,
    0x68, 0x39, 0x68, 0x41, 0x88, 0x39, 0x68, 0x39, 0x68, 0x39, 0x88, 0x41,
    0x67, 0x39, 0x88, 0x39, 0x68, 0x39, 0x88, 0x41, 0x68, 0x39, 0x88, 0x39,
    0x88, 0x41, 0x88, 0x39, 0x68, 0x39, 0x68, 0x39, 0x88, 0x39, 0x68, 0x39,
    0x68, 0x39, 0x88, 0x39, 0x68, 0x39, 0x68, 0x41, 0x88, 0x39, 0x88, 0x41,
    0x68, 0x39, 0x88, 0x39, 0x68, 0x39, 0x88, 0x41, 0x68, 0x39, 0x88, 0x39,
    0x88, 0x39, 0x68, 0x39, 0x68, 0x39, 0x88, 0x39, 0x88, 0x39, 0x67, 0x39,
    0x88, 0x39, 0x68, 0x41, 0x68, 0x39, 0x87, 0x41, 0x68, 0x39, 0x68, 0x39,
    0x88, 0x39, 0x88, 0x41, 0x67, 0x39, 0x68, 0x41, 0x88, 0x39, 0x88, 0x41,
    0x67, 0x41, 0x88, 0x39, 0x88, 0x39, 0x68, 0x39, 0x88, 0x39, 0x88, 0x39,
    0x68, 0x41, 0x68, 0x39, 0x68, 0x39, 0x88, 0x41, 0x68, 0x39, 0x68, 0x39,
    0x88, 0x41, 0x68, 0x41, 0x68, 0x39, 0x88, 0x39, 0x68, 0x41, 0x68, 0x39,
    0x88, 0x39, 0x88, 0x41, 0x68, 0x39, 0x68, 0x39, 0x88, 0x39, 0x68, 0x39,
    0x88, 0x41, 0x68, 0x39, 0x68, 0x39, 0x88, 0x41, 0x68, 0x39, 0x88, 0x39,
    0x68, 0x39, 0x88, 0x39, 0x67, 0x39, 0x88, 0x41, 0x68, 0x39, 0x67, 0x39,
    0x88, 0x41, 0x68, 0x39, 0x87, 0x41, 0x68, 0x41, 0x68, 0x39, 0x88, 0x39,
    0x68, 0x41, 0x88, 0x39, 0x68, 0x39, 0x88, 0x41, 0x68, 0x39, 0x68, 0x39,
    0x88, 0x39, 0x88, 0x41, 0x68, 0x39, 0x68, 0x39, 0x88, 0x39, 0x68, 0x41,
    0x88, 0x39, 0x68, 0x39, 0x88, 0x41, 0x88, 0x39, 0x68, 0x39, 0x88, 0x41,
    0x67, 0x39, 0x68, 0x39, 0x88, 0x41, 0x88, 0x39, 0x67, 0x39, 0x88, 0x41,
    0x68, 0x39, 0x68, 0x39, 0x88, 0x41, 0x68, 0x39, 0x68, 0x41, 0x87, 0x39,
    0x68, 0x39, 0x88, 0x39, 0x67, 0x39, 0x88, 0x39, 0x68, 0x39, 0x88, 0x39,
    0x68, 0x39, 0x88, 0x41, 0x67, 0x39, 0x88, 0x39, 0x68, 0x39, 0x88, 0x39,
    0x68, 0x39, 0x88, 0x39, 0x68, 0x39, 0x88, 0x39, 0x68, 0x39, 0x68, 0x39,
    0x88, 0x39, 0x68, 0x41, 0x88, 0x39, 0x88, 0x39, 0x68, 0x41, 0x88, 0x39,
    0x88, 0x41, 0x68, 0x39, 0x68, 0x41, 0x88, 0x41, 0x88, 0x41, 0x88, 0x39,
    0x88, 0x41, 0xa9, 0x41, 0x88, 0x41, 0x88, 0x41, 0x88, 0x41, 0x88, 0x39,
    0x68, 0x39, 0x88, 0x39, 0x68, 0x39, 0x87, 0x39, 0x88, 0x39, 0x68, 0x39,
    0x68, 0x39, 0x88, 0x41, 0x68, 0x39, 0x68, 0x39, 0x88, 0x39, 0x68, 0x41,
    0x68, 0x39, 0x88, 0x41, 0x88, 0x39, 0x68, 0x39, 0x88, 0x39, 0x88, 0x41,
    0x68, 0x39, 0x68, 0x39, 0x88, 0x41, 0x68, 0x39, 0x88, 0x39, 0x88, 0x41,
    0x68, 0x39, 0x68, 0x39, 0x68, 0x39, 0x88, 0x39, 0x68, 0x39, 0x68, 0x41,
    0x88, 0x39, 0x88, 0x39, 0x68, 0x39, 0x68, 0x39, 0x88, 0x41, 0x68, 0x41,
    0x68, 0x39, 0x88, 0x39, 0x87, 0x41, 0x68, 0x39, 0x88, 0x39, 0x68, 0x39,
    0x88, 0x39, 0x88, 0x41, 0x68, 0x39, 0x87, 0x39, 0x68, 0x41, 0x68, 0x39,
    0x88, 0x39, 0x68, 0x39, 0x88, 0x41, 0x67, 0x39, 0x88, 0x39, 0x68, 0x39,
    0x68, 0x39, 0x88, 0x41, 0x68, 0x39, 0x88, 0x39, 0x68, 0x39, 0x68, 0x41,
    0x88, 0x39, 0x87, 0x41, 0x68, 0x39, 0x68, 0x39, 0x88, 0x39, 0x68, 0x41,
    0x68, 0x39, 0x88, 0x39, 0x68, 0x41, 0x88, 0x39, 0x68, 0x39, 0x88, 0x41,
    0x68, 0x39, 0x88, 0x39, 0x88, 0x39, 0x68, 0x39, 0x88, 0x41, 0x68, 0x39,
    0x88, 0x39, 0x68, 0x39, 0x68, 0x41, 0x87, 0x39, 0x68, 0x41, 0x88, 0x39,
    0x87, 0x39, 0x68, 0x39, 0x88, 0x41, 0x88, 0x39, 0x68, 0x39, 0x88, 0x39,
    0x68, 0x39, 0x88, 0x39, 0x88, 0x39, 0x67, 0x39, 0x68, 0x39, 0x68, 0x39,
    0x87, 0x41, 0x68, 0x39, 0x88, 0x41, 0x88, 0x39, 0x68, 0x41, 0x88, 0x39,
    0x88, 0x41, 0x68, 0x39, 0x88, 0x39, 0x68, 0x39, 0x67, 0x39, 0x88, 0x39,
    0x68, 0x41, 0x87, 0x39, 0x68, 0x39, 0x68, 0x41, 0x88, 0x39, 0x68, 0x39,
    0x88, 0x39, 0x68, 0x41, 0x88, 0x41, 0x88, 0x39, 0x68, 0x41, 0x68, 0x39,
    0x88, 0x39, 0x88, 0x39, 0x68, 0x39, 0x88, 0x41, 0x88, 0x39, 0x67, 0x39,
    0x68, 0x41, 0x88, 0x39, 0x88, 0x39, 0x68, 0x39, 0x68, 0x39, 0x88, 0x39,
    0x68, 0x39, 0x68, 0x39, 0x88, 0x41, 0x67, 0x39, 0x68, 0x41, 0x88, 0x39,
    0x88, 0x39, 0x67, 0x39, 0x88, 0x39, 0x88, 0x39, 0x67, 0x39, 0x88, 0x39,
    0x88, 0x39, 0x67, 0x39, 0x88, 0x39, 0x88, 0x39, 0x68, 0x39, 0x87, 0x39,
    0x68, 0x41, 0x68, 0x39, 0x87, 0x39, 0x88, 0x41, 0x68, 0x39, 0x88, 0x39,
    0x88, 0x41, 0x68, 0x39, 0x88, 0x39, 0x68, 0x41, 0x67, 0x39, 0x88, 0x39,
    0x88, 0x41, 0x68, 0x39, 0x88, 0x39, 0x68, 0x39, 0x88, 0x39, 0x88, 0x39,
    0x68, 0x39, 0x88, 0x39, 0x68, 0x39, 0x88, 0x39, 0x88, 0x39, 0x67, 0x41,
    0x68, 0x39, 0x88, 0x39, 0x67, 0x39, 0x88, 0x39, 0x88, 0x41, 0x67, 0x39,
    0x68, 0x39, 0x88, 0x39, 0x87, 0x41, 0x68, 0x39, 0x88, 0x39, 0x68, 0x41,
    0x68, 0x39, 0x88, 0x39, 0x67, 0x41, 0x88, 0x39, 0x88, 0x39, 0x68, 0x39,
    0x88, 0x39, 0x68, 0x39, 0x88, 0x39, 0x68, 0x39, 0x68, 0x39, 0x88, 0x39,
    0x88, 0x39, 0x67, 0x41, 0x88, 0x39, 0x88, 0x39, 0x68, 0x39, 0x88, 0x41,
    0x68, 0x39, 0x88, 0x41, 0x88, 0x39, 0x68, 0x39, 0x68, 0x41, 0x88, 0x39,
    0x88, 0x39, 0x68, 0x39, 0x88, 0x41, 0x68, 0x39, 0x88, 0x39, 0x68, 0x41,
    0x68, 0x41, 0x87, 0x39, 0x88, 0x41, 0x68, 0x41, 0x88, 0x39, 0x88, 0x39,
    0x68, 0x41, 0x68, 0x39, 0x88, 0x39, 0x68, 0x39, 0x68, 0x39, 0x87, 0x39,
    0x68, 0x39, 0x88, 0x39, 0x88, 0x39, 0x88, 0x41, 0x88, 0x41, 0x88, 0x41,
    0xa9, 0x41, 0xa9, 0x41, 0xa9, 0x41, 0x89, 0x41, 0x88, 0x41, 0x88, 0x41,
    0x88, 0x41, 0x68, 0x39, 0x68, 0x41, 0x68, 0x39, 0x88, 0x39, 0x88, 0x39,
    0x67, 0x39, 0x88, 0x39, 0x88, 0x41, 0x68, 0x39, 0x87, 0x39, 0x88, 0x39,
    0x68, 0x39, 0x67, 0x39, 0x88, 0x41, 0x68, 0x39, 0x87, 0x39, 0x88, 0x39,
    0x68, 0x39, 0x88, 0x39, 0x68, 0x39, 0x67, 0x41, 0x88, 0x39, 0x88, 0x39,
    0x68, 0x41, 0x88, 0x39, 0x87, 0x41, 0x68, 0x39, 0x88, 0x39, 0x67, 0x39,
    0x68, 0x41, 0x88, 0x39, 0x87, 0x39, 0x68, 0x39, 0x88, 0x39, 0x88, 0x39,
    0x68, 0x39, 0x68, 0x41, 0x88, 0x39, 0x88, 0x39, 0x68, 0x41, 0x68, 0x39,
    0x88, 0x39, 0x68, 0x39, 0x88, 0x39, 0x88, 0x39, 0x68, 0x39, 0x87, 0x39,
    0x68, 0x39, 0x88, 0x41, 0x68, 0x39, 0x88, 0x39, 0x88, 0x41, 0x68, 0x39,
    0x88, 0x39, 0x68, 0x41, 0x88, 0x39, 0x88, 0x39, 0x68, 0x39, 0x88, 0x39,
    0x68, 0x39, 0x88, 0x41, 0x88, 0x39, 0x67, 0x39, 0x88, 0x41, 0x88, 0x39,
    0x68, 0x39, 0x88, 0x39, 0x68, 0x39, 0x68, 0x39, 0x87, 0x41, 0x68, 0x39,
    0x88, 0x39, 0x68, 0x41, 0x67, 0x39, 0x88, 0x39, 0x68, 0x39, 0x87, 0x39,
    0x88, 0x39, 0x68, 0x39, 0x88, 0x39, 0x68, 0x39, 0x68, 0x41, 0x88, 0x39,
    0x68, 0x39, 0x68, 0x39, 0x88, 0x39, 0x67, 0x41, 0x88, 0x39, 0x68, 0x39,
    0x68, 0x41, 0x88, 0x41, 0x68, 0x39, 0x88, 0x41, 0x88, 0x39, 0x68, 0x39,
    0x68, 0x39, 0x88, 0x39, 0x68, 0x39, 0x87, 0x41, 0x68, 0x39, 0x68, 0x39,
    0x87, 0x39, 0x68, 0x41, 0x88, 0x39, 0x88, 0x41, 0x68, 0x39, 0x68, 0x39,
    0x88, 0x39, 0x88, 0x39, 0x68, 0x39, 0x88, 0x39, 0x87, 0x39, 0x68, 0x39,
    0x68, 0x39, 0x88, 0x39, 0x67, 0x39, 0x68, 0x39, 0x88, 0x39, 0x68, 0x41,
    0x87, 0x39, 0x68, 0x39, 0x88, 0x39, 0x68, 0x39, 0x88, 0x39, 0x88, 0x39,
    0x68, 0x39, 0x68, 0x39, 0x88, 0x41, 0x88, 0x39, 0x67, 0x39, 0x88, 0x41,
    0x88, 0x39, 0x68, 0x39, 0x88, 0x39, 0x88, 0x41, 0x68, 0x39, 0x68, 0x39,
    0x88, 0x41, 0x88, 0x39, 0x68, 0x41, 0x68, 0x39, 0x88, 0x41, 0x68, 0x39,
    0x68, 0x39, 0x88, 0x41, 0x68, 0x39, 0x68, 0x41, 0x88, 0x39, 0x88, 0x39,
    0x68, 0x39, 0x88, 0x39, 0x68, 0x39, 0x88, 0x41, 0x67, 0x39, 0x68, 0x39,
    0x88, 0x39, 0x87, 0x39, 0x68, 0x39, 0x88, 0x41, 0x88, 0x39, 0x68, 0x39,
    0x68, 0x41, 0x87, 0x39, 0x68, 0x39, 0x88, 0x41, 0x68, 0x39, 0x88, 0x41,
    0x68, 0x39, 0x88, 0x39, 0x68, 0x39, 0x68, 0x39, 0x88, 0x39, 0x88, 0x39,
    0x68, 0x39, 0x88, 0x41, 0x68, 0x39, 0x68, 0x39, 0x88, 0x39, 0x88, 0x41,
    0x68, 0x39, 0x68, 0x39, 0x88, 0x39, 0x88, 0x39, 0x68, 0x39, 0x87, 0x39,
    0x88, 0x39, 0x68, 0x39, 0x68, 0x39, 0x88, 0x41, 0x68, 0x39, 0x68, 0x39,
    0x88, 0x41, 0x88, 0x41, 0x67, 0x39, 0x88, 0x41, 0x68, 0x39, 0x88, 0x39,
    0x68, 0x41, 0x68, 0x39, 0x88, 0x39, 0x68, 0x39, 0x88, 0x39, 0x68, 0x39,
    0x88, 0x41, 0x68, 0x39, 0x68, 0x39, 0x88, 0x41, 0x87, 0x39, 0x68, 0x39,
    0x68, 0x41, 0x87, 0x39, 0x68, 0x39, 0x88, 0x39, 0x87, 0x39, 0x68, 0x39,
    0x88, 0x39, 0x68, 0x39, 0x68, 0x39, 0x88, 0x39, 0x67, 0x39, 0x88, 0x41,
    0x68, 0x39, 0x87, 0x39, 0x88, 0x41, 0x68, 0x39, 0x88, 0x39, 0x68, 0x41,
    0x68, 0x39, 0x88, 0x39, 0x68, 0x39, 0x68, 0x39, 0x88, 0x39, 0x88, 0x39,
    0x88, 0x41, 0xa9, 0x41, 0x88, 0x39, 0x68, 0x39, 0x88, 0x39, 0x88, 0x39,
    0x68, 0x39, 0x88, 0x39, 0x88, 0x39, 0x68, 0x41, 0x68, 0x41, 0x88, 0x39,
    0x68, 0x39, 0x68, 0x41, 0x88, 0x39, 0x68, 0x39, 0x68, 0x41, 0x88, 0x39,
    0x88, 0x39, 0x68, 0x39, 0x68, 0x41, 0x88, 0x39, 0x68, 0x39, 0x68, 0x41,
    0x88, 0x39, 0x88, 0x39, 0x68, 0x41, 0x88, 0x39, 0x68, 0x39, 0x68, 0x39,
    0x88, 0x39, 0x68, 0x39, 0x88, 0x39, 0x68, 0x41, 0x88, 0x39, 0x88, 0x39,
    0x68, 0x39, 0x68, 0x41, 0x88, 0x41, 0x68, 0x39, 0x67, 0x39, 0x88, 0x39,
    0x88, 0x41, 0x67, 0x39, 0x68, 0x39, 0x88, 0x39, 0x67, 0x41, 0x88, 0x39,
    0x68, 0x39, 0x67, 0x41, 0x88, 0x39, 0x68, 0x41, 0x88, 0x39, 0x68, 0x39,
    0x88, 0x41, 0x68, 0x39, 0x67, 0x39, 0x88, 0x39, 0x68, 0x41, 0x87, 0x39,
    0x88, 0x39, 0x68, 0x39, 0x67, 0x41, 0x88, 0x39, 0x88, 0x41, 0x67, 0x39,
    0x68, 0x39, 0x88, 0x39, 0x68, 0x39, 0x68, 0x41, 0x88, 0x39, 0x68, 0x39,
    0x87, 0x41, 0x88, 0x39, 0x68, 0x39, 0x88, 0x41, 0x88, 0x39, 0x68, 0x39,
    0x88, 0x39, 0x88, 0x39, 0x68, 0x41, 0x88, 0x39, 0x68, 0x39, 0x68, 0x41,
    0x88, 0x41, 0x88, 0x39, 0x67, 0x39, 0x88, 0x41, 0x88, 0x39, 0x68, 0x39,
    0x88, 0x41, 0x88, 0x39, 0x68, 0x39, 0x68, 0x41, 0x88, 0x39, 0x87, 0x39,
    0x68, 0x39, 0x68, 0x39, 0x87, 0x39, 0x68, 0x39, 0x88, 0x41, 0x88, 0x39,
    0x68, 0x39, 0x88, 0x41, 0x68, 0x39, 0x88, 0x39, 0x88, 0x39, 0x68, 0x39,
    0x88, 0x39, 0x68, 0x39, 0x67, 0x39, 0x88, 0x41, 0x88, 0x39, 0x68, 0x39,
    0x88, 0x41, 0x68, 0x39, 0x68, 0x41, 0x88, 0x39, 0x68, 0x41, 0x88, 0x39,
    0x68, 0x39, 0x88, 0x39, 0x68, 0x39, 0x88, 0x39, 0x88, 0x39, 0x68, 0x41,
    0x68, 0x39, 0x88, 0x41, 0x67, 0x41, 0x68, 0x39, 0x68, 0x41, 0x88, 0x39,
    0x88, 0x39, 0x67, 0x41, 0x68, 0x39, 0x88, 0x39, 0x68, 0x41, 0x68, 0x39,
    0x88, 0x39, 0x67, 0x41, 0x68, 0x39, 0x88, 0x39, 0x88, 0x39, 0x67, 0x39,
    0x68, 0x39, 0x88, 0x41, 0x68, 0x39, 0x88, 0x39, 0x88, 0x41, 0x67, 0x39,
    0x88, 0x39, 0x88, 0x41, 0x68, 0x39, 0x67, 0x39, 0x88, 0x41, 0x68, 0x39,
    0x88, 0x41, 0x68, 0x39, 0x88, 0x39, 0x68, 0x39, 0x88, 0x41, 0x68, 0x39,
    0x68, 0x39, 0x88, 0x41, 0x68, 0x39, 0x68, 0x39, 0x88, 0x39, 0x68, 0x39,
    0x88, 0x39, 0x68, 0x41, 0x88, 0x39, 0x68, 0x39, 0x67, 0x41, 0x88, 0x39,
    0x68, 0x39, 0x87, 0x41, 0x88, 0x41, 0x68, 0x39, 0x67, 0x41, 0x88, 0x39,
    0x88, 0x39, 0x68, 0x41, 0x88, 0x39, 0x67, 0x39, 0x68, 0x39, 0x88, 0x39,
    0x88, 0x41, 0x68, 0x39, 0x68, 0x41, 0x88, 0x39, 0x68, 0x41, 0x68, 0x39,
    0x88, 0x41, 0x88, 0x39, 0x68, 0x39, 0x88, 0x41, 0x67, 0x39, 0x88, 0x39,
    0x68, 0x39, 0x68, 0x39, 0x88, 0x39, 0x68, 0x41, 0x88, 0x39, 0x67, 0x39,
    0x88, 0x41, 0x88, 0x39, 0x68, 0x39, 0x67, 0x41, 0x88, 0x39, 0x68, 0x39,
    0x87, 0x39, 0x68, 0x39, 0x68, 0x39, 0x88, 0x39, 0x88, 0x39, 0x68, 0x39,
    0x88, 0x41, 0x68, 0x39, 0x68, 0x39, 0x88, 0x41, 0x68, 0x39, 0x88, 0x39,
    0x88, 0x41, 0x68, 0x39, 0x88, 0x39, 0x68, 0x39, 0x88, 0x39, 0x68, 0x39,
    0x88, 0x39, 0x68, 0x39, 0x68, 0x41, 0x88, 0x39, 0x87, 0x39, 0x68, 0x41,
    0x88, 0x39, 0x87, 0x41, 0x68, 0x39, 0x88, 0x39, 0x68, 0x39, 0x68, 0x39,
    0x88, 0x41, 0x89, 0x41, 0x68, 0x39, 0x88, 0x39, 0x88, 0x39, 0x68, 0x39,
    0x68, 0x39, 0x88, 0x41, 0x88, 0x39, 0x67, 0x39, 0x88, 0x39, 0x88, 0x39,
    0x68, 0x41, 0x88, 0x39, 0x87, 0x39, 0x68, 0x39, 0x68, 0x41, 0x88, 0x39,
    0x88, 0x39, 0x68, 0x41, 0x87, 0x39, 0x88, 0x39, 0x68, 0x41, 0x68, 0x39,
    0x87, 0x39, 0x68, 0x41, 0x88, 0x39, 0x88, 0x39, 0x67, 0x39, 0x88, 0x41,
    0x68, 0x39, 0x87, 0x39, 0x68, 0x39, 0x68, 0x41, 0x88, 0x39, 0x88, 0x39,
    0x67, 0x39, 0x88, 0x39, 0x88, 0x39, 0x68, 0x41, 0x68, 0x39, 0x88, 0x39,
    0x68, 0x41, 0x88, 0x39, 0x88, 0x39, 0x68, 0x39, 0x88, 0x39, 0x88, 0x41,
    0x68, 0x39, 0x88, 0x39, 0x68, 0x41, 0x68, 0x39, 0x88, 0x39, 0x68, 0x41,
    0x88, 0x39, 0x88, 0x39, 0x68, 0x39, 0x88, 0x39, 0x68, 0x39, 0x68, 0x41,
    0x88, 0x39, 0x68, 0x39, 0x68, 0x39, 0x88, 0x39, 0x68, 0x41, 0x68, 0x39,
    0x88, 0x39, 0x88, 0x41, 0x68, 0x39, 0x88, 0x39, 0x68, 0x39, 0x68, 0x39,
    0x88, 0x41, 0x68, 0x39, 0x68, 0x39, 0x87, 0x39, 0x68, 0x39, 0x68, 0x41,
    0x88, 0x39, 0x67, 0x39, 0x88, 0x39, 0x88, 0x41, 0x68, 0x39, 0x68, 0x39,
    0x88, 0x39, 0x68, 0x39, 0x68, 0x41, 0x88, 0x39, 0x68, 0x39, 0x67, 0x39,
    0x88, 0x41, 0x88, 0x39, 0x67, 0x39, 0x88, 0x39, 0x68, 0x41, 0x88, 0x39,
    0x88, 0x39, 0x68, 0x41, 0x88, 0x39, 0x68, 0x39, 0x68, 0x41, 0x87, 0x39,
    0x88, 0x39, 0x68, 0x41, 0x67, 0x39, 0x88, 0x39, 0x68, 0x41, 0x88, 0x41,
    0x88, 0x39, 0x68, 0x39, 0x88, 0x39, 0x68, 0x39, 0x67, 0x39, 0x88, 0x41,
    0x88, 0x39, 0x67, 0x39, 0x88, 0x39, 0x68, 0x41, 0x68, 0x39, 0x88, 0x39,
    0x88, 0x39, 0x68, 0x41, 0x88, 0x41, 0x68, 0x39, 0x87, 0x39, 0x88, 0x39,
    0x68, 0x39, 0x88, 0x39, 0x88, 0x39, 0x88, 0x39, 0x68, 0x41, 0x68, 0x39,
    0x88, 0x39, 0x88, 0x41, 0x68, 0x39, 0x88, 0x39, 0x88, 0x39, 0x68, 0x39,
    0x88, 0x39, 0x88, 0x39, 0x68, 0x41, 0x68, 0x39, 0x88, 0x39, 0x88, 0x41,
    0x68, 0x39, 0x88, 0x39, 0x67, 0x39, 0x68, 0x39, 0x88, 0x39, 0x68, 0x39,
    0x88, 0x39, 0x68, 0x39, 0x88, 0x39, 0x88, 0x39, 0x68, 0x39, 0x87, 0x39,
    0x68, 0x41, 0x88, 0x39, 0x67, 0x39, 0x88, 0x39, 0x88, 0x39, 0x68, 0x41,
    0x88, 0x39, 0x88, 0x39, 0x67, 0x41, 0x88, 0x39, 0x68, 0x41, 0x87, 0x39,
    0x88, 0x39, 0x68, 0x39, 0x88, 0x39, 0x88, 0x39, 0x68, 0x39, 0x88, 0x39,
    0x68, 0x39, 0x68, 0x39, 0x88, 0x39, 0x88, 0x39, 0x68, 0x41, 0x68, 0x39,
    0x87, 0x39, 0x68, 0x39, 0x88, 0x41, 0x88, 0x39, 0x68, 0x39, 0x68, 0x41,
    0x87, 0x39, 0x88, 0x39, 0x68, 0x39, 0x87, 0x41, 0x88, 0x39, 0x68, 0x39,
    0x68, 0x41, 0x87, 0x39, 0x88, 0x39, 0x68, 0x39, 0x88, 0x41, 0x88, 0x39,
    0x67, 0x39, 0x88, 0x39, 0x88, 0x39, 0x68, 0x39, 0x88, 0x39, 0x68, 0x39,
    0x68, 0x39, 0x88, 0x39, 0x88, 0x41, 0x68, 0x39, 0x88, 0x41, 0x88, 0x39,
    0x68, 0x39, 0x88, 0x41, 0x87, 0x41, 0x68, 0x39, 0x68, 0x39, 0x88, 0x41,
    0x88, 0x39, 0x68, 0x39, 0x88, 0x39, 0x68, 0x41, 0x68, 0x39, 0x88, 0x39,
    0x67, 0x41, 0x88, 0x39, 0x68, 0x41, 0x87, 0x41, 0x68, 0x39, 0x88, 0x41,
    0x68, 0x39, 0x88, 0x39, 0x68, 0x39, 0x68, 0x39, 0x88, 0x39, 0x68, 0x39,
    0x88, 0x39, 0x68, 0x39, 0x88, 0x41, 0x88, 0x39, 0x68, 0x39, 0x88, 0x39,
    0x88, 0x41, 0x88, 0x41, 0x88, 0x39, 0x68, 0x39, 0x68, 0x41, 0x88, 0x39,
    0x68, 0x39, 0x88, 0x41, 0x68, 0x39, 0x68, 0x39, 0x88, 0x39, 0x68, 0x39,
    0x67, 0x39, 0x88, 0x39, 0x88, 0x39, 0x68, 0x39, 0x88, 0x39, 0x67, 0x39,
    0x68, 0x41, 0x88, 0x39, 0x68, 0x39, 0x88, 0x39, 0x88, 0x39, 0x68, 0x39,
    0x88, 0x39, 0x68, 0x39, 0x68, 0x39, 0x88, 0x41, 0x68, 0x39, 0x88, 0x39,
    0x88, 0x41, 0x68, 0x39, 0x88, 0x39, 0x68, 0x39, 0x67, 0x41, 0x88, 0x39,
    0x68, 0x41, 0x68, 0x39, 0x88, 0x39, 0x88, 0x39, 0x68, 0x41, 0x88, 0x39,
    0x68, 0x39, 0x68, 0x39, 0x88, 0x41, 0x68, 0x39, 0x68, 0x39, 0x88, 0x39,
    0x88, 0x39, 0x68, 0x39, 0x87, 0x39, 0x88, 0x39, 0x68, 0x39, 0x87, 0x39,
    0x68, 0x39, 0x88, 0x41, 0x68, 0x41, 0x88, 0x39, 0x88, 0x39, 0x68, 0x39,
    0x88, 0x41, 0x88, 0x39, 0x68, 0x39, 0x88, 0x39, 0x88, 0x39, 0x68, 0x39,
    0x87, 0x41, 0x68, 0x39, 0x88, 0x39, 0x87, 0x41, 0x68, 0x39, 0x88, 0x39,
    0x88, 0x39, 0x68, 0x41, 0x88, 0x39, 0x88, 0x39, 0x68, 0x41, 0x88, 0x39,
    0x68, 0x39, 0x68, 0x41, 0x88, 0x39, 0x68, 0x39, 0x87, 0x39, 0x88, 0x39,
    0x68, 0x39, 0x87, 0x41, 0x88, 0x39, 0x68, 0x39, 0x88, 0x39, 0x68, 0x39,
    0x68, 0x39, 0x88, 0x41, 0x68, 0x39, 0x88, 0x39, 0x68, 0x39, 0x68, 0x41,
    0x88, 0x39, 0x88, 0x39, 0x68, 0x41, 0x88, 0x39, 0x68, 0x39, 0x68, 0x39,
    0x88, 0x39, 0x68, 0x39, 0x88, 0x39, 0x68, 0x39, 0x68, 0x39, 0x87, 0x39,
    0x68, 0x41, 0x88, 0x39, 0x88, 0x41, 0x68, 0x39, 0x68, 0x39, 0x88, 0x39,
    0x68, 0x41, 0x88, 0x39, 0x88, 0x39, 0x67, 0x39, 0x88, 0x39, 0x68, 0x39,
    0x68, 0x39, 0x88, 0x39, 0x68, 0x39, 0x68, 0x41, 0x88, 0x39, 0x68, 0x39,
    0x68, 0x41, 0x88, 0x39, 0x68, 0x39, 0x87, 0x39, 0x88, 0x39, 0x68, 0x39,
    0x67, 0x39, 0x88, 0x39, 0x68, 0x39, 0x67, 0x41, 0x88, 0x39, 0x68, 0x41,
    0x67, 0x39, 0x88, 0x39, 0x88, 0x39, 0x68, 0x39, 0x67, 0x41, 0x88, 0x39,
    0x88, 0x39, 0x68, 0x39, 0x88, 0x41, 0x88, 0x39, 0x68, 0x39, 0x68, 0x41,
    0x88, 0x41, 0x67, 0x39, 0x68, 0x41, 0x88, 0x39, 0x68, 0x39, 0x88, 0x39,
    0x68, 0x39, 0x88, 0x41, 0x68, 0x39, 0x68, 0x39, 0x88, 0x41, 0x67, 0x39,
    0x68, 0x39, 0x88, 0x39, 0x88, 0x39, 0x68, 0x39, 0x88, 0x39, 0x68, 0x41,
    0x68, 0x39, 0x87, 0x41, 0x68, 0x39, 0x68, 0x41, 0x88, 0x39, 0x87, 0x41,
    0x68, 0x39, 0x68, 0x39, 0x88, 0x39, 0x88, 0x39, 0x68, 0x39, 0x88, 0x41,
    0x68, 0x39, 0x68, 0x39, 0x88, 0x39, 0x88, 0x41, 0x68, 0x39, 0x88, 0x39,
    0x68, 0x39, 0x68, 0x39, 0x88, 0x39, 0x68, 0x39, 0x88, 0x39, 0x88, 0x39,
    0x68, 0x39, 0x68, 0x41, 0x88, 0x39, 0x68, 0x39, 0x68, 0x39, 0x88, 0x41,
    0x68, 0x41, 0x68, 0x39, 0x88, 0x41, 0x67, 0x39, 0x88, 0x41, 0x88, 0x39,
    0x68, 0x39, 0x67, 0x41, 0x88, 0x39, 0x68, 0x39, 0x68, 0x39, 0x88, 0x41,
    0x68, 0x39, 0x88, 0x39, 0x68, 0x39, 0x88, 0x39, 0x68, 0x41, 0x67, 0x39,
    0x88, 0x39, 0x88, 0x39, 0x67, 0x41, 0x88, 0x39, 0x88, 0x39, 0x68, 0x39,
    0x68, 0x39, 0x88, 0x39, 0x88, 0x39, 0x68, 0x39, 0x88, 0x39, 0x68, 0x39,
    0x87, 0x41, 0x88, 0x39, 0x68, 0x41, 0x87, 0x39, 0x68, 0x41, 0x88, 0x39,
    0x68, 0x39, 0x68, 0x41, 0x88, 0x39, 0x67, 0x39, 0x68, 0x41, 0x88, 0x39,
    0x88, 0x39, 0x88, 0x41, 0x68, 0x39, 0x88, 0x39, 0x88, 0x41, 0x68, 0x39,
    0x87, 0x39, 0x68, 0x39, 0x88, 0x39, 0x88, 0x41, 0x68, 0x41, 0x88, 0x39,
    0x68, 0x41, 0x68, 0x41, 0x88, 0x39, 0x68, 0x41, 0x88, 0x39, 0x88, 0x39,
    0x68, 0x39, 0x88, 0x39, 0x68, 0x41, 0x68, 0x39, 0x87, 0x39, 0x68, 0x41,
    0x88, 0x41, 0x87, 0x39, 0x68, 0x39, 0x68, 0x39, 0x88, 0x39, 0x68, 0x39,
    0x68, 0x41, 0x88, 0x39, 0x88, 0x39, 0x68, 0x41, 0x88, 0x39, 0x88, 0x39,
    0x68, 0x39, 0x68, 0x41, 0x87, 0x39, 0x68, 0x39, 0x88, 0x39, 0x87, 0x39,
    0x68, 0x39, 0x88, 0x41, 0x87, 0x39, 0x68, 0x39, 0x68, 0x41, 0x87, 0x39,
    0x68, 0x41, 0x68, 0x39, 0x88, 0x41, 0x68, 0x39, 0x88, 0x41, 0x68, 0x39,
    0x68, 0x39, 0x87, 0x39, 0x68, 0x39, 0x68, 0x39, 0x87, 0x41, 0x68, 0x39,
    0x68, 0x39, 0x87, 0x41, 0x68, 0x39, 0x68, 0x41, 0x87, 0x39, 0x88, 0x39,
    0x68, 0x39, 0x68, 0x39, 0x88, 0x39, 0x68, 0x41, 0x68, 0x39, 0x87, 0x39,
    0x68, 0x39, 0x68, 0x39, 0x87, 0x41, 0x68, 0x39, 0x88, 0x39, 0x88, 0x39,
    0x67, 0x39, 0x88, 0x39, 0x68, 0x41, 0x68, 0x39, 0x88, 0x41, 0x68, 0x39,
    0x68, 0x39, 0x88, 0x41, 0x68, 0x39, 0x88, 0x39, 0x88, 0x41, 0x68, 0x39,
    0x88, 0x39, 0x68, 0x39, 0x88, 0x41, 0x68, 0x39, 0x87, 0x39, 0x68, 0x39,
    0x68, 0x39, 0x87, 0x39, 0x68, 0x39, 0x88, 0x39, 0x87, 0x41, 0x68, 0x39,
    0x88, 0x41, 0x88, 0x39, 0x68, 0x41, 0x88, 0x39, 0x88, 0x39, 0x68, 0x39,
    0x68, 0x39, 0x88, 0x39, 0x67, 0x41, 0x88, 0x39, 0x88, 0x39, 0x68, 0x41,
    0x68, 0x39, 0x88, 0x39, 0x68, 0x41, 0x88, 0x39, 0x88, 0x39, 0x68, 0x41,
    0x68, 0x39, 0x88, 0x39, 0x87, 0x39, 0x68, 0x39, 0x88, 0x41, 0x68, 0x39,
    0x87, 0x39, 0x68, 0x41, 0x68, 0x39, 0x68, 0x41, 0x88, 0x39, 0x88, 0x41,
    0x68, 0x39, 0x88, 0x39, 0x88, 0x41, 0x68, 0x39, 0x88, 0x39, 0x88, 0x39,
    0x68, 0x41, 0x68, 0x39, 0x88, 0x39, 0x88, 0x41, 0x68, 0x39, 0x68, 0x39,
    0x88, 0x39, 0x68, 0x41, 0x68, 0x39, 0x87, 0x39, 0x88, 0x39, 0x68, 0x39,
    0x88, 0x39, 0x88, 0x39, 0x68, 0x39, 0x88, 0x41, 0x88, 0x41, 0x68, 0x39,
    0x88, 0x39, 0x68, 0x39, 0x88, 0x41, 0x88, 0x39, 0x68, 0x39, 0x88, 0x39,
    0x68, 0x41, 0x68, 0x39, 0x88, 0x39, 0x68, 0x41, 0x88, 0x39, 0x68, 0x39,
    0x88, 0x39, 0x88, 0x39, 0x68, 0x41, 0x68, 0x39, 0x88, 0x39, 0x88, 0x39,
    0x68, 0x41, 0x87, 0x41, 0x68, 0x39, 0x68, 0x41, 0x87, 0x39, 0x88, 0x39,
    0x68, 0x41, 0x88, 0x39, 0x67, 0x39, 0x68, 0x39, 0x88, 0x41, 0x87, 0x39,
    0x68, 0x41, 0x88, 0x39, 0x68, 0x41, 0x68, 0x39, 0x67, 0x39, 0x88, 0x41,
    0x88, 0x39, 0x68, 0x39, 0x87, 0x41, 0x68, 0x39, 0x88, 0x39, 0x88, 0x39,
    0x68, 0x39, 0x88, 0x39, 0x68, 0x39, 0x68, 0x41, 0x88, 0x39, 0x88, 0x39,
    0x68, 0x41, 0x88, 0x39, 0x88, 0x39, 0x67, 0x39, 0x88, 0x39, 0x68, 0x39,
    0x87, 0x39, 0x68, 0x39, 0x88, 0x39, 0x88, 0x41, 0x68, 0x39, 0x68, 0x39,
    0x88, 0x39, 0x68, 0x41, 0x68, 0x39, 0x88, 0x39, 0x87, 0x41, 0x68, 0x39,
    0x88, 0x39, 0x68, 0x41, 0x68, 0x39, 0x88, 0x39, 0x68, 0x39, 0x68, 0x39,
    0x88, 0x39, 0x68, 0x41, 0x88, 0x39, 0x88, 0x39, 0x68, 0x39, 0x88, 0x41,
    0x87, 0x39, 0x68, 0x39, 0x88, 0x39, 0x68, 0x39, 0x88, 0x41, 0x68, 0x39,
    0x68, 0x39, 0x88, 0x41, 0x68, 0x39, 0x88, 0x39, 0x68, 0x39, 0x88, 0x41,
    0x68, 0x39, 0x88, 0x39, 0x68, 0x39, 0x67, 0x39, 0x88, 0x39, 0x88, 0x39,
    0x88, 0x39, 0x68, 0x39, 0x68, 0x39, 0x87, 0x41, 0x68, 0x39, 0x68, 0x39,
    0x88, 0x41, 0x87, 0x39, 0x68, 0x39, 0x88, 0x41, 0x68, 0x39, 0x68, 0x39,
    0x88, 0x39, 0x88, 0x41, 0x68, 0x39, 0x87, 0x41, 0x88, 0x39, 0x68, 0x39,
    0x67, 0x39, 0x88, 0x39, 0x68, 0x41, 0x67, 0x39, 0x88, 0x39, 0x88, 0x39,
    0x68, 0x39, 0x88, 0x39, 0x88, 0x41, 0x68, 0x39, 0x68, 0x39, 0x88, 0x41,
    0x68, 0x39, 0x68, 0x39, 0x88, 0x39, 0x88, 0x39, 0x68, 0x41, 0x88, 0x39,
    0x88, 0x39, 0x68, 0x39, 0x68, 0x39, 0x88, 0x41, 0x88, 0x39, 0x68, 0x39,
    0x88, 0x41, 0x88, 0x39, 0x68, 0x39, 0x88, 0x39, 0x88, 0x39, 0x68, 0x39,
    0x88, 0x39, 0x88, 0x39, 0x68, 0x39, 0x68, 0x41, 0x88, 0x39, 0x68, 0x39,
    0x68, 0x41, 0x88, 0x39, 0x88, 0x39, 0x68, 0x39, 0x88, 0x41, 0x88, 0x39,
    0x68, 0x39, 0x88, 0x41, 0x68, 0x39, 0x68, 0x39, 0x88, 0x41, 0x68, 0x39,
    0x88, 0x39, 0x88, 0x41, 0x68, 0x39, 0x88, 0x39, 0x88, 0x39, 0x68, 0x41,
    0x88, 0x39, 0x68, 0x39, 0x67, 0x39, 0x88, 0x39, 0x68, 0x41, 0x87, 0x39,
    0x88, 0x39, 0x68, 0x41, 0x67, 0x39, 0x88, 0x39, 0x88, 0x41, 0x68, 0x39,
    0x88, 0x41, 0x68, 0x39, 0x68, 0x39, 0x88, 0x41, 0x68, 0x39, 0x68, 0x39,
    0x88, 0x39, 0x67, 0x39, 0x68, 0x41, 0x88, 0x39, 0x87, 0x41, 0x68, 0x41,
    0x88, 0x39, 0x68, 0x39, 0x68, 0x39, 0x88, 0x39, 0x88, 0x41, 0x67, 0x39,
    0x88, 0x39, 0x68, 0x39, 0x67, 0x39, 0x88, 0x41, 0x68, 0x39, 0x68, 0x39,
    0x68, 0x39, 0x88, 0x41, 0x68, 0x39, 0x88, 0x39, 0x68, 0x39, 0x88, 0x39,
    0x88, 0x39, 0x88, 0x39, 0x68, 0x39, 0x88, 0x39, 0x68, 0x39, 0x68, 0x41,
    0x88, 0x39, 0x68, 0x39, 0x88, 0x39, 0x68, 0x39, 0x68, 0x39, 0x88, 0x39,
    0x88, 0x41, 0x68, 0x39, 0x67, 0x39, 0x88, 0x39, 0x88, 0x39, 0x68, 0x41,
    0x87, 0x39, 0x88, 0x39, 0x68, 0x41, 0x68, 0x39, 0x88, 0x41, 0x68, 0x39,
    0x67, 0x39, 0x88, 0x41, 0x68, 0x39, 0x67, 0x39, 0x88, 0x39, 0x68, 0x39,
    0x67, 0x41, 0x88, 0x39, 0x68, 0x39, 0x87, 0x41, 0x68, 0x39, 0x88, 0x39,
    0x88, 0x41, 0x67, 0x39, 0x68, 0x39, 0x88, 0x41, 0x67, 0x39, 0x88, 0x39,
    0x68, 0x41, 0x88, 0x39, 0x88, 0x39, 0x67, 0x39, 0x68, 0x39, 0x88, 0x39,
    0x68, 0x39, 0x88, 0x39, 0x88, 0x39, 0x68, 0x39, 0x68, 0x39, 0x88, 0x39,
    0x88, 0x39, 0x68, 0x41, 0x88, 0x39, 0x68, 0x39, 0x68, 0x39, 0x88, 0x39,
    0x88, 0x39, 0x68, 0x41, 0x87, 0x39, 0x88, 0x39, 0x68, 0x41, 0x68, 0x39,
    0x88, 0x39, 0x68, 0x39, 0x88, 0x39, 0x68, 0x41, 0x67, 0x39, 0x88, 0x39,
    0x68, 0x39, 0x87, 0x39, 0x88, 0x39, 0x68, 0x39, 0x68, 0x39, 0x87, 0x39,
    0x68, 0x39, 0x68, 0x39, 0x88, 0x41, 0x88, 0x39, 0x68, 0x41, 0x88, 0x39,
    0x68, 0x41, 0x68, 0x39, 0x88, 0x39, 0x67, 0x41, 0x88, 0x39, 0x88, 0x39,
    0x68, 0x41, 0x88, 0x39, 0x68, 0x39, 0x68, 0x39, 0x88, 0x41, 0x68, 0x39,
    0x88, 0x39, 0x87, 0x41, 0x68, 0x39, 0x88, 0x41, 0x87, 0x41, 0x68, 0x39,
    0x68, 0x39, 0x88, 0x39, 0x68, 0x39, 0x68, 0x39, 0x88, 0x39, 0x68, 0x39,
    0x68, 0x41, 0x88, 0x39, 0x68, 0x39, 0x88, 0x41, 0x88, 0x39, 0x68, 0x39,
    0x88, 0x39, 0x88, 0x39, 0x68, 0x39, 0x67, 0x39, 0x88, 0x39, 0x68, 0x39,
    0x88, 0x41, 0x88, 0x41, 0x68, 0x39, 0x68, 0x39, 0x88, 0x41, 0x67, 0x39,
    0x68, 0x39, 0x88, 0x39, 0x88, 0x39, 0x68, 0x39, 0x88, 0x39, 0x68, 0x41,
    0x88, 0x39, 0x68, 0x39, 0x88, 0x39, 0x88, 0x39, 0x68, 0x39, 0x88, 0x39,
    0x68, 0x39, 0x68, 0x39, 0x88, 0x39, 0x68, 0x41, 0x88, 0x39, 0x88, 0x39,
    0x68, 0x41, 0x88, 0x39, 0x88, 0x39, 0x68, 0x39, 0x68, 0x41, 0x88, 0x39,
    0x67, 0x39, 0x68, 0x41, 0x88, 0x39, 0x68, 0x39, 0x88, 0x41, 0x88, 0x39,
    0x67, 0x39, 0x68, 0x41, 0x88, 0x39, 0x68, 0x39, 0x88, 0x39, 0x68, 0x39,
    0x87, 0x39, 0x88, 0x41, 0x68, 0x39, 0x87, 0x39, 0x68, 0x39, 0x68, 0x39,
    0x87, 0x41, 0x68, 0x39, 0x68, 0x41, 0x88, 0x41, 0x68, 0x39, 0x68, 0x41,
    0x87, 0x39, 0x88, 0x39, 0x68, 0x39, 0x88, 0x39, 0x88, 0x41, 0x68, 0x39,
    0x87, 0x39, 0x88, 0x41, 0x68, 0x39, 0x67, 0x39, 0x88, 0x39, 0x68, 0x41,
    0x88, 0x39, 0x88, 0x39, 0x68, 0x39, 0x87, 0x39, 0x68, 0x41, 0x68, 0x39,
    0x88, 0x39, 0x68, 0x39, 0x67, 0x39, 0x88, 0x39, 0x68, 0x39, 0x87, 0x39,
    0x88, 0x41, 0x68, 0x39, 0x88, 0x39, 0x68, 0x41, 0x68, 0x39, 0x88, 0x39,
    0x68, 0x39, 0x88, 0x39, 0x68, 0x39, 0x88, 0x39, 0x68, 0x39, 0x88, 0x41,
    0x88, 0x39, 0x68, 0x39, 0x88, 0x41, 0x88, 0x39, 0x68, 0x39, 0x88, 0x39,
    0x88, 0x39, 0x68, 0x39, 0x68, 0x39, 0x88, 0x39, 0x68, 0x39, 0x68, 0x39,
    0x88, 0x39, 0x87, 0x41, 0x68, 0x39, 0x68, 0x39, 0x88, 0x39, 0x68, 0x39,
    0x88, 0x41, 0x88, 0x39, 0x68, 0x39, 0x88, 0x39, 0x88, 0x39, 0x68, 0x39,
    0x68, 0x39, 0x88, 0x39, 0x68, 0x41, 0x68, 0x39, 0x87, 0x39, 0x68, 0x41,
    0x68, 0x39, 0x88, 0x41, 0x87, 0x39, 0x68, 0x39, 0x88, 0x39, 0x87, 0x39,
    0x68, 0x41, 0x68, 0x39, 0x87, 0x39, 0x88, 0x41, 0x68, 0x39, 0x67, 0x39,
    0x88, 0x39, 0x88, 0x41, 0x68, 0x39, 0x68, 0x39, 0x88, 0x41, 0x68, 0x39,
    0x68, 0x39, 0x88, 0x39, 0x88, 0x39, 0x68, 0x39, 0x88, 0x41, 0x88, 0x39,
    0x68, 0x39, 0x88, 0x41, 0x88, 0x39, 0x68, 0x39, 0x88, 0x39, 0x88, 0x39,
    0x68, 0x41, 0x88, 0x39, 0x68, 0x39, 0x68, 0x39, 0x88, 0x39, 0x68, 0x39,
    0x88, 0x39, 0x88, 0x39, 0x68, 0x39, 0x88, 0x39, 0x88, 0x39, 0x68, 0x39,
    0x67, 0x41, 0x68, 0x39, 0x88, 0x39, 0x88, 0x41, 0x68, 0x39, 0x88, 0x41,
    0x68, 0x39, 0x68, 0x39, 0x88, 0x41, 0x88, 0x39, 0x68, 0x41, 0x68, 0x39,
    0x87, 0x39, 0x68, 0x39, 0x88, 0x41, 0x88, 0x39, 0x68, 0x39, 0x68, 0x41,
    0x88, 0x39, 0x68, 0x39, 0x88, 0x39, 0x88, 0x39, 0x68, 0x39, 0x88, 0x39,
    0x67, 0x41, 0x88, 0x39, 0x88, 0x39, 0x68, 0x39, 0x88, 0x41, 0x68, 0x39,
    0x68, 0x41, 0x88, 0x41, 0x88, 0x39, 0x68, 0x41, 0x88, 0x39, 0x68, 0x41,
    0x88, 0x39, 0x68, 0x39, 0x68, 0x39, 0x88, 0x39, 0x68, 0x39, 0x88, 0x41,
    0x88, 0x39, 0x68, 0x39, 0x68, 0x39, 0x88, 0x39, 0x68, 0x39, 0x87, 0x39,
    0x68, 0x39, 0x88, 0x39, 0x87, 0x39, 0x68, 0x39, 0x68, 0x39, 0x88, 0x39,
    0x68, 0x39, 0x68, 0x39, 0x88, 0x39, 0x68, 0x39, 0x88, 0x39, 0x88, 0x41,
    0x67, 0x39, 0x88, 0x39, 0x68, 0x41, 0x87, 0x41, 0x88, 0x39, 0x68, 0x39,
    0x88, 0x39, 0x88, 0x41, 0x67, 0x39, 0x68, 0x39, 0x88, 0x39, 0x67, 0x39,
    0x68, 0x41, 0x88, 0x39, 0x88, 0x41, 0x68, 0x41, 0x88, 0x39, 0x67, 0x39,
    0x68, 0x39, 0x88, 0x39, 0x87, 0x39, 0x68, 0x41, 0x88, 0x39, 0x68, 0x39,
    0x88, 0x41, 0x88, 0x41, 0x67, 0x39, 0x88, 0x39, 0x88, 0x41, 0x68, 0x39,
    0x67, 0x39, 0x88, 0x41, 0x68, 0x39, 0x67, 0x39, 0x88, 0x41, 0x88, 0x41,
    0x67, 0x39, 0x88, 0x39, 0x68, 0x39, 0x68, 0x39, 0x88, 0x39, 0x68, 0x41,
    0x68, 0x39, 0x87, 0x39, 0x88, 0x39, 0x68, 0x41, 0x88, 0x39, 0x88, 0x39,
    0x68, 0x41, 0x88, 0x39, 0x68, 0x39, 0x87, 0x39, 0x68, 0x39, 0x88, 0x39,
    0x88, 0x39, 0x68, 0x41, 0x88, 0x39, 0x67, 0x39, 0x68, 0x41, 0x88, 0x39,
    0x68, 0x39, 0x68, 0x41, 0x88, 0x39, 0x68, 0x39, 0x88, 0x41, 0x88, 0x39,
    0x68, 0x39, 0x88, 0x39, 0x88, 0x39, 0x67, 0x39, 0x88, 0x39, 0x68, 0x39,
    0x68, 0x41, 0x88, 0x41, 0x68, 0x39, 0x87, 0x39, 0x68, 0x39, 0x68, 0x39,
    0x88, 0x39, 0x68, 0x41, 0x68, 0x39, 0x88, 0x39, 0x68, 0x41, 0x68, 0x39,
    0x87, 0x39, 0x68, 0x41, 0x88, 0x39, 0x88, 0x39, 0x68, 0x39, 0x88, 0x41,
    0x87, 0x39, 0x68, 0x39, 0x88, 0x41, 0x68, 0x41, 0x68, 0x39, 0x88, 0x39,
    0x68, 0x39, 0x88, 0x39, 0x88, 0x41, 0x68, 0x39, 0x88, 0x39, 0x68, 0x41,
    0x87, 0x39, 0x68, 0x41, 0x88, 0x39, 0x68, 0x39, 0x68, 0x39, 0x87, 0x39,
    0x68, 0x39, 0x88, 0x39, 0x67, 0x39, 0x68, 0x39, 0x88, 0x41, 0x67, 0x41,
    0x88, 0x39, 0x88, 0x41, 0x68, 0x39, 0x88, 0x39, 0x88, 0x39, 0x68, 0x39,
    0x88, 0x41, 0x88, 0x39, 0x68, 0x39, 0x88, 0x41, 0x68, 0x39, 0x68, 0x39,
    0x88, 0x41, 0x68, 0x39, 0x68, 0x39, 0x88, 0x41, 0x68, 0x39, 0x88, 0x39,
    0x88, 0x39, 0x68, 0x39, 0x88, 0x39, 0x88, 0x41, 0x68, 0x39, 0x88, 0x39,
    0x68, 0x41, 0x68, 0x39, 0x88, 0x39, 0x68, 0x41, 0x68, 0x39, 0x88, 0x39,
    0x88, 0x39, 0x68, 0x41, 0x88, 0x39, 0x68, 0x39, 0x88, 0x41, 0x68, 0x39,
    0x68, 0x39, 0x88, 0x39, 0x88, 0x41, 0x68, 0x39, 0x87, 0x39, 0x88, 0x39,
    0x68, 0x41, 0x68, 0x39, 0x87, 0x41, 0xa7, 0x49, 0xa7, 0x41, 0x87, 0x41,
    0xa7, 0x41, 0x87, 0x41, 0x87, 0x41, 0x88, 0x41, 0x87, 0x41, 0x88, 0x41,
    0x87, 0x41, 0x88, 0x39, 0x87, 0x41, 0x68, 0x39, 0x87, 0x39, 0x68, 0x41,
    0x68, 0x39, 0x88, 0x41, 0x68, 0x39, 0x68, 0x41, 0x88, 0x39, 0x88, 0x39,
    0x68, 0x39, 0x88, 0x39, 0x68, 0x39, 0x68, 0x39, 0x88, 0x41, 0x87, 0x39,
    0x68, 0x39, 0x68, 0x41, 0x87, 0x39, 0x88, 0x39, 0x68, 0x39, 0x88, 0x41,
    0x68, 0x39, 0x68, 0x39, 0x88, 0x39, 0x87, 0x41, 0x68, 0x39, 0x88, 0x39,
    0x67, 0x39, 0x68, 0x39, 0x88, 0x41, 0x68, 0x39, 0x88, 0x39, 0x68, 0x41,
    0x88, 0x39, 0x68, 0x39, 0x68, 0x39, 0x88, 0x39, 0x88, 0x39, 0x68, 0x39,
    0x88, 0x39, 0x68, 0x39, 0x67, 0x39, 0x88, 0x39, 0x68, 0x41, 0x88, 0x39,
    0x88, 0x39, 0x67, 0x41, 0x88, 0x39, 0x68, 0x39, 0x67, 0x39, 0x88, 0x39,
    0x88, 0x39, 0x67, 0x41, 0x88, 0x41, 0x88, 0x39, 0x68, 0x41, 0x68, 0x39,
    0x88, 0x39, 0x68, 0x41, 0x88, 0x41, 0x88, 0x39, 0x68, 0x39, 0x87, 0x41,
    0x88, 0x39, 0x68, 0x39, 0x68, 0x41, 0x88, 0x39, 0x68, 0x39, 0x68, 0x39,
    0x88, 0x39, 0x88, 0x39, 0x68, 0x39, 0x68, 0x39, 0x88, 0x41, 0x67, 0x39,
    0x68, 0x39, 0x88, 0x39, 0x68, 0x41, 0x88, 0x39, 0x88, 0x39, 0x68, 0x41,
    0x68, 0x39, 0x88, 0x39, 0x67, 0x39, 0x88, 0x39, 0x88, 0x39, 0x68, 0x41,
    0x68, 0x39, 0x88, 0x39, 0x68, 0x39, 0x88, 0x39, 0x68, 0x39, 0x88, 0x39,
    0x68, 0x39, 0x68, 0x39, 0x68, 0x39, 0x88, 0x41, 0x68, 0x39, 0x88, 0x39,
    0x88, 0x39, 0x68, 0x41, 0x88, 0x39, 0x68, 0x39, 0x68, 0x39, 0x88, 0x39,
    0x68, 0x41, 0x88, 0x39, 0x88, 0x41, 0x67, 0x39, 0x88, 0x39, 0x68, 0x39,
    0x88, 0x41, 0x68, 0x39, 0x68, 0x39, 0x88, 0x39, 0x67, 0x39, 0x68, 0x39,
    0x88, 0x39, 0x88, 0x39, 0x68, 0x41, 0x68, 0x39, 0x88, 0x39, 0x68, 0x41,
    0x68, 0x39, 0x88, 0x39, 0x88, 0x39, 0x68, 0x41, 0x88, 0x39, 0x88, 0x39,
    0x68, 0x41, 0x88, 0x39, 0x68, 0x39, 0x88, 0x39, 0x67, 0x39, 0x68, 0x41,
    0x88, 0x39, 0x68, 0x39, 0x88, 0x39, 0x68, 0x39, 0x88, 0x39, 0x88, 0x39,
    0x68, 0x39, 0x68, 0x39, 0x88, 0x41, 0x68, 0x39, 0x88, 0x39, 0x88, 0x41,
    0x68, 0x39, 0x88, 0x39, 0x88, 0x39, 0x88, 0x39, 0x68, 0x39, 0x88, 0x39,
    0x68, 0x39, 0x68, 0x41, 0x88, 0x39, 0x68, 0x39, 0x68, 0x39, 0x88, 0x39,
    0x68, 0x41, 0x88, 0x39, 0x88, 0x39, 0x68, 0x39, 0x88, 0x41, 0x68, 0x39,
    0x67, 0x39, 0x88, 0x41, 0x68, 0x39, 0x87, 0x39, 0x88, 0x39, 0x68, 0x39,
    0x68, 0x41, 0x88, 0x39, 0x88, 0x41, 0x68, 0x39, 0x88, 0x41, 0x68, 0x39,
    0x88, 0x41, 0x68, 0x39, 0x88, 0x39, 0x88, 0x39, 0x68, 0x39, 0x68, 0x39,
    0x88, 0x39, 0x67, 0x41, 0x68, 0x39, 0x88, 0x41, 0x67, 0x39, 0x68, 0x39,
    0x88, 0x41, 0x68, 0x39, 0x68, 0x39, 0x87, 0x41, 0x88, 0x39, 0x68, 0x39,
    0x87, 0x39, 0x88, 0x39, 0x68, 0x41, 0x87, 0x39, 0x68, 0x39, 0x68, 0x41,
    0x68, 0x39, 0x68, 0x39, 0x87, 0x39, 0x68, 0x39, 0x88, 0x39, 0x88, 0x39,
    0x67, 0x39, 0x88, 0x39, 0x88, 0x39, 0x68, 0x41, 0x68, 0x39, 0x88, 0x39,
    0x67, 0x41, 0x88, 0x39, 0x68, 0x39, 0x88, 0x39, 0x88, 0x41, 0x68, 0x39,
    0x87, 0x39, 0x68, 0x41, 0x68, 0x39, 0x88, 0x39, 0x68, 0x39, 0x88, 0x41,
    0x88, 0x39, 0x87, 0x41, 0xe7, 0x51, 0x08, 0x5a, 0x08, 0x52, 0x08, 0x5a,
    0x08, 0x52, 0xe8, 0x51, 0xe8, 0x51, 0xe8, 0x51, 0xe8, 0x51, 0xc7, 0x49,
    0xc7, 0x49, 0xc7, 0x49, 0xc8, 0x49, 0xc7, 0x49, 0xc7, 0x49, 0xa7, 0x41,
    0x68, 0x39, 0x88, 0x39, 0x87, 0x41, 0x68, 0x39, 0x68, 0x39, 0x87, 0x41,
    0x88, 0x39, 0x68, 0x41, 0x87, 0x39, 0x68, 0x39, 0x88, 0x39, 0x68, 0x39,
    0x88, 0x39, 0x88, 0x39, 0x68, 0x39, 0x68, 0x39, 0x87, 0x39, 0x88, 0x41,
    0x68, 0x39, 0x88, 0x39, 0x68, 0x39, 0x68, 0x39, 0x88, 0x41, 0x88, 0x39,
    0x68, 0x39, 0x88, 0x41, 0x68, 0x39, 0x67, 0x39, 0x88, 0x41, 0x88, 0x39,
    0x68, 0x39, 0x88, 0x41, 0x67, 0x41, 0x88, 0x39, 0x68, 0x39, 0x87, 0x41,
    0x88, 0x39, 0x68, 0x39, 0x88, 0x39, 0x88, 0x39, 0x67, 0x39, 0x68, 0x39,
    0x88, 0x39, 0x88, 0x41, 0x68, 0x39, 0x88, 0x41, 0x68, 0x41, 0x68, 0x39,
    0x88, 0x39, 0x68, 0x39, 0x68, 0x39, 0x88, 0x39, 0x68, 0x39, 0x88, 0x41,
    0x88, 0x39, 0x68, 0x39, 0x68, 0x39, 0x88, 0x39, 0x68, 0x41, 0x68, 0x39,
    0x88, 0x39, 0x87, 0x41, 0x68, 0x39, 0x88, 0x39, 0x87, 0x41, 0x68, 0x39,
    0x68, 0x41, 0x88, 0x39, 0x68, 0x39, 0x88, 0x39, 0x88, 0x39, 0x68, 0x41,
    0x88, 0x39, 0x68, 0x39, 0x88, 0x39, 0x68, 0x39, 0x88, 0x41, 0x88, 0x39,
    0x68, 0x39, 0x88, 0x39, 0x68, 0x39, 0x68, 0x39, 0x88, 0x41, 0x88, 0x39,
    0x68, 0x39, 0x88, 0x41, 0x68, 0x41, 0x68, 0x39, 0x87, 0x41, 0x88, 0x39,
    0x68, 0x39, 0x88, 0x41, 0x88, 0x39, 0x67, 0x39, 0x68, 0x39, 0x88, 0x39,
    0x68, 0x39, 0x68, 0x39, 0x88, 0x41, 0x88, 0x39, 0x68, 0x39, 0x88, 0x39,
    0x68, 0x39, 0x68, 0x39, 0x88, 0x41, 0x88, 0x39, 0x68, 0x39, 0x87, 0x41,
    0x88, 0x39, 0x68, 0x39, 0x88, 0x41, 0x88, 0x39, 0x68, 0x41, 0x68, 0x39,
    0x88, 0x39, 0x67, 0x41, 0x88, 0x39, 0x88, 0x39, 0x68, 0x41, 0x87, 0x39,
    0x68, 0x39, 0x88, 0x39, 0x67, 0x41, 0x68, 0x39, 0x88, 0x39, 0x67, 0x39,
    0x88, 0x39, 0x68, 0x39, 0x87, 0x41, 0x88, 0x39, 0x68, 0x39, 0x88, 0x39,
    0x68, 0x41, 0x67, 0x39, 0x88, 0x41, 0x68, 0x41, 0x68, 0x39, 0x87, 0x41,
    0x88, 0x39, 0x68, 0x39, 0x87, 0x39, 0x68, 0x41, 0x88, 0x39, 0x67, 0x39,
    0x68, 0x41, 0x88, 0x39, 0x67, 0x41, 0x68, 0x39, 0x88, 0x41, 0x87, 0x39,
    0x68, 0x39, 0x88, 0x39, 0x87, 0x41, 0x68, 0x39, 0x88, 0x39, 0x67, 0x41,
    0x68, 0x39, 0x88, 0x39, 0x68, 0x39, 0x87, 0x39, 0x88, 0x39, 0x68, 0x41,
    0x88, 0x39, 0x68, 0x39, 0x68, 0x39, 0x88, 0x41, 0x68, 0x39, 0x88, 0x39,
    0x68, 0x39, 0x88, 0x39, 0x67, 0x39, 0x88, 0x39, 0x88, 0x39, 0x68, 0x41,
    0x68, 0x39, 0x87, 0x39, 0x68, 0x41, 0x88, 0x41, 0x68, 0x39, 0x88, 0x39,
    0x88, 0x39, 0x68, 0x39, 0x88, 0x39, 0x88, 0x39, 0x68, 0x41, 0x88, 0x39,
    0x67, 0x39, 0x88, 0x39, 0x68, 0x39, 0x88, 0x39, 0x68, 0x39, 0x88, 0x41,
    0x68, 0x39, 0x68, 0x39, 0x88, 0x39, 0x88, 0x39, 0x68, 0x39, 0x88, 0x39,
    0x68, 0x39, 0x88, 0x41, 0x68, 0x39, 0x68, 0x41, 0x88, 0x39, 0x68, 0x41,
    0x68, 0x39, 0x88, 0x39, 0x68, 0x41, 0x87, 0x39, 0x88, 0x39, 0x68, 0x39,
    0x88, 0x39, 0x68, 0x39, 0x68, 0x41, 0x87, 0x39, 0x68, 0x39, 0x88, 0x39,
    0x88, 0x39, 0x68, 0x39, 0x88, 0x39, 0x67, 0x41, 0x68, 0x39, 0x68, 0x39,
    0x87, 0x41, 0xc7, 0x49, 0x08, 0x5a, 0x29, 0x5a, 0x29, 0x5a, 0x29, 0x5a,
    0x09, 0x5a, 0x28, 0x5a, 0x28, 0x5a, 0x08, 0x5a, 0x08, 0x5a, 0x29, 0x5a,
    0x08, 0x5a, 0x08, 0x5a, 0x29, 0x5a, 0x08, 0x5a, 0x08, 0x5a, 0xc8, 0x49,
    0x88, 0x41, 0x68, 0x39, 0x88, 0x39, 0x88, 0x39, 0x68, 0x39, 0x68, 0x39,
    0x88, 0x41, 0x68, 0x39, 0x88, 0x39, 0x88, 0x41, 0x68, 0x39, 0x68, 0x41,
    0x88, 0x39, 0x68, 0x41, 0x68, 0x41, 0x88, 0x39, 0x68, 0x39, 0x68, 0x39,
    0x88, 0x41, 0x87, 0x39, 0x68, 0x39, 0x68, 0x41, 0x88, 0x39, 0x68, 0x39,
    0x88, 0x41, 0x88, 0x39, 0x68, 0x39, 0x88, 0x39, 0x68, 0x39, 0x67, 0x39,
    0x88, 0x39, 0x68, 0x39, 0x88, 0x39, 0x68, 0x39, 0x68, 0x41, 0x88, 0x39,
    0x68, 0x41, 0x68, 0x39, 0x88, 0x41, 0x68, 0x41, 0x88, 0x39, 0x68, 0x39,
    0x68, 0x41, 0x88, 0x39, 0x68, 0x39, 0x88, 0x39, 0x88, 0x39, 0x67, 0x39,
    0x88, 0x41, 0x88, 0x39, 0x68, 0x39, 0x87, 0x39, 0x68, 0x39, 0x68, 0x39,
    0x87, 0x41, 0x68, 0x39, 0x88, 0x39, 0x87, 0x41, 0x68, 0x39, 0x68, 0x39,
    0x88, 0x39, 0x68, 0x39, 0x68, 0x39, 0x88, 0x39, 0x88, 0x39, 0x68, 0x41,
    0x88, 0x39, 0x67, 0x41, 0x88, 0x39, 0x68, 0x41, 0x67, 0x39, 0x88, 0x39,
    0x88, 0x41, 0x67, 0x39, 0x68, 0x39, 0x88, 0x41, 0x67, 0x39, 0x68, 0x39,
    0x88, 0x41, 0x87, 0x39, 0x68, 0x41, 0x68, 0x39, 0x88, 0x39, 0x67, 0x39,
    0x88, 0x39, 0x88, 0x39, 0x67, 0x39, 0x88, 0x39, 0x88, 0x39, 0x68, 0x41,
    0x68, 0x39, 0x87, 0x39, 0x88, 0x41, 0x68, 0x39, 0x88, 0x41, 0x88, 0x39,
    0x67, 0x39, 0x88, 0x41, 0x68, 0x39, 0x87, 0x39, 0x88, 0x41, 0x68, 0x41,
    0x87, 0x39, 0x68, 0x39, 0x68, 0x39, 0x88, 0x39, 0x68, 0x39, 0x68, 0x41,
    0x88, 0x39, 0x68, 0x39, 0x67, 0x39, 0x88, 0x41, 0x88, 0x39, 0x68, 0x39,
    0x88, 0x41, 0x68, 0x39, 0x68, 0x39, 0x88, 0x39, 0x68, 0x39, 0x88, 0x41,
    0x88, 0x39, 0x68, 0x39, 0x88, 0x39, 0x88, 0x39, 0x68, 0x41, 0x68, 0x39,
    0x88, 0x39, 0x68, 0x41, 0x68, 0x39, 0x88, 0x39, 0x68, 0x41, 0x88, 0x39,
    0x88, 0x39, 0x68, 0x39, 0x88, 0x39, 0x88, 0x39, 0x68, 0x39, 0x88, 0x39,
    0x68, 0x41, 0x88, 0x39, 0x68, 0x39, 0x88, 0x39, 0x68, 0x39, 0x88, 0x39,
    0x88, 0x39, 0x68, 0x39, 0x68, 0x39, 0x88, 0x41, 0x68, 0x39, 0x88, 0x39,
    0x68, 0x41, 0x88, 0x39, 0x68, 0x39, 0x88, 0x41, 0x88, 0x39, 0x68, 0x39,
    0x88, 0x39, 0x68, 0x41, 0x68, 0x39, 0x88, 0x39, 0x68, 0x39, 0x88, 0x39,
    0x88, 0x41, 0x68, 0x39, 0x88, 0x39, 0x68, 0x39, 0x87, 0x41, 0x68, 0x39,
    0x88, 0x39, 0x68, 0x41, 0x68, 0x39, 0x88, 0x39, 0x67, 0x39, 0x88, 0x39,
    0x88, 0x39, 0x68, 0x39, 0x88, 0x39, 0x68, 0x39, 0x87, 0x41, 0x68, 0x39,
    0x68, 0x41, 0x88, 0x39, 0x68, 0x39, 0x68, 0x39, 0x88, 0x39, 0x88, 0x41,
    0x68, 0x39, 0x88, 0x39, 0x88, 0x41, 0x68, 0x39, 0x88, 0x39, 0x67, 0x41,
    0x88, 0x39, 0x68, 0x39, 0x88, 0x41, 0x68, 0x41, 0x88, 0x39, 0x68, 0x39,
    0x88, 0x39, 0x88, 0x39, 0x68, 0x39, 0x88, 0x39, 0x87, 0x41, 0x68, 0x39,
    0x88, 0x39, 0x68, 0x41, 0x68, 0x39, 0x88, 0x39, 0x68, 0x41, 0x88, 0x39,
    0x88, 0x39, 0x68, 0x41, 0x88, 0x39, 0x68, 0x39, 0x68, 0x41, 0x88, 0x39,
    0x68, 0x41, 0x88, 0x39, 0x88, 0x39, 0x88, 0x41, 0x88, 0x39, 0x87, 0x41,
    0xc7, 0x49, 0x08, 0x52, 0x09, 0x5a, 0x28, 0x5a, 0x29, 0x5a, 0x29, 0x62,
    0x08, 0x5a, 0x28, 0x5a, 0x29, 0x5a, 0x08, 0x5a, 0x28, 0x5a, 0x29, 0x5a,
    0x08, 0x5a, 0x29, 0x5a, 0x28, 0x5a, 0x08, 0x5a, 0x09, 0x5a, 0xe8, 0x51,
    0x87, 0x41, 0x68, 0x39, 0x68, 0x39, 0x88, 0x41, 0x88, 0x39, 0x68, 0x39,
    0x68, 0x39, 0x88, 0x39, 0x68, 0x39, 0x88, 0x39, 0x67, 0x41, 0x88, 0x39,
    0x88, 0x39, 0x67, 0x39, 0x88, 0x39, 0x88, 0x41, 0x68, 0x39, 0x68, 0x39,
    0x88, 0x39, 0x68, 0x41, 0x88, 0x39, 0x88, 0x39, 0x67, 0x39, 0x68, 0x39,
    0x88, 0x39, 0x67, 0x39, 0x88, 0x41, 0x88, 0x39, 0x68, 0x41, 0x88, 0x39,
    0x68, 0x39, 0x88, 0x41, 0x88, 0x39, 0x68, 0x39, 0x88, 0x39, 0x88, 0x39,
    0x67, 0x39, 0x88, 0x39, 0x68, 0x39, 0x88, 0x39, 0x88, 0x39, 0x68, 0x41,
    0x87, 0x39, 0x68, 0x39, 0x88, 0x39, 0x67, 0x39, 0x88, 0x39, 0x68, 0x41,
    0x68, 0x39, 0x88, 0x39, 0x68, 0x41, 0x88, 0x41, 0x88, 0x39, 0x68, 0x39,
    0x88, 0x39, 0x68, 0x39, 0x68, 0x41, 0x88, 0x39, 0x88, 0x39, 0x88, 0x41,
    0x68, 0x39, 0x88, 0x41, 0x68, 0x39, 0x68, 0x39, 0x88, 0x39, 0x68, 0x39,
    0x88, 0x39, 0x88, 0x39, 0x68, 0x39, 0x88, 0x39, 0x68, 0x39, 0x88, 0x39,
    0x68, 0x39, 0x88, 0x41, 0x88, 0x39, 0x68, 0x39, 0x88, 0x39, 0x68, 0x39,
    0x88, 0x39, 0x68, 0x41, 0x88, 0x39, 0x88, 0x39, 0x68, 0x41, 0x68, 0x39,
    0x88, 0x41, 0x68, 0x39, 0x68, 0x39, 0x88, 0x39, 0x68, 0x39, 0x68, 0x41,
    0x88, 0x39, 0x68, 0x39, 0x68, 0x39, 0x88, 0x39, 0x68, 0x39, 0x68, 0x41,
    0x88, 0x39, 0x68, 0x39, 0x68, 0x39, 0x88, 0x39, 0x68, 0x39, 0x68, 0x39,
    0x88, 0x41, 0x88, 0x39, 0x67, 0x39, 0x88, 0x41, 0x68, 0x39, 0x88, 0x39,
    0x88, 0x39, 0x68, 0x39, 0x68, 0x39, 0x88, 0x39, 0x68, 0x39, 0x87, 0x39,
    0x88, 0x39, 0x68, 0x39, 0x88, 0x41, 0x67, 0x39, 0x68, 0x39, 0x88, 0x39,
    0x68, 0x41, 0x68, 0x39, 0x88, 0x39, 0x88, 0x41, 0x68, 0x39, 0x88, 0x39,
    0x88, 0x41, 0x68, 0x39, 0x88, 0x39, 0x68, 0x39, 0x67, 0x39, 0x88, 0x41,
    0x68, 0x39, 0x88, 0x39, 0x68, 0x41, 0x87, 0x39, 0x68, 0x39, 0x68, 0x39,
    0x88, 0x39, 0x68, 0x41, 0x88, 0x39, 0x68, 0x39, 0x88, 0x41, 0x68, 0x41,
    0x88, 0x39, 0x88, 0x39, 0x88, 0x39, 0x68, 0x39, 0x88, 0x39, 0x68, 0x39,
    0x88, 0x39, 0x68, 0x39, 0x68, 0x39, 0x88, 0x39, 0x68, 0x41, 0x88, 0x39,
    0x88, 0x39, 0x67, 0x41, 0x88, 0x39, 0x68, 0x41, 0x68, 0x39, 0x87, 0x39,
    0x68, 0x39, 0x88, 0x41, 0x87, 0x39, 0x68, 0x39, 0x88, 0x39, 0x88, 0x39,
    0x68, 0x41, 0x87, 0x39, 0x88, 0x39, 0x68, 0x41, 0x68, 0x41, 0x88, 0x39,
    0x68, 0x41, 0x88, 0x39, 0x68, 0x39, 0x88, 0x39, 0x68, 0x39, 0x88, 0x39,
    0x67, 0x39, 0x88, 0x41, 0x88, 0x39, 0x67, 0x41, 0x68, 0x39, 0x88, 0x39,
    0x68, 0x39, 0x68, 0x41, 0x87, 0x39, 0x68, 0x39, 0x68, 0x39, 0x88, 0x39,
    0x88, 0x39, 0x68, 0x39, 0x67, 0x39, 0x88, 0x39, 0x68, 0x39, 0x88, 0x39,
    0x68, 0x39, 0x68, 0x39, 0x88, 0x41, 0x68, 0x39, 0x68, 0x39, 0x88, 0x39,
    0x88, 0x39, 0x67, 0x39, 0x88, 0x39, 0x68, 0x39, 0x68, 0x41, 0x87, 0x39,
    0x68, 0x39, 0x88, 0x41, 0x87, 0x39, 0x68, 0x39, 0x88, 0x39, 0x67, 0x39,
    0x68, 0x41, 0x68, 0x39, 0x67, 0x39, 0x68, 0x39, 0x88, 0x41, 0xc7, 0x49,
    0x08, 0x5a, 0x09, 0x5a, 0x28, 0x5a, 0x08, 0x5a, 0x29, 0x5a, 0x49, 0x62,
    0x29, 0x5a, 0x29, 0x5a, 0x08, 0x5a, 0x09, 0x5a, 0x28, 0x5a, 0x08, 0x5a,
    0x09, 0x5a, 0x28, 0x5a, 0x08, 0x5a, 0x29, 0x5a, 0x28, 0x5a, 0xe8, 0x51,
    0xa7, 0x41, 0x88, 0x39, 0x68, 0x39, 0x67, 0x41, 0x88, 0x39, 0x88, 0x39,
    0x67, 0x41, 0x88, 0x39, 0x68, 0x39, 0x68, 0x41, 0x88, 0x39, 0x68, 0x39,
    0x68, 0x39, 0x88, 0x39, 0x68, 0x39, 0x87, 0x39, 0x88, 0x41, 0x88, 0x39,
    0x67, 0x39, 0x68, 0x39, 0x88, 0x41, 0x88, 0x39, 0x68, 0x39, 0x88, 0x41,
    0x68, 0x39, 0x68, 0x39, 0x88, 0x39, 0x68, 0x41, 0x88, 0x39, 0x68, 0x39,
    0x88, 0x41, 0x67, 0x39, 0x68, 0x39, 0x88, 0x41, 0x67, 0x39, 0x68, 0x39,
    0x88, 0x41, 0x88, 0x39, 0x68, 0x39, 0x67, 0x39, 0x88, 0x39, 0x68, 0x39,
    0x88, 0x39, 0x88, 0x41, 0x68, 0x39, 0x68, 0x41, 0x88, 0x39, 0x88, 0x39,
    0x68, 0x39, 0x67, 0x39, 0x88, 0x39, 0x68, 0x39, 0x88, 0x41, 0x68, 0x39,
    0x88, 0x39, 0x87, 0x41, 0x68, 0x39, 0x68, 0x39, 0x88, 0x39, 0x67, 0x39,
    0x88, 0x41, 0x88, 0x39, 0x67, 0x41, 0x88, 0x39, 0x68, 0x41, 0x67, 0x39,
    0x88, 0x39, 0x68, 0x41, 0x68, 0x39, 0x88, 0x39, 0x88, 0x41, 0x68, 0x39,
    0x68, 0x39, 0x88, 0x39, 0x68, 0x39, 0x88, 0x41, 0x68, 0x39, 0x87, 0x39,
    0x68, 0x39, 0x68, 0x39, 0x88, 0x39, 0x88, 0x39, 0x67, 0x39, 0x88, 0x41,
    0x88, 0x39, 0x68, 0x39, 0x88, 0x41, 0x88, 0x41, 0x68, 0x39, 0x87, 0x39,
    0x88, 0x39, 0x68, 0x41, 0x88, 0x39, 0x88, 0x39, 0x67, 0x39, 0x88, 0x39,
    0x88, 0x41, 0x68, 0x39, 0x88, 0x39, 0x88, 0x41, 0x67, 0x39, 0x88, 0x39,
    0x68, 0x39, 0x88, 0x39, 0x88, 0x41, 0x68, 0x39, 0x88, 0x39, 0x67, 0x41,
    0x88, 0x39, 0x88, 0x41, 0x68, 0x41, 0x88, 0x39, 0x68, 0x41, 0x68, 0x39,
    0x88, 0x39, 0x68, 0x41, 0x88, 0x39, 0x88, 0x39, 0x68, 0x41, 0x88, 0x39,
    0x67, 0x39, 0x68, 0x41, 0x88, 0x39, 0x67, 0x39, 0x68, 0x39, 0x88, 0x39,
    0x67, 0x39, 0x88, 0x39, 0x88, 0x41, 0x68, 0x39, 0x88, 0x39, 0x68, 0x39,
    0x88, 0x39, 0x68, 0x41, 0x68, 0x39, 0x88, 0x39, 0x88, 0x41, 0x68, 0x39,
    0x87, 0x39, 0x88, 0x41, 0x68, 0x39, 0x87, 0x39, 0x68, 0x39, 0x68, 0x39,
    0x67, 0x41, 0x88, 0x39, 0x68, 0x41, 0x67, 0x39, 0x88, 0x41, 0x68, 0x39,
    0x87, 0x41, 0x88, 0x39, 0x68, 0x39, 0x67, 0x39, 0x88, 0x39, 0x68, 0x39,
    0x68, 0x39, 0x88, 0x39, 0x88, 0x39, 0x68, 0x39, 0x88, 0x41, 0x68, 0x39,
    0x68, 0x39, 0x88, 0x39, 0x68, 0x41, 0x68, 0x39, 0x88, 0x39, 0x68, 0x41,
    0x68, 0x39, 0x88, 0x39, 0x88, 0x39, 0x68, 0x39, 0x88, 0x39, 0x68, 0x39,
    0x67, 0x39, 0x88, 0x41, 0x68, 0x39, 0x67, 0x41, 0x88, 0x39, 0x88, 0x39,
    0x68, 0x39, 0x68, 0x39, 0x88, 0x41, 0x88, 0x39, 0x68, 0x39, 0x87, 0x39,
    0x68, 0x41, 0x88, 0x39, 0x88, 0x39, 0x68, 0x41, 0x88, 0x39, 0x68, 0x41,
    0x88, 0x41, 0x88, 0x39, 0x68, 0x39, 0x88, 0x41, 0x67, 0x39, 0x68, 0x39,
    0x68, 0x39, 0x88, 0x39, 0x87, 0x41, 0x68, 0x39, 0x88, 0x39, 0x68, 0x41,
    0x68, 0x39, 0x88, 0x41, 0x88, 0x39, 0x88, 0x39, 0x68, 0x39, 0x68, 0x39,
    0x88, 0x39, 0x68, 0x39, 0x68, 0x39, 0x88, 0x41, 0x88, 0x39, 0x88, 0x39,
    0x88, 0x39, 0x88, 0x39, 0x68, 0x39, 0x88, 0x41, 0xa7, 0x49, 0x08, 0x52,
    0x09, 0x5a, 0x28, 0x5a, 0x28, 0x5a, 0x09, 0x5a, 0x29, 0x5a, 0x6a, 0x62,
    0x69, 0x62, 0x49, 0x62, 0x49, 0x62, 0x29, 0x5a, 0x29, 0x5a, 0x28, 0x5a,
    0x08, 0x5a, 0x29, 0x5a, 0x08, 0x5a, 0x08, 0x5a, 0x28, 0x5a, 0xe8, 0x51,
    0xa7, 0x41, 0x88, 0x39, 0x68, 0x41, 0x68, 0x39, 0x88, 0x39, 0x68, 0x41,
    0x88, 0x39, 0x88, 0x39, 0x68, 0x41, 0x87, 0x39, 0x88, 0x39, 0x68, 0x39,
    0x88, 0x41, 0x68, 0x41, 0x68, 0x39, 0x68, 0x39, 0x88, 0x39, 0x68, 0x41,
    0x88, 0x39, 0x68, 0x39, 0x68, 0x39, 0x87, 0x41, 0x68, 0x39, 0x88, 0x39,
    0x88, 0x41, 0x68, 0x39, 0x67, 0x39, 0x88, 0x39, 0x68, 0x39, 0x87, 0x39,
    0x68, 0x39, 0x88, 0x39, 0x68, 0x39, 0x88, 0x41, 0x88, 0x39, 0x68, 0x39,
    0x68, 0x41, 0x88, 0x39, 0x68, 0x41, 0x88, 0x41, 0x68, 0x39, 0x68, 0x39,
    0x88, 0x41, 0x68, 0x39, 0x88, 0x39, 0x68, 0x39, 0x88, 0x41, 0x88, 0x39,
    0x68, 0x41, 0x88, 0x39, 0x88, 0x39, 0x68, 0x39, 0x67, 0x39, 0x88, 0x41,
    0x68, 0x39, 0x88, 0x39, 0x88, 0x39, 0x68, 0x41, 0x68, 0x39, 0x68, 0x39,
    0x88, 0x39, 0x68, 0x39, 0x88, 0x39, 0x88, 0x39, 0x68, 0x41, 0x88, 0x39,
    0x88, 0x39, 0x67, 0x41, 0x88, 0x39, 0x68, 0x39, 0x87, 0x41, 0x68, 0x39,
    0x88, 0x41, 0x67, 0x39, 0x68, 0x39, 0x88, 0x41, 0x88, 0x39, 0x68, 0x41,
    0x88, 0x41, 0x68, 0x39, 0x67, 0x39, 0x88, 0x41, 0x68, 0x39, 0x68, 0x39,
    0x88, 0x39, 0x67, 0x39, 0x68, 0x39, 0x88, 0x39, 0x68, 0x39, 0x88, 0x39,
    0x68, 0x41, 0x68, 0x39, 0x88, 0x39, 0x68, 0x41, 0x68, 0x39, 0x88, 0x39,
    0x68, 0x41, 0x87, 0x39, 0x68, 0x39, 0x68, 0x41, 0x88, 0x39, 0x68, 0x39,
    0x68, 0x41, 0x88, 0x39, 0x68, 0x39, 0x68, 0x39, 0x88, 0x39, 0x68, 0x39,
    0x68, 0x39, 0x87, 0x39, 0x68, 0x39, 0x88, 0x39, 0x87, 0x39, 0x68, 0x41,
    0x68, 0x39, 0x88, 0x39, 0x67, 0x39, 0x88, 0x39, 0x88, 0x41, 0x68, 0x39,
    0x88, 0x39, 0x88, 0x39, 0x68, 0x41, 0x88, 0x39, 0x88, 0x41, 0x68, 0x39,
    0x68, 0x39, 0x88, 0x41, 0x67, 0x39, 0x88, 0x39, 0x88, 0x41, 0x68, 0x39,
    0x87, 0x39, 0x88, 0x39, 0x68, 0x39, 0x88, 0x39, 0x68, 0x41, 0x68, 0x39,
    0x88, 0x39, 0x68, 0x39, 0x68, 0x41, 0x88, 0x39, 0x88, 0x39, 0x68, 0x39,
    0x88, 0x39, 0x68, 0x39, 0x88, 0x39, 0x88, 0x41, 0x68, 0x39, 0x68, 0x39,
    0x88, 0x39, 0x88, 0x41, 0x68, 0x41, 0x88, 0x39, 0x88, 0x41, 0x67, 0x39,
    0x68, 0x41, 0x88, 0x39, 0x68, 0x39, 0x87, 0x39, 0x88, 0x41, 0x68, 0x39,
    0x88, 0x39, 0x88, 0x39, 0x68, 0x39, 0x88, 0x41, 0x67, 0x39, 0x88, 0x39,
    0x68, 0x39, 0x68, 0x41, 0x88, 0x39, 0x67, 0x39, 0x88, 0x41, 0x88, 0x39,
    0x68, 0x39, 0x88, 0x39, 0x88, 0x39, 0x68, 0x41, 0x88, 0x39, 0x68, 0x41,
    0x88, 0x39, 0x68, 0x39, 0x68, 0x39, 0x88, 0x39, 0x88, 0x41, 0x68, 0x39,
    0x88, 0x39, 0x68, 0x39, 0x68, 0x39, 0x88, 0x39, 0x67, 0x39, 0x68, 0x39,
    0x88, 0x39, 0x67, 0x39, 0x88, 0x41, 0x88, 0x39, 0x68, 0x39, 0x88, 0x41,
    0x68, 0x39, 0x88, 0x39, 0x68, 0x39, 0x88, 0x39, 0x88, 0x39, 0x67, 0x39,
    0x88, 0x41, 0x68, 0x39, 0x68, 0x39, 0x87, 0x41, 0x88, 0x39, 0x68, 0x41,
    0x88, 0x39, 0x68, 0x39, 0x68, 0x41, 0x88, 0x39, 0x68, 0x39, 0x68, 0x41,
    0x88, 0x39, 0x68, 0x39, 0x88, 0x41, 0xa7, 0x41, 0x08, 0x52, 0x08, 0x5a,
    0x08, 0x5a, 0x29, 0x5a, 0x08, 0x5a, 0x28, 0x5a, 0x4a, 0x62, 0x8a, 0x6a,
    0x69, 0x6a, 0x49, 0x62, 0x49, 0x62, 0x49, 0x62, 0x49, 0x62, 0x49, 0x62,
    0x29, 0x5a, 0x28, 0x5a, 0x09, 0x5a, 0x29, 0x5a, 0x08, 0x5a, 0x08, 0x5a,
    0xa7, 0x49, 0x68, 0x39, 0x88, 0x39, 0x88, 0x39, 0x68, 0x39, 0x68, 0x39,
    0x88, 0x39, 0x68, 0x39, 0x68, 0x39, 0x88, 0x39, 0x68, 0x39, 0x88, 0x41,
    0x87, 0x39, 0x88, 0x39, 0x88, 0x39, 0x68, 0x39, 0x68, 0x39, 0x88, 0x39,
    0x88, 0x41, 0x88, 0x39, 0x68, 0x39, 0x88, 0x39, 0x68, 0x39, 0x68, 0x39,
    0x87, 0x41, 0x88, 0x39, 0x68, 0x39, 0x88, 0x41, 0x88, 0x39, 0x68, 0x41,
    0x88, 0x39, 0x68, 0x39, 0x88, 0x41, 0x68, 0x39, 0x88, 0x39, 0x88, 0x39,
    0x67, 0x39, 0x88, 0x39, 0x88, 0x39, 0x68, 0x39, 0x88, 0x39, 0x87, 0x41,
    0x68, 0x39, 0x68, 0x39, 0x87, 0x39, 0x68, 0x39, 0x68, 0x39, 0x87, 0x39,
    0x68, 0x39, 0x68, 0x41, 0x88, 0x41, 0x88, 0x39, 0x68, 0x39, 0x88, 0x39,
    0x68, 0x41, 0x68, 0x39, 0x88, 0x39, 0x87, 0x39, 0x68, 0x41, 0x88, 0x39,
    0x68, 0x39, 0x68, 0x41, 0x88, 0x39, 0x67, 0x39, 0x68, 0x39, 0x88, 0x39,
    0x68, 0x39, 0x88, 0x39, 0x68, 0x39, 0x88, 0x39, 0x68, 0x39, 0x88, 0x39,
    0x88, 0x39, 0x68, 0x41, 0x88, 0x39, 0x67, 0x39, 0x68, 0x39, 0x88, 0x39,
    0x88, 0x39, 0x88, 0x39, 0x68, 0x41, 0x88, 0x39, 0x88, 0x39, 0x68, 0x39,
    0x88, 0x41, 0x88, 0x39, 0x68, 0x39, 0x68, 0x41, 0x87, 0x39, 0x68, 0x39,
    0x88, 0x39, 0x87, 0x39, 0x68, 0x39, 0x88, 0x41, 0x88, 0x39, 0x68, 0x39,
    0x68, 0x39, 0x88, 0x39, 0x88, 0x39, 0x68, 0x39, 0x88, 0x39, 0x88, 0x41,
    0x67, 0x39, 0x88, 0x39, 0x68, 0x41, 0x87, 0x39, 0x88, 0x41, 0x68, 0x39,
    0x88, 0x39, 0x68, 0x41, 0x68, 0x39, 0x88, 0x39, 0x88, 0x39, 0x68, 0x39,
    0x88, 0x41, 0x88, 0x39, 0x68, 0x39, 0x68, 0x41, 0x88, 0x39, 0x67, 0x39,
    0x88, 0x39, 0x68, 0x39, 0x68, 0x39, 0x88, 0x39, 0x87, 0x39, 0x68, 0x41,
    0x88, 0x39, 0x68, 0x39, 0x68, 0x39, 0x88, 0x39, 0x68, 0x41, 0x68, 0x39,
    0x88, 0x39, 0x68, 0x41, 0x87, 0x39, 0x68, 0x39, 0x88, 0x39, 0x87, 0x41,
    0x68, 0x39, 0x88, 0x39, 0x68, 0x39, 0x88, 0x41, 0x67, 0x39, 0x88, 0x41,
    0x88, 0x39, 0x68, 0x39, 0x67, 0x39, 0x88, 0x39, 0x88, 0x39, 0x68, 0x39,
    0x68, 0x39, 0x87, 0x39, 0x68, 0x39, 0x68, 0x39, 0x88, 0x39, 0x88, 0x41,
    0x88, 0x39, 0x68, 0x39, 0x68, 0x41, 0x88, 0x39, 0x68, 0x39, 0x68, 0x41,
    0x87, 0x39, 0x68, 0x39, 0x88, 0x41, 0x68, 0x39, 0x88, 0x39, 0x88, 0x39,
    0x68, 0x41, 0x87, 0x39, 0x68, 0x39, 0x68, 0x41, 0x88, 0x39, 0x68, 0x39,
    0x88, 0x41, 0x68, 0x39, 0x88, 0x39, 0x68, 0x39, 0x68, 0x39, 0x87, 0x39,
    0x88, 0x41, 0x88, 0x39, 0x67, 0x39, 0x68, 0x41, 0x88, 0x39, 0x68, 0x39,
    0x88, 0x41, 0x67, 0x39, 0x88, 0x41, 0x88, 0x39, 0x68, 0x39, 0x88, 0x41,
    0x68, 0x39, 0x68, 0x39, 0x88, 0x39, 0x68, 0x39, 0x68, 0x39, 0x88, 0x39,
    0x88, 0x39, 0x68, 0x41, 0x68, 0x39, 0x88, 0x41, 0x68, 0x39, 0x88, 0x39,
    0x88, 0x39, 0x68, 0x39, 0x68, 0x39, 0x88, 0x39, 0x68, 0x41, 0x88, 0x39,
    0x87, 0x39, 0x88, 0x41, 0x68, 0x39, 0x87, 0x39, 0x68, 0x39, 0x68, 0x41,
    0x87, 0x39, 0x68, 0x39, 0xa7, 0x41, 0xe8, 0x51, 0x28, 0x5a, 0x08, 0x5a,
    0x29, 0x5a, 0x08, 0x5a, 0x09, 0x5a, 0x29, 0x5a, 0x8a, 0x6a, 0xab, 0x72,
    0x69, 0x62, 0x49, 0x62, 0x49, 0x62, 0x49, 0x62, 0x49, 0x62, 0x49, 0x62,
    0x29, 0x5a, 0x28, 0x5a, 0x28, 0x5a, 0x09, 0x5a, 0x28, 0x5a, 0x08, 0x5a,
    0xa8, 0x49, 0x88, 0x39, 0x68, 0x39, 0x88, 0x41, 0x87, 0x39, 0x68, 0x41,
    0x88, 0x39, 0x67, 0x41, 0x88, 0x39, 0x68, 0x39, 0x68, 0x41, 0x68, 0x39,
    0x68, 0x39, 0x88, 0x39, 0x87, 0x41, 0x68, 0x41, 0x88, 0x39, 0x67, 0x39,
    0x68, 0x39, 0x88, 0x41, 0x67, 0x39, 0x88, 0x41, 0x88, 0x39, 0x68, 0x39,
    0x68, 0x39, 0x88, 0x39, 0x68, 0x41, 0x68, 0x39, 0x88, 0x39, 0x68, 0x41,
    0x68, 0x39, 0x87, 0x39, 0x68, 0x41, 0x68, 0x39, 0x88, 0x39, 0x68, 0x41,
    0x68, 0x39, 0x88, 0x39, 0x68, 0x41, 0x67, 0x39, 0x88, 0x39, 0x88, 0x39,
    0x68, 0x39, 0x88, 0x41, 0x88, 0x41, 0x68, 0x39, 0x88, 0x39, 0x88, 0x41,
    0x68, 0x39, 0x68, 0x39, 0x87, 0x39, 0x68, 0x39, 0x88, 0x41, 0x68, 0x39,
    0x87, 0x39, 0x68, 0x41, 0x68, 0x39, 0x88, 0x39, 0x88, 0x39, 0x88, 0x39,
    0x67, 0x41, 0x88, 0x39, 0x88, 0x39, 0x68, 0x41, 0x88, 0x39, 0x68, 0x41,
    0x88, 0x39, 0x68, 0x41, 0x88, 0x41, 0x68, 0x39, 0x68, 0x39, 0x88, 0x41,
    0x67, 0x39, 0x88, 0x39, 0x88, 0x39, 0x68, 0x39, 0x68, 0x41, 0x88, 0x39,
    0x67, 0x39, 0x68, 0x39, 0x88, 0x39, 0x68, 0x41, 0x68, 0x39, 0x87, 0x39,
    0x68, 0x41, 0x88, 0x39, 0x88, 0x39, 0x68, 0x41, 0x88, 0x39, 0x68, 0x39,
    0x88, 0x41, 0x68, 0x39, 0x68, 0x39, 0x87, 0x39, 0x88, 0x41, 0x68, 0x39,
    0x87, 0x39, 0x68, 0x41, 0x88, 0x41, 0x67, 0x39, 0x68, 0x39, 0x88, 0x39,
    0x88, 0x39, 0x68, 0x39, 0x88, 0x39, 0x68, 0x41, 0x68, 0x39, 0x88, 0x39,
    0x88, 0x41, 0x68, 0x39, 0x88, 0x39, 0x68, 0x41, 0x68, 0x39, 0x88, 0x39,
    0x67, 0x39, 0x88, 0x41, 0x68, 0x39, 0x88, 0x39, 0x68, 0x39, 0x68, 0x41,
    0x88, 0x39, 0x88, 0x41, 0x67, 0x39, 0x68, 0x39, 0x68, 0x39, 0x88, 0x39,
    0x88, 0x41, 0x68, 0x39, 0x88, 0x39, 0x88, 0x41, 0x67, 0x39, 0x88, 0x39,
    0x68, 0x41, 0x68, 0x39, 0x88, 0x41, 0x68, 0x39, 0x88, 0x39, 0x68, 0x39,
    0x88, 0x41, 0x68, 0x39, 0x87, 0x39, 0x68, 0x39, 0x68, 0x39, 0x88, 0x41,
    0x68, 0x39, 0x88, 0x41, 0x68, 0x41, 0x68, 0x39, 0x87, 0x41, 0x88, 0x41,
    0x68, 0x39, 0x88, 0x39, 0x88, 0x41, 0x68, 0x39, 0x68, 0x39, 0x88, 0x39,
    0x68, 0x39, 0x87, 0x39, 0x88, 0x41, 0x68, 0x39, 0x88, 0x39, 0x88, 0x39,
    0x68, 0x41, 0x68, 0x39, 0x87, 0x39, 0x68, 0x39, 0x68, 0x39, 0x88, 0x41,
    0x88, 0x39, 0x68, 0x39, 0x88, 0x39, 0x88, 0x39, 0x68, 0x39, 0x88, 0x39,
    0x67, 0x41, 0x88, 0x39, 0x68, 0x39, 0x87, 0x41, 0x88, 0x39, 0x68, 0x39,
    0x68, 0x41, 0x88, 0x39, 0x88, 0x39, 0x68, 0x39, 0x68, 0x39, 0x87, 0x39,
    0x68, 0x39, 0x88, 0x39, 0x68, 0x41, 0x68, 0x39, 0x88, 0x39, 0x88, 0x41,
    0x68, 0x39, 0x88, 0x39, 0x88, 0x41, 0x68, 0x41, 0x88, 0x39, 0x68, 0x39,
    0x68, 0x39, 0x88, 0x39, 0x87, 0x39, 0x68, 0x39, 0x68, 0x41, 0x88, 0x39,
    0x67, 0x41, 0x88, 0x39, 0x88, 0x39, 0x68, 0x41, 0x68, 0x39, 0x68, 0x39,
    0x88, 0x39, 0x68, 0x39, 0x88, 0x39, 0x88, 0x39, 0x68, 0x41, 0x88, 0x39,
    0x88, 0x39, 0x68, 0x41, 0xa7, 0x49, 0x08, 0x52, 0x29, 0x5a, 0x29, 0x5a,
    0x49, 0x5a, 0x49, 0x62, 0x4a, 0x62, 0x8a, 0x6a, 0x8b, 0x72, 0xab, 0x72,
    0x8b, 0x6a, 0x8a, 0x6a, 0x8a, 0x6a, 0x6a, 0x6a, 0x6a, 0x6a, 0x69, 0x62,
    0x29, 0x5a, 0x08, 0x5a, 0x28, 0x5a, 0x09, 0x5a, 0x28, 0x5a, 0x28, 0x52,
    0xc8, 0x49, 0x88, 0x41, 0x68, 0x39, 0x68, 0x39, 0x88, 0x39, 0x68, 0x39,
    0x88, 0x41, 0x88, 0x39, 0x68, 0x39, 0x88, 0x41, 0x87, 0x39, 0x88, 0x39,
    0x68, 0x39, 0x68, 0x39, 0x68, 0x39, 0x88, 0x39, 0x88, 0x41, 0x68, 0x39,
    0x68, 0x39, 0x88, 0x39, 0x68, 0x39, 0x68, 0x41, 0x88, 0x39, 0x88, 0x39,
    0x68, 0x41, 0x88, 0x39, 0x87, 0x39, 0x68, 0x39, 0x88, 0x39, 0x88, 0x39,
    0x68, 0x39, 0x88, 0x39, 0x88, 0x39, 0x67, 0x39, 0x88, 0x41, 0x68, 0x39,
    0x88, 0x39, 0x88, 0x41, 0x68, 0x39, 0x68, 0x39, 0x88, 0x41, 0x68, 0x39,
    0x68, 0x39, 0x88, 0x39, 0x68, 0x39, 0x67, 0x39, 0x88, 0x41, 0x68, 0x39,
    0x88, 0x39, 0x88, 0x39, 0x68, 0x39, 0x68, 0x41, 0x88, 0x39, 0x88, 0x39,
    0x68, 0x39, 0x88, 0x39, 0x68, 0x41, 0x68, 0x39, 0x88, 0x39, 0x68, 0x41,
    0x68, 0x39, 0x88, 0x39, 0x68, 0x39, 0x88, 0x39, 0x88, 0x41, 0x67, 0x39,
    0x68, 0x39, 0x88, 0x39, 0x87, 0x39, 0x68, 0x39, 0x88, 0x41, 0x68, 0x39,
    0x68, 0x39, 0x88, 0x41, 0x68, 0x39, 0x88, 0x39, 0x88, 0x41, 0x68, 0x39,
    0x68, 0x39, 0x88, 0x41, 0x88, 0x39, 0x68, 0x39, 0x88, 0x39, 0x68, 0x39,
    0x68, 0x39, 0x88, 0x39, 0x67, 0x39, 0x88, 0x39, 0x68, 0x41, 0x88, 0x39,
    0x68, 0x39, 0x88, 0x41, 0x68, 0x39, 0x68, 0x39, 0x88, 0x39, 0x68, 0x41,
    0x88, 0x39, 0x68, 0x39, 0x68, 0x39, 0x88, 0x41, 0x68, 0x39, 0x68, 0x39,
    0x88, 0x41, 0x68, 0x39, 0x88, 0x39, 0x68, 0x39, 0x67, 0x39, 0x88, 0x39,
    0x68, 0x39, 0x87, 0x39, 0x88, 0x39, 0x68, 0x41, 0x87, 0x39, 0x68, 0x39,
    0x68, 0x41, 0x88, 0x39, 0x88, 0x39, 0x67, 0x39, 0x88, 0x41, 0x68, 0x39,
    0x88, 0x39, 0x88, 0x39, 0x68, 0x41, 0x88, 0x41, 0x88, 0x39, 0x68, 0x39,
    0x67, 0x39, 0x88, 0x41, 0x68, 0x39, 0x68, 0x39, 0x88, 0x39, 0x88, 0x39,
    0x68, 0x39, 0x88, 0x39, 0x88, 0x39, 0x68, 0x41, 0x68, 0x39, 0x88, 0x39,
    0x68, 0x39, 0x88, 0x41, 0x88, 0x39, 0x68, 0x39, 0x88, 0x39, 0x68, 0x39,
    0x88, 0x39, 0x87, 0x39, 0x68, 0x39, 0x88, 0x39, 0x68, 0x39, 0x68, 0x39,
    0x88, 0x39, 0x68, 0x41, 0x88, 0x39, 0x67, 0x39, 0x88, 0x41, 0x68, 0x39,
    0x68, 0x39, 0x88, 0x41, 0x68, 0x39, 0x68, 0x39, 0x87, 0x39, 0x88, 0x39,
    0x68, 0x39, 0x88, 0x41, 0x88, 0x39, 0x68, 0x39, 0x68, 0x41, 0x87, 0x39,
    0x68, 0x39, 0x68, 0x41, 0x88, 0x39, 0x68, 0x39, 0x68, 0x41, 0x88, 0x39,
    0x68, 0x39, 0x68, 0x39, 0x88, 0x41, 0x68, 0x39, 0x88, 0x39, 0x68, 0x39,
    0x68, 0x39, 0x88, 0x41, 0x68, 0x39, 0x88, 0x39, 0x88, 0x41, 0x68, 0x41,
    0x88, 0x39, 0x88, 0x39, 0x68, 0x39, 0x67, 0x39, 0x88, 0x39, 0x68, 0x39,
    0x87, 0x39, 0x68, 0x39, 0x68, 0x39, 0x87, 0x39, 0x88, 0x39, 0x68, 0x39,
    0x68, 0x39, 0x88, 0x39, 0x68, 0x41, 0x88, 0x39, 0x88, 0x39, 0x68, 0x39,
    0x68, 0x39, 0x88, 0x41, 0x87, 0x39, 0x68, 0x39, 0x88, 0x39, 0x87, 0x41,
    0x68, 0x39, 0x68, 0x39, 0x88, 0x41, 0x68, 0x39, 0x68, 0x39, 0x88, 0x39,
    0x68, 0x39, 0x88, 0x39, 0xa7, 0x41, 0xe8, 0x51, 0x29, 0x5a, 0x29, 0x5a,
    0x49, 0x62, 0x4a, 0x62, 0x6a, 0x62, 0x8a, 0x6a, 0xab, 0x72, 0xab, 0x72,
    0xab, 0x72, 0xab, 0x72, 0x8b, 0x72, 0x8a, 0x6a, 0x8a, 0x6a, 0x6a, 0x6a,
    0x49, 0x5a, 0x08, 0x5a, 0x29, 0x5a, 0x08, 0x5a, 0x09, 0x5a, 0x28, 0x5a,
    0xe8, 0x51, 0x87, 0x41, 0x88, 0x39, 0x68, 0x39, 0x88, 0x41, 0x68, 0x39,
    0x68, 0x39, 0x88, 0x39, 0x68, 0x39, 0x88, 0x39, 0x88, 0x39, 0x68, 0x41,
    0x88, 0x41, 0x88, 0x39, 0x68, 0x39, 0x68, 0x39, 0x88, 0x39, 0x88, 0x41,
    0x88, 0x39, 0x68, 0x39, 0x88, 0x39, 0x68, 0x39, 0x67, 0x39, 0x88, 0x41,
    0x68, 0x39, 0x68, 0x39, 0x88, 0x41, 0x68, 0x39, 0x67, 0x41, 0x88, 0x39,
    0x68, 0x41, 0x88, 0x39, 0x68, 0x39, 0x88, 0x41, 0x68, 0x39, 0x87, 0x39,
    0x68, 0x39, 0x88, 0x39, 0x87, 0x39, 0x68, 0x39, 0x88, 0x41, 0x68, 0x39,
    0x87, 0x39, 0x88, 0x41, 0x68, 0x39, 0x88, 0x39, 0x68, 0x39, 0x68, 0x39,
    0x87, 0x41, 0x88, 0x39, 0x68, 0x39, 0x88, 0x39, 0x67, 0x39, 0x68, 0x41,
    0x88, 0x39, 0x88, 0x39, 0x87, 0x39, 0x68, 0x39, 0x88, 0x41, 0x67, 0x39,
    0x88, 0x39, 0x68, 0x41, 0x67, 0x39, 0x88, 0x39, 0x68, 0x39, 0x88, 0x39,
    0x68, 0x39, 0x88, 0x39, 0x68, 0x39, 0x88, 0x41, 0x87, 0x39, 0x68, 0x39,
    0x88, 0x39, 0x68, 0x41, 0x68, 0x39, 0x87, 0x39, 0x88, 0x39, 0x68, 0x39,
    0x88, 0x41, 0x88, 0x39, 0x67, 0x39, 0x88, 0x41, 0x88, 0x39, 0x68, 0x41,
    0x88, 0x39, 0x68, 0x41, 0x88, 0x39, 0x68, 0x39, 0x88, 0x39, 0x67, 0x39,
    0x88, 0x39, 0x88, 0x41, 0x68, 0x39, 0x88, 0x39, 0x68, 0x39, 0x88, 0x39,
    0x68, 0x41, 0x88, 0x39, 0x88, 0x39, 0x88, 0x39, 0x88, 0x41, 0x67, 0x39,
    0x68, 0x39, 0x88, 0x41, 0x87, 0x39, 0x88, 0x41, 0x68, 0x39, 0x88, 0x41,
    0x68, 0x39, 0x68, 0x39, 0x88, 0x41, 0x68, 0x39, 0x88, 0x39, 0x88, 0x39,
    0x68, 0x39, 0x68, 0x39, 0x88, 0x41, 0x68, 0x39, 0x88, 0x39, 0x68, 0x39,
    0x67, 0x39, 0x88, 0x39, 0x68, 0x39, 0x88, 0x39, 0x88, 0x41, 0x68, 0x39,
    0x88, 0x39, 0x88, 0x39, 0x68, 0x41, 0x67, 0x39, 0x88, 0x39, 0x68, 0x41,
    0x67, 0x39, 0x88, 0x39, 0x68, 0x39, 0x87, 0x39, 0x88, 0x41, 0x68, 0x39,
    0x67, 0x39, 0x88, 0x39, 0x68, 0x41, 0x88, 0x39, 0x87, 0x41, 0x68, 0x39,
    0x68, 0x39, 0x88, 0x39, 0x68, 0x39, 0x88, 0x41, 0x88, 0x39, 0x68, 0x39,
    0x87, 0x39, 0x68, 0x39, 0x68, 0x39, 0x88, 0x39, 0x88, 0x41, 0x68, 0x39,
    0x87, 0x39, 0x88, 0x39, 0x68, 0x39, 0x68, 0x41, 0x88, 0x41, 0x68, 0x39,
    0x68, 0x39, 0x88, 0x39, 0x88, 0x41, 0x68, 0x39, 0x88, 0x39, 0x88, 0x39,
    0x68, 0x39, 0x88, 0x41, 0x87, 0x39, 0x68, 0x39, 0x88, 0x41, 0x87, 0x39,
    0x68, 0x39, 0x88, 0x41, 0x88, 0x39, 0x68, 0x39, 0x68, 0x41, 0x88, 0x39,
    0x87, 0x39, 0x68, 0x39, 0x68, 0x41, 0x87, 0x39, 0x68, 0x39, 0x68, 0x39,
    0x88, 0x39, 0x68, 0x41, 0x88, 0x39, 0x88, 0x41, 0x68, 0x39, 0x88, 0x41,
    0x68, 0x41, 0x88, 0x39, 0x68, 0x39, 0x68, 0x41, 0x88, 0x39, 0x68, 0x39,
    0x68, 0x39, 0x88, 0x39, 0x68, 0x41, 0x68, 0x39, 0x87, 0x39, 0x68, 0x41,
    0x88, 0x39, 0x68, 0x39, 0x68, 0x39, 0x88, 0x39, 0x68, 0x41, 0x88, 0x39,
    0x68, 0x39, 0x88, 0x41, 0x67, 0x39, 0x88, 0x39, 0x88, 0x41, 0x67, 0x39,
    0x68, 0x39, 0x88, 0x41, 0x88, 0x41, 0xa7, 0x49, 0x08, 0x5a, 0x08, 0x5a,
    0x08, 0x5a, 0x28, 0x5a, 0x08, 0x5a, 0x29, 0x5a, 0x8a, 0x6a, 0xab, 0x72,
    0x69, 0x6a, 0x49, 0x62, 0x49, 0x62, 0x49, 0x62, 0x49, 0x62, 0x49, 0x62,
    0x28, 0x5a, 0x28, 0x5a, 0x09, 0x5a, 0x28, 0x5a, 0x08, 0x5a, 0x09, 0x5a,
    0xe8, 0x51, 0xa7, 0x41, 0x68, 0x39, 0x88, 0x39, 0x87, 0x39, 0x68, 0x41,
    0x88, 0x39, 0x67, 0x39, 0x68, 0x41, 0x68, 0x39, 0x68, 0x39, 0x67, 0x39,
    0x88, 0x39, 0x88, 0x41, 0x67, 0x39, 0x88, 0x39, 0x68, 0x41, 0x67, 0x39,
    0x88, 0x39, 0x68, 0x41, 0x87, 0x41, 0x88, 0x39, 0x68, 0x39, 0x88, 0x39,
    0x88, 0x39, 0x67, 0x39, 0x88, 0x39, 0x88, 0x41, 0x68, 0x39, 0x88, 0x39,
    0x68, 0x39, 0x67, 0x41, 0x88, 0x39, 0x68, 0x39, 0x88, 0x39, 0x68, 0x41,
    0x68, 0x39, 0x88, 0x39, 0x68, 0x41, 0x88, 0x39, 0x68, 0x39, 0x88, 0x39,
    0x68, 0x41, 0x68, 0x39, 0x88, 0x39, 0x88, 0x41, 0x68, 0x39, 0x88, 0x39,
    0x68, 0x41, 0x68, 0x39, 0x88, 0x39, 0x88, 0x41, 0x68, 0x39, 0x68, 0x39,
    0x88, 0x41, 0x68, 0x39, 0x68, 0x39, 0x88, 0x41, 0x68, 0x39, 0x88, 0x39,
    0x88, 0x39, 0x68, 0x39, 0x88, 0x41, 0x68, 0x39, 0x88, 0x39, 0x68, 0x41,
    0x88, 0x41, 0x67, 0x39, 0x68, 0x39, 0x88, 0x41, 0x68, 0x39, 0x88, 0x39,
    0x88, 0x39, 0x67, 0x39, 0x88, 0x41, 0x68, 0x39, 0x68, 0x39, 0x88, 0x41,
    0x67, 0x39, 0x68, 0x39, 0x68, 0x39, 0x88, 0x39, 0x68, 0x41, 0x87, 0x39,
    0x68, 0x39, 0x88, 0x41, 0x68, 0x39, 0x88, 0x39, 0x68, 0x41, 0x68, 0x39,
    0x88, 0x39, 0x67, 0x39, 0x88, 0x41, 0x88, 0x39, 0x67, 0x41, 0x68, 0x39,
    0x88, 0x39, 0x67, 0x39, 0x68, 0x39, 0x68, 0x39, 0x88, 0x39, 0x88, 0x39,
    0x68, 0x39, 0x68, 0x39, 0x88, 0x39, 0x68, 0x39, 0x88, 0x41, 0x88, 0x39,
    0x68, 0x39, 0x88, 0x41, 0x68, 0x39, 0x68, 0x39, 0x88, 0x41, 0x88, 0x39,
    0x67, 0x39, 0x88, 0x41, 0x68, 0x39, 0x88, 0x39, 0x88, 0x39, 0x68, 0x41,
    0x88, 0x41, 0x68, 0x39, 0x68, 0x39, 0x67, 0x39, 0x68, 0x39, 0x88, 0x41,
    0x68, 0x39, 0x88, 0x39, 0x88, 0x39, 0x68, 0x41, 0x88, 0x39, 0x88, 0x39,
    0x68, 0x41, 0x88, 0x39, 0x68, 0x41, 0x68, 0x39, 0x88, 0x39, 0x88, 0x41,
    0x68, 0x39, 0x68, 0x39, 0x88, 0x39, 0x68, 0x39, 0x68, 0x41, 0x88, 0x39,
    0x88, 0x41, 0x68, 0x39, 0x68, 0x39, 0x88, 0x41, 0x68, 0x39, 0x88, 0x39,
    0x88, 0x41, 0x68, 0x39, 0x88, 0x39, 0x68, 0x41, 0x68, 0x39, 0x88, 0x39,
    0x68, 0x41, 0x88, 0x39, 0x88, 0x39, 0x68, 0x39, 0x88, 0x39, 0x87, 0x41,
    0x68, 0x39, 0x68, 0x39, 0x87, 0x39, 0x68, 0x41, 0x88, 0x39, 0x68, 0x39,
    0x68, 0x39, 0x88, 0x39, 0x68, 0x39, 0x68, 0x39, 0x88, 0x39, 0x68, 0x39,
    0x88, 0x39, 0x68, 0x39, 0x87, 0x39, 0x88, 0x39, 0x68, 0x41, 0x88, 0x39,
    0x88, 0x39, 0x68, 0x39, 0x88, 0x39, 0x88, 0x41, 0x68, 0x39, 0x88, 0x39,
    0x67, 0x39, 0x68, 0x39, 0x88, 0x41, 0x68, 0x39, 0x88, 0x39, 0x68, 0x39,
    0x88, 0x39, 0x87, 0x39, 0x68, 0x41, 0x88, 0x39, 0x68, 0x39, 0x88, 0x41,
    0x88, 0x39, 0x68, 0x39, 0x88, 0x39, 0x68, 0x39, 0x88, 0x39, 0x88, 0x41,
    0x68, 0x39, 0x88, 0x39, 0x68, 0x41, 0x88, 0x39, 0x68, 0x39, 0x68, 0x39,
    0x88, 0x39, 0x88, 0x39, 0x68, 0x39, 0x68, 0x39, 0x88, 0x41, 0x88, 0x39,
    0x68, 0x39, 0x68, 0x39, 0x68, 0x39, 0xa7, 0x41, 0x08, 0x52, 0x08, 0x5a,
    0x29, 0x5a, 0x28, 0x5a, 0x08, 0x5a, 0x29, 0x5a, 0x8a, 0x6a, 0xab, 0x72,
    0x6a, 0x62, 0x49, 0x62, 0x49, 0x62, 0x49, 0x62, 0x49, 0x62, 0x29, 0x62,
    0x28, 0x5a, 0x09, 0x5a, 0x28, 0x5a, 0x28, 0x5a, 0x28, 0x52, 0x08, 0x5a,
    0x08, 0x52, 0xa7, 0x41, 0x68, 0x39, 0x68, 0x41, 0x88, 0x39, 0x68, 0x39,
    0x88, 0x39, 0x88, 0x41, 0x88, 0x39, 0x88, 0x39, 0x88, 0x41, 0x68, 0x39,
    0x68, 0x39, 0x88, 0x39, 0x68, 0x41, 0x88, 0x39, 0x88, 0x39, 0x68, 0x39,
    0x68, 0x39, 0x88, 0x39, 0x68, 0x39, 0x88, 0x41, 0x68, 0x39, 0x68, 0x41,
    0x88, 0x39, 0x68, 0x39, 0x68, 0x39, 0x88, 0x39, 0x88, 0x39, 0x68, 0x39,
    0x88, 0x39, 0x88, 0x39, 0x68, 0x41, 0x88, 0x39, 0x88, 0x39, 0x68, 0x41,
    0x88, 0x39, 0x68, 0x39, 0x68, 0x41, 0x88, 0x39, 0x87, 0x39, 0x68, 0x41,
    0x88, 0x39, 0x68, 0x39, 0x87, 0x39, 0x68, 0x41, 0x88, 0x39, 0x87, 0x39,
    0x68, 0x39, 0x68, 0x41, 0x87, 0x39, 0x68, 0x39, 0x88, 0x39, 0x88, 0x39,
    0x67, 0x39, 0x88, 0x41, 0x68, 0x39, 0x88, 0x39, 0x68, 0x39, 0x68, 0x41,
    0x88, 0x39, 0x88, 0x39, 0x68, 0x39, 0x88, 0x41, 0x67, 0x39, 0x88, 0x39,
    0x88, 0x39, 0x68, 0x39, 0x88, 0x39, 0x68, 0x39, 0x68, 0x41, 0x88, 0x39,
    0x68, 0x39, 0x88, 0x39, 0x88, 0x39, 0x68, 0x41, 0x88, 0x39, 0x88, 0x39,
    0x68, 0x39, 0x88, 0x41, 0x88, 0x39, 0x68, 0x39, 0x68, 0x39, 0x88, 0x39,
    0x88, 0x39, 0x67, 0x39, 0x88, 0x39, 0x88, 0x41, 0x67, 0x39, 0x88, 0x41,
    0x68, 0x39, 0x68, 0x39, 0x88, 0x39, 0x68, 0x39, 0x88, 0x39, 0x88, 0x41,
    0x68, 0x39, 0x88, 0x41, 0x88, 0x39, 0x67, 0x41, 0x68, 0x39, 0x88, 0x41,
    0x88, 0x41, 0x68, 0x39, 0x68, 0x39, 0x88, 0x39, 0x67, 0x39, 0x68, 0x39,
    0x88, 0x39, 0x87, 0x39, 0x68, 0x39, 0x88, 0x39, 0x67, 0x41, 0x68, 0x39,
    0x88, 0x39, 0x88, 0x39, 0x68, 0x39, 0x67, 0x41, 0x88, 0x39, 0x68, 0x39,
    0x88, 0x39, 0x88, 0x41, 0x88, 0x39, 0x88, 0x39, 0x68, 0x39, 0x67, 0x39,
    0x88, 0x41, 0x68, 0x39, 0x67, 0x39, 0x88, 0x39, 0x68, 0x39, 0x88, 0x39,
    0x88, 0x39, 0x68, 0x39, 0x88, 0x39, 0x68, 0x39, 0x67, 0x39, 0x88, 0x39,
    0x88, 0x41, 0x68, 0x39, 0x87, 0x39, 0x88, 0x39, 0x68, 0x39, 0x88, 0x39,
    0x67, 0x39, 0x88, 0x41, 0x88, 0x39, 0x67, 0x39, 0x68, 0x39, 0x88, 0x41,
    0x68, 0x39, 0x88, 0x39, 0x87, 0x41, 0x68, 0x39, 0x88, 0x39, 0x67, 0x39,
    0x68, 0x41, 0x88, 0x39, 0x67, 0x39, 0x68, 0x39, 0x88, 0x39, 0x88, 0x39,
    0x68, 0x41, 0x88, 0x39, 0x68, 0x39, 0x88, 0x39, 0x67, 0x41, 0x88, 0x39,
    0x88, 0x41, 0x67, 0x39, 0x88, 0x41, 0x88, 0x39, 0x68, 0x41, 0x88, 0x39,
    0x68, 0x41, 0x68, 0x39, 0x88, 0x39, 0x68, 0x41, 0x68, 0x39, 0x87, 0x39,
    0x68, 0x41, 0x68, 0x39, 0x88, 0x39, 0x68, 0x39, 0x88, 0x41, 0x88, 0x39,
    0x68, 0x39, 0x88, 0x39, 0x67, 0x39, 0x88, 0x39, 0x68, 0x39, 0x67, 0x41,
    0x88, 0x39, 0x68, 0x39, 0x88, 0x39, 0x88, 0x39, 0x67, 0x39, 0x68, 0x39,
    0x68, 0x39, 0x88, 0x41, 0x67, 0x39, 0x88, 0x39, 0x68, 0x41, 0x68, 0x39,
    0x87, 0x39, 0x68, 0x39, 0x88, 0x41, 0x87, 0x39, 0x68, 0x39, 0x88, 0x41,
    0x87, 0x39, 0x68, 0x41, 0x88, 0x39, 0x68, 0x39, 0x67, 0x39, 0x88, 0x41,
    0x88, 0x39, 0x68, 0x39, 0x88, 0x39, 0x87, 0x41, 0xc8, 0x49, 0x08, 0x5a,
    0x29, 0x5a, 0x09, 0x5a, 0x08, 0x5a, 0x28, 0x5a, 0x4a, 0x62, 0x8a, 0x6a,
    0x69, 0x62, 0x49, 0x62, 0x49, 0x62, 0x29, 0x5a, 0x28, 0x5a, 0x28, 0x5a,
    0x09, 0x5a, 0x08, 0x5a, 0x09, 0x5a, 0x29, 0x5a, 0x08, 0x5a, 0x29, 0x5a,
    0x08, 0x52, 0xa7, 0x49, 0x88, 0x39, 0x88, 0x39, 0x68, 0x41, 0x68, 0x39,
    0x88, 0x39, 0x68, 0x39, 0x67, 0x39, 0x88, 0x41, 0x88, 0x39, 0x68, 0x39,
    0x88, 0x41, 0x68, 0x39, 0x68, 0x39, 0x87, 0x39, 0x88, 0x41, 0x68, 0x39,
    0x88, 0x41, 0x88, 0x39, 0x68, 0x39, 0x88, 0x39, 0x87, 0x39, 0x68, 0x41,
    0x88, 0x39, 0x88, 0x41, 0x68, 0x41, 0x68, 0x39, 0x87, 0x41, 0x68, 0x41,
    0x68, 0x39, 0x88, 0x39, 0x68, 0x39, 0x67, 0x39, 0x88, 0x39, 0x68, 0x39,
    0x87, 0x39, 0x88, 0x39, 0x68, 0x39, 0x68, 0x39, 0x88, 0x39, 0x68, 0x39,
    0x88, 0x39, 0x88, 0x39, 0x68, 0x41, 0x68, 0x39, 0x88, 0x39, 0x68, 0x39,
    0x88, 0x39, 0x88, 0x39, 0x68, 0x41, 0x68, 0x39, 0x88, 0x41, 0x68, 0x39,
    0x88, 0x39, 0x68, 0x39, 0x88, 0x41, 0x87, 0x39, 0x68, 0x39, 0x68, 0x39,
    0x87, 0x41, 0x68, 0x39, 0x68, 0x39, 0x88, 0x39, 0x68, 0x39, 0x68, 0x39,
    0x88, 0x41, 0x68, 0x39, 0x88, 0x39, 0x87, 0x41, 0x68, 0x39, 0x68, 0x39,
    0x88, 0x41, 0x68, 0x39, 0x68, 0x39, 0x87, 0x39, 0x68, 0x39, 0x68, 0x39,
    0x88, 0x41, 0x68, 0x39, 0x87, 0x39, 0x68, 0x41, 0x88, 0x39, 0x68, 0x39,
    0x68, 0x41, 0x68, 0x39, 0x88, 0x39, 0x68, 0x39, 0x88, 0x39, 0x88, 0x39,
    0x68, 0x41, 0x88, 0x39, 0x68, 0x39, 0x68, 0x41, 0x88, 0x39, 0x67, 0x39,
    0x68, 0x39, 0x88, 0x39, 0x88, 0x41, 0x68, 0x39, 0x88, 0x39, 0x68, 0x39,
    0x87, 0x39, 0x88, 0x41, 0x68, 0x39, 0x88, 0x41, 0x68, 0x39, 0x68, 0x41,
    0x88, 0x39, 0x68, 0x41, 0x88, 0x39, 0x88, 0x39, 0x68, 0x39, 0x68, 0x41,
    0x88, 0x39, 0x68, 0x39, 0x88, 0x41, 0x68, 0x39, 0x68, 0x39, 0x88, 0x39,
    0x67, 0x39, 0x68, 0x39, 0x88, 0x41, 0x88, 0x41, 0x68, 0x39, 0x88, 0x39,
    0x88, 0x39, 0x68, 0x41, 0x88, 0x39, 0x68, 0x39, 0x68, 0x41, 0x67, 0x41,
    0x88, 0x39, 0x68, 0x41, 0x87, 0x39, 0x88, 0x41, 0x68, 0x39, 0x88, 0x39,
    0x68, 0x39, 0x68, 0x41, 0x88, 0x39, 0x68, 0x41, 0x88, 0x39, 0x68, 0x39,
    0x68, 0x41, 0x88, 0x39, 0x88, 0x39, 0x68, 0x39, 0x88, 0x41, 0x67, 0x39,
    0x68, 0x39, 0x88, 0x39, 0x68, 0x39, 0x88, 0x39, 0x88, 0x39, 0x68, 0x39,
    0x88, 0x39, 0x88, 0x41, 0x68, 0x39, 0x68, 0x41, 0x88, 0x39, 0x68, 0x39,
    0x68, 0x39, 0x88, 0x41, 0x88, 0x39, 0x68, 0x39, 0x68, 0x39, 0x88, 0x39,
    0x68, 0x39, 0x68, 0x41, 0x88, 0x39, 0x68, 0x39, 0x67, 0x39, 0x88, 0x41,
    0x88, 0x39, 0x67, 0x39, 0x88, 0x41, 0x68, 0x39, 0x88, 0x39, 0x88, 0x39,
    0x68, 0x41, 0x88, 0x39, 0x67, 0x39, 0x68, 0x41, 0x88, 0x39, 0x67, 0x39,
    0x88, 0x41, 0x88, 0x41, 0x68, 0x39, 0x88, 0x39, 0x88, 0x41, 0x68, 0x39,
    0x88, 0x39, 0x68, 0x41, 0x68, 0x39, 0x88, 0x41, 0x88, 0x39, 0x68, 0x39,
    0x68, 0x39, 0x88, 0x39, 0x88, 0x41, 0x68, 0x39, 0x88, 0x39, 0x68, 0x39,
    0x88, 0x39, 0x68, 0x41, 0x68, 0x39, 0x88, 0x39, 0x68, 0x39, 0x68, 0x41,
    0x88, 0x39, 0x68, 0x39, 0x88, 0x41, 0x88, 0x39, 0x68, 0x39, 0x68, 0x39,
    0x88, 0x41, 0x88, 0x39, 0x68, 0x39, 0x68, 0x39, 0xa7, 0x49, 0x08, 0x52,
    0x08, 0x5a, 0x28, 0x5a, 0x29, 0x5a, 0x08, 0x5a, 0x29, 0x5a, 0x8a, 0x6a,
    0x49, 0x62, 0x29, 0x5a, 0x28, 0x5a, 0x08, 0x5a, 0x28, 0x5a, 0x29, 0x5a,
    0x08, 0x5a, 0x28, 0x5a, 0x28, 0x5a, 0x09, 0x5a, 0x08, 0x5a, 0x08, 0x5a,
    0xe8, 0x51, 0xa7, 0x41, 0x68, 0x39, 0x88, 0x39, 0x68, 0x39, 0x87, 0x41,
    0x88, 0x39, 0x68, 0x39, 0x68, 0x41, 0x68, 0x39, 0x67, 0x39, 0x88, 0x39,
    0x88, 0x39, 0x67, 0x41, 0x88, 0x39, 0x68, 0x39, 0x68, 0x39, 0x88, 0x39,
    0x67, 0x39, 0x68, 0x41, 0x88, 0x39, 0x68, 0x39, 0x68, 0x39, 0x88, 0x39,
    0x68, 0x39, 0x87, 0x39, 0x88, 0x39, 0x68, 0x39, 0x88, 0x39, 0x88, 0x39,
    0x68, 0x39, 0x87, 0x41, 0x88, 0x39, 0x68, 0x41, 0x68, 0x39, 0x88, 0x41,
    0x68, 0x39, 0x88, 0x41, 0x87, 0x39, 0x68, 0x41, 0x68, 0x39, 0x88, 0x41,
    0x67, 0x39, 0x68, 0x39, 0x88, 0x39, 0x88, 0x39, 0x68, 0x41, 0x68, 0x41,
    0x88, 0x39, 0x88, 0x39, 0x68, 0x39, 0x88, 0x39, 0x67, 0x41, 0x88, 0x39,
    0x68, 0x39, 0x68, 0x39, 0x88, 0x39, 0x68, 0x41, 0x88, 0x39, 0x88, 0x39,
    0x68, 0x39, 0x88, 0x41, 0x87, 0x39, 0x68, 0x39, 0x88, 0x41, 0x88, 0x39,
    0x67, 0x39, 0x68, 0x41, 0x88, 0x39, 0x88, 0x39, 0x68, 0x39, 0x88, 0x39,
    0x87, 0x41, 0x68, 0x39, 0x88, 0x41, 0x88, 0x39, 0x68, 0x39, 0x88, 0x41,
    0x68, 0x39, 0x88, 0x39, 0x68, 0x39, 0x88, 0x41, 0x88, 0x39, 0x67, 0x39,
    0x88, 0x41, 0x88, 0x39, 0x68, 0x39, 0x68, 0x41, 0x88, 0x39, 0x68, 0x39,
    0x87, 0x39, 0x88, 0x41, 0x68, 0x39, 0x87, 0x39, 0x88, 0x41, 0x68, 0x39,
    0x88, 0x39, 0x68, 0x39, 0x68, 0x39, 0x88, 0x39, 0x68, 0x39, 0x68, 0x39,
    0x88, 0x39, 0x68, 0x39, 0x87, 0x39, 0x88, 0x39, 0x88, 0x41, 0x68, 0x39,
    0x88, 0x39, 0x68, 0x39, 0x67, 0x41, 0x88, 0x39, 0x88, 0x39, 0x68, 0x39,
    0x88, 0x41, 0x67, 0x39, 0x88, 0x39, 0x88, 0x39, 0x68, 0x41, 0x88, 0x41,
    0x88, 0x39, 0x68, 0x39, 0x68, 0x39, 0x67, 0x39, 0x88, 0x41, 0x68, 0x39,
    0x68, 0x39, 0x88, 0x39, 0x88, 0x41, 0x88, 0x39, 0x68, 0x39, 0x88, 0x39,
    0x68, 0x39, 0x68, 0x39, 0x88, 0x41, 0x68, 0x39, 0x88, 0x39, 0x68, 0x41,
    0x87, 0x39, 0x88, 0x39, 0x68, 0x39, 0x68, 0x41, 0x87, 0x39, 0x88, 0x39,
    0x68, 0x39, 0x68, 0x39, 0x68, 0x41, 0x88, 0x39, 0x88, 0x39, 0x68, 0x39,
    0x88, 0x41, 0x68, 0x39, 0x68, 0x41, 0x88, 0x41, 0x68, 0x39, 0x68, 0x39,
    0x88, 0x41, 0x88, 0x39, 0x68, 0x39, 0x88, 0x39, 0x87, 0x41, 0x68, 0x39,
    0x88, 0x39, 0x67, 0x39, 0x68, 0x41, 0x88, 0x39, 0x88, 0x39, 0x68, 0x41,
    0x88, 0x39, 0x88, 0x39, 0x68, 0x39, 0x88, 0x39, 0x68, 0x39, 0x88, 0x39,
    0x68, 0x39, 0x88, 0x39, 0x68, 0x39, 0x88, 0x39, 0x67, 0x39, 0x68, 0x41,
    0x88, 0x39, 0x88, 0x39, 0x68, 0x39, 0x88, 0x39, 0x68, 0x39, 0x68, 0x39,
    0x88, 0x39, 0x68, 0x39, 0x68, 0x39, 0x88, 0x41, 0x68, 0x39, 0x88, 0x39,
    0x88, 0x39, 0x67, 0x39, 0x68, 0x41, 0x88, 0x39, 0x68, 0x39, 0x88, 0x39,
    0x68, 0x39, 0x68, 0x39, 0x88, 0x39, 0x68, 0x39, 0x87, 0x41, 0x88, 0x39,
    0x68, 0x39, 0x88, 0x39, 0x88, 0x39, 0x68, 0x39, 0x87, 0x41, 0x88, 0x39,
    0x68, 0x39, 0x68, 0x39, 0x87, 0x39, 0x88, 0x41, 0x68, 0x39, 0x88, 0x39,
    0x67, 0x39, 0x68, 0x41, 0x88, 0x39, 0x88, 0x39, 0x87, 0x41, 0xe8, 0x51,
    0x08, 0x5a, 0x28, 0x5a, 0x09, 0x5a, 0x28, 0x5a, 0x29, 0x5a, 0x49, 0x62,
    0x08, 0x5a, 0x09, 0x5a, 0x28, 0x5a, 0x08, 0x5a, 0x09, 0x5a, 0x28, 0x5a,
    0x09, 0x5a, 0x28, 0x52, 0x28, 0x5a, 0x08, 0x52, 0xe8, 0x51, 0xa8, 0x49,
    0x88, 0x41, 0x88, 0x39, 0x68, 0x39, 0x88, 0x41, 0x68, 0x39, 0x68, 0x39,
    0x88, 0x39, 0x88, 0x41, 0x88, 0x39, 0x88, 0x39, 0x68, 0x41, 0x88, 0x39,
    0x68, 0x39, 0x88, 0x39, 0x88, 0x41, 0x68, 0x39, 0x88, 0x39, 0x88, 0x41,
    0x68, 0x39, 0x88, 0x39, 0x87, 0x41, 0x68, 0x39, 0x88, 0x41, 0x68, 0x39,
    0x68, 0x39, 0x88, 0x39, 0x68, 0x39, 0x68, 0x41, 0x88, 0x39, 0x68, 0x39,
    0x68, 0x39, 0x88, 0x39, 0x88, 0x41, 0x68, 0x39, 0x88, 0x39, 0x88, 0x39,
    0x68, 0x41, 0x68, 0x39, 0x88, 0x39, 0x88, 0x39, 0x68, 0x41, 0x88, 0x39,
    0x88, 0x39, 0x68, 0x41, 0x88, 0x39, 0x67, 0x39, 0x88, 0x39, 0x68, 0x39,
    0x67, 0x41, 0x88, 0x39, 0x68, 0x39, 0x88, 0x39, 0x88, 0x39, 0x68, 0x41,
    0x88, 0x39, 0x87, 0x39, 0x68, 0x41, 0x68, 0x39, 0x88, 0x39, 0x68, 0x39,
    0x68, 0x39, 0x88, 0x41, 0x68, 0x39, 0x68, 0x39, 0x88, 0x41, 0x88, 0x39,
    0x68, 0x39, 0x88, 0x39, 0x68, 0x41, 0x68, 0x39, 0x88, 0x39, 0x68, 0x41,
    0x68, 0x39, 0x88, 0x39, 0x68, 0x39, 0x68, 0x41, 0x88, 0x39, 0x87, 0x39,
    0x68, 0x39, 0x88, 0x39, 0x68, 0x41, 0x68, 0x39, 0x88, 0x39, 0x68, 0x39,
    0x88, 0x39, 0x88, 0x41, 0x67, 0x39, 0x88, 0x39, 0x68, 0x41, 0x68, 0x39,
    0x88, 0x39, 0x68, 0x39, 0x68, 0x39, 0x88, 0x39, 0x68, 0x39, 0x88, 0x41,
    0x88, 0x39, 0x67, 0x41, 0x88, 0x39, 0x88, 0x41, 0x67, 0x41, 0x88, 0x39,
    0x68, 0x41, 0x68, 0x39, 0x68, 0x39, 0x88, 0x39, 0x68, 0x39, 0x87, 0x39,
    0x88, 0x39, 0x68, 0x39, 0x68, 0x41, 0x88, 0x39, 0x68, 0x39, 0x88, 0x39,
    0x68, 0x39, 0x88, 0x41, 0x68, 0x39, 0x88, 0x39, 0x67, 0x39, 0x68, 0x39,
    0x88, 0x39, 0x88, 0x41, 0x68, 0x39, 0x88, 0x39, 0x88, 0x39, 0x68, 0x41,
    0x67, 0x39, 0x88, 0x39, 0x68, 0x39, 0x67, 0x39, 0x88, 0x39, 0x88, 0x41,
    0x88, 0x39, 0x68, 0x39, 0x88, 0x39, 0x68, 0x39, 0x68, 0x39, 0x88, 0x41,
    0x68, 0x39, 0x88, 0x39, 0x88, 0x39, 0x68, 0x39, 0x68, 0x41, 0x88, 0x39,
    0x88, 0x39, 0x67, 0x41, 0x88, 0x39, 0x68, 0x39, 0x68, 0x39, 0x88, 0x41,
    0x87, 0x39, 0x68, 0x39, 0x88, 0x39, 0x87, 0x39, 0x68, 0x39, 0x68, 0x41,
    0x87, 0x39, 0x68, 0x39, 0x68, 0x39, 0x88, 0x39, 0x68, 0x41, 0x88, 0x39,
    0x88, 0x39, 0x68, 0x39, 0x68, 0x41, 0x87, 0x39, 0x68, 0x39, 0x68, 0x41,
    0x87, 0x39, 0x68, 0x39, 0x88, 0x41, 0x87, 0x41, 0x68, 0x39, 0x68, 0x39,
    0x88, 0x41, 0x68, 0x39, 0x88, 0x41, 0x68, 0x39, 0x88, 0x39, 0x68, 0x39,
    0x68, 0x39, 0x88, 0x41, 0x88, 0x39, 0x68, 0x41, 0x88, 0x39, 0x88, 0x41,
    0x68, 0x39, 0x87, 0x39, 0x68, 0x41, 0x68, 0x39, 0x87, 0x39, 0x68, 0x41,
    0x68, 0x39, 0x88, 0x39, 0x88, 0x39, 0x68, 0x39, 0x68, 0x41, 0x88, 0x39,
    0x88, 0x39, 0x68, 0x39, 0x68, 0x41, 0x88, 0x39, 0x68, 0x39, 0x68, 0x41,
    0x88, 0x39, 0x67, 0x41, 0x88, 0x39, 0x68, 0x39, 0x68, 0x39, 0x88, 0x39,
    0x68, 0x41, 0x88, 0x39, 0x68, 0x39, 0x68, 0x39, 0x88, 0x41, 0x88, 0x39,
    0x68, 0x39, 0x68, 0x41, 0x88, 0x39, 0x88, 0x39, 0x68, 0x41, 0xc7, 0x49,
    0x08, 0x52, 0x09, 0x5a, 0x28, 0x5a, 0x09, 0x5a, 0x29, 0x5a, 0x29, 0x5a,
    0x28, 0x5a, 0x28, 0x5a, 0x09, 0x5a, 0x28, 0x5a, 0x08, 0x5a, 0x09, 0x5a,
    0x28, 0x5a, 0x08, 0x5a, 0xe8, 0x51, 0xc8, 0x49, 0x88, 0x41, 0x88, 0x39,
    0x88, 0x39, 0x68, 0x39, 0x88, 0x39, 0x88, 0x41, 0x68, 0x39, 0x88, 0x39,
    0x68, 0x41, 0x67, 0x39, 0x88, 0x39, 0x68, 0x39, 0x88, 0x39, 0x68, 0x41,
    0x68, 0x39, 0x88, 0x39, 0x68, 0x39, 0x67, 0x41, 0x88, 0x39, 0x68, 0x39,
    0x68, 0x39, 0x88, 0x39, 0x68, 0x39, 0x88, 0x39, 0x88, 0x41, 0x67, 0x39,
    0x88, 0x41, 0x88, 0x41, 0x68, 0x39, 0x87, 0x39, 0x68, 0x41, 0x88, 0x39,
    0x67, 0x39, 0x68, 0x41, 0x88, 0x39, 0x68, 0x39, 0x67, 0x39, 0x88, 0x39,
    0x68, 0x39, 0x68, 0x39, 0x88, 0x39, 0x67, 0x39, 0x88, 0x39, 0x68, 0x39,
    0x68, 0x39, 0x88, 0x41, 0x68, 0x39, 0x88, 0x39, 0x88, 0x39, 0x68, 0x39,
    0x88, 0x39, 0x68, 0x41, 0x68, 0x39, 0x87, 0x41, 0x68, 0x39, 0x68, 0x39,
    0x88, 0x41, 0x88, 0x39, 0x68, 0x39, 0x87, 0x39, 0x88, 0x41, 0x68, 0x39,
    0x87, 0x39, 0x88, 0x39, 0x68, 0x39, 0x88, 0x39, 0x67, 0x39, 0x68, 0x41,
    0x88, 0x39, 0x88, 0x39, 0x67, 0x39, 0x88, 0x41, 0x88, 0x39, 0x67, 0x39,
    0x88, 0x39, 0x88, 0x39, 0x67, 0x39, 0x68, 0x39, 0x88, 0x41, 0x68, 0x39,
    0x68, 0x39, 0x87, 0x41, 0x88, 0x39, 0x68, 0x39, 0x87, 0x41, 0x68, 0x39,
    0x68, 0x39, 0x68, 0x39, 0x88, 0x39, 0x88, 0x39, 0x68, 0x41, 0x87, 0x39,
    0x88, 0x39, 0x68, 0x41, 0x88, 0x41, 0x68, 0x39, 0x68, 0x39, 0x88, 0x39,
    0x68, 0x39, 0x68, 0x39, 0x88, 0x39, 0x68, 0x39, 0x88, 0x39, 0x88, 0x39,
    0x88, 0x39, 0x68, 0x41, 0x88, 0x41, 0x68, 0x39, 0x68, 0x39, 0x88, 0x41,
    0x68, 0x39, 0x88, 0x39, 0x88, 0x39, 0x68, 0x41, 0x87, 0x39, 0x68, 0x39,
    0x88, 0x41, 0x68, 0x39, 0x68, 0x39, 0x88, 0x41, 0x88, 0x39, 0x68, 0x39,
    0x68, 0x39, 0x87, 0x41, 0x68, 0x39, 0x88, 0x39, 0x68, 0x39, 0x88, 0x39,
    0x88, 0x41, 0x68, 0x39, 0x88, 0x41, 0x68, 0x39, 0x68, 0x39, 0x88, 0x41,
    0x67, 0x39, 0x88, 0x39, 0x88, 0x41, 0x67, 0x39, 0x88, 0x39, 0x88, 0x39,
    0x68, 0x41, 0x68, 0x39, 0x87, 0x39, 0x88, 0x41, 0x68, 0x39, 0x68, 0x39,
    0x88, 0x41, 0x88, 0x39, 0x68, 0x39, 0x87, 0x39, 0x68, 0x41, 0x88, 0x39,
    0x68, 0x39, 0x68, 0x39, 0x88, 0x39, 0x68, 0x39, 0x88, 0x41, 0x88, 0x39,
    0x68, 0x39, 0x88, 0x41, 0x87, 0x39, 0x68, 0x39, 0x68, 0x39, 0x88, 0x41,
    0x68, 0x39, 0x88, 0x39, 0x88, 0x39, 0x68, 0x39, 0x88, 0x39, 0x88, 0x39,
    0x68, 0x39, 0x68, 0x39, 0x88, 0x39, 0x68, 0x39, 0x88, 0x39, 0x88, 0x41,
    0x67, 0x39, 0x88, 0x39, 0x68, 0x41, 0x87, 0x39, 0x88, 0x39, 0x68, 0x41,
    0x87, 0x39, 0x68, 0x39, 0x68, 0x41, 0x87, 0x39, 0x68, 0x39, 0x68, 0x39,
    0x88, 0x41, 0x88, 0x39, 0x88, 0x39, 0x68, 0x39, 0x88, 0x39, 0x88, 0x39,
    0x68, 0x41, 0x88, 0x39, 0x88, 0x39, 0x67, 0x41, 0x88, 0x39, 0x68, 0x39,
    0x88, 0x39, 0x88, 0x39, 0x67, 0x41, 0x88, 0x39, 0x88, 0x39, 0x68, 0x39,
    0x88, 0x39, 0x68, 0x41, 0x68, 0x39, 0x88, 0x39, 0x88, 0x41, 0x68, 0x39,
    0x87, 0x39, 0x88, 0x41, 0x68, 0x39, 0x68, 0x39, 0x87, 0x39, 0x68, 0x39,
    0x88, 0x39, 0x88, 0x39, 0x68, 0x39, 0x68, 0x39, 0x88, 0x39, 0xa7, 0x41,
    0xe8, 0x51, 0x09, 0x5a, 0x28, 0x5a, 0x08, 0x5a, 0x28, 0x5a, 0x29, 0x5a,
    0x08, 0x5a, 0x29, 0x5a, 0x08, 0x5a, 0x29, 0x5a, 0x28, 0x5a, 0x08, 0x52,
    0x08, 0x52, 0xc8, 0x49, 0x88, 0x41, 0x88, 0x39, 0x68, 0x39, 0x88, 0x39,
    0x68, 0x39, 0x68, 0x39, 0x88, 0x39, 0x68, 0x39, 0x87, 0x39, 0x88, 0x39,
    0x68, 0x39, 0x68, 0x39, 0x88, 0x41, 0x68, 0x39, 0x87, 0x39, 0x88, 0x39,
    0x68, 0x41, 0x87, 0x39, 0x68, 0x39, 0x88, 0x39, 0x88, 0x41, 0x68, 0x39,
    0x87, 0x41, 0x68, 0x39, 0x68, 0x39, 0x88, 0x39, 0x68, 0x39, 0x68, 0x39,
    0x88, 0x39, 0x68, 0x39, 0x88, 0x39, 0x68, 0x39, 0x88, 0x39, 0x88, 0x41,
    0x68, 0x39, 0x88, 0x39, 0x88, 0x39, 0x68, 0x41, 0x88, 0x39, 0x88, 0x41,
    0x67, 0x39, 0x88, 0x41, 0x88, 0x41, 0x68, 0x39, 0x88, 0x39, 0x68, 0x41,
    0x87, 0x39, 0x68, 0x39, 0x68, 0x41, 0x88, 0x39, 0x68, 0x41, 0x87, 0x39,
    0x88, 0x39, 0x68, 0x39, 0x88, 0x39, 0x88, 0x39, 0x68, 0x39, 0x68, 0x39,
    0x88, 0x39, 0x68, 0x41, 0x68, 0x39, 0x88, 0x39, 0x68, 0x41, 0x68, 0x39,
    0x88, 0x41, 0x68, 0x39, 0x88, 0x41, 0x88, 0x39, 0x68, 0x39, 0x68, 0x39,
    0x88, 0x41, 0x68, 0x39, 0x68, 0x39, 0x88, 0x39, 0x68, 0x39, 0x68, 0x41,
    0x88, 0x39, 0x88, 0x41, 0x68, 0x39, 0x88, 0x39, 0x88, 0x39, 0x68, 0x41,
    0x88, 0x39, 0x68, 0x39, 0x88, 0x39, 0x68, 0x39, 0x88, 0x39, 0x88, 0x41,
    0x68, 0x39, 0x88, 0x41, 0x68, 0x39, 0x68, 0x39, 0x88, 0x39, 0x68, 0x39,
    0x68, 0x39, 0x88, 0x39, 0x87, 0x39, 0x68, 0x41, 0x88, 0x39, 0x87, 0x39,
    0x68, 0x41, 0x88, 0x39, 0x68, 0x39, 0x68, 0x41, 0x68, 0x39, 0x87, 0x39,
    0x68, 0x39, 0x88, 0x39, 0x87, 0x39, 0x68, 0x39, 0x88, 0x41, 0x68, 0x39,
    0x67, 0x41, 0x88, 0x39, 0x68, 0x39, 0x88, 0x41, 0x68, 0x39, 0x88, 0x39,
    0x87, 0x39, 0x68, 0x39, 0x88, 0x39, 0x67, 0x41, 0x88, 0x39, 0x88, 0x39,
    0x68, 0x41, 0x88, 0x39, 0x68, 0x39, 0x68, 0x41, 0x87, 0x39, 0x68, 0x39,
    0x88, 0x39, 0x68, 0x39, 0x88, 0x41, 0x88, 0x39, 0x68, 0x39, 0x68, 0x39,
    0x88, 0x39, 0x68, 0x41, 0x68, 0x39, 0x88, 0x39, 0x68, 0x41, 0x87, 0x39,
    0x68, 0x39, 0x68, 0x39, 0x88, 0x41, 0x68, 0x39, 0x88, 0x39, 0x67, 0x39,
    0x68, 0x39, 0x88, 0x39, 0x68, 0x41, 0x88, 0x39, 0x88, 0x39, 0x68, 0x39,
    0x88, 0x41, 0x88, 0x41, 0x68, 0x39, 0x68, 0x39, 0x87, 0x39, 0x68, 0x39,
    0x68, 0x39, 0x88, 0x41, 0x88, 0x39, 0x68, 0x39, 0x88, 0x39, 0x67, 0x41,
    0x68, 0x39, 0x88, 0x39, 0x67, 0x41, 0x68, 0x39, 0x88, 0x41, 0x88, 0x39,
    0x68, 0x41, 0x88, 0x39, 0x68, 0x39, 0x68, 0x39, 0x88, 0x41, 0x68, 0x39,
    0x88, 0x39, 0x68, 0x39, 0x68, 0x39, 0x88, 0x39, 0x68, 0x41, 0x88, 0x39,
    0x88, 0x39, 0x68, 0x39, 0x88, 0x39, 0x88, 0x39, 0x68, 0x39, 0x67, 0x39,
    0x88, 0x39, 0x68, 0x41, 0x68, 0x39, 0x88, 0x39, 0x68, 0x41, 0x68, 0x39,
    0x87, 0x39, 0x68, 0x41, 0x68, 0x39, 0x88, 0x39, 0x68, 0x39, 0x88, 0x39,
    0x68, 0x39, 0x68, 0x39, 0x88, 0x39, 0x68, 0x39, 0x68, 0x41, 0x87, 0x39,
    0x88, 0x39, 0x68, 0x39, 0x88, 0x39, 0x87, 0x41, 0x68, 0x39, 0x68, 0x39,
    0x88, 0x39, 0x68, 0x39, 0x88, 0x41, 0x88, 0x39, 0x68, 0x41, 0x68, 0x39,
    0x87, 0x41, 0x88, 0x39, 0x68, 0x41, 0x68, 0x39, 0x88, 0x39, 0x68, 0x39,
    0x87, 0x41, 0xa8, 0x41, 0xc7, 0x49, 0x08, 0x52, 0x08, 0x5a, 0x08, 0x5a,
    0x29, 0x5a, 0x08, 0x5a, 0x08, 0x5a, 0x29, 0x5a, 0x08, 0x52, 0xc8, 0x49,
    0x88, 0x41, 0x88, 0x39, 0x68, 0x39, 0x68, 0x39, 0x87, 0x39, 0x68, 0x39,
    0x88, 0x41, 0x87, 0x39, 0x68, 0x41, 0x68, 0x39, 0x88, 0x41, 0x68, 0x39,
    0x88, 0x39, 0x88, 0x41, 0x68, 0x39, 0x68, 0x39, 0x88, 0x41, 0x68, 0x39,
    0x88, 0x39, 0x68, 0x41, 0x88, 0x39, 0x68, 0x39, 0x68, 0x39, 0x88, 0x39,
    0x88, 0x41, 0x68, 0x39, 0x88, 0x41, 0x67, 0x41, 0x88, 0x39, 0x88, 0x39,
    0x68, 0x39, 0x67, 0x41, 0x88, 0x39, 0x68, 0x39, 0x68, 0x41, 0x88, 0x39,
    0x68, 0x39, 0x88, 0x39, 0x67, 0x41, 0x68, 0x39, 0x88, 0x39, 0x68, 0x39,
    0x88, 0x39, 0x68, 0x39, 0x68, 0x39, 0x88, 0x39, 0x68, 0x41, 0x88, 0x39,
    0x88, 0x39, 0x68, 0x39, 0x87, 0x39, 0x68, 0x41, 0x68, 0x39, 0x88, 0x39,
    0x68, 0x41, 0x68, 0x39, 0x88, 0x41, 0x88, 0x39, 0x67, 0x41, 0x88, 0x39,
    0x88, 0x39, 0x67, 0x39, 0x88, 0x39, 0x88, 0x39, 0x68, 0x39, 0x88, 0x39,
    0x68, 0x39, 0x67, 0x41, 0x88, 0x39, 0x68, 0x39, 0x88, 0x41, 0x88, 0x39,
    0x67, 0x39, 0x88, 0x41, 0x88, 0x39, 0x68, 0x39, 0x88, 0x41, 0x68, 0x39,
    0x68, 0x39, 0x88, 0x39, 0x68, 0x41, 0x68, 0x39, 0x87, 0x39, 0x88, 0x39,
    0x68, 0x41, 0x88, 0x39, 0x68, 0x39, 0x68, 0x41, 0x88, 0x39, 0x68, 0x39,
    0x87, 0x39, 0x88, 0x39, 0x68, 0x41, 0x87, 0x39, 0x88, 0x41, 0x68, 0x39,
    0x68, 0x41, 0x88, 0x39, 0x68, 0x39, 0x88, 0x39, 0x68, 0x41, 0x68, 0x39,
    0x88, 0x39, 0x88, 0x41, 0x87, 0x39, 0x68, 0x39, 0x88, 0x41, 0x68, 0x39,
    0x68, 0x41, 0x88, 0x39, 0x68, 0x39, 0x88, 0x41, 0x88, 0x39, 0x68, 0x39,
    0x88, 0x39, 0x68, 0x39, 0x88, 0x39, 0x67, 0x39, 0x68, 0x41, 0x88, 0x39,
    0x68, 0x39, 0x88, 0x41, 0x68, 0x39, 0x68, 0x39, 0x88, 0x39, 0x68, 0x39,
    0x88, 0x39, 0x88, 0x39, 0x68, 0x39, 0x88, 0x41, 0x88, 0x39, 0x68, 0x39,
    0x68, 0x41, 0x87, 0x39, 0x68, 0x39, 0x88, 0x39, 0x87, 0x41, 0x68, 0x39,
    0x88, 0x39, 0x68, 0x39, 0x88, 0x39, 0x68, 0x39, 0x88, 0x41, 0x68, 0x39,
    0x88, 0x39, 0x88, 0x39, 0x68, 0x39, 0x88, 0x39, 0x88, 0x41, 0x68, 0x39,
    0x88, 0x39, 0x68, 0x41, 0x88, 0x39, 0x68, 0x39, 0x68, 0x39, 0x87, 0x39,
    0x68, 0x39, 0x88, 0x39, 0x67, 0x41, 0x88, 0x39, 0x88, 0x41, 0x68, 0x39,
    0x88, 0x39, 0x68, 0x39, 0x68, 0x41, 0x88, 0x39, 0x88, 0x39, 0x68, 0x39,
    0x88, 0x39, 0x88, 0x41, 0x68, 0x39, 0x88, 0x39, 0x68, 0x39, 0x67, 0x41,
    0x88, 0x39, 0x88, 0x41, 0x67, 0x39, 0x88, 0x39, 0x68, 0x41, 0x67, 0x39,
    0x88, 0x39, 0x88, 0x41, 0x68, 0x39, 0x88, 0x39, 0x68, 0x39, 0x68, 0x39,
    0x88, 0x41, 0x68, 0x39, 0x68, 0x39, 0x88, 0x41, 0x88, 0x41, 0x68, 0x39,
    0x88, 0x39, 0x68, 0x39, 0x87, 0x41, 0x88, 0x39, 0x68, 0x39, 0x88, 0x39,
    0x88, 0x39, 0x68, 0x39, 0x88, 0x41, 0x68, 0x39, 0x88, 0x39, 0x68, 0x41,
    0x68, 0x39, 0x88, 0x41, 0x88, 0x39, 0x68, 0x39, 0x68, 0x41, 0x88, 0x39,
    0x68, 0x39, 0x68, 0x41, 0x88, 0x39, 0x68, 0x39, 0x68, 0x39, 0x88, 0x41,
    0x68, 0x39, 0x68, 0x39, 0x87, 0x39, 0x88, 0x39, 0x68, 0x39, 0x88, 0x41,
    0x68, 0x39, 0x68, 0x39, 0x88, 0x39, 0x87, 0x41, 0x68, 0x39, 0x88, 0x39,
    0x88, 0x39, 0x88, 0x39, 0x68, 0x39, 0x88, 0x41, 0xa8, 0x41, 0xc8, 0x49,
    0xe8, 0x51, 0x08, 0x52, 0x08, 0x52, 0xc7, 0x49, 0xa8, 0x41, 0x88, 0x41,
    0x68, 0x39, 0x88, 0x39, 0x88, 0x39, 0x68, 0x39, 0x88, 0x39, 0x68, 0x41,
    0x68, 0x39, 0x88, 0x39, 0x68, 0x39, 0x88, 0x41, 0x68, 0x39, 0x68, 0x39,
    0x87, 0x41, 0x88, 0x39, 0x68, 0x39, 0x87, 0x39, 0x68, 0x39, 0x68, 0x39,
    0x88, 0x39, 0x88, 0x39, 0x68, 0x41, 0x88, 0x39, 0x67, 0x39, 0x68, 0x39,
    0x88, 0x39, 0x88, 0x39, 0x68, 0x39, 0x68, 0x39, 0x88, 0x41, 0x88, 0x39,
    0x68, 0x39, 0x88, 0x41, 0x88, 0x39, 0x68, 0x39, 0x87, 0x39, 0x68, 0x39,
    0x88, 0x41, 0x68, 0x39, 0x88, 0x39, 0x88, 0x39, 0x68, 0x39, 0x68, 0x41,
    0x88, 0x39, 0x88, 0x39, 0x67, 0x39, 0x88, 0x41, 0x68, 0x39, 0x67, 0x39,
    0x88, 0x41, 0x88, 0x39, 0x68, 0x39, 0x88, 0x39, 0x88, 0x39, 0x68, 0x39,
    0x88, 0x41, 0x67, 0x39, 0x68, 0x39, 0x88, 0x39, 0x68, 0x41, 0x68, 0x39,
    0x88, 0x39, 0x68, 0x41, 0x68, 0x39, 0x88, 0x41, 0x87, 0x39, 0x68, 0x39,
    0x88, 0x39, 0x88, 0x39, 0x68, 0x39, 0x68, 0x39, 0x87, 0x41, 0x68, 0x39,
    0x68, 0x39, 0x88, 0x39, 0x68, 0x39, 0x87, 0x41, 0x88, 0x39, 0x68, 0x39,
    0x87, 0x39, 0x88, 0x39, 0x68, 0x41, 0x68, 0x39, 0x88, 0x39, 0x68, 0x39,
    0x68, 0x39, 0x87, 0x41, 0x88, 0x39, 0x68, 0x39, 0x87, 0x41, 0x68, 0x39,
    0x68, 0x39, 0x88, 0x39, 0x68, 0x39, 0x88, 0x41, 0x68, 0x39, 0x88, 0x39,
    0x87, 0x39, 0x68, 0x41, 0x88, 0x39, 0x68, 0x39, 0x88, 0x39, 0x68, 0x39,
    0x68, 0x39, 0x88, 0x39, 0x68, 0x39, 0x88, 0x39, 0x88, 0x39, 0x68, 0x39,
    0x88, 0x39, 0x68, 0x41, 0x68, 0x39, 0x87, 0x39, 0x68, 0x39, 0x88, 0x39,
    0x88, 0x41, 0x68, 0x39, 0x88, 0x39, 0x88, 0x41, 0x68, 0x39, 0x68, 0x39,
    0x88, 0x41, 0x68, 0x39, 0x88, 0x39, 0x88, 0x41, 0x68, 0x39, 0x67, 0x41,
    0x88, 0x39, 0x68, 0x39, 0x67, 0x41, 0x88, 0x39, 0x68, 0x39, 0x88, 0x39,
    0x88, 0x41, 0x68, 0x39, 0x68, 0x39, 0x88, 0x39, 0x68, 0x41, 0x88, 0x39,
    0x67, 0x39, 0x88, 0x41, 0x88, 0x39, 0x67, 0x39, 0x68, 0x39, 0x88, 0x41,
    0x68, 0x39, 0x87, 0x41, 0x68, 0x39, 0x68, 0x39, 0x87, 0x41, 0x88, 0x39,
    0x68, 0x39, 0x87, 0x39, 0x68, 0x39, 0x88, 0x41, 0x68, 0x41, 0x88, 0x39,
    0x68, 0x39, 0x68, 0x39, 0x88, 0x39, 0x68, 0x39, 0x68, 0x41, 0x88, 0x39,
    0x87, 0x39, 0x68, 0x39, 0x68, 0x39, 0x87, 0x41, 0x68, 0x39, 0x68, 0x39,
    0x88, 0x41, 0x68, 0x39, 0x88, 0x39, 0x88, 0x39, 0x68, 0x39, 0x68, 0x39,
    0x88, 0x39, 0x68, 0x39, 0x88, 0x39, 0x88, 0x39, 0x68, 0x39, 0x88, 0x39,
    0x88, 0x39, 0x68, 0x41, 0x87, 0x39, 0x88, 0x39, 0x68, 0x41, 0x87, 0x39,
    0x68, 0x39, 0x88, 0x41, 0x67, 0x39, 0x68, 0x39, 0x88, 0x39, 0x88, 0x41,
    0x68, 0x39, 0x88, 0x39, 0x68, 0x39, 0x68, 0x41, 0x87, 0x39, 0x68, 0x41,
    0x68, 0x39, 0x88, 0x39, 0x67, 0x39, 0x88, 0x39, 0x68, 0x39, 0x88, 0x39,
    0x68, 0x39, 0x88, 0x39, 0x87, 0x39, 0x68, 0x39, 0x88, 0x39, 0x88, 0x39,
    0x67, 0x41, 0x88, 0x39, 0x88, 0x39, 0x68, 0x39, 0x87, 0x41, 0x88, 0x39,
    0x68, 0x39, 0x88, 0x41, 0x68, 0x39, 0x68, 0x39, 0x88, 0x39, 0x88, 0x39,
    0x68, 0x39, 0x68, 0x39, 0x88, 0x39, 0x68, 0x41, 0x68, 0x39, 0x88, 0x41,
    0x68, 0x41, 0x88, 0x39, 0x88, 0x39, 0x68, 0x39, 0x88, 0x39, 0x88, 0x39,
    0x87, 0x41, 0xa7, 0x41, 0xa8, 0x41, 0x88, 0x41, 0x68, 0x39, 0x68, 0x39,
    0x68, 0x39, 0x87, 0x39, 0x68, 0x41, 0x88, 0x39, 0x88, 0x39, 0x68, 0x39,
    0x88, 0x39, 0x88, 0x39, 0x68, 0x39, 0x87, 0x39, 0x88, 0x39, 0x68, 0x39,
    0x68, 0x39, 0x88, 0x39, 0x68, 0x41, 0x88, 0x39, 0x88, 0x39, 0x68, 0x41,
    0x67, 0x39, 0x88, 0x39, 0x68, 0x39, 0x88, 0x41, 0x88, 0x39, 0x68, 0x41,
    0x68, 0x39, 0x87, 0x39, 0x68, 0x39, 0x88, 0x39, 0x68, 0x39, 0x67, 0x39,
    0x88, 0x39, 0x68, 0x39, 0x68, 0x41, 0x88, 0x39, 0x88, 0x39, 0x68, 0x41,
    0x67, 0x39, 0x88, 0x39, 0x68, 0x41, 0x88, 0x39, 0x67, 0x39, 0x88, 0x41,
    0x68, 0x39, 0x88, 0x39, 0x68, 0x41, 0x88, 0x39, 0x88, 0x39, 0x68, 0x39,
    0x68, 0x41, 0x88, 0x39, 0x68, 0x39, 0x88, 0x41, 0x67, 0x39, 0x88, 0x39,
    0x88, 0x39, 0x68, 0x39, 0x88, 0x39, 0x88, 0x39, 0x68, 0x39, 0x88, 0x39,
    0x88, 0x41, 0x68, 0x39, 0x68, 0x39, 0x88, 0x41, 0x68, 0x39, 0x68, 0x41,
    0x88, 0x39, 0x88, 0x41, 0x68, 0x39, 0x88, 0x39, 0x88, 0x39, 0x68, 0x39,
    0x88, 0x41, 0x68, 0x39, 0x68, 0x39, 0x88, 0x39, 0x68, 0x39, 0x68, 0x41,
    0x88, 0x39, 0x68, 0x39, 0x88, 0x39, 0x87, 0x41, 0x68, 0x39, 0x88, 0x39,
    0x68, 0x41, 0x88, 0x39, 0x68, 0x39, 0x88, 0x39, 0x88, 0x39, 0x68, 0x41,
    0x88, 0x39, 0x68, 0x39, 0x88, 0x39, 0x68, 0x39, 0x68, 0x39, 0x88, 0x39,
    0x68, 0x39, 0x88, 0x39, 0x68, 0x41, 0x87, 0x39, 0x88, 0x39, 0x68, 0x41,
    0x87, 0x41, 0x68, 0x39, 0x68, 0x41, 0x88, 0x39, 0x67, 0x41, 0x88, 0x39,
    0x88, 0x39, 0x67, 0x39, 0x88, 0x39, 0x68, 0x41, 0x68, 0x39, 0x87, 0x39,
    0x68, 0x41, 0x68, 0x39, 0x87, 0x39, 0x88, 0x39, 0x68, 0x39, 0x88, 0x39,
    0x87, 0x39, 0x68, 0x39, 0x68, 0x39, 0x87, 0x39, 0x88, 0x41, 0x68, 0x39,
    0x88, 0x39, 0x68, 0x41, 0x88, 0x39, 0x68, 0x39, 0x67, 0x39, 0x88, 0x41,
    0x88, 0x39, 0x68, 0x39, 0x88, 0x39, 0x67, 0x41, 0x68, 0x39, 0x88, 0x39,
    0x68, 0x41, 0x68, 0x39, 0x88, 0x39, 0x88, 0x41, 0x68, 0x39, 0x88, 0x39,
    0x68, 0x39, 0x88, 0x39, 0x88, 0x41, 0x68, 0x39, 0x68, 0x39, 0x88, 0x39,
    0x68, 0x41, 0x68, 0x39, 0x88, 0x39, 0x88, 0x39, 0x67, 0x39, 0x88, 0x41,
    0x88, 0x39, 0x68, 0x41, 0x88, 0x39, 0x88, 0x39, 0x68, 0x39, 0x68, 0x41,
    0x88, 0x39, 0x88, 0x39, 0x68, 0x41, 0x88, 0x39, 0x88, 0x39, 0x67, 0x41,
    0x88, 0x39, 0x68, 0x39, 0x67, 0x41, 0x88, 0x41, 0x88, 0x39, 0x68, 0x39,
    0x88, 0x41, 0x67, 0x39, 0x68, 0x41, 0x88, 0x41, 0x68, 0x39, 0x68, 0x39,
    0x88, 0x41, 0x68, 0x39, 0x68, 0x39, 0x88, 0x41, 0x68, 0x39, 0x88, 0x39,
    0x88, 0x39, 0x68, 0x39, 0x88, 0x41, 0x68, 0x39, 0x67, 0x39, 0x88, 0x39,
    0x68, 0x41, 0x87, 0x39, 0x68, 0x39, 0x88, 0x39, 0x88, 0x39, 0x68, 0x39,
    0x88, 0x41, 0x68, 0x39, 0x88, 0x41, 0x68, 0x39, 0x88, 0x39, 0x68, 0x41,
    0x68, 0x39, 0x68, 0x39, 0x88, 0x41, 0x68, 0x41, 0x88, 0x39, 0x68, 0x39,
    0x68, 0x39, 0x88, 0x39, 0x68, 0x41, 0x88, 0x39, 0x68, 0x39, 0x88, 0x39,
    0x88, 0x39, 0x67, 0x41, 0x88, 0x39, 0x68, 0x41, 0x67, 0x41, 0x88, 0x39,
    0x88, 0x41, 0x67, 0x39, 0x88, 0x39, 0x88, 0x39, 0x68, 0x39, 0x68, 0x39,
    0x88, 0x39, 0x68, 0x39, 0x68, 0x41, 0x88, 0x39, 0x68, 0x39, 0x88, 0x41,
    0x68, 0x39, 0x68, 0x39, 0x88, 0x39, 0x68, 0x39, 0x88, 0x39, 0x68, 0x39,
    0x88, 0x41, 0x68, 0x39, 0x68, 0x39, 0x88, 0x41, 0x67, 0x39, 0x68, 0x41,
    0x88, 0x39, 0x67, 0x41, 0x68, 0x41, 0x88, 0x39, 0x88, 0x39, 0x68, 0x41,
    0x88, 0x39, 0x68, 0x39, 0x68, 0x41, 0x88, 0x39, 0x88, 0x39, 0x68, 0x41,
    0x88, 0x39, 0x68, 0x39, 0x68, 0x41, 0x87, 0x39, 0x88, 0x39, 0x68, 0x39,
    0x88, 0x41, 0x68, 0x39, 0x88, 0x41, 0x88, 0x41, 0x68, 0x39, 0x88, 0x41,
    0x88, 0x39, 0x68, 0x39, 0x67, 0x41, 0x88, 0x39, 0x68, 0x39, 0x88, 0x39,
    0x88, 0x39, 0x68, 0x39, 0x68, 0x41, 0x88, 0x39, 0x88, 0x39, 0x68, 0x39,
    0x88, 0x39, 0x67, 0x41, 0x68, 0x39, 0x88, 0x39, 0x88, 0x39, 0x68, 0x39,
    0x88, 0x39, 0x67, 0x39, 0x88, 0x41, 0x68, 0x39, 0x68, 0x39, 0x88, 0x41,
    0x68, 0x39, 0x68, 0x41, 0x88, 0x41, 0x67, 0x39, 0x68, 0x39, 0x88, 0x41,
    0x87, 0x39, 0x68, 0x39, 0x88, 0x39, 0x87, 0x39, 0x68, 0x39, 0x68, 0x39,
    0x87, 0x41, 0x68, 0x39, 0x68, 0x39, 0x87, 0x41, 0x68, 0x39, 0x88, 0x39,
    0x88, 0x41, 0x67, 0x39, 0x88, 0x39, 0x88, 0x41, 0x68, 0x39, 0x88, 0x39,
    0x68, 0x41, 0x68, 0x39, 0x88, 0x39, 0x68, 0x41, 0x88, 0x39, 0x68, 0x39,
    0x87, 0x39, 0x68, 0x39, 0x68, 0x41, 0x88, 0x39, 0x68, 0x39, 0x88, 0x39,
    0x67, 0x41, 0x88, 0x41, 0x88, 0x39, 0x67, 0x41, 0x88, 0x39, 0x68, 0x41,
    0x88, 0x39, 0x68, 0x39, 0x68, 0x41, 0x88, 0x39, 0x68, 0x39, 0x88, 0x39,
    0x88, 0x39, 0x68, 0x39, 0x88, 0x39, 0x68, 0x41, 0x68, 0x39, 0x88, 0x39,
    0x68, 0x41, 0x88, 0x39, 0x88, 0x39, 0x68, 0x41, 0x88, 0x39, 0x88, 0x39,
    0x68, 0x39, 0x68, 0x41, 0x88, 0x39, 0x68, 0x41, 0x68, 0x39, 0x88, 0x41,
    0x68, 0x39, 0x88, 0x41, 0x68, 0x39, 0x68, 0x39, 0x88, 0x39, 0x68, 0x39,
    0x88, 0x39, 0x88, 0x39, 0x68, 0x39, 0x88, 0x39, 0x88, 0x41, 0x68, 0x39,
    0x67, 0x39, 0x88, 0x39, 0x88, 0x41, 0x68, 0x39, 0x88, 0x39, 0x88, 0x39,
    0x68, 0x39, 0x88, 0x39, 0x68, 0x39, 0x68, 0x41, 0x87, 0x39, 0x68, 0x39,
    0x88, 0x39, 0x68, 0x39, 0x88, 0x39, 0x68, 0x41, 0x88, 0x39, 0x88, 0x39,
    0x68, 0x41, 0x88, 0x39, 0x68, 0x39, 0x68, 0x39, 0x88, 0x39, 0x68, 0x39,
    0x68, 0x39, 0x87, 0x39, 0x68, 0x41, 0x88, 0x39, 0x87, 0x39, 0x68, 0x39,
    0x68, 0x41, 0x88, 0x39, 0x68, 0x39, 0x68, 0x39, 0x88, 0x39, 0x88, 0x39,
    0x68, 0x39, 0x88, 0x39, 0x68, 0x39, 0x68, 0x39, 0x87, 0x39, 0x88, 0x41,
    0x68, 0x39, 0x88, 0x39, 0x68, 0x39, 0x88, 0x39, 0x87, 0x39, 0x68, 0x41,
    0x88, 0x39, 0x67, 0x39, 0x88, 0x39, 0x68, 0x39, 0x68, 0x39, 0x88, 0x41,
    0x68, 0x39, 0x87, 0x39, 0x88, 0x39, 0x88, 0x41, 0x68, 0x39, 0x68, 0x39,
    0x88, 0x39, 0x68, 0x41, 0x88, 0x39, 0x68, 0x39, 0x68, 0x41, 0x88, 0x39,
    0x87, 0x39, 0x68, 0x39, 0x88, 0x41, 0x68, 0x39, 0x87, 0x39, 0x88, 0x41,
    0x88, 0x39, 0x68, 0x39, 0x68, 0x39, 0x88, 0x39, 0x67, 0x41, 0x88, 0x39,
    0x88, 0x39, 0x68, 0x41, 0x67, 0x39, 0x88, 0x39, 0x68, 0x41, 0x68, 0x39,
    0x88, 0x39, 0x68, 0x39, 0x88, 0x39, 0x88, 0x39, 0x68, 0x39, 0x68, 0x39,
    0x88, 0x39, 0x68, 0x41, 0x88, 0x39, 0x88, 0x39, 0x67, 0x41, 0x88, 0x39,
    0x88, 0x39, 0x67, 0x41, 0x88, 0x39, 0x68, 0x39, 0x88, 0x41, 0x68, 0x39,
    0x88, 0x39, 0x88, 0x41, 0x68, 0x39, 0x88, 0x41, 0x68, 0x39, 0x87, 0x39,
    0x88, 0x41, 0x68, 0x39, 0x88, 0x39, 0x88, 0x39, 0x68, 0x39, 0x88, 0x39,
    0x88, 0x39, 0x68, 0x39, 0x68, 0x39, 0x88, 0x39, 0x68, 0x41, 0x67, 0x39,
    0x88, 0x39, 0x88, 0x39, 0x67, 0x39, 0x68, 0x39, 0x88, 0x39, 0x67, 0x39,
    0x88, 0x41, 0x88, 0x39, 0x68, 0x39, 0x68, 0x39, 0x88, 0x39, 0x68, 0x39,
    0x88, 0x39, 0x68, 0x39, 0x68, 0x39, 0x87, 0x39, 0x68, 0x39, 0x68, 0x39,
    0x88, 0x41, 0x88, 0x39, 0x68, 0x39, 0x88, 0x39, 0x68, 0x41, 0x68, 0x39,
    0x88, 0x39, 0x88, 0x41, 0x67, 0x39, 0x68, 0x39, 0x88, 0x41, 0x68, 0x39,
    0x88, 0x39, 0x88, 0x39, 0x68, 0x39, 0x68, 0x41, 0x67, 0x41, 0x88, 0x39,
    0x68, 0x39, 0x88, 0x41, 0x88, 0x39, 0x68, 0x39, 0x88, 0x39, 0x88, 0x39,
    0x67, 0x39, 0x88, 0x39, 0x88, 0x39, 0x68, 0x39, 0x88, 0x41, 0x68, 0x39,
    0x68, 0x39, 0x88, 0x41, 0x68, 0x39, 0x88, 0x39, 0x88, 0x41, 0x68, 0x39,
    0x88, 0x39, 0x88, 0x39, 0x68, 0x39, 0x68, 0x41, 0x88, 0x39, 0x68, 0x39,
    0x68, 0x39, 0x88, 0x39, 0x68, 0x41, 0x68, 0x39, 0x87, 0x39, 0x88, 0x39,
    0x68, 0x39, 0x87, 0x41, 0x68, 0x39, 0x88, 0x39, 0x68, 0x39, 0x88, 0x41,
    0x88, 0x39, 0x68, 0x39, 0x88, 0x41, 0x67, 0x39, 0x68, 0x39, 0x88, 0x39,
    0x68, 0x39, 0x68, 0x39, 0x88, 0x39, 0x68, 0x39, 0x88, 0x41, 0x87, 0x39,
    0x68, 0x39, 0x88, 0x39, 0x87, 0x39, 0x68, 0x41, 0x68, 0x39, 0x88, 0x39,
    0x68, 0x41, 0x87, 0x39, 0x88, 0x39, 0x68, 0x39, 0x88, 0x39, 0x68, 0x39,
    0x68, 0x41, 0x88, 0x39, 0x68, 0x39, 0x68, 0x39, 0x88, 0x41, 0x68, 0x39,
    0x88, 0x39, 0x88, 0x39, 0x68, 0x39, 0x88, 0x39, 0x87, 0x41, 0x68, 0x39,
    0x88, 0x39, 0x88, 0x39, 0x68, 0x41, 0x88, 0x39, 0x68, 0x39, 0x67, 0x41,
    0x88, 0x39, 0x68, 0x41, 0x67, 0x39, 0x88, 0x39, 0x68, 0x39, 0x68, 0x39,
    0x88, 0x39, 0x68, 0x41, 0x68, 0x39, 0x88, 0x39, 0x68, 0x39, 0x87, 0x41,
    0x88, 0x39, 0x68, 0x39, 0x87, 0x41, 0x88, 0x39, 0x68, 0x39, 0x88, 0x41,
    0x68, 0x41, 0x67, 0x39, 0x88, 0x39, 0x68, 0x39, 0x67, 0x39, 0x88, 0x39,
    0x68, 0x39, 0x87, 0x41, 0x88, 0x39, 0x68, 0x41, 0x88, 0x41, 0x88, 0x39,
    0x68, 0x39, 0x88, 0x39, 0x68, 0x41, 0x68, 0x39, 0x88, 0x39, 0x88, 0x39,
    0x68, 0x39, 0x87, 0x41, 0x88, 0x39, 0x68, 0x41, 0x68, 0x39, 0x88, 0x39,
    0x68, 0x41, 0x88, 0x39, 0x88, 0x39, 0x68, 0x39, 0x68, 0x39, 0x88, 0x39,
    0x68, 0x39, 0x88, 0x39, 0x88, 0x41, 0x68, 0x39, 0x68, 0x39, 0x88, 0x39,
    0x68, 0x39, 0x88, 0x41, 0x88, 0x39, 0x68, 0x39, 0x87, 0x41, 0x68, 0x39,
    0x68, 0x39, 0x68, 0x41, 0x88, 0x39, 0x68, 0x39, 0x88, 0x39, 0x88, 0x39,
    0x68, 0x39, 0x88, 0x39, 0x88, 0x41, 0x67, 0x39, 0x68, 0x39, 0x88, 0x41,
    0x68, 0x39, 0x68, 0x39, 0x88, 0x39, 0x88, 0x39, 0x68, 0x39, 0x88, 0x39,
    0x88, 0x39, 0x88, 0x41, 0x68, 0x39, 0x88, 0x39, 0x68, 0x39, 0x88, 0x39,
    0x88, 0x41, 0x68, 0x39, 0x88, 0x39, 0x88, 0x39, 0x68, 0x41, 0x87, 0x39,
    0x68, 0x39, 0x68, 0x41, 0x88, 0x39, 0x88, 0x39, 0x68, 0x39, 0x88, 0x39,
    0x68, 0x41, 0x68, 0x39, 0x88, 0x39, 0x68, 0x41, 0x68, 0x39, 0x88, 0x39,
    0x68, 0x39, 0x88, 0x39, 0x88, 0x39, 0x68, 0x39, 0x87, 0x39, 0x68, 0x39,
    0x68, 0x39, 0x88, 0x39, 0x68, 0x41, 0x68, 0x39, 0x88, 0x39, 0x68, 0x39,
    0x68, 0x39, 0x88, 0x41, 0x67, 0x39, 0x68, 0x39, 0x88, 0x41, 0x68, 0x39,
    0x88, 0x39, 0x88, 0x41, 0x68, 0x39, 0x88, 0x39, 0x88, 0x39, 0x68, 0x41,
    0x88, 0x39, 0x88, 0x41, 0x68, 0x39, 0x88, 0x41, 0x68, 0x39, 0x68, 0x39,
    0x88, 0x39, 0x88, 0x41, 0x68, 0x39, 0x88, 0x41, 0x68, 0x41, 0x87, 0x39,
    0x68, 0x39, 0x88, 0x41, 0x88, 0x39, 0x68, 0x39, 0x88, 0x39, 0x68, 0x39,
    0x67, 0x39, 0x88, 0x41, 0x88, 0x39, 0x68, 0x39, 0x87, 0x41, 0x68, 0x39,
    0x88, 0x39, 0x88, 0x39, 0x68, 0x39, 0x88, 0x39, 0x68, 0x41, 0x67, 0x39,
    0x88, 0x39, 0x68, 0x41, 0x88, 0x39, 0x88, 0x39, 0x68, 0x39, 0x88, 0x39,
    0x68, 0x41, 0x68, 0x39, 0x88, 0x39, 0x67, 0x41, 0x68, 0x39, 0x88, 0x41,
    0x68, 0x39, 0x68, 0x39, 0x88, 0x39, 0x88, 0x41, 0x68, 0x39, 0x88, 0x39,
    0x68, 0x39, 0x88, 0x39, 0x68, 0x41, 0x68, 0x39, 0x88, 0x39, 0x68, 0x39,
    0x68, 0x39, 0x88, 0x41, 0x88, 0x39, 0x68, 0x39, 0x88, 0x39, 0x87, 0x41,
    0x68, 0x39, 0x88, 0x39, 0x88, 0x39, 0x68, 0x39, 0x68, 0x41, 0x88, 0x39,
    0x88, 0x39, 0x68, 0x39, 0x88, 0x39, 0x67, 0x39, 0x68, 0x41, 0x88, 0x39,
    0x68, 0x39, 0x88, 0x39, 0x88, 0x39, 0x68, 0x41, 0x88, 0x39, 0x88, 0x41,
    0x68, 0x39, 0x88, 0x39, 0x68, 0x39, 0x68, 0x39, 0x88, 0x39, 0x68, 0x39,
    0x68, 0x41, 0x88, 0x39, 0x88, 0x39, 0x68, 0x39, 0x88, 0x41, 0x67, 0x39,
    0x68, 0x39, 0x88, 0x41, 0x68, 0x39, 0x88, 0x39, 0x87, 0x41, 0x68, 0x39,
    0x88, 0x39, 0x87, 0x39, 0x68, 0x39, 0x88, 0x39, 0x67, 0x39, 0x68, 0x41,
    0x88, 0x39, 0x67, 0x39, 0x68, 0x41, 0x88, 0x39, 0x68, 0x39, 0x68, 0x39,
    0x88, 0x39, 0x67, 0x39, 0x88, 0x41, 0x88, 0x39, 0x68, 0x39, 0x88, 0x41,
    0x88, 0x39, 0x68, 0x39, 0x88, 0x41, 0x88, 0x39, 0x68, 0x41, 0x88, 0x39,
    0x88, 0x39, 0x68, 0x39, 0x87, 0x39, 0x68, 0x41, 0x68, 0x39, 0x88, 0x39,
    0x68, 0x41, 0x68, 0x39, 0x88, 0x39, 0x68, 0x39, 0x88, 0x39, 0x88, 0x39,
    0x68, 0x39, 0x88, 0x41, 0x88, 0x39, 0x68, 0x39, 0x88, 0x41, 0x68, 0x39,
    0x68, 0x39, 0x88, 0x39, 0x68, 0x39, 0x67, 0x39, 0x88, 0x39, 0x68, 0x41,
    0x87, 0x39, 0x88, 0x39, 0x68, 0x39, 0x68, 0x41, 0x88, 0x39, 0x68, 0x39,
    0x68, 0x41, 0x88, 0x39, 0x88, 0x39, 0x67, 0x39, 0x88, 0x41, 0x68, 0x39,
    0x67, 0x39, 0x88, 0x41, 0x88, 0x41, 0x67, 0x39, 0x88, 0x41, 0x68, 0x39,
    0x67, 0x39, 0x88, 0x41, 0x68, 0x39, 0x67, 0x39, 0x88, 0x41, 0x88, 0x39,
    0x68, 0x39, 0x68, 0x41, 0x88, 0x39, 0x68, 0x39, 0x88, 0x41, 0x88, 0x39,
    0x68, 0x39, 0x88, 0x39, 0x68, 0x41, 0x67, 0x39, 0x88, 0x41, 0x68, 0x41,
    0x67, 0x39, 0x88, 0x39, 0x68, 0x39, 0x88, 0x39, 0x88, 0x39, 0x68, 0x39,
    0x88, 0x41, 0x68, 0x39, 0x67, 0x39, 0x88, 0x41, 0x68, 0x39, 0x68, 0x39,
    0x68, 0x39, 0x68, 0x39, 0x87, 0x41, 0x68, 0x39, 0x88, 0x39, 0x68, 0x41,
    0x67, 0x39, 0x88, 0x39, 0x68, 0x39, 0x68, 0x39, 0x88, 0x39, 0x88, 0x39,
    0x68, 0x41, 0x88, 0x39, 0x67, 0x39, 0x68, 0x41, 0x88, 0x41, 0x87, 0x39,
    0x68, 0x39, 0x88, 0x39, 0x87, 0x39, 0x68, 0x39, 0x88, 0x41, 0x68, 0x39,
    0x68, 0x41, 0x88, 0x39, 0x68, 0x41, 0x68, 0x39, 0x88, 0x41, 0x88, 0x39,
    0x68, 0x39, 0x87, 0x39, 0x88, 0x39, 0x68, 0x39, 0x87, 0x41, 0x88, 0x39,
    0x68, 0x39, 0x88, 0x39, 0x88, 0x41, 0x68, 0x39, 0x88, 0x39, 0x67, 0x41,
    0x68, 0x39, 0x88, 0x39, 0x67, 0x41, 0x68, 0x39, 0x88, 0x39, 0x68, 0x39,
    0x68, 0x39, 0x88, 0x39, 0x68, 0x41, 0x88, 0x39, 0x88, 0x39, 0x68, 0x41,
    0x67, 0x39, 0x88, 0x39, 0x68, 0x39, 0x87, 0x39, 0x88, 0x39, 0x68, 0x39,
    0x68, 0x41, 0x88, 0x39, 0x67, 0x41, 0x88, 0x39, 0x88, 0x41, 0x68, 0x39,
    0x88, 0x39, 0x68, 0x39, 0x68, 0x39, 0x88, 0x39, 0x88, 0x39, 0x68, 0x41,
    0x67, 0x39, 0x68, 0x39, 0x88, 0x41, 0x88, 0x39, 0x68, 0x39, 0x88, 0x39,
    0x68, 0x41, 0x68, 0x39, 0x87, 0x39, 0x88, 0x39, 0x68, 0x39, 0x88, 0x39,
    0x87, 0x39, 0x68, 0x39, 0x88, 0x39, 0x88, 0x39, 0x68, 0x41, 0x88, 0x39,
    0x88, 0x41, 0x68, 0x39, 0x67, 0x39, 0x88, 0x41, 0x68, 0x39, 0x87, 0x39,
    0x88, 0x41, 0x67, 0x39, 0x88, 0x39, 0x68, 0x39, 0x87, 0x41, 0x88, 0x39,
    0x68, 0x39, 0x67, 0x41, 0x88, 0x39, 0x68, 0x39, 0x68, 0x39, 0x88, 0x41,
    0x68, 0x39, 0x68, 0x39, 0x87, 0x41, 0x88, 0x39, 0x68, 0x39, 0x68, 0x41,
    0x88, 0x39, 0x68, 0x41, 0x88, 0x39, 0x88, 0x39, 0x68, 0x41, 0x88, 0x39,
    0x67, 0x39, 0x68, 0x41, 0x88, 0x39, 0x68, 0x39, 0x88, 0x39, 0x67, 0x39,
    0x88, 0x41, 0x88, 0x41, 0x67, 0x39, 0x88, 0x41, 0x88, 0x39, 0x68, 0x39,
    0x68, 0x41, 0x88, 0x39, 0x68, 0x39, 0x68, 0x39, 0x88, 0x39, 0x88, 0x39,
    0x68, 0x39, 0x68, 0x39, 0x88, 0x41, 0x68, 0x39, 0x68, 0x39, 0x88, 0x41,
    0x68, 0x39, 0x68, 0x41, 0x88, 0x41, 0x88, 0x39, 0x68, 0x39, 0x88, 0x39,
    0x88, 0x41, 0x68, 0x39, 0x88, 0x39, 0x88, 0x41, 0x68, 0x39, 0x88, 0x39,
    0x68, 0x41, 0x68, 0x39, 0x88, 0x39, 0x68, 0x39, 0x67, 0x39, 0x88, 0x39,
    0x68, 0x39, 0x68, 0x39, 0x88, 0x39, 0x68, 0x39, 0x67, 0x41, 0x88, 0x39,
    0x68, 0x41, 0x88, 0x39, 0x88, 0x39, 0x68, 0x41, 0x88, 0x39, 0x88, 0x39,
    0x68, 0x39, 0x88, 0x41, 0x68, 0x39, 0x68, 0x39, 0x87, 0x41, 0x68, 0x39,
    0x68, 0x39, 0x88, 0x39, 0x68, 0x41, 0x88, 0x39, 0x88, 0x39, 0x68, 0x41,
    0x87, 0x39, 0x88, 0x41, 0x68, 0x39, 0x88, 0x39, 0x68, 0x39, 0x68, 0x39,
    0x88, 0x41, 0x68, 0x39, 0x88, 0x39, 0x87, 0x39, 0x68, 0x41, 0x88, 0x39,
    0x67, 0x39, 0x68, 0x39, 0x88, 0x39, 0x68, 0x39, 0x88, 0x39, 0x88, 0x39,
    0x68, 0x39, 0x68, 0x39, 0x88, 0x39, 0x68, 0x39, 0x88, 0x41, 0x88, 0x39,
    0x68, 0x39, 0x88, 0x41, 0x88, 0x39, 0x68, 0x39, 0x88, 0x39, 0x68, 0x41,
    0x87, 0x39, 0x68, 0x39, 0x88, 0x39, 0x67, 0x39, 0x68, 0x39, 0x88, 0x39,
    0x87, 0x39, 0x88, 0x39, 0x68, 0x39, 0x88, 0x39, 0x88, 0x39, 0x68, 0x39,
    0x88, 0x41, 0x68, 0x39, 0x68, 0x39, 0x88, 0x41, 0x68, 0x39, 0x87, 0x39,
    0x88, 0x39, 0x88, 0x41, 0x68, 0x39, 0x88, 0x39, 0x88, 0x41, 0x68, 0x39,
    0x68, 0x39, 0x88, 0x39, 0x88, 0x39, 0x68, 0x39, 0x88, 0x41, 0x68, 0x39,
    0x88, 0x39, 0x88, 0x41, 0x68, 0x39, 0x67, 0x41, 0x88, 0x39, 0x68, 0x39,
    0x88, 0x39, 0x88, 0x39, 0x68, 0x39, 0x68, 0x39, 0x88, 0x39, 0x68, 0x39,
    0x68, 0x41, 0x88, 0x39, 0x68, 0x39, 0x88, 0x41, 0x88, 0x39, 0x67, 0x39,
    0x88, 0x39, 0x88, 0x41, 0x67, 0x39, 0x88, 0x39, 0x68, 0x39, 0x88, 0x41,
    0x68, 0x41, 0x68, 0x39, 0x88, 0x39, 0x68, 0x41, 0x88, 0x39, 0x68, 0x39,
    0x68, 0x41, 0x88, 0x39, 0x68, 0x39, 0x88, 0x39, 0x88, 0x39, 0x68, 0x41,
    0x88, 0x39, 0x88, 0x39, 0x68, 0x39, 0x88, 0x41, 0x87, 0x39, 0x68, 0x39,
    0x88, 0x41, 0x67, 0x39, 0x68, 0x39, 0x88, 0x39, 0x87, 0x39, 0x68, 0x41,
    0x88, 0x39, 0x68, 0x39, 0x68, 0x39, 0x88, 0x39, 0x68, 0x39, 0x88, 0x41,
    0x88, 0x39, 0x68, 0x39, 0x68, 0x39, 0x88, 0x39, 0x68, 0x41, 0x88, 0x39,
    0x88, 0x39, 0x67, 0x41, 0x68, 0x39, 0x88, 0x39, 0x68, 0x41, 0x88, 0x39,
    0x88, 0x39, 0x68, 0x41, 0x88, 0x39, 0x67, 0x39, 0x88, 0x39, 0x88, 0x41,
    0x68, 0x39, 0x88, 0x39, 0x68, 0x41, 0x68, 0x41, 0x88, 0x39, 0x68, 0x41,
    0x68, 0x39, 0x88, 0x41, 0x68, 0x39, 0x68, 0x39, 0x88, 0x39, 0x67, 0x39,
    0x88, 0x39, 0x68, 0x39, 0x88, 0x39, 0x68, 0x39, 0x68, 0x39, 0x88, 0x39,
    0x68, 0x41, 0x68, 0x39, 0x88, 0x39, 0x88, 0x41, 0x68, 0x39, 0x88, 0x39,
    0x88, 0x39, 0x68, 0x39, 0x88, 0x41, 0x88, 0x39, 0x67, 0x39, 0x88, 0x39,
    0x88, 0x39, 0x68, 0x41, 0x68, 0x39, 0x88, 0x39, 0x88, 0x39, 0x67, 0x39,
    0x68, 0x39, 0x88, 0x41, 0x67, 0x39, 0x88, 0x39, 0x68, 0x39, 0x88, 0x39,
    0x88, 0x41, 0x68, 0x39, 0x67, 0x39, 0x88, 0x41, 0x68, 0x39, 0x68, 0x39,
    0x88, 0x39, 0x68, 0x39, 0x68, 0x39, 0x88, 0x41, 0x87, 0x39, 0x68, 0x39,
    0x88, 0x39, 0x87, 0x41, 0x68, 0x39, 0x88, 0x41, 0x67, 0x39, 0x88, 0x41,
    0x88, 0x39, 0x68, 0x39, 0x87, 0x39, 0x88, 0x39, 0x68, 0x39, 0x88, 0x39,
    0x87, 0x39, 0x68, 0x39, 0x68, 0x39, 0x88, 0x41, 0x68, 0x39, 0x88, 0x39,
    0x67, 0x39, 0x68, 0x39, 0x88, 0x39, 0x67, 0x39, 0x88, 0x39, 0x88, 0x41,
    0x67, 0x39, 0x88, 0x39, 0x88, 0x41, 0x68, 0x39, 0x88, 0x41, 0x88, 0x39,
    0x68, 0x41, 0x87, 0x39, 0x88, 0x39, 0x68, 0x41, 0x88, 0x39, 0x68, 0x39,
    0x68, 0x39, 0x87, 0x41, 0x68, 0x39, 0x68, 0x39, 0x88, 0x39, 0x67, 0x39,
    0x88, 0x39, 0x88, 0x41, 0x68, 0x39, 0x88, 0x39, 0x88, 0x41, 0x68, 0x39,
    0x88, 0x39, 0x67, 0x39, 0x68, 0x39, 0x88, 0x39, 0x67, 0x39, 0x68, 0x39,
    0x88, 0x41, 0x68, 0x39, 0x88, 0x39, 0x88, 0x41, 0x68, 0x39, 0x88, 0x39,
    0x68, 0x41, 0x68, 0x39, 0x88, 0x39, 0x68, 0x39, 0x88, 0x39, 0x88, 0x41,
    0x68, 0x39, 0x88, 0x41, 0x68, 0x41, 0x68, 0x39, 0x88, 0x41, 0x88, 0x39,
    0x68, 0x41, 0x88, 0x39, 0x68, 0x39, 0x68, 0x39, 0x88, 0x39, 0x68, 0x39,
    0x68, 0x39, 0x88, 0x39, 0x68, 0x41, 0x88, 0x39, 0x68, 0x39, 0x88, 0x39,
    0x68, 0x39, 0x88, 0x41, 0x88, 0x39, 0x68, 0x41, 0x88, 0x39, 0x68, 0x41,
    0x68, 0x41, 0x88, 0x39, 0x68, 0x39, 0x68, 0x41, 0x88, 0x39, 0x88, 0x39,
    0x68, 0x39, 0x88, 0x39, 0x87, 0x41, 0x68, 0x39, 0x68, 0x39, 0x68, 0x41,
    0x88, 0x39, 0x68, 0x39, 0x68, 0x39, 0x88, 0x39, 0x68, 0x39, 0x88, 0x39,
    0x68, 0x39, 0x88, 0x39, 0x68, 0x41, 0x68, 0x39, 0x87, 0x39, 0x68, 0x39,
    0x68, 0x39, 0x88, 0x39, 0x88, 0x41, 0x68, 0x39, 0x88, 0x39, 0x68, 0x41,
    0x67, 0x39, 0x88, 0x41, 0x88, 0x39, 0x68, 0x39, 0x88, 0x41, 0x88, 0x39,
    0x67, 0x39, 0x88, 0x41, 0x68, 0x39, 0x68, 0x39, 0x88, 0x39, 0x68, 0x39,
    0x68, 0x39, 0x88, 0x39, 0x68, 0x39, 0x88, 0x39, 0x68, 0x39, 0x67, 0x39,
    0x88, 0x39, 0x88, 0x39, 0x68, 0x41, 0x88, 0x39, 0x68, 0x39, 0x88, 0x39,
    0x87, 0x39, 0x68, 0x41, 0x68, 0x39, 0x87, 0x39, 0x68, 0x41, 0x68, 0x39,
    0x88, 0x39, 0x68, 0x39, 0x68, 0x39, 0x88, 0x41, 0x68, 0x39, 0x88, 0x39,
    0x88, 0x41, 0x68, 0x39, 0x88, 0x39, 0x68, 0x41, 0x68, 0x39, 0x88, 0x39,
    0x88, 0x39, 0x68, 0x41, 0x88, 0x41, 0x68, 0x39, 0x68, 0x39, 0x87, 0x39,
    0x88, 0x39, 0x68, 0x39, 0x88, 0x39, 0x68, 0x39, 0x67, 0x39, 0x88, 0x41,
    0x68, 0x39, 0x88, 0x39, 0x88, 0x41, 0x68, 0x39, 0x67, 0x39, 0x88, 0x39,
    0x68, 0x39, 0x88, 0x39, 0x68, 0x39, 0x68, 0x41, 0x88, 0x39, 0x68, 0x39,
    0x87, 0x39, 0x88, 0x39, 0x68, 0x39, 0x88, 0x39, 0x87, 0x39, 0x68, 0x39,
    0x88, 0x41, 0x88, 0x39, 0x67, 0x39, 0x88, 0x41, 0x68, 0x39, 0x68, 0x39,
    0x88, 0x41, 0x88, 0x39, 0x68, 0x41, 0x88, 0x39, 0x88, 0x39, 0x68, 0x41,
    0x88, 0x39, 0x68, 0x39, 0x88, 0x39, 0x68, 0x39, 0x68, 0x39, 0x67, 0x41,
    0x88, 0x39, 0x68, 0x39, 0x68, 0x39, 0x88, 0x41, 0x68, 0x39, 0x68, 0x39,
    0x88, 0x41, 0x88, 0x39, 0x68, 0x39, 0x68, 0x41, 0x88, 0x39, 0x88, 0x39,
    0x68, 0x39, 0x88, 0x39, 0x68, 0x41, 0x68, 0x39, 0x88, 0x39, 0x68, 0x41,
    0x88, 0x39, 0x88, 0x39, 0x68, 0x39, 0x88, 0x39, 0x88, 0x41, 0x68, 0x39,
    0x88, 0x39, 0x67, 0x39, 0x88, 0x39, 0x68, 0x39, 0x68, 0x41, 0x88, 0x39,
    0x68, 0x39, 0x68, 0x39, 0x88, 0x39, 0x68, 0x39, 0x68, 0x41, 0x88, 0x39,
    0x68, 0x39, 0x68, 0x41, 0x88, 0x39, 0x68, 0x41, 0x68, 0x39, 0x88, 0x39,
    0x88, 0x41, 0x68, 0x39, 0x88, 0x39, 0x67, 0x39, 0x88, 0x41, 0x68, 0x39,
    0x88, 0x39, 0x88, 0x41, 0x68, 0x39, 0x68, 0x39, 0x88, 0x41, 0x68, 0x39,
    0x68, 0x39, 0x88, 0x39, 0x68, 0x39, 0x67, 0x41, 0x88, 0x39, 0x68, 0x39,
    0x68, 0x39, 0x88, 0x41, 0x68, 0x39, 0x88, 0x39, 0x88, 0x39, 0x68, 0x39,
    0x88, 0x39, 0x88, 0x39, 0x68, 0x39, 0x88, 0x41, 0x68, 0x39, 0x68, 0x39,
    0x88, 0x41, 0x67, 0x39, 0x68, 0x39, 0x88, 0x39, 0x68, 0x39, 0x88, 0x41,
    0x88, 0x39, 0x68, 0x41, 0x88, 0x39, 0x88, 0x41, 0x68, 0x39, 0x88, 0x39,
    0x68, 0x39, 0x68, 0x39, 0x88, 0x39, 0x67, 0x41, 0x88, 0x39, 0x88, 0x39,
    0x67, 0x39, 0x88, 0x41, 0x68, 0x39, 0x68, 0x39, 0x88, 0x41, 0x68, 0x39,
    0x88, 0x39, 0x88, 0x39, 0x67, 0x39, 0x88, 0x39, 0x68, 0x39, 0x67, 0x41,
    0x88, 0x39, 0x88, 0x39, 0x67, 0x41, 0x88, 0x41, 0x88, 0x39, 0x67, 0x41,
    0x88, 0x39, 0x68, 0x39, 0x67, 0x39, 0x88, 0x41, 0x68, 0x39, 0x87, 0x39,
    0x68, 0x41, 0x68, 0x39, 0x88, 0x39, 0x68, 0x39, 0x88, 0x39, 0x88, 0x39,
    0x68, 0x39, 0x88, 0x39, 0x87, 0x41, 0x68, 0x39, 0x68, 0x39, 0x87, 0x41,
    0x68, 0x39, 0x88, 0x39, 0x88, 0x39, 0x68, 0x39, 0x88, 0x39, 0x88, 0x41,
    0x68, 0x39, 0x87, 0x39, 0x88, 0x41, 0x68, 0x39, 0x67, 0x39, 0x88, 0x41,
    0x68, 0x39, 0x88, 0x39, 0x88, 0x41, 0x68, 0x39, 0x88, 0x39, 0x88, 0x41,
    0x68, 0x39, 0x67, 0x39, 0x88, 0x39, 0x88, 0x39, 0x68, 0x39, 0x88, 0x41,
    0x68, 0x39, 0x68, 0x39, 0x88, 0x41, 0x67, 0x39, 0x88, 0x39, 0x68, 0x39,
    0x88, 0x39, 0x88, 0x39, 0x68, 0x41, 0x87, 0x39, 0x88, 0x39, 0x68, 0x41,
    0x88, 0x41, 0x68, 0x39, 0x88, 0x41, 0x68, 0x41, 0x88, 0x39, 0x88, 0x39,
    0x68, 0x39, 0x88, 0x41, 0x67, 0x39, 0x68, 0x39, 0x88, 0x41, 0x68, 0x39,
    0x88, 0x39, 0x68, 0x39, 0x88, 0x41, 0x88, 0x39, 0x68, 0x39, 0x87, 0x39,
    0x88, 0x41, 0x68, 0x39, 0x87, 0x39, 0x68, 0x39, 0x68, 0x39, 0x88, 0x39,
    0x68, 0x39, 0x88, 0x39, 0x87, 0x39, 0x68, 0x41, 0x68, 0x39, 0x88, 0x39,
    0x68, 0x39, 0x87, 0x39, 0x88, 0x39, 0x68, 0x41, 0x88, 0x39, 0x68, 0x41,
    0x68, 0x39, 0x88, 0x41, 0x87, 0x41, 0x68, 0x39, 0x88, 0x39, 0x68, 0x39,
    0x68, 0x39, 0x88, 0x39, 0x88, 0x41, 0x68, 0x39, 0x88, 0x39, 0x68, 0x41,
    0x88, 0x39, 0x67, 0x39, 0x88, 0x41, 0x88, 0x39, 0x68, 0x39, 0x68, 0x41,
    0x88, 0x39, 0x68, 0x39, 0x68, 0x41, 0x88, 0x39, 0x68, 0x39, 0x68, 0x39,
    0x88, 0x39, 0x68, 0x39, 0x88, 0x39, 0x88, 0x41, 0x68, 0x39, 0x88, 0x39,
    0x68, 0x39, 0x67, 0x41, 0x88, 0x39, 0x68, 0x39, 0x67, 0x41, 0x88, 0x39,
    0x88, 0x39, 0x67, 0x39, 0x88, 0x41, 0x88, 0x39, 0x68, 0x39, 0x88, 0x41,
    0x88, 0x39, 0x68, 0x39, 0x87, 0x41, 0x88, 0x39, 0x68, 0x39, 0x68, 0x41,
    0x87, 0x39, 0x88, 0x39, 0x68, 0x39, 0x67, 0x41, 0x88, 0x39, 0x68, 0x41,
    0x88, 0x39, 0x88, 0x39, 0x68, 0x39, 0x88, 0x41, 0x87, 0x39, 0x68, 0x39,
    0x68, 0x39, 0x88, 0x41, 0x68, 0x39, 0x68, 0x39, 0x87, 0x39, 0x88, 0x41,
    0x68, 0x39, 0x88, 0x41, 0x88, 0x39, 0x68, 0x39, 0x88, 0x39, 0x88, 0x41,
    0x68, 0x39, 0x88, 0x39, 0x87, 0x41, 0x68, 0x39, 0x88, 0x39, 0x88, 0x39,
    0x68, 0x39, 0x87, 0x39, 0x88, 0x41, 0x68, 0x39, 0x68, 0x39, 0x87, 0x41,
    0x68, 0x39, 0x88, 0x39, 0x68, 0x39, 0x88, 0x39, 0x68, 0x39, 0x88, 0x41,
    0x68, 0x39, 0x88, 0x39, 0x68, 0x41, 0x88, 0x39, 0x68, 0x39, 0x88, 0x39,
    0x88, 0x41, 0x68, 0x39, 0x88, 0x39, 0x88, 0x39, 0x68, 0x39, 0x88, 0x39,
    0x88, 0x39, 0x68, 0x39, 0x67, 0x41, 0x88, 0x39, 0x68, 0x39, 0x67, 0x41,
    0x88, 0x41, 0x68, 0x39, 0x88, 0x39, 0x87, 0x41, 0x68, 0x39, 0x88, 0x39,
    0x88, 0x39, 0x68, 0x39, 0x88, 0x41, 0x67, 0x39, 0x68, 0x39, 0x88, 0x39,
    0x67, 0x39, 0x68, 0x39, 0x88, 0x41, 0x68, 0x39, 0x88, 0x39, 0x88, 0x41,
    0x67, 0x39, 0x88, 0x39, 0x68, 0x41, 0x68, 0x39, 0x88, 0x39, 0x68, 0x39,
    0x88, 0x39, 0x88, 0x41, 0x67, 0x39, 0x88, 0x39, 0x68, 0x39, 0x67, 0x39,
    0x88, 0x39, 0x68, 0x39, 0x88, 0x39, 0x88, 0x39, 0x68, 0x39, 0x68, 0x39,
    0x88, 0x39, 0x68, 0x39, 0x68, 0x39, 0x88, 0x39, 0x68, 0x39, 0x88, 0x39,
    0x88, 0x41, 0x68, 0x39, 0x88, 0x39, 0x88, 0x39, 0x68, 0x39, 0x88, 0x41,
    0x88, 0x39, 0x68, 0x39, 0x87, 0x39, 0x68, 0x41, 0x68, 0x39, 0x87, 0x39,
    0x68, 0x39, 0x68, 0x41, 0x88, 0x39, 0x88, 0x39, 0x68, 0x39, 0x68, 0x39,
    0x88, 0x41, 0x68, 0x39, 0x68, 0x41, 0x88, 0x39, 0x87, 0x39, 0x68, 0x39,
    0x68, 0x39, 0x88, 0x41, 0x68, 0x39, 0x88, 0x39, 0x68, 0x41, 0x68, 0x39,
    0x68, 0x39, 0x88, 0x39, 0x67, 0x39, 0x68, 0x39, 0x88, 0x39, 0x88, 0x41,
    0x68, 0x39, 0x68, 0x39, 0x88, 0x41, 0x68, 0x39, 0x67, 0x39, 0x88, 0x39,
    0x88, 0x39, 0x68, 0x39, 0x88, 0x39, 0x68, 0x41, 0x68, 0x39, 0x88, 0x41,
    0x68, 0x39, 0x68, 0x39, 0x88, 0x39, 0x68, 0x41, 0x68, 0x39, 0x88, 0x39,
    0x87, 0x39, 0x68, 0x39, 0x88, 0x39, 0x67, 0x39, 0x88, 0x41, 0x68, 0x39,
    0x68, 0x39, 0x88, 0x41, 0x88, 0x39, 0x68, 0x39, 0x87, 0x39, 0x68, 0x41,
    0x68, 0x39, 0x88, 0x39, 0x68, 0x39, 0x68, 0x39, 0x88, 0x39, 0x68, 0x41,
    0x68, 0x39, 0x88, 0x39, 0x88, 0x41, 0x68, 0x39, 0x88, 0x41, 0x67, 0x39,
    0x68, 0x41, 0x88, 0x39, 0x68, 0x39, 0x88, 0x39, 0x88, 0x41, 0x68, 0x39,
    0x68, 0x41, 0x88, 0x39, 0x68, 0x39, 0x88, 0x39, 0x87, 0x39, 0x68, 0x39,
    0x68, 0x39, 0x88, 0x39, 0x68, 0x39, 0x88, 0x41, 0x88, 0x39, 0x68, 0x41,
    0x87, 0x39, 0x68, 0x39, 0x68, 0x39, 0x87, 0x39, 0x88, 0x41, 0x68, 0x39,
    0x88, 0x39, 0x68, 0x41, 0x68, 0x39, 0x88, 0x39, 0x67, 0x39, 0x88, 0x41,
    0x88, 0x39, 0x68, 0x39, 0x87, 0x41, 0x88, 0x39, 0x68, 0x41, 0x88, 0x39,
    0x67, 0x39, 0x68, 0x41, 0x88, 0x39, 0x68, 0x39, 0x87, 0x39, 0x88, 0x41,
    0x68, 0x39, 0x88, 0x39, 0x88, 0x39, 0x68, 0x39, 0x68, 0x39, 0x88, 0x39,
    0x68, 0x39, 0x68, 0x41, 0x88, 0x39, 0x67, 0x39, 0x68, 0x39, 0x88, 0x39,
    0x68, 0x39, 0x68, 0x41, 0x88, 0x39, 0x88, 0x39, 0x68, 0x39, 0x88, 0x39,
    0x68, 0x39, 0x68, 0x39, 0x88, 0x39, 0x88, 0x39, 0x68, 0x39, 0x67, 0x39,
    0x88, 0x41, 0x68, 0x39, 0x67, 0x39, 0x88, 0x39, 0x68, 0x39, 0x68, 0x39,
    0x87, 0x41, 0x88, 0x39, 0x68, 0x39, 0x68, 0x41, 0x88, 0x39, 0x68, 0x39,
    0x68, 0x39, 0x88, 0x41, 0x68, 0x39, 0x67, 0x39, 0x88, 0x39, 0x68, 0x39,
    0x67, 0x41, 0x88, 0x39, 0x68, 0x39, 0x88, 0x41, 0x68, 0x39, 0x68, 0x39,
    0x88, 0x41, 0x68, 0x39, 0x88, 0x39, 0x88, 0x39, 0x68, 0x39, 0x88, 0x39,
    0x68, 0x39, 0x68, 0x41, 0x87, 0x41, 0x68, 0x39, 0x88, 0x39, 0x67, 0x39,
    0x68, 0x39, 0x88, 0x39, 0x87, 0x41, 0x68, 0x39, 0x68, 0x39, 0x87, 0x41,
    0x68, 0x39, 0x68, 0x39, 0x87, 0x41, 0x68, 0x39, 0x68, 0x41, 0x87, 0x41,
    0x88, 0x39, 0x68, 0x39, 0x88, 0x39, 0x88, 0x41, 0x68, 0x39, 0x88, 0x39,
    0x68, 0x39, 0x68, 0x39, 0x88, 0x39, 0x68, 0x39, 0x68, 0x41, 0x88, 0x39,
    0x68, 0x39, 0x88, 0x41, 0x88, 0x39, 0x68, 0x39, 0x88, 0x41, 0x88, 0x39,
    0x68, 0x39, 0x88, 0x39, 0x68, 0x39, 0x67, 0x39, 0x88, 0x39, 0x68, 0x41,
    0x88, 0x39, 0x88, 0x39, 0x68, 0x39, 0x88, 0x39, 0x68, 0x41, 0x68, 0x39,
    0x88, 0x39, 0x68, 0x39, 0x88, 0x41, 0x88, 0x39, 0x68, 0x39, 0x88, 0x41,
    0x68, 0x41, 0x68, 0x39, 0x88, 0x41, 0x68, 0x41, 0x88, 0x39, 0x88, 0x39,
    0x67, 0x41, 0x88, 0x39, 0x88, 0x39, 0x68, 0x41, 0x68, 0x39, 0x88, 0x39,
    0x68, 0x39, 0x67, 0x41, 0x88, 0x39, 0x68, 0x39, 0x68, 0x41, 0x88, 0x39,
    0x68, 0x39, 0x88, 0x39, 0x88, 0x41, 0x68, 0x39, 0x88, 0x39, 0x88, 0x41,
    0x68, 0x39, 0x68, 0x39, 0x88, 0x39, 0x68, 0x41, 0x88, 0x39, 0x88, 0x39,
    0x67, 0x39, 0x88, 0x39, 0x68, 0x41, 0x68, 0x39, 0x88, 0x39, 0x68, 0x41,
    0x88, 0x39, 0x68, 0x39, 0x88, 0x39, 0x88, 0x39, 0x88, 0x39, 0x68, 0x39,
    0x88, 0x39, 0x68, 0x41, 0x88, 0x39, 0x68, 0x39, 0x68, 0x41, 0x87, 0x39,
    0x88, 0x39, 0x68, 0x41, 0x88, 0x39, 0x88, 0x39, 0x68, 0x41, 0x88, 0x39,
    0x68, 0x41, 0x87, 0x39, 0x88, 0x39, 0x68, 0x39, 0x88, 0x39, 0x87, 0x41,
    0x68, 0x39, 0x88, 0x39, 0x87, 0x39, 0x68, 0x39, 0x68, 0x39, 0x88, 0x39,
    0x68, 0x39, 0x68, 0x41, 0x88, 0x39, 0x88, 0x39, 0x68, 0x39, 0x87, 0x39,
    0x68, 0x39, 0x88, 0x39, 0x68, 0x39, 0x88, 0x39, 0x88, 0x39, 0x68, 0x39,
    0x88, 0x41, 0x87, 0x39, 0x68, 0x41, 0x88, 0x39, 0x87, 0x39, 0x68, 0x39,
    0x68, 0x39, 0x88, 0x39, 0x68, 0x41, 0x88, 0x39, 0x88, 0x39, 0x68, 0x39,
    0x88, 0x41, 0x68, 0x39, 0x68, 0x39, 0x88, 0x39, 0x87, 0x39, 0x68, 0x39,
    0x88, 0x39, 0x68, 0x41, 0x68, 0x39, 0x88, 0x39, 0x68, 0x41, 0x88, 0x39,
    0x88, 0x39, 0x68, 0x39, 0x68, 0x39, 0x88, 0x39, 0x68, 0x39, 0x88, 0x41,
    0x88, 0x39, 0x68, 0x39, 0x68, 0x41, 0x88, 0x39, 0x68, 0x39, 0x68, 0x39,
    0x88, 0x39, 0x88, 0x39, 0x68, 0x39, 0x88, 0x39, 0x68, 0x41, 0x68, 0x39,
    0x88, 0x39, 0x68, 0x39, 0x68, 0x39, 0x88, 0x39, 0x68, 0x39, 0x88, 0x41,
    0x88, 0x39, 0x68, 0x39, 0x68, 0x41, 0x88, 0x39, 0x68, 0x39, 0x68, 0x39,
    0x88, 0x41, 0x68, 0x39, 0x88, 0x39, 0x88, 0x41, 0x68, 0x39, 0x87, 0x39,
    0x88, 0x41, 0x68, 0x39, 0x88, 0x39, 0x68, 0x41, 0x88, 0x39, 0x88, 0x39,
    0x67, 0x41, 0x68, 0x39, 0x88, 0x39, 0x68, 0x39, 0x87, 0x41, 0x88, 0x39,
    0x68, 0x41, 0x88, 0x41, 0x88, 0x39, 0x68, 0x39, 0x88, 0x41, 0x88, 0x39,
    0x68, 0x39, 0x88, 0x41, 0x88, 0x39, 0x68, 0x39, 0x88, 0x41, 0x88, 0x39,
    0x68, 0x39, 0x88, 0x39, 0x88, 0x39, 0x67, 0x39, 0x88, 0x41, 0x68, 0x39,
    0x87, 0x39, 0x88, 0x39, 0x68, 0x41, 0x88, 0x39, 0x88, 0x39, 0x68, 0x41,
    0x88, 0x39, 0x68, 0x39, 0x88, 0x39, 0x68, 0x39, 0x87, 0x41, 0x88, 0x39,
    0x68, 0x39, 0x68, 0x41, 0x88, 0x39, 0x67, 0x39, 0x88, 0x41, 0x88, 0x39,
    0x68, 0x39, 0x88, 0x39, 0x88, 0x39, 0x68, 0x41, 0x88, 0x39, 0x88, 0x41,
    0x68, 0x39, 0x68, 0x39, 0x88, 0x39, 0x68, 0x39, 0x88, 0x39, 0x88, 0x39,
    0x68, 0x39, 0x88, 0x39, 0x88, 0x39, 0x68, 0x39, 0x68, 0x39, 0x88, 0x39,
    0x68, 0x41, 0x68, 0x39, 0x88, 0x39, 0x68, 0x39, 0x88, 0x39, 0x88, 0x39,
    0x67, 0x41, 0x88, 0x39, 0x88, 0x39, 0x68, 0x41, 0x88, 0x39, 0x67, 0x39,
    0x68, 0x41, 0x88, 0x39, 0x68, 0x39, 0x68, 0x39, 0x88, 0x41, 0x68, 0x39,
    0x88, 0x41, 0x88, 0x41, 0x68, 0x39, 0x88, 0x39, 0x68, 0x41, 0x68, 0x39,
    0x88, 0x39, 0x68, 0x41, 0x87, 0x39, 0x88, 0x39, 0x68, 0x41, 0x87, 0x39,
    0x68, 0x39, 0x68, 0x41, 0x88, 0x39, 0x68, 0x39, 0x88, 0x39, 0x88, 0x39,
    0x67, 0x39, 0x88, 0x39, 0x68, 0x39, 0x67, 0x39, 0x88, 0x41, 0x68, 0x39,
    0x68, 0x39, 0x88, 0x41, 0x87, 0x39, 0x68, 0x39, 0x88, 0x41, 0x87, 0x39,
    0x68, 0x39, 0x88, 0x39, 0x88, 0x41, 0x68, 0x39, 0x87, 0x39, 0x68, 0x39,
    0x68, 0x39, 0x87, 0x41, 0x68, 0x39, 0x68, 0x39, 0x88, 0x39, 0x68, 0x41,
    0x88, 0x39, 0x87, 0x39, 0x68, 0x41, 0x68, 0x39, 0x87, 0x39, 0x68, 0x41,
    0x88, 0x39, 0x88, 0x39, 0x68, 0x39, 0x87, 0x39, 0x68, 0x41, 0x88, 0x39,
    0x67, 0x39, 0x68, 0x41, 0x88, 0x39, 0x67, 0x41, 0x68, 0x39, 0x88, 0x39,
    0x68, 0x39, 0x88, 0x39, 0x88, 0x41, 0x68, 0x39, 0x88, 0x39, 0x68, 0x39,
    0x68, 0x39, 0x88, 0x39, 0x67, 0x39, 0x88, 0x39, 0x68, 0x41, 0x68, 0x39,
    0x88, 0x39, 0x68, 0x41, 0x68, 0x39, 0x88, 0x39, 0x68, 0x39, 0x68, 0x39,
    0x88, 0x41, 0x68, 0x39, 0x88, 0x41, 0x88, 0x39, 0x68, 0x41, 0x88, 0x39,
    0x88, 0x39, 0x67, 0x41, 0x68, 0x39, 0x88, 0x39, 0x68, 0x41, 0x88, 0x39,
    0x88, 0x41, 0x68, 0x39, 0x67, 0x41, 0x88, 0x41, 0x68, 0x39, 0x68, 0x39,
    0x88, 0x39, 0x68, 0x39, 0x88, 0x41, 0x68, 0x39, 0x88, 0x39, 0x88, 0x41,
    0x68, 0x39, 0x87, 0x39, 0x68, 0x39, 0x68, 0x39, 0x87, 0x39, 0x88, 0x39,
    0x68, 0x39, 0x87, 0x41, 0x68, 0x39, 0x68, 0x41, 0x88, 0x39, 0x68, 0x39,
    0x87, 0x39, 0x88, 0x41, 0x68, 0x39, 0x67, 0x39, 0x88, 0x41, 0x68, 0x39,
    0x87, 0x41, 0x68, 0x41, 0x88, 0x39, 0x67, 0x39, 0x68, 0x39, 0x88, 0x39,
    0x68, 0x39, 0x88, 0x41, 0x88, 0x39, 0x68, 0x39, 0x88, 0x41, 0x67, 0x39,
    0x88, 0x41, 0x68, 0x39, 0x87, 0x39, 0x88, 0x41, 0x68, 0x39, 0x88, 0x39,
    0x87, 0x39, 0x68, 0x41, 0x88, 0x39, 0x68, 0x39, 0x67, 0x39, 0x88, 0x39,
    0x88, 0x39, 0x68, 0x39, 0x87, 0x39, 0x88, 0x41, 0x68, 0x39, 0x88, 0x39,
    0x67, 0x39, 0x68, 0x41, 0x88, 0x39, 0x67, 0x39, 0x68, 0x41, 0x88, 0x39,
    0x68, 0x39, 0x88, 0x39, 0x68, 0x39, 0x88, 0x41, 0x68, 0x39, 0x88, 0x39,
    0x88, 0x39, 0x68, 0x39, 0x88, 0x41, 0x68, 0x39, 0x68, 0x39, 0x88, 0x39,
    0x68, 0x39, 0x67, 0x39, 0x88, 0x39, 0x68, 0x41, 0x67, 0x39, 0x88, 0x39,
    0x68, 0x39, 0x68, 0x39, 0x88, 0x41, 0x68, 0x39, 0x88, 0x39, 0x68, 0x41,
    0x68, 0x39, 0x68, 0x41, 0x88, 0x39, 0x88, 0x39, 0x68, 0x39, 0x88, 0x41,
    0x68, 0x39, 0x68, 0x39, 0x88, 0x39, 0x68, 0x41, 0x68, 0x39, 0x88, 0x39,
    0x88, 0x39, 0x68, 0x41, 0x68, 0x39, 0x88, 0x39, 0x68, 0x39, 0x88, 0x39,
    0x67, 0x39, 0x88, 0x39, 0x68, 0x41, 0x68, 0x39, 0x88, 0x39, 0x68, 0x41,
    0x67, 0x39, 0x88, 0x39, 0x68, 0x39, 0x68, 0x39, 0x88, 0x39, 0x88, 0x41,
    0x68, 0x39, 0x88, 0x39, 0x68, 0x41, 0x88, 0x41, 0x67, 0x39, 0x68, 0x39,
    0x88, 0x41, 0x68, 0x41, 0x88, 0x39, 0x88, 0x39, 0x68, 0x39, 0x88, 0x39,
    0x68, 0x39, 0x87, 0x41, 0x68, 0x39, 0x68, 0x39, 0x87, 0x41, 0x68, 0x39,
    0x68, 0x39, 0x88, 0x41, 0x68, 0x39, 0x87, 0x39, 0x88, 0x39, 0x68, 0x39,
    0x88, 0x39, 0x87, 0x39, 0x68, 0x39, 0x88, 0x41, 0x67, 0x39, 0x68, 0x39,
    0x88, 0x39, 0x67, 0x39, 0x88, 0x39, 0x88, 0x41, 0x68, 0x39, 0x87, 0x39,
    0x68, 0x39, 0x68, 0x41, 0x88, 0x39, 0x68, 0x39, 0x88, 0x39, 0x88, 0x39,
    0x68, 0x41, 0x87, 0x39, 0x68, 0x39, 0x68, 0x41, 0x87, 0x39, 0x68, 0x39,
    0x88, 0x41, 0x88, 0x39, 0x68, 0x39, 0x88, 0x39, 0x88, 0x39, 0x68, 0x39,
    0x88, 0x39, 0x68, 0x41, 0x68, 0x39, 0x88, 0x39, 0x68, 0x39, 0x68, 0x41,
    0x88, 0x39, 0x68, 0x39, 0x68, 0x39, 0x88, 0x41, 0x88, 0x39, 0x68, 0x39,
    0x88, 0x41, 0x88, 0x39, 0x68, 0x39, 0x88, 0x39, 0x67, 0x41, 0x68, 0x39,
    0x88, 0x39, 0x88, 0x39, 0x68, 0x39, 0x88, 0x39, 0x68, 0x39, 0x68, 0x41,
    0x88, 0x39, 0x68, 0x39, 0x88, 0x41, 0x68, 0x39, 0x88, 0x39, 0x88, 0x39,
    0x68, 0x39, 0x88, 0x39, 0x68, 0x41, 0x68, 0x39, 0x88, 0x39, 0x68, 0x39,
    0x68, 0x39, 0x68, 0x39, 0x87, 0x39, 0x88, 0x39, 0x68, 0x41, 0x88, 0x39,
    0x88, 0x41, 0x68, 0x39, 0x68, 0x39, 0x88, 0x41, 0x88, 0x39, 0x67, 0x39,
    0x88, 0x39, 0x88, 0x39, 0x68, 0x41, 0x87, 0x39, 0x88, 0x41, 0x68, 0x39,
    0x88, 0x39, 0x68, 0x39, 0x68, 0x39, 0x88, 0x41, 0x67, 0x39, 0x68, 0x39,
    0x88, 0x39, 0x88, 0x39, 0x68, 0x39, 0x68, 0x41, 0x88, 0x39, 0x68, 0x39,
    0x68, 0x39, 0x88, 0x39, 0x88, 0x39, 0x68, 0x39, 0x88, 0x41, 0x87, 0x39,
    0x68, 0x39, 0x88, 0x39, 0x68, 0x39, 0x68, 0x41, 0x88, 0x39, 0x68, 0x39,
    0x88, 0x41, 0x88, 0x39, 0x68, 0x41, 0x68, 0x41, 0x88, 0x39, 0x68, 0x39,
    0x68, 0x41, 0x88, 0x39, 0x88, 0x39, 0x68, 0x39, 0x88, 0x41, 0x68, 0x39,
    0x68, 0x39, 0x88, 0x39, 0x88, 0x39, 0x68, 0x39, 0x88, 0x39, 0x68, 0x39,
    0x68, 0x39, 0x88, 0x39, 0x88, 0x41, 0x68, 0x39, 0x88, 0x41, 0x67, 0x39,
    0x68, 0x39, 0x88, 0x39, 0x67, 0x39, 0x88, 0x39, 0x88, 0x39, 0x68, 0x41,
    0x68, 0x39, 0x88, 0x39, 0x68, 0x41, 0x68, 0x39, 0x88, 0x39, 0x68, 0x39,
    0x68, 0x41, 0x88, 0x39, 0x88, 0x41, 0x68, 0x39, 0x88, 0x41, 0x68, 0x39,
    0x68, 0x41, 0x88, 0x39, 0x68, 0x39, 0x68, 0x39, 0x88, 0x41, 0x88, 0x39,
    0x68, 0x39, 0x88, 0x39, 0x88, 0x39, 0x68, 0x39, 0x88, 0x41, 0x68, 0x39,
    0x88, 0x39, 0x67, 0x41, 0x88, 0x39, 0x68, 0x39, 0x67, 0x41, 0x88, 0x39,
    0x68, 0x39, 0x88, 0x41, 0x87, 0x39, 0x68, 0x39, 0x88, 0x41, 0x68, 0x39,
    0x88, 0x39, 0x68, 0x39, 0x88, 0x41, 0x88, 0x39, 0x68, 0x39, 0x88, 0x41,
    0x88, 0x39, 0x67, 0x39, 0x68, 0x39, 0x88, 0x39, 0x67, 0x39, 0x88, 0x39,
    0x88, 0x39, 0x67, 0x39, 0x68, 0x41, 0x88, 0x39, 0x68, 0x39, 0x88, 0x39,
    0x68, 0x41, 0x88, 0x39, 0x87, 0x39, 0x68, 0x39, 0x68, 0x41, 0x87, 0x39,
    0x68, 0x39, 0x88, 0x41, 0x87, 0x39, 0x68, 0x39, 0x88, 0x41, 0x68, 0x39,
    0x88, 0x39, 0x88, 0x41, 0x68, 0x39, 0x88, 0x39, 0x88, 0x39, 0x68, 0x41,
    0x88, 0x39, 0x88, 0x41, 0x68, 0x39, 0x67, 0x39, 0x88, 0x39, 0x68, 0x39,
    0x87, 0x39, 0x68, 0x39, 0x88, 0x39, 0x88, 0x39, 0x68, 0x41, 0x88, 0x39,
    0x68, 0x39, 0x67, 0x39, 0x88, 0x41, 0x68, 0x41, 0x87, 0x39, 0x68, 0x39,
    0x88, 0x41, 0x88, 0x39, 0x68, 0x39, 0x88, 0x41, 0x88, 0x39, 0x68, 0x39,
    0x88, 0x39, 0x68, 0x39, 0x68, 0x41, 0x88, 0x39, 0x68, 0x39, 0x68, 0x41,
    0x88, 0x39, 0x68, 0x39, 0x88, 0x41, 0x88, 0x39, 0x68, 0x39, 0x88, 0x39,
    0x68, 0x39, 0x68, 0x39, 0x88, 0x39, 0x68, 0x39, 0x88, 0x39, 0x88, 0x39,
    0x68, 0x41, 0x88, 0x39, 0x68, 0x39, 0x68, 0x41, 0x88, 0x39, 0x68, 0x39,
    0x88, 0x39, 0x88, 0x39, 0x68, 0x39, 0x88, 0x41, 0x68, 0x39, 0x68, 0x39,
    0x88, 0x41, 0x68, 0x39, 0x68, 0x41, 0x88, 0x41, 0x67, 0x39, 0x88, 0x39,
    0x88, 0x41, 0x68, 0x39, 0x88, 0x39, 0x88, 0x39, 0x68, 0x39, 0x88, 0x39,
    0x88, 0x41, 0x67, 0x39, 0x68, 0x39, 0x88, 0x39, 0x68, 0x41, 0x68, 0x39,
    0x88, 0x39, 0x68, 0x39, 0x88, 0x39, 0x88, 0x41, 0x68, 0x39, 0x88, 0x39,
    0x68, 0x41, 0x68, 0x41, 0x88, 0x39, 0x88, 0x39, 0x68, 0x41, 0x88, 0x39,
    0x67, 0x39, 0x68, 0x39, 0x88, 0x41, 0x68, 0x39, 0x68, 0x39, 0x88, 0x41,
    0x88, 0x39, 0x68, 0x39, 0x88, 0x39, 0x88, 0x39, 0x68, 0x41, 0x88, 0x39,
    0x88, 0x39, 0x68, 0x41, 0x68, 0x39, 0x88, 0x39, 0x68, 0x39, 0x67, 0x41,
    0x88, 0x39, 0x88, 0x39, 0x68, 0x41, 0x88, 0x39, 0x68, 0x39, 0x68, 0x39,
    0x88, 0x41, 0x68, 0x39, 0x68, 0x39, 0x88, 0x39, 0x68, 0x39, 0x87, 0x41,
    0x68, 0x39, 0x88, 0x39, 0x67, 0x39, 0x88, 0x39, 0x88, 0x39, 0x68, 0x41,
    0x68, 0x41, 0x88, 0x39, 0x88, 0x39, 0x67, 0x39, 0x88, 0x39, 0x68, 0x41,
    0x87, 0x39, 0x68, 0x39, 0x68, 0x39, 0x88, 0x39, 0x68, 0x39, 0x68, 0x41,
    0x88, 0x39, 0x88, 0x41, 0x67, 0x39, 0x88, 0x39, 0x68, 0x39, 0x67, 0x39,
    0x88, 0x39, 0x68, 0x39, 0x88, 0x39, 0x88, 0x39, 0x68, 0x39, 0x88, 0x41,
    0x88, 0x39, 0x68, 0x39, 0x88, 0x39, 0x87, 0x39, 0x68, 0x41, 0x88, 0x39,
    0x68, 0x39, 0x88, 0x41, 0x68, 0x41, 0x88, 0x39, 0x88, 0x39, 0x68, 0x41,
    0x88, 0x39, 0x88, 0x39, 0x68, 0x39, 0x88, 0x39, 0x88, 0x41, 0x68, 0x39,
    0x88, 0x39, 0x68, 0x41, 0x68, 0x41, 0x88, 0x39, 0x68, 0x39, 0x88, 0x39,
    0x88, 0x39, 0x68, 0x39, 0x88, 0x39, 0x87, 0x39, 0x68, 0x41, 0x88, 0x39,
    0x68, 0x39, 0x87, 0x39, 0x68, 0x39, 0x88, 0x39, 0x88, 0x39, 0x68, 0x41,
    0x87, 0x39, 0x88, 0x39, 0x68, 0x41, 0x68, 0x39, 0x87, 0x39, 0x68, 0x41,
    0x68, 0x39, 0x88, 0x39, 0x68, 0x41, 0x88, 0x39, 0x68, 0x39, 0x88, 0x39,
    0x68, 0x41, 0x88, 0x39, 0x88, 0x39, 0x68, 0x39, 0x88, 0x39, 0x68, 0x41,
    0x68, 0x39, 0x88, 0x39, 0x68, 0x39, 0x88, 0x39, 0x68, 0x41, 0x87, 0x39,
    0x88, 0x39, 0x68, 0x41, 0x68, 0x39, 0x88, 0x39, 0x68, 0x39, 0x68, 0x39,
    0x88, 0x41, 0x88, 0x39, 0x68, 0x41, 0x88, 0x39, 0x68, 0x41, 0x88, 0x39,
    0x88, 0x39, 0x68, 0x39, 0x88, 0x41, 0x68, 0x39, 0x87, 0x39, 0x68, 0x39,
    0x88, 0x39, 0x68, 0x41, 0x88, 0x39, 0x88, 0x39, 0x68, 0x39, 0x88, 0x39,
    0x68, 0x39, 0x68, 0x39, 0x88, 0x39, 0x68, 0x41, 0x88, 0x39, 0x68, 0x39,
    0x68, 0x41, 0x88, 0x39, 0x67, 0x39, 0x68, 0x39, 0x88, 0x41, 0x67, 0x39,
    0x68, 0x39, 0x88, 0x39, 0x88, 0x41, 0x68, 0x39, 0x88, 0x41, 0x68, 0x39,
    0x68, 0x41, 0x88, 0x41, 0x67, 0x39, 0x68, 0x39, 0x88, 0x39, 0x88, 0x39,
    0x68, 0x39, 0x88, 0x39, 0x68, 0x39, 0x68, 0x39, 0x88, 0x39, 0x68, 0x41,
    0x68, 0x39, 0x88, 0x39, 0x68, 0x39, 0x68, 0x39, 0x88, 0x41, 0x88, 0x39,
    0x67, 0x39, 0x88, 0x41, 0x88, 0x39, 0x68, 0x39, 0x88, 0x41, 0x88, 0x39,
    0x68, 0x39, 0x68, 0x41, 0x88, 0x39, 0x68, 0x39, 0x88, 0x41, 0x87, 0x39,
    0x68, 0x41, 0x88, 0x41, 0x68, 0x39, 0x67, 0x41, 0x88, 0x39, 0x68, 0x39,
    0x88, 0x39, 0x87, 0x39, 0x68, 0x39, 0x88, 0x41, 0x67, 0x39, 0x68, 0x39,
    0x88, 0x41, 0x68, 0x39, 0x88, 0x39, 0x88, 0x39, 0x68, 0x39, 0x88, 0x39,
    0x87, 0x39, 0x68, 0x39, 0x88, 0x39, 0x68, 0x39, 0x68, 0x39, 0x88, 0x41,
    0x68, 0x39, 0x67, 0x39, 0x88, 0x41, 0x68, 0x39, 0x67, 0x39, 0x88, 0x41,
    0x68, 0x39, 0x88, 0x39, 0x88, 0x39, 0x68, 0x39, 0x87, 0x39, 0x88, 0x41,
    0x68, 0x39, 0x67, 0x39, 0x88, 0x41, 0x68, 0x39, 0x88, 0x39, 0x87, 0x39,
    0x68, 0x39, 0x88, 0x41, 0x68, 0x39, 0x67, 0x39, 0x88, 0x39, 0x88, 0x39,
    0x68, 0x41, 0x88, 0x39, 0x88, 0x39, 0x67, 0x39, 0x68, 0x41, 0x88, 0x39,
    0x67, 0x39, 0x68, 0x41, 0x88, 0x39, 0x87, 0x39, 0x68, 0x39, 0x68, 0x39,
    0x68, 0x39, 0x88, 0x39, 0x88, 0x41, 0x68, 0x39, 0x88, 0x39, 0x68, 0x39,
    0x68, 0x39, 0x87, 0x39, 0x68, 0x39, 0x88, 0x39, 0x87, 0x39, 0x68, 0x41,
    0x88, 0x39, 0x87, 0x39, 0x68, 0x41, 0x68, 0x39, 0x88, 0x39, 0x68, 0x39,
    0x88, 0x41, 0x68, 0x39, 0x88, 0x41, 0x68, 0x39, 0x88, 0x39, 0x88, 0x39,
    0x67, 0x39, 0x68, 0x41, 0x88, 0x39, 0x88, 0x39, 0x68, 0x41, 0x88, 0x39,
    0x88, 0x39, 0x68, 0x41, 0x88, 0x41, 0x87, 0x39, 0x68, 0x39, 0x68, 0x39,
    0x88, 0x39, 0x68, 0x39, 0x88, 0x41, 0x88, 0x39, 0x68, 0x41, 0x88, 0x39,
    0x68, 0x41, 0x68, 0x39, 0x87, 0x39, 0x68, 0x39, 0x68, 0x41, 0x87, 0x39,
    0x68, 0x39, 0x68, 0x41, 0x68, 0x39, 0x88, 0x39, 0x68, 0x39, 0x88, 0x41,
    0x87, 0x39, 0x68, 0x39, 0x68, 0x39, 0x87, 0x39, 0x68, 0x41, 0x68, 0x39,
    0x87, 0x39, 0x68, 0x41, 0x68, 0x39, 0x87, 0x39, 0x68, 0x39, 0x88, 0x39,
    0x88, 0x39, 0x68, 0x39, 0x88, 0x39, 0x67, 0x41, 0x68, 0x39, 0x88, 0x39,
    0x67, 0x41, 0x68, 0x41, 0x88, 0x39, 0x68, 0x39, 0x88, 0x39, 0x68, 0x41,
    0x88, 0x39, 0x68, 0x39, 0x68, 0x41, 0x87, 0x39, 0x68, 0x39, 0x68, 0x39,
    0x88, 0x39, 0x68, 0x39, 0x88, 0x41, 0x88, 0x39, 0x68, 0x39, 0x88, 0x39,
    0x88, 0x41, 0x67, 0x39, 0x68, 0x39, 0x88, 0x41, 0x87, 0x39, 0x68, 0x39,
    0x68, 0x39, 0x88, 0x39, 0x68, 0x41, 0x88, 0x39, 0x88, 0x39, 0x67, 0x39,
    0x88, 0x41, 0x68, 0x39, 0x68, 0x39, 0x88, 0x41, 0x68, 0x39, 0x68, 0x39,
    0x88, 0x39, 0x67, 0x39, 0x88, 0x39, 0x88, 0x41, 0x67, 0x39, 0x68, 0x39,
    0x88, 0x39, 0x68, 0x39, 0x88, 0x39, 0x68, 0x41, 0x68, 0x39, 0x88, 0x41,
    0x67, 0x39, 0x68, 0x39, 0x88, 0x39, 0x88, 0x41, 0x68, 0x39, 0x88, 0x39,
    0x68, 0x41, 0x67, 0x39, 0x88, 0x39, 0x68, 0x41, 0x88, 0x39, 0x88, 0x41,
    0x68, 0x39, 0x88, 0x39, 0x68, 0x41, 0x87, 0x39, 0x68, 0x39, 0x88, 0x39,
    0x87, 0x39, 0x68, 0x39, 0x88, 0x39, 0x88, 0x41, 0x68, 0x39, 0x88, 0x39,
    0x68, 0x39, 0x68, 0x39, 0x88, 0x39, 0x88, 0x41, 0x68, 0x39, 0x88, 0x39,
    0x88, 0x39, 0x68, 0x39, 0x88, 0x39, 0x68, 0x41, 0x88, 0x39, 0x67, 0x41,
    0x88, 0x41, 0x88, 0x39, 0x68, 0x39, 0x88, 0x39, 0x88, 0x39, 0x68, 0x39,
    0x87, 0x39, 0x88, 0x41, 0x68, 0x39, 0x67, 0x39, 0x88, 0x39, 0x68, 0x41,
    0x68, 0x39, 0x88, 0x39, 0x68, 0x39, 0x67, 0x39, 0x88, 0x39, 0x88, 0x39,
    0x67, 0x39, 0x88, 0x39, 0x68, 0x39, 0x67, 0x39, 0x88, 0x39, 0x68, 0x39,
    0x88, 0x39, 0x88, 0x39, 0x68, 0x39, 0x88, 0x41, 0x68, 0x39, 0x68, 0x39,
    0x88, 0x41, 0x68, 0x39, 0x88, 0x39, 0x88, 0x39, 0x68, 0x39, 0x88, 0x41,
    0x67, 0x39, 0x68, 0x39, 0x88, 0x41, 0x67, 0x39, 0x68, 0x41, 0x88, 0x39,
    0x68, 0x39, 0x88, 0x41, 0x88, 0x39, 0x67, 0x39, 0x88, 0x39, 0x88, 0x39,
    0x68, 0x39, 0x88, 0x39, 0x68, 0x41, 0x88, 0x39, 0x88, 0x39, 0x68, 0x41,
    0x68, 0x39, 0x88, 0x39, 0x68, 0x41, 0x68, 0x39, 0x88, 0x39, 0x88, 0x39,
    0x68, 0x41, 0x88, 0x39, 0x68, 0x39, 0x68, 0x39, 0x88, 0x41, 0x68, 0x39,
    0x88, 0x39, 0x88, 0x41, 0x88, 0x41, 0x88, 0x41, 0x88, 0x39, 0x68, 0x39,
    0x88, 0x39, 0x68, 0x41, 0x88, 0x39, 0x88, 0x39, 0x68, 0x39, 0x88, 0x39,
    0x88, 0x39, 0x68, 0x41, 0x68, 0x39, 0x88, 0x39, 0x68, 0x41, 0x88, 0x39,
    0x68, 0x39, 0x88, 0x39, 0x67, 0x39, 0x88, 0x41, 0x88, 0x39, 0x68, 0x39,
    0x88, 0x41, 0x68, 0x39, 0x68, 0x41, 0x88, 0x39, 0x68, 0x39, 0x68, 0x41,
    0x88, 0x39, 0x88, 0x39, 0x68, 0x39, 0x88, 0x41, 0x88, 0x39, 0x68, 0x39,
    0x88, 0x39, 0x68, 0x39, 0x68, 0x41, 0x88, 0x39, 0x68, 0x39, 0x88, 0x39,
    0x68, 0x39, 0x88, 0x39, 0x68, 0x41, 0x68, 0x39, 0x88, 0x39, 0x68, 0x39,
    0x68, 0x39, 0x88, 0x39, 0x68, 0x39, 0x88, 0x41, 0x88, 0x39, 0x68, 0x39,
    0x87, 0x41, 0x68, 0x39, 0x68, 0x39, 0x88, 0x39, 0x68, 0x39, 0x88, 0x41,
    0x88, 0x39, 0x68, 0x39, 0x88, 0x41, 0x88, 0x39, 0x68, 0x39, 0x88, 0x39,
    0x88, 0x39, 0x68, 0x41, 0x87, 0x39, 0x68, 0x39, 0x68, 0x41, 0x88, 0x39,
    0x68, 0x39, 0x68, 0x39, 0x88, 0x39, 0x88, 0x41, 0x68, 0x39, 0x88, 0x39,
    0x88, 0x39, 0x68, 0x41, 0x88, 0x39, 0x68, 0x39, 0x68, 0x41, 0x88, 0x41,
    0x67, 0x39, 0x88, 0x39, 0x88, 0x39, 0x68, 0x39, 0x88, 0x41, 0x88, 0x39,
    0x68, 0x39, 0x88, 0x39, 0x68, 0x41, 0x88, 0x39, 0x67, 0x39, 0x88, 0x39,
    0x88, 0x39, 0x68, 0x41, 0x88, 0x39, 0x88, 0x39, 0x68, 0x41, 0x88, 0x39,
    0x68, 0x39, 0x68, 0x41, 0x87, 0x39, 0x68, 0x39, 0x68, 0x39, 0x88, 0x39,
    0x88, 0x39, 0x68, 0x39, 0x88, 0x39, 0x68, 0x39, 0x88, 0x41, 0x68, 0x39,
    0x87, 0x39, 0x68, 0x41, 0x68, 0x39, 0x87, 0x39, 0x68, 0x41, 0x88, 0x39,
    0x88, 0x39, 0x68, 0x39, 0x87, 0x39, 0x88, 0x39, 0x68, 0x39, 0x88, 0x41,
    0x68, 0x39, 0x88, 0x39, 0x68, 0x41, 0x88, 0x39, 0x88, 0x39, 0x68, 0x41,
    0x87, 0x39, 0x68, 0x39, 0x88, 0x39, 0x87, 0x39, 0x68, 0x39, 0x88, 0x39,
    0x68, 0x41, 0x88, 0x39, 0x68, 0x39, 0x68, 0x39, 0x88, 0x41, 0x68, 0x39,
    0x88, 0x39, 0x88, 0x39, 0x68, 0x39, 0x68, 0x39, 0x87, 0x41, 0x68, 0x39,
    0x88, 0x39, 0x67, 0x41, 0x88, 0x39, 0x68, 0x39, 0x88, 0x41, 0x68, 0x39,
    0x68, 0x41, 0x88, 0x39, 0x68, 0x39, 0x88, 0x39, 0x68, 0x39, 0x88, 0x41,
    0x88, 0x39, 0x67, 0x39, 0x68, 0x39, 0x88, 0x39, 0x67, 0x39, 0x68, 0x39,
    0x88, 0x41, 0x87, 0x39, 0x68, 0x39, 0x88, 0x39, 0x68, 0x39, 0x68, 0x39,
    0x88, 0x39, 0x68, 0x41, 0x87, 0x39, 0x68, 0x41, 0x88, 0x41, 0x68, 0x39,
    0x88, 0x39, 0x88, 0x41, 0x68, 0x39, 0x88, 0x39, 0x88, 0x39, 0x68, 0x39,
    0x88, 0x41, 0x88, 0x39, 0x68, 0x39, 0x88, 0x41, 0x68, 0x39, 0x68, 0x41,
    0x88, 0x41, 0x88, 0x39, 0x68, 0x41, 0x88, 0x39, 0x68, 0x39, 0x68, 0x41,
    0x88, 0x39, 0x67, 0x39, 0x88, 0x39, 0x88, 0x39, 0x68, 0x39, 0x87, 0x41,
    0x68, 0x39, 0x68, 0x39, 0x88, 0x41, 0x68, 0x39, 0x88, 0x39, 0x88, 0x39,
    0x68, 0x39, 0x88, 0x41, 0x88, 0x39, 0x68, 0x39, 0x88, 0x41, 0x68, 0x39,
    0x68, 0x39, 0x88, 0x41, 0x68, 0x39, 0x68, 0x41, 0x88, 0x39, 0x68, 0x39,
    0x87, 0x41, 0x68, 0x39, 0x88, 0x39, 0x68, 0x39, 0x88, 0x39, 0x67, 0x39,
    0x88, 0x39, 0x88, 0x41, 0x67, 0x39, 0x88, 0x41, 0x68, 0x39, 0x68, 0x39,
    0x87, 0x39, 0x88, 0x41, 0x68, 0x39, 0x87, 0x39, 0x68, 0x39, 0x68, 0x41,
    0x88, 0x39, 0x88, 0x41, 0x88, 0x39, 0x88, 0x39, 0x68, 0x41, 0x68, 0x39,
    0x87, 0x39, 0x68, 0x39, 0x68, 0x41, 0x88, 0x39, 0x68, 0x39, 0x68, 0x41,
    0x88, 0x39, 0x88, 0x39, 0x68, 0x39, 0x88, 0x41, 0x68, 0x39, 0x88, 0x39,
    0x68, 0x39, 0x88, 0x39, 0x68, 0x39, 0x68, 0x39, 0x88, 0x41, 0x87, 0x39,
    0x68, 0x39, 0x88, 0x41, 0x88, 0x39, 0x68, 0x39, 0x88, 0x39, 0x68, 0x39,
    0x68, 0x39, 0x88, 0x39, 0x68, 0x39, 0x87, 0x39, 0x68, 0x41, 0x68, 0x39,
    0x87, 0x39, 0x88, 0x39, 0x68, 0x39, 0x87, 0x41, 0x68, 0x39, 0x68, 0x41,
    0x88, 0x39, 0x88, 0x39, 0x67, 0x39, 0x88, 0x41, 0x88, 0x39, 0x67, 0x41,
    0x88, 0x39, 0x68, 0x39, 0x67, 0x39, 0x88, 0x39, 0x68, 0x41, 0x88, 0x39,
    0x88, 0x39, 0x68, 0x41, 0x87, 0x39, 0x68, 0x39, 0x68, 0x39, 0x87, 0x39,
    0x68, 0x39, 0x68, 0x39, 0x88, 0x41, 0x67, 0x39, 0x68, 0x39, 0x88, 0x41,
    0x68, 0x39, 0x88, 0x39, 0x88, 0x39, 0x68, 0x39, 0x88, 0x39, 0x87, 0x39,
    0x68, 0x41, 0x88, 0x39, 0x88, 0x39, 0x68, 0x41, 0x67, 0x39, 0x88, 0x39,
    0x68, 0x39, 0x88, 0x39, 0x88, 0x39, 0x68, 0x39, 0x88, 0x39, 0x68, 0x39,
    0x68, 0x41, 0x88, 0x39, 0x68, 0x41, 0x68, 0x39, 0x88, 0x39, 0x68, 0x39,
    0x88, 0x39, 0x87, 0x39, 0x68, 0x39, 0x68, 0x41, 0x88, 0x39, 0x68, 0x39,
    0x68, 0x41, 0x87, 0x39, 0x68, 0x39, 0x68, 0x39, 0x88, 0x41, 0x87, 0x39,
    0x68, 0x39, 0x88, 0x39, 0x88, 0x39, 0x68, 0x41, 0x88, 0x39, 0x67, 0x41,
    0x68, 0x39, 0x88, 0x41, 0x68, 0x39, 0x88, 0x39, 0x68, 0x39, 0x88, 0x41,
    0x88, 0x39, 0x68, 0x39, 0x88, 0x39, 0x68, 0x39, 0x68, 0x41, 0x88, 0x39,
    0x68, 0x39, 0x68, 0x41, 0x88, 0x41, 0x68, 0x39, 0x87, 0x39, 0x88, 0x41,
    0x68, 0x39, 0x68, 0x39, 0x88, 0x41, 0x68, 0x39, 0x68, 0x39, 0x88, 0x41,
    0x68, 0x39, 0x88, 0x41, 0x68, 0x41, 0x88, 0x39, 0x88, 0x39, 0x68, 0x39,
    0x88, 0x39, 0x88, 0x41, 0x67, 0x39, 0x88, 0x39, 0x68, 0x39, 0x87, 0x41,
    0x68, 0x39, 0x88, 0x39, 0x68, 0x41, 0x88, 0x39, 0x68, 0x39, 0x68, 0x39,
    0x88, 0x39, 0x88, 0x39, 0x68, 0x39, 0x88, 0x39, 0x68, 0x39, 0x88, 0x41,
    0x88, 0x39, 0x68, 0x39, 0x67, 0x41, 0x88, 0x39, 0x68, 0x39, 0x67, 0x41,
    0x88, 0x39, 0x88, 0x41, 0x68, 0x41, 0x88, 0x39, 0x88, 0x39, 0x68, 0x41,
    0x68, 0x39, 0x88, 0x39, 0x68, 0x41, 0x88, 0x39, 0x88, 0x39, 0x68, 0x39,
    0x68, 0x39, 0x88, 0x39, 0x68, 0x39, 0x88, 0x39, 0x67, 0x39, 0x68, 0x39,
    0x68, 0x39, 0x88, 0x39, 0x68, 0x41, 0x88, 0x39, 0x67, 0x39, 0x68, 0x41,
    0x88, 0x39, 0x67, 0x39, 0x88, 0x41, 0x88, 0x39, 0x68, 0x39, 0x68, 0x39,
    0x88, 0x39, 0x68, 0x39, 0x88, 0x39, 0x88, 0x41, 0x68, 0x39, 0x88, 0x39,
    0x68, 0x41, 0x68, 0x39, 0x88, 0x41, 0x68, 0x39, 0x88, 0x39, 0x88, 0x39,
    0x68, 0x39, 0x88, 0x41, 0x67, 0x39, 0x68, 0x39, 0x88, 0x41, 0x67, 0x39,
    0x68, 0x39, 0x88, 0x39, 0x68, 0x39, 0x88, 0x39, 0x87, 0x39, 0x68, 0x39,
    0x88, 0x39, 0x87, 0x39, 0x68, 0x39, 0x88, 0x39, 0x68, 0x41, 0x88, 0x39,
    0x68, 0x39, 0x88, 0x41, 0x68, 0x39, 0x67, 0x39, 0x88, 0x41, 0x68, 0x39,
    0x88, 0x39, 0x68, 0x39, 0x88, 0x39, 0x88, 0x39, 0x68, 0x41, 0x68, 0x39,
    0x88, 0x39, 0x68, 0x39, 0x88, 0x41, 0x88, 0x39, 0x68, 0x39, 0x88, 0x39,
    0x88, 0x39, 0x88, 0x41, 0x68, 0x39, 0x88, 0x39, 0x68, 0x39, 0x88, 0x41,
    0x88, 0x39, 0x68, 0x39, 0x88, 0x39, 0x87, 0x41, 0x68, 0x39, 0x68, 0x39,
    0x87, 0x41, 0x68, 0x39, 0x88, 0x39, 0x67, 0x39, 0x88, 0x39, 0x68, 0x39,
    0x88, 0x39, 0x68, 0x41, 0x88, 0x39, 0x68, 0x39, 0x68, 0x39, 0x88, 0x39,
    0x68, 0x39, 0x88, 0x39, 0x67, 0x39, 0x88, 0x41, 0x88, 0x39, 0x67, 0x41,
    0x88, 0x39, 0x68, 0x41, 0x88, 0x39, 0x68, 0x39, 0x88, 0x41, 0x68, 0x39,
    0x88, 0x41, 0x68, 0x39, 0x88, 0x39, 0x88, 0x39, 0x68, 0x41, 0x87, 0x39,
    0x68, 0x39, 0x68, 0x41, 0x88, 0x39, 0x68, 0x39, 0x68, 0x39, 0x88, 0x39,
    0x88, 0x41, 0x68, 0x41, 0x88, 0x39, 0x68, 0x39, 0x68, 0x39, 0x88, 0x39,
    0x68, 0x39, 0x88, 0x39, 0x88, 0x41, 0x68, 0x39, 0x88, 0x41, 0x88, 0x39,
    0x68, 0x39, 0x88, 0x41, 0x88, 0x39, 0x68, 0x39, 0x88, 0x39, 0x68, 0x41,
    0x67, 0x39, 0x88, 0x39, 0x68, 0x41, 0x88, 0x39, 0x68, 0x39, 0x68, 0x41,
    0x88, 0x39, 0x68, 0x39, 0x67, 0x39, 0x88, 0x39, 0x88, 0x41, 0x68, 0x39,
    0x68, 0x41, 0x67, 0x39, 0x88, 0x41, 0x68, 0x39, 0x87, 0x39, 0x88, 0x39,
    0x68, 0x39, 0x88, 0x39, 0x87, 0x39, 0x68, 0x41, 0x88, 0x39, 0x67, 0x41,
    0x68, 0x39, 0x88, 0x39, 0x68, 0x39, 0x88, 0x41, 0x88, 0x39, 0x68, 0x39,
    0x88, 0x39, 0x88, 0x39, 0x68, 0x39, 0x68, 0x41, 0x88, 0x39, 0x68, 0x39,
    0x88, 0x41, 0x68, 0x39, 0x68, 0x39, 0x88, 0x39, 0x88, 0x41, 0x68, 0x39,
    0x88, 0x39, 0x67, 0x39, 0x88, 0x41, 0x68, 0x39, 0x67, 0x39, 0x88, 0x39,
    0x68, 0x41, 0x88, 0x39, 0x88, 0x39, 0x68, 0x41, 0x88, 0x39, 0x87, 0x39,
    0x68, 0x39, 0x88, 0x39, 0x68, 0x39, 0x68, 0x39, 0x88, 0x39, 0x68, 0x39,
    0x88, 0x39, 0x87, 0x39, 0x68, 0x39, 0x88, 0x39, 0x87, 0x39, 0x68, 0x39,
    0x88, 0x39, 0x68, 0x39, 0x68, 0x39, 0x68, 0x39, 0x87, 0x41, 0x68, 0x39,
    0x68, 0x39, 0x88, 0x39, 0x68, 0x41, 0x88, 0x39, 0x88, 0x39, 0x68, 0x39,
    0x68, 0x41, 0x88, 0x39, 0x87, 0x39, 0x68, 0x41, 0x88, 0x39, 0x68, 0x39,
    0x88, 0x41, 0x68, 0x39, 0x68, 0x41, 0x87, 0x39, 0x68, 0x39, 0x88, 0x39,
    0x88, 0x39, 0x68, 0x39, 0x88, 0x41, 0x88, 0x39, 0x68, 0x39, 0x88, 0x39,
    0x68, 0x39, 0x68, 0x39, 0x88, 0x39, 0x68, 0x39, 0x88, 0x41, 0x88, 0x39,
    0x68, 0x39, 0x68, 0x39, 0x88, 0x41, 0x67, 0x39, 0x88, 0x41, 0x88, 0x41,
    0x67, 0x39, 0x88, 0x39, 0x68, 0x41, 0x88, 0x39, 0x88, 0x39, 0x68, 0x41,
    0x88, 0x39, 0x67, 0x39, 0x88, 0x41, 0x68, 0x39, 0x88, 0x39, 0x88, 0x39,
    0x68, 0x39, 0x68, 0x39, 0x88, 0x39, 0x68, 0x39, 0x87, 0x39, 0x88, 0x41,
    0x68, 0x39, 0x67, 0x39, 0x88, 0x39, 0x68, 0x39, 0x87, 0x39, 0x88, 0x39,
    0x68, 0x39, 0x88, 0x39, 0x68, 0x41, 0x67, 0x39, 0x88, 0x39, 0x68, 0x41,
    0x88, 0x39, 0x88, 0x39, 0x68, 0x39, 0x88, 0x39, 0x88, 0x41, 0x68, 0x39,
    0x88, 0x41, 0x68, 0x39, 0x68, 0x41, 0x88, 0x39, 0x68, 0x41, 0x68, 0x39,
    0x88, 0x41, 0x68, 0x39, 0x88, 0x39, 0x88, 0x39, 0x67, 0x41, 0x68, 0x39,
    0x88, 0x39, 0x88, 0x39, 0x68, 0x39, 0x88, 0x41, 0x88, 0x39, 0x68, 0x39,
    0x68, 0x41, 0x88, 0x39, 0x68, 0x39, 0x87, 0x39, 0x88, 0x39, 0x68, 0x41,
    0x88, 0x39, 0x68, 0x39, 0x68, 0x39, 0x88, 0x41, 0x68, 0x39, 0x68, 0x39,
    0x88, 0x39, 0x68, 0x39, 0x68, 0x39, 0x88, 0x39, 0x68, 0x39, 0x88, 0x39,
    0x68, 0x41, 0x68, 0x39, 0x88, 0x39, 0x88, 0x39, 0x68, 0x39, 0x88, 0x39,
    0x88, 0x41, 0x68, 0x39, 0x68, 0x39, 0x88, 0x41, 0x68, 0x39, 0x68, 0x39,
    0x68, 0x39, 0x88, 0x39, 0x87, 0x41, 0x68, 0x39, 0x88, 0x41, 0x68, 0x39,
    0x88, 0x41, 0x68, 0x39, 0x68, 0x39, 0x88, 0x39, 0x68, 0x41, 0x88, 0x39,
    0x88, 0x39, 0x67, 0x41, 0x68, 0x39, 0x88, 0x39, 0x88, 0x39, 0x68, 0x39,
    0x68, 0x39, 0x87, 0x41, 0x68, 0x39, 0x68, 0x39, 0x88, 0x39, 0x88, 0x39,
    0x68, 0x39, 0x88, 0x41, 0x88, 0x39, 0x68, 0x39, 0x67, 0x39, 0x88, 0x39,
    0x68, 0x39, 0x88, 0x39, 0x88, 0x41, 0x67, 0x39, 0x88, 0x41, 0x68, 0x39,
    0x67, 0x39, 0x88, 0x41, 0x68, 0x39, 0x68, 0x39, 0x88, 0x39, 0x68, 0x41,
    0x67, 0x39, 0x88, 0x39, 0x68, 0x39, 0x88, 0x39, 0x88, 0x41, 0x68, 0x39,
    0x88, 0x39, 0x68, 0x39, 0x88, 0x41, 0x67, 0x39, 0x88, 0x39, 0x88, 0x41,
    0x68, 0x39, 0x88, 0x39, 0x68, 0x41, 0x88, 0x39, 0x68, 0x39, 0x88, 0x39,
    0x88, 0x39, 0x68, 0x41, 0x68, 0x39, 0x88, 0x41, 0x68, 0x39, 0x88, 0x41,
    0x68, 0x39, 0x68, 0x39, 0x88, 0x39, 0x88, 0x39, 0x68, 0x39, 0x88, 0x39,
    0x68, 0x41, 0x88, 0x39, 0x68, 0x39, 0x87, 0x39, 0x68, 0x41, 0x68, 0x39,
    0x87, 0x39, 0x88, 0x41, 0x68, 0x39, 0x88, 0x39, 0x88, 0x39, 0x68, 0x39,
    0x88, 0x41, 0x87, 0x39, 0x68, 0x39, 0x88, 0x39, 0x67, 0x39, 0x88, 0x39,
    0x68, 0x39, 0x88, 0x39, 0x88, 0x41, 0x68, 0x39, 0x88, 0x39, 0x68, 0x39,
    0x68, 0x39, 0x87, 0x41, 0x68, 0x39, 0x68, 0x39, 0x88, 0x39, 0x68, 0x41,
    0x88, 0x39, 0x88, 0x39, 0x67, 0x41, 0x88, 0x39, 0x68, 0x41, 0x68, 0x39,
    0x88, 0x41, 0x68, 0x39, 0x68, 0x41, 0x88, 0x39, 0x68, 0x39, 0x88, 0x41,
    0x88, 0x39, 0x67, 0x39, 0x88, 0x39, 0x88, 0x41, 0x68, 0x39, 0x88, 0x39,
    0x68, 0x41, 0x67, 0x39, 0x88, 0x39, 0x68, 0x41, 0x88, 0x39, 0x68, 0x39,
    0x88, 0x39, 0x68, 0x39, 0x68, 0x39, 0x88, 0x39, 0x88, 0x41, 0x67, 0x39,
    0x88, 0x39, 0x68, 0x41, 0x88, 0x39, 0x88, 0x39, 0x68, 0x41, 0x67, 0x39,
    0x68, 0x39, 0x88, 0x41, 0x68, 0x39, 0x68, 0x39, 0x88, 0x41, 0x88, 0x39,
    0x68, 0x39, 0x87, 0x41, 0x68, 0x39, 0x68, 0x39, 0x87, 0x39, 0x68, 0x39,
    0x88, 0x39, 0x87, 0x41, 0x68, 0x39, 0x68, 0x39, 0x88, 0x39, 0x68, 0x39,
    0x88, 0x39, 0x68, 0x41, 0x88, 0x39, 0x68, 0x39, 0x88, 0x41, 0x88, 0x39,
    0x68, 0x39, 0x88, 0x39, 0x68, 0x39, 0x68, 0x41, 0x88, 0x39, 0x88, 0x39,
    0x68, 0x41, 0x88, 0x39, 0x68, 0x41, 0x68, 0x39, 0x88, 0x39, 0x88, 0x41,
    0x68, 0x39, 0x88, 0x41, 0x68, 0x41, 0x68, 0x39, 0x88, 0x41, 0x68, 0x41,
    0x87, 0x39, 0x88, 0x39, 0x68, 0x39, 0x88, 0x39, 0x68, 0x41, 0x68, 0x39,
    0x87, 0x39, 0x68, 0x41, 0x68, 0x39, 0x88, 0x39, 0x68, 0x39, 0x88, 0x39,
    0x88, 0x39, 0x67, 0x41, 0x88, 0x39, 0x88, 0x39, 0x68, 0x39, 0x88, 0x41,
    0x68, 0x39, 0x68, 0x39, 0x88, 0x41, 0x68, 0x39, 0x88, 0x39, 0x68, 0x39,
    0x88, 0x41, 0x67, 0x39, 0x68, 0x39, 0x88, 0x39, 0x68, 0x39, 0x88, 0x41,
    0x87, 0x39, 0x68, 0x41, 0x68, 0x39, 0x68, 0x39, 0x88, 0x41, 0x68, 0x39,
    0x87, 0x39, 0x88, 0x39, 0x68, 0x39, 0x87, 0x39, 0x88, 0x41, 0x68, 0x39,
    0x87, 0x41, 0x68, 0x39, 0x88, 0x41, 0x88, 0x41, 0x68, 0x39, 0x67, 0x39,
    0x88, 0x39, 0x68, 0x41, 0x67, 0x39, 0x88, 0x41, 0x68, 0x39, 0x88, 0x39,
    0x68, 0x39, 0x87, 0x39, 0x88, 0x41, 0x68, 0x39, 0x88, 0x39, 0x88, 0x41,
    0x68, 0x39, 0x68, 0x39, 0x88, 0x39, 0x88, 0x39, 0x68, 0x39, 0x87, 0x41,
    0x68, 0x39, 0x88, 0x39, 0x88, 0x41, 0x68, 0x39, 0x67, 0x39, 0x88, 0x39,
    0x68, 0x39, 0x88, 0x39, 0x68, 0x39, 0x88, 0x41, 0x67, 0x39, 0x88, 0x39,
    0x88, 0x39, 0x68, 0x41, 0x88, 0x39, 0x68, 0x39, 0x88, 0x41, 0x68, 0x39,
    0x68, 0x39, 0x87, 0x39, 0x88, 0x41, 0x68, 0x39, 0x88, 0x41, 0x88, 0x39,
    0x68, 0x39, 0x67, 0x39, 0x88, 0x39, 0x88, 0x39, 0x68, 0x41, 0x88, 0x39,
    0x88, 0x39, 0x68, 0x39, 0x88, 0x39, 0x87, 0x39, 0x68, 0x39, 0x88, 0x39,
    0x88, 0x41, 0x68, 0x39, 0x67, 0x39, 0x88, 0x41, 0x68, 0x39, 0x87, 0x39,
    0x88, 0x39, 0x68, 0x41, 0x88, 0x39, 0x68, 0x39, 0x68, 0x39, 0x88, 0x39,
    0x67, 0x39, 0x88, 0x41, 0x88, 0x39, 0x68, 0x39, 0x68, 0x39, 0x87, 0x41,
    0x88, 0x39, 0x68, 0x39, 0x88, 0x39, 0x88, 0x39, 0x68, 0x39, 0x67, 0x41,
    0x88, 0x39, 0x68, 0x41, 0x68, 0x41, 0x88, 0x39, 0x68, 0x39, 0x88, 0x39,
    0x88, 0x41, 0x68, 0x39, 0x88, 0x39, 0x68, 0x41, 0x88, 0x39, 0x68, 0x39,
    0x68, 0x41, 0x88, 0x39, 0x68, 0x39, 0x67, 0x41, 0x88, 0x39, 0x68, 0x39,
    0x68, 0x39, 0x88, 0x41, 0x68, 0x39, 0x68, 0x41, 0x88, 0x39, 0x68, 0x41,
    0x68, 0x39, 0x88, 0x39, 0x68, 0x39, 0x88, 0x41, 0x88, 0x39, 0x68, 0x39,
    0x88, 0x41, 0x88, 0x39, 0x68, 0x39, 0x88, 0x39, 0x67, 0x39, 0x68, 0x41,
    0x88, 0x39, 0x68, 0x39, 0x88, 0x41, 0x88, 0x39, 0x68, 0x39, 0x87, 0x41,
    0x88, 0x39, 0x68, 0x39, 0x88, 0x39, 0x68, 0x41, 0x68, 0x39, 0x88, 0x39,
    0x68, 0x41, 0x68, 0x39, 0x88, 0x39, 0x88, 0x41, 0x68, 0x39, 0x88, 0x39,
    0x88, 0x39, 0x68, 0x39, 0x88, 0x39, 0x67, 0x39, 0x68, 0x41, 0x88, 0x39,
    0x87, 0x39, 0x68, 0x41, 0x68, 0x39, 0x88, 0x39, 0x68, 0x39, 0x68, 0x39,
    0x88, 0x39, 0x87, 0x39, 0x68, 0x39, 0x68, 0x39, 0x88, 0x41, 0x88, 0x39,
    0x68, 0x39, 0x87, 0x39, 0x88, 0x39, 0x68, 0x39, 0x67, 0x41, 0x88, 0x39,
    0x88, 0x39, 0x68, 0x41, 0x88, 0x39, 0x88, 0x39, 0x68, 0x41, 0x68, 0x39,
    0x88, 0x39, 0x88, 0x39, 0x68, 0x39, 0x88, 0x39, 0x68, 0x39, 0x68, 0x39,
    0x88, 0x41, 0x87, 0x39, 0x68, 0x39, 0x68, 0x39, 0x67, 0x39, 0x88, 0x41,
    0x68, 0x39, 0x88, 0x39, 0x87, 0x39, 0x68, 0x41, 0x68, 0x39, 0x67, 0x39,
    0x88, 0x41, 0x88, 0x39, 0x67, 0x39, 0x88, 0x41, 0x68, 0x39, 0x68, 0x39,
    0x87, 0x39, 0x88, 0x39, 0x68, 0x39, 0x88, 0x39, 0x68, 0x39, 0x68, 0x39,
    0x88, 0x39, 0x68, 0x41, 0x88, 0x39, 0x88, 0x39, 0x68, 0x39, 0x88, 0x39,
    0x88, 0x39, 0x68, 0x41, 0x87, 0x39, 0x68, 0x39, 0x68, 0x41, 0x87, 0x39,
    0x68, 0x39, 0x68, 0x39, 0x88, 0x39, 0x67, 0x39, 0x88, 0x39, 0x88, 0x39,
    0x67, 0x39, 0x88, 0x39, 0x68, 0x41, 0x87, 0x39, 0x68, 0x39, 0x88, 0x41,
    0x68, 0x39, 0x88, 0x39, 0x88, 0x41, 0x68, 0x39, 0x68, 0x39, 0x88, 0x39,
    0x88, 0x39, 0x68, 0x39, 0x88, 0x41, 0x88, 0x39, 0x68, 0x39, 0x68, 0x39,
    0x88, 0x41, 0x68, 0x41, 0x68, 0x39, 0x88, 0x39, 0x68, 0x39, 0x88, 0x39,
    0x68, 0x39, 0x88, 0x39, 0x68, 0x39, 0x88, 0x39, 0x68, 0x41, 0x88, 0x39,
    0x88, 0x39, 0x88, 0x39, 0x68, 0x39, 0x68, 0x41, 0x88, 0x39, 0x67, 0x39,
    0x68, 0x41, 0x88, 0x39, 0x68, 0x39, 0x68, 0x39, 0x87, 0x39, 0x68, 0x39,
    0x88, 0x39, 0x68, 0x41, 0x68, 0x39, 0x88, 0x39, 0x68, 0x39, 0x68, 0x39,
    0x88, 0x39, 0x67, 0x39, 0x88, 0x41, 0x68, 0x39, 0x88, 0x39, 0x68, 0x41,
    0x88, 0x39, 0x68, 0x39, 0x88, 0x41, 0x68, 0x39, 0x68, 0x39, 0x88, 0x41,
    0x68, 0x39, 0x88, 0x39, 0x68, 0x39, 0x87, 0x41, 0x68, 0x39, 0x88, 0x39,
    0x68, 0x41, 0x68, 0x39, 0x88, 0x39, 0x68, 0x39, 0x68, 0x41, 0x88, 0x39,
    0x68, 0x41, 0x68, 0x39, 0x88, 0x39, 0x68, 0x39, 0x68, 0x39, 0x88, 0x41,
    0x68, 0x39, 0x68, 0x41, 0x88, 0x39, 0x68, 0x41, 0x68, 0x39, 0x88, 0x39,
    0x88, 0x39, 0x68, 0x41, 0x88, 0x39, 0x68, 0x39, 0x68, 0x39, 0x88, 0x39,
    0x68, 0x41, 0x68, 0x39, 0x88, 0x39, 0x88, 0x41, 0x68, 0x39, 0x88, 0x39,
    0x68, 0x41, 0x68, 0x39, 0x88, 0x39, 0x68, 0x39, 0x88, 0x41, 0x68, 0x39,
    0x68, 0x39, 0x88, 0x39, 0x67, 0x41, 0x88, 0x39, 0x68, 0x39, 0x88, 0x39,
    0x88, 0x39, 0x87, 0x39, 0x68, 0x39, 0x68, 0x41, 0x87, 0x39, 0x68, 0x39,
    0x68, 0x39, 0x87, 0x41, 0x68, 0x39, 0x88, 0x39, 0x88, 0x39, 0x68, 0x39,
    0x88, 0x39, 0x88, 0x39, 0x68, 0x39, 0x88, 0x41, 0x88, 0x39, 0x67, 0x39,
    0x88, 0x39, 0x68, 0x39, 0x88, 0x39, 0x88, 0x39, 0x68, 0x41, 0x88, 0x39,
    0x88, 0x39, 0x67, 0x41, 0x68, 0x39, 0x88, 0x39, 0x67, 0x41, 0x68, 0x39,
    0x88, 0x39, 0x68, 0x39, 0x88, 0x41, 0x88, 0x39, 0x68, 0x39, 0x88, 0x39,
    0x68, 0x39, 0x68, 0x39, 0x88, 0x39, 0x68, 0x39, 0x68, 0x39, 0x88, 0x39,
    0x68, 0x39, 0x88, 0x39, 0x87, 0x39, 0x68, 0x41, 0x88, 0x39, 0x87, 0x39,
    0x68, 0x39, 0x68, 0x41, 0x88, 0x39, 0x67, 0x39, 0x68, 0x39, 0x88, 0x41,
    0x67, 0x39, 0x88, 0x41, 0x88, 0x39, 0x68, 0x39, 0x88, 0x39, 0x68, 0x41,
    0x88, 0x39, 0x88, 0x39, 0x67, 0x41, 0x88, 0x39, 0x88, 0x41, 0x68, 0x39,
    0x68, 0x41, 0x88, 0x39, 0x68, 0x39, 0x68, 0x41, 0x88, 0x39, 0x88, 0x39,
    0x68, 0x41, 0x68, 0x39, 0x88, 0x39, 0x88, 0x41, 0x68, 0x39, 0x68, 0x39,
    0x88, 0x39, 0x68, 0x39, 0x68, 0x39, 0x88, 0x41, 0x88, 0x39, 0x67, 0x39,
    0x68, 0x41, 0x68, 0x39, 0x88, 0x41, 0x87, 0x41, 0x68, 0x39, 0x88, 0x39,
    0x68, 0x39, 0x88, 0x39, 0x88, 0x41, 0x68, 0x39, 0x88, 0x39, 0x68, 0x39,
    0x68, 0x41, 0x88, 0x39, 0x88, 0x39, 0x68, 0x39, 0x88, 0x39, 0x88, 0x39,
    0x68, 0x39, 0x68, 0x39, 0x88, 0x39, 0x88, 0x39, 0x68, 0x39, 0x68, 0x39,
    0x88, 0x41, 0x68, 0x39, 0x87, 0x39, 0x88, 0x39, 0x68, 0x39, 0x87, 0x39,
    0x68, 0x41, 0x68, 0x39, 0x87, 0x39, 0x68, 0x41, 0x68, 0x39, 0x87, 0x39,
    0x68, 0x41, 0x88, 0x39, 0x88, 0x39, 0x68, 0x41, 0x88, 0x39, 0x88, 0x39,
    0x68, 0x41, 0x88, 0x39, 0x68, 0x41, 0x68, 0x39, 0x88, 0x41, 0x68, 0x39,
    0x88, 0x39, 0x88, 0x41, 0x68, 0x39, 0x68, 0x39, 0x88, 0x39, 0x68, 0x39,
    0x88, 0x39, 0x68, 0x39, 0x88, 0x41, 0x87, 0x39, 0x68, 0x39, 0x68, 0x41,
    0x68, 0x39, 0x88, 0x39, 0x67, 0x39, 0x88, 0x41, 0x88, 0x39, 0x67, 0x39,
    0x88, 0x39, 0x68, 0x39, 0x88, 0x41, 0x68, 0x39, 0x68, 0x39, 0x88, 0x41,
    0x68, 0x39, 0x68, 0x39, 0x87, 0x39, 0x68, 0x39, 0x88, 0x39, 0x68, 0x41,
    0x68, 0x39, 0x88, 0x39, 0x88, 0x39, 0x68, 0x39, 0x88, 0x39, 0x88, 0x41,
    0x68, 0x39, 0x88, 0x39, 0x88, 0x41, 0x68, 0x39, 0x88, 0x39, 0x68, 0x39,
    0x68, 0x39, 0x88, 0x39, 0x87, 0x41, 0x68, 0x39, 0x88, 0x41, 0x88, 0x39,
    0x68, 0x39, 0x88, 0x41, 0x68, 0x39, 0x88, 0x39, 0x68, 0x39, 0x88, 0x41,
    0x67, 0x39, 0x88, 0x39, 0x88, 0x39, 0x67, 0x39, 0x88, 0x39, 0x68, 0x41,
    0x87, 0x39, 0x68, 0x39, 0x88, 0x41, 0x68, 0x39, 0x88, 0x39, 0x88, 0x39,
    0x67, 0x41, 0x88, 0x39, 0x88, 0x39, 0x67, 0x39, 0x88, 0x39, 0x88, 0x39,
    0x68, 0x39, 0x88, 0x41, 0x88, 0x39, 0x67, 0x41, 0x88, 0x39, 0x88, 0x39,
    0x67, 0x39, 0x88, 0x39, 0x88, 0x41, 0x68, 0x39, 0x67, 0x39, 0x88, 0x41,
    0x68, 0x39, 0x68, 0x39, 0x88, 0x39, 0x88, 0x41, 0x68, 0x39, 0x88, 0x39,
    0x67, 0x39, 0x88, 0x39, 0x68, 0x39, 0x87, 0x41, 0x88, 0x39, 0x68, 0x39,
    0x88, 0x39, 0x68, 0x39, 0x87, 0x41, 0x88, 0x39, 0x68, 0x39, 0x88, 0x39,
    0x68, 0x39, 0x88, 0x41, 0x68, 0x39, 0x68, 0x39, 0x88, 0x41, 0x68, 0x39,
    0x68, 0x39, 0x88, 0x39, 0x88, 0x39, 0x68, 0x39, 0x88, 0x41, 0x88, 0x39,
    0x68, 0x39, 0x88, 0x39, 0x68, 0x41, 0x68, 0x39, 0x87, 0x39, 0x68, 0x41,
    0x88, 0x39, 0x67, 0x39, 0x68, 0x41, 0x88, 0x39, 0x68, 0x39, 0x88, 0x41,
    0x68, 0x41, 0x88, 0x39, 0x67, 0x39, 0x88, 0x39, 0x68, 0x39, 0x87, 0x39,
    0x88, 0x39, 0x68, 0x41, 0x88, 0x39, 0x88, 0x39, 0x68, 0x39, 0x88, 0x41,
    0x67, 0x39, 0x68, 0x39, 0x88, 0x41, 0x67, 0x39, 0x88, 0x39, 0x88, 0x41,
    0x67, 0x41, 0x88, 0x39, 0x88, 0x39, 0x67, 0x41, 0x88, 0x39, 0x68, 0x39,
    0x68, 0x41, 0x88, 0x39, 0x68, 0x39, 0x68, 0x39, 0x88, 0x41, 0x68, 0x39,
    0x88, 0x39, 0x88, 0x39, 0x68, 0x39, 0x88, 0x39, 0x68, 0x41, 0x68, 0x39,
    0x88, 0x39, 0x68, 0x39, 0x68, 0x41, 0x88, 0x39, 0x88, 0x39, 0x68, 0x39,
    0x68, 0x39, 0x88, 0x39, 0x68, 0x39, 0x68, 0x41, 0x88, 0x39, 0x87, 0x39,
    0x68, 0x39, 0x88, 0x41, 0x88, 0x39, 0x67, 0x39, 0x88, 0x39, 0x68, 0x39,
    0x68, 0x41, 0x88, 0x39, 0x68, 0x39, 0x88, 0x39, 0x88, 0x39, 0x68, 0x41,
    0x87, 0x39, 0x88, 0x39, 0x68, 0x41, 0x67, 0x39, 0x88, 0x39, 0x88, 0x39,
    0x68, 0x41, 0x88, 0x39, 0x68, 0x39, 0x68, 0x39, 0x88, 0x41, 0x68, 0x39,
    0x67, 0x39, 0x88, 0x41, 0x68, 0x39, 0x88, 0x39, 0x88, 0x41, 0x67, 0x39,
    0x88, 0x39, 0x68, 0x41, 0x68, 0x39, 0x88, 0x41, 0x68, 0x39, 0x88, 0x41,
    0x68, 0x39, 0x67, 0x41, 0x88, 0x39, 0x68, 0x41, 0x87, 0x39, 0x88, 0x39,
    0x68, 0x41, 0x68, 0x39, 0x88, 0x41, 0x68, 0x41, 0x88, 0x39, 0x88, 0x39,
    0x68, 0x41, 0x88, 0x39, 0x88, 0x39, 0x68, 0x41, 0x88, 0x39, 0x68, 0x39,
    0x68, 0x41, 0x88, 0x39, 0x68, 0x39, 0x68, 0x39, 0x88, 0x39, 0x68, 0x39,
    0x88, 0x39, 0x88, 0x41, 0x68, 0x39, 0x88, 0x39, 0x68, 0x39, 0x68, 0x41,
    0x88, 0x39, 0x67, 0x39, 0x88, 0x39, 0x88, 0x41, 0x68, 0x39, 0x87, 0x39,
    0x68, 0x41, 0x68, 0x39, 0x88, 0x39, 0x68, 0x39, 0x88, 0x41, 0x87, 0x39,
    0x68, 0x39, 0x88, 0x41, 0x68, 0x39, 0x68, 0x39, 0x88, 0x41, 0x68, 0x39,
    0x88, 0x39, 0x88, 0x39, 0x67, 0x39, 0x88, 0x41, 0x88, 0x39, 0x67, 0x39,
    0x88, 0x41, 0x88, 0x41, 0x68, 0x39, 0x88, 0x39, 0x87, 0x41, 0x68, 0x39,
    0x68, 0x39, 0x87, 0x41, 0x68, 0x41, 0x88, 0x39, 0x67, 0x39, 0x88, 0x39,
    0x68, 0x39, 0x68, 0x39, 0x87, 0x41, 0x88, 0x39, 0x68, 0x41, 0x88, 0x39,
    0x68, 0x39, 0x88, 0x39, 0x68, 0x39, 0x68, 0x39, 0x88, 0x41, 0x67, 0x39,
    0x68, 0x39, 0x88, 0x39, 0x88, 0x39, 0x67, 0x39, 0x88, 0x39, 0x68, 0x39,
    0x68, 0x41, 0x88, 0x39, 0x68, 0x41, 0x88, 0x39, 0x88, 0x39, 0x68, 0x39,
    0x68, 0x39, 0x88, 0x39, 0x68, 0x39, 0x88, 0x39, 0x68, 0x39, 0x68, 0x41,
    0x88, 0x39, 0x68, 0x39, 0x68, 0x41, 0x88, 0x39, 0x68, 0x39, 0x67, 0x41,
    0x88, 0x39, 0x68, 0x39, 0x68, 0x39, 0x88, 0x39, 0x68, 0x41, 0x68, 0x39,
    0x88, 0x39, 0x68, 0x39, 0x88, 0x39, 0x88, 0x39, 0x68, 0x39, 0x88, 0x41,
    0x87, 0x39, 0x68, 0x39, 0x88, 0x41, 0x67, 0x39, 0x88, 0x39, 0x68, 0x41,
    0x88, 0x39, 0x88, 0x39, 0x68, 0x41, 0x68, 0x39, 0x88, 0x39, 0x67, 0x41,
    0x88, 0x39, 0x68, 0x39, 0x68, 0x41, 0x88, 0x39, 0x67, 0x39, 0x88, 0x41,
    0x88, 0x39, 0x67, 0x39, 0x88, 0x39, 0x88, 0x39, 0x67, 0x41, 0x88, 0x39,
    0x68, 0x41, 0x68, 0x41, 0x88, 0x39, 0x67, 0x39, 0x68, 0x39, 0x88, 0x41,
    0x68, 0x39, 0x88, 0x39, 0x88, 0x39, 0x68, 0x41, 0x68, 0x39, 0x88, 0x39,
    0x68, 0x41, 0x88, 0x39, 0x88, 0x39, 0x68, 0x39, 0x68, 0x39, 0x88, 0x39,
    0x68, 0x39, 0x68, 0x41, 0x88, 0x39, 0x68, 0x41, 0x68, 0x39, 0x68, 0x39,
    0x88, 0x41, 0x68, 0x39, 0x68, 0x39, 0x88, 0x39, 0x68, 0x39, 0x88, 0x39,
    0x88, 0x39, 0x68, 0x39, 0x68, 0x39, 0x88, 0x39, 0x68, 0x39, 0x68, 0x39,
    0x88, 0x39, 0x68, 0x39, 0x68, 0x41, 0x88, 0x39, 0x88, 0x39, 0x68, 0x41,
    0x87, 0x39, 0x88, 0x41, 0x68, 0x39, 0x88, 0x39, 0x68, 0x39, 0x68, 0x41,
    0x87, 0x39, 0x68, 0x39, 0x88, 0x41, 0x88, 0x39, 0x88, 0x39, 0x68, 0x39,
    0x88, 0x39, 0x88, 0x39, 0x67, 0x41, 0x68, 0x39, 0x88, 0x39, 0x67, 0x41,
    0x88, 0x41, 0x88, 0x39, 0x68, 0x39, 0x68, 0x39, 0x88, 0x39, 0x68, 0x39,
    0x68, 0x39, 0x88, 0x39, 0x68, 0x41, 0x88, 0x39, 0x68, 0x39, 0x87, 0x39,
    0x88, 0x39, 0x68, 0x41, 0x67, 0x39, 0x88, 0x39, 0x68, 0x41, 0xa7, 0x41,
    0xc7, 0x49, 0xa7, 0x41, 0x88, 0x41, 0x68, 0x39, 0x88, 0x39, 0x68, 0x41,
    0x88, 0x39, 0x88, 0x39, 0x68, 0x39, 0x88, 0x39, 0x88, 0x39, 0x68, 0x41,
    0x88, 0x39, 0x68, 0x39, 0x68, 0x39, 0x87, 0x39, 0x68, 0x41, 0x88, 0x39,
    0x88, 0x39, 0x67, 0x39, 0x88, 0x39, 0x68, 0x39, 0x87, 0x41, 0x68, 0x39,
    0x88, 0x39, 0x88, 0x39, 0x68, 0x39, 0x68, 0x41, 0x88, 0x39, 0x88, 0x39,
    0x68, 0x39, 0x88, 0x39, 0x68, 0x39, 0x68, 0x39, 0x88, 0x39, 0x68, 0x39,
    0x68, 0x39, 0x88, 0x39, 0x68, 0x39, 0x88, 0x39, 0x88, 0x39, 0x68, 0x39,
    0x88, 0x39, 0x88, 0x39, 0x67, 0x41, 0x88, 0x39, 0x68, 0x41, 0x67, 0x39,
    0x88, 0x39, 0x68, 0x39, 0x87, 0x39, 0x88, 0x39, 0x68, 0x39, 0x87, 0x39,
    0x68, 0x41, 0x68, 0x39, 0x88, 0x39, 0x68, 0x41, 0x88, 0x39, 0x88, 0x39,
    0x68, 0x41, 0x87, 0x39, 0x68, 0x39, 0x68, 0x41, 0x88, 0x39, 0x88, 0x39,
    0x68, 0x39, 0x88, 0x39, 0x88, 0x39, 0x68, 0x39, 0x68, 0x39, 0x88, 0x41,
    0x68, 0x39, 0x68, 0x39, 0x88, 0x41, 0x68, 0x39, 0x88, 0x39, 0x68, 0x39,
    0x88, 0x39, 0x68, 0x39, 0x68, 0x41, 0x88, 0x39, 0x68, 0x39, 0x88, 0x39,
    0x88, 0x39, 0x68, 0x39, 0x88, 0x39, 0x68, 0x41, 0x68, 0x39, 0x88, 0x39,
    0x88, 0x41, 0x68, 0x39, 0x68, 0x39, 0x88, 0x39, 0x68, 0x39, 0x68, 0x39,
    0x68, 0x39, 0x88, 0x39, 0x88, 0x41, 0x68, 0x39, 0x88, 0x39, 0x88, 0x41,
    0x68, 0x39, 0x68, 0x39, 0x88, 0x41, 0x68, 0x41, 0x88, 0x39, 0x88, 0x39,
    0x68, 0x39, 0x68, 0x39, 0x88, 0x41, 0x68, 0x39, 0x68, 0x39, 0x88, 0x41,
    0x88, 0x41, 0x68, 0x39, 0x87, 0x39, 0x88, 0x41, 0x68, 0x39, 0x87, 0x39,
    0x88, 0x39, 0x68, 0x39, 0x88, 0x41, 0x88, 0x39, 0x68, 0x39, 0x88, 0x41,
    0x88, 0x39, 0x68, 0x39, 0x87, 0x41, 0x88, 0x39, 0x68, 0x39, 0x88, 0x41,
    0x68, 0x39, 0x67, 0x41, 0x88, 0x39, 0x68, 0x39, 0x68, 0x41, 0x88, 0x39,
    0x68, 0x39, 0x88, 0x39, 0x68, 0x39, 0x88, 0x39, 0x68, 0x39, 0x68, 0x41,
    0x88, 0x39, 0x68, 0x39, 0x68, 0x39, 0x88, 0x39, 0x68, 0x39, 0x88, 0x41,
    0x68, 0x39, 0x88, 0x39, 0x88, 0x39, 0x68, 0x39, 0x68, 0x41, 0x88, 0x39,
    0x68, 0x39, 0x68, 0x41, 0x88, 0x39, 0x68, 0x39, 0x88, 0x39, 0x88, 0x39,
    0x88, 0x39, 0x67, 0x39, 0x88, 0x39, 0x88, 0x41, 0x68, 0x39, 0x88, 0x39,
    0x67, 0x41, 0x68, 0x39, 0x88, 0x39, 0x87, 0x39, 0x68, 0x39, 0x88, 0x39,
    0x68, 0x41, 0x68, 0x39, 0x87, 0x39, 0x88, 0x41, 0x68, 0x39, 0x87, 0x39,
    0x88, 0x39, 0x68, 0x39, 0x88, 0x39, 0x88, 0x41, 0x68, 0x39, 0x88, 0x39,
    0x88, 0x39, 0x67, 0x39, 0x88, 0x41, 0x68, 0x41, 0x67, 0x39, 0x88, 0x39,
    0x88, 0x41, 0x68, 0x41, 0x88, 0x39, 0x88, 0x41, 0x68, 0x39, 0x88, 0x39,
    0x88, 0x41, 0x68, 0x39, 0x68, 0x39, 0x88, 0x39, 0x68, 0x39, 0x88, 0x39,
    0x68, 0x39, 0x68, 0x39, 0x87, 0x41, 0x88, 0x39, 0x68, 0x39, 0x88, 0x39,
    0x68, 0x41, 0x68, 0x39, 0x67, 0x39, 0x88, 0x41, 0x68, 0x39, 0x67, 0x41,
    0x88, 0x39, 0x88, 0x39, 0x68, 0x39, 0x88, 0x39, 0x68, 0x39, 0x88, 0x39,
    0x68, 0x39, 0x88, 0x41, 0x87, 0x39, 0x68, 0x39, 0x88, 0x41, 0x88, 0x41,
    0x68, 0x39, 0x87, 0x39, 0x68, 0x39, 0x68, 0x41, 0x88, 0x39, 0x68, 0x39,
    0x88, 0x41, 0x88, 0x39, 0x68, 0x39, 0x68, 0x41, 0x87, 0x41, 0xc7, 0x49,
    0x08, 0x5a, 0xe8, 0x51, 0xc7, 0x49, 0xa7, 0x49, 0x87, 0x41, 0x88, 0x39,
    0x68, 0x39, 0x67, 0x39, 0x88, 0x41, 0x68, 0x39, 0x87, 0x39, 0x88, 0x39,
    0x68, 0x41, 0x88, 0x39, 0x88, 0x39, 0x68, 0x41, 0x68, 0x39, 0x88, 0x39,
    0x68, 0x41, 0x88, 0x39, 0x68, 0x39, 0x88, 0x39, 0x68, 0x39, 0x88, 0x39,
    0x68, 0x41, 0x88, 0x39, 0x88, 0x39, 0x68, 0x39, 0x68, 0x39, 0x88, 0x41,
    0x67, 0x39, 0x88, 0x39, 0x88, 0x39, 0x67, 0x41, 0x88, 0x39, 0x68, 0x41,
    0x87, 0x39, 0x68, 0x41, 0x68, 0x39, 0x87, 0x41, 0x68, 0x39, 0x68, 0x41,
    0x87, 0x39, 0x68, 0x39, 0x88, 0x39, 0x88, 0x39, 0x68, 0x41, 0x88, 0x39,
    0x68, 0x39, 0x68, 0x41, 0x88, 0x39, 0x68, 0x41, 0x88, 0x39, 0x88, 0x39,
    0x68, 0x39, 0x88, 0x39, 0x68, 0x39, 0x68, 0x39, 0x87, 0x39, 0x68, 0x39,
    0x88, 0x39, 0x88, 0x39, 0x68, 0x39, 0x88, 0x39, 0x68, 0x39, 0x68, 0x41,
    0x88, 0x39, 0x67, 0x41, 0x88, 0x39, 0x88, 0x39, 0x67, 0x39, 0x88, 0x41,
    0x88, 0x39, 0x67, 0x39, 0x88, 0x39, 0x68, 0x39, 0x68, 0x41, 0x88, 0x39,
    0x67, 0x39, 0x88, 0x39, 0x88, 0x39, 0x68, 0x41, 0x68, 0x39, 0x88, 0x39,
    0x68, 0x41, 0x68, 0x39, 0x88, 0x39, 0x88, 0x39, 0x68, 0x41, 0x88, 0x39,
    0x87, 0x39, 0x68, 0x41, 0x88, 0x39, 0x68, 0x39, 0x88, 0x41, 0x88, 0x39,
    0x68, 0x39, 0x88, 0x39, 0x67, 0x41, 0x68, 0x39, 0x88, 0x39, 0x88, 0x39,
    0x68, 0x41, 0x87, 0x39, 0x68, 0x39, 0x68, 0x39, 0x88, 0x41, 0x87, 0x39,
    0x68, 0x39, 0x88, 0x39, 0x87, 0x39, 0x68, 0x39, 0x68, 0x39, 0x87, 0x39,
    0x88, 0x39, 0x68, 0x41, 0x68, 0x39, 0x88, 0x39, 0x68, 0x41, 0x68, 0x39,
    0x88, 0x39, 0x68, 0x39, 0x87, 0x39, 0x68, 0x39, 0x68, 0x39, 0x88, 0x39,
    0x68, 0x39, 0x68, 0x41, 0x88, 0x39, 0x68, 0x39, 0x88, 0x39, 0x88, 0x39,
    0x68, 0x39, 0x88, 0x41, 0x88, 0x39, 0x67, 0x39, 0x88, 0x39, 0x68, 0x39,
    0x68, 0x41, 0x88, 0x39, 0x68, 0x39, 0x88, 0x41, 0x87, 0x39, 0x68, 0x39,
    0x88, 0x41, 0x87, 0x39, 0x68, 0x39, 0x88, 0x41, 0x87, 0x39, 0x68, 0x39,
    0x68, 0x39, 0x87, 0x41, 0x88, 0x39, 0x68, 0x39, 0x88, 0x39, 0x88, 0x39,
    0x68, 0x39, 0x88, 0x41, 0x68, 0x39, 0x68, 0x39, 0x88, 0x41, 0x68, 0x39,
    0x68, 0x39, 0x88, 0x39, 0x68, 0x41, 0x88, 0x39, 0x68, 0x39, 0x88, 0x39,
    0x88, 0x39, 0x68, 0x41, 0x68, 0x39, 0x88, 0x39, 0x88, 0x41, 0x68, 0x39,
    0x87, 0x39, 0x68, 0x39, 0x68, 0x41, 0x88, 0x39, 0x68, 0x39, 0x68, 0x41,
    0x88, 0x41, 0x67, 0x39, 0x88, 0x39, 0x88, 0x39, 0x67, 0x41, 0x88, 0x39,
    0x68, 0x39, 0x88, 0x39, 0x88, 0x39, 0x68, 0x39, 0x88, 0x39, 0x68, 0x41,
    0x68, 0x39, 0x87, 0x39, 0x68, 0x39, 0x68, 0x39, 0x87, 0x41, 0x68, 0x39,
    0x88, 0x39, 0x87, 0x41, 0x68, 0x39, 0x88, 0x41, 0x67, 0x39, 0x88, 0x39,
    0x88, 0x41, 0x68, 0x39, 0x68, 0x39, 0x88, 0x41, 0x88, 0x39, 0x67, 0x39,
    0x88, 0x39, 0x88, 0x39, 0x68, 0x39, 0x88, 0x39, 0x68, 0x39, 0x88, 0x41,
    0x68, 0x39, 0x68, 0x39, 0x88, 0x41, 0x68, 0x41, 0x88, 0x39, 0x68, 0x39,
    0x68, 0x39, 0x88, 0x39, 0x68, 0x41, 0x68, 0x39, 0x87, 0x39, 0x68, 0x39,
    0x88, 0x41, 0x88, 0x39, 0x68, 0x39, 0x88, 0x39, 0x88, 0x41, 0x68, 0x39,
    0x68, 0x39, 0x88, 0x39, 0x88, 0x39, 0x88, 0x41, 0xc7, 0x49, 0x08, 0x52,
    0x29, 0x5a, 0x08, 0x5a, 0x28, 0x5a, 0x08, 0x52, 0xe8, 0x51, 0xa7, 0x41,
    0x68, 0x39, 0x88, 0x41, 0x68, 0x39, 0x68, 0x39, 0x88, 0x41, 0x68, 0x39,
    0x68, 0x39, 0x87, 0x39, 0x88, 0x41, 0x68, 0x39, 0x88, 0x39, 0x68, 0x39,
    0x68, 0x39, 0x88, 0x41, 0x88, 0x39, 0x68, 0x41, 0x88, 0x39, 0x67, 0x39,
    0x68, 0x41, 0x88, 0x39, 0x67, 0x39, 0x88, 0x41, 0x88, 0x39, 0x68, 0x39,
    0x68, 0x41, 0x88, 0x39, 0x68, 0x39, 0x88, 0x41, 0x68, 0x39, 0x88, 0x39,
    0x88, 0x39, 0x68, 0x39, 0x88, 0x41, 0x88, 0x39, 0x68, 0x39, 0x88, 0x39,
    0x68, 0x41, 0x68, 0x39, 0x88, 0x39, 0x68, 0x39, 0x88, 0x39, 0x88, 0x39,
    0x68, 0x41, 0x88, 0x39, 0x68, 0x39, 0x67, 0x41, 0x88, 0x39, 0x68, 0x39,
    0x88, 0x41, 0x88, 0x41, 0x68, 0x39, 0x88, 0x39, 0x68, 0x41, 0x68, 0x41,
    0x88, 0x39, 0x68, 0x41, 0x88, 0x39, 0x87, 0x39, 0x68, 0x41, 0x88, 0x39,
    0x68, 0x39, 0x68, 0x39, 0x88, 0x41, 0x68, 0x39, 0x68, 0x39, 0x88, 0x39,
    0x68, 0x41, 0x88, 0x39, 0x88, 0x39, 0x67, 0x41, 0x88, 0x39, 0x88, 0x39,
    0x68, 0x41, 0x68, 0x39, 0x87, 0x39, 0x88, 0x39, 0x68, 0x41, 0x87, 0x39,
    0x88, 0x39, 0x68, 0x41, 0x87, 0x39, 0x68, 0x39, 0x68, 0x39, 0x88, 0x39,
    0x68, 0x39, 0x68, 0x39, 0x88, 0x41, 0x67, 0x39, 0x68, 0x39, 0x88, 0x39,
    0x68, 0x39, 0x88, 0x39, 0x88, 0x39, 0x68, 0x39, 0x68, 0x39, 0x67, 0x39,
    0x88, 0x39, 0x88, 0x39, 0x68, 0x39, 0x88, 0x39, 0x68, 0x39, 0x68, 0x41,
    0x88, 0x39, 0x68, 0x41, 0x88, 0x39, 0x88, 0x41, 0x68, 0x39, 0x68, 0x39,
    0x88, 0x39, 0x68, 0x39, 0x88, 0x39, 0x68, 0x39, 0x88, 0x41, 0x88, 0x39,
    0x68, 0x41, 0x68, 0x39, 0x88, 0x41, 0x88, 0x39, 0x68, 0x41, 0x87, 0x39,
    0x88, 0x39, 0x68, 0x39, 0x88, 0x39, 0x68, 0x41, 0x67, 0x39, 0x88, 0x39,
    0x68, 0x39, 0x68, 0x39, 0x88, 0x41, 0x68, 0x39, 0x88, 0x39, 0x88, 0x41,
    0x67, 0x39, 0x88, 0x39, 0x68, 0x41, 0x68, 0x39, 0x88, 0x39, 0x68, 0x39,
    0x68, 0x39, 0x88, 0x41, 0x68, 0x39, 0x68, 0x39, 0x88, 0x41, 0x68, 0x39,
    0x88, 0x39, 0x68, 0x41, 0x68, 0x39, 0x88, 0x39, 0x67, 0x41, 0x68, 0x39,
    0x88, 0x39, 0x87, 0x39, 0x68, 0x39, 0x88, 0x41, 0x87, 0x39, 0x68, 0x39,
    0x68, 0x41, 0x88, 0x39, 0x68, 0x39, 0x67, 0x39, 0x88, 0x41, 0x68, 0x39,
    0x88, 0x39, 0x88, 0x39, 0x68, 0x41, 0x68, 0x39, 0x88, 0x39, 0x68, 0x41,
    0x88, 0x39, 0x88, 0x39, 0x68, 0x39, 0x88, 0x39, 0x88, 0x39, 0x68, 0x39,
    0x88, 0x39, 0x68, 0x39, 0x68, 0x41, 0x68, 0x39, 0x88, 0x39, 0x68, 0x41,
    0x68, 0x39, 0x88, 0x41, 0x68, 0x39, 0x88, 0x39, 0x88, 0x39, 0x68, 0x39,
    0x88, 0x39, 0x88, 0x39, 0x68, 0x39, 0x88, 0x39, 0x68, 0x41, 0x68, 0x39,
    0x88, 0x39, 0x68, 0x39, 0x88, 0x39, 0x68, 0x41, 0x88, 0x39, 0x68, 0x39,
    0x88, 0x41, 0x88, 0x39, 0x68, 0x39, 0x68, 0x39, 0x88, 0x41, 0x68, 0x39,
    0x88, 0x39, 0x88, 0x41, 0x68, 0x41, 0x88, 0x39, 0x88, 0x39, 0x68, 0x39,
    0x87, 0x39, 0x68, 0x39, 0x88, 0x41, 0x87, 0x39, 0x68, 0x39, 0x88, 0x41,
    0x87, 0x39, 0x68, 0x39, 0x88, 0x39, 0x88, 0x39, 0x68, 0x39, 0x68, 0x39,
    0x88, 0x39, 0x68, 0x41, 0x68, 0x39, 0x87, 0x39, 0x68, 0x39, 0x88, 0x41,
    0x67, 0x39, 0x68, 0x39, 0x88, 0x41, 0xa7, 0x41, 0xe8, 0x51, 0x08, 0x5a,
    0x09, 0x5a, 0x28, 0x5a, 0x09, 0x5a, 0x29, 0x5a, 0xe8, 0x51, 0xa7, 0x41,
    0x88, 0x39, 0x88, 0x39, 0x68, 0x39, 0x88, 0x39, 0x88, 0x41, 0x68, 0x39,
    0x68, 0x39, 0x88, 0x39, 0x68, 0x39, 0x68, 0x39, 0x87, 0x41, 0x88, 0x39,
    0x68, 0x39, 0x67, 0x39, 0x88, 0x39, 0x68, 0x41, 0x88, 0x39, 0x88, 0x39,
    0x68, 0x39, 0x88, 0x39, 0x68, 0x41, 0x68, 0x39, 0x88, 0x39, 0x67, 0x39,
    0x88, 0x39, 0x68, 0x41, 0x88, 0x39, 0x68, 0x39, 0x68, 0x39, 0x88, 0x39,
    0x68, 0x41, 0x68, 0x39, 0x88, 0x39, 0x68, 0x39, 0x88, 0x39, 0x88, 0x39,
    0x68, 0x41, 0x88, 0x39, 0x67, 0x41, 0x68, 0x41, 0x88, 0x39, 0x67, 0x39,
    0x88, 0x39, 0x88, 0x39, 0x68, 0x39, 0x88, 0x39, 0x68, 0x39, 0x68, 0x39,
    0x87, 0x39, 0x68, 0x39, 0x88, 0x41, 0x87, 0x39, 0x68, 0x39, 0x88, 0x39,
    0x68, 0x39, 0x68, 0x41, 0x88, 0x39, 0x68, 0x39, 0x88, 0x41, 0x87, 0x39,
    0x68, 0x39, 0x88, 0x39, 0x68, 0x41, 0x88, 0x39, 0x88, 0x39, 0x67, 0x41,
    0x68, 0x39, 0x88, 0x39, 0x68, 0x41, 0x68, 0x39, 0x88, 0x39, 0x88, 0x39,
    0x68, 0x41, 0x68, 0x39, 0x88, 0x39, 0x68, 0x41, 0x68, 0x39, 0x88, 0x39,
    0x68, 0x39, 0x88, 0x39, 0x68, 0x41, 0x87, 0x39, 0x88, 0x39, 0x68, 0x41,
    0x88, 0x39, 0x88, 0x39, 0x68, 0x39, 0x88, 0x41, 0x68, 0x39, 0x68, 0x39,
    0x68, 0x39, 0x88, 0x41, 0x88, 0x39, 0x68, 0x41, 0x88, 0x41, 0x88, 0x39,
    0x68, 0x39, 0x68, 0x41, 0x88, 0x41, 0x88, 0x39, 0x67, 0x39, 0x88, 0x39,
    0x68, 0x39, 0x68, 0x39, 0x88, 0x41, 0x68, 0x39, 0x88, 0x41, 0x88, 0x39,
    0x67, 0x41, 0x88, 0x39, 0x68, 0x39, 0x87, 0x41, 0x68, 0x39, 0x88, 0x39,
    0x67, 0x39, 0x88, 0x39, 0x68, 0x39, 0x68, 0x41, 0x88, 0x39, 0x68, 0x39,
    0x88, 0x41, 0x67, 0x39, 0x88, 0x39, 0x88, 0x41, 0x68, 0x39, 0x88, 0x41,
    0x87, 0x39, 0x68, 0x39, 0x68, 0x39, 0x88, 0x41, 0x68, 0x39, 0x88, 0x39,
    0x88, 0x39, 0x68, 0x39, 0x87, 0x39, 0x88, 0x41, 0x68, 0x39, 0x88, 0x39,
    0x88, 0x39, 0x68, 0x39, 0x88, 0x39, 0x88, 0x39, 0x68, 0x39, 0x88, 0x39,
    0x88, 0x39, 0x68, 0x39, 0x88, 0x39, 0x88, 0x41, 0x68, 0x39, 0x68, 0x39,
    0x88, 0x41, 0x68, 0x39, 0x68, 0x39, 0x88, 0x39, 0x68, 0x39, 0x88, 0x39,
    0x87, 0x41, 0x68, 0x39, 0x88, 0x39, 0x88, 0x41, 0x68, 0x39, 0x68, 0x39,
    0x67, 0x41, 0x88, 0x39, 0x88, 0x39, 0x67, 0x39, 0x68, 0x39, 0x88, 0x39,
    0x68, 0x41, 0x88, 0x39, 0x67, 0x39, 0x68, 0x41, 0x88, 0x39, 0x87, 0x39,
    0x68, 0x39, 0x88, 0x41, 0x88, 0x39, 0x68, 0x39, 0x88, 0x39, 0x87, 0x39,
    0x68, 0x39, 0x68, 0x41, 0x87, 0x39, 0x68, 0x41, 0x68, 0x41, 0x87, 0x39,
    0x68, 0x41, 0x68, 0x41, 0x88, 0x39, 0x88, 0x39, 0x68, 0x39, 0x87, 0x39,
    0x68, 0x41, 0x88, 0x39, 0x68, 0x39, 0x88, 0x39, 0x68, 0x39, 0x67, 0x39,
    0x68, 0x39, 0x88, 0x39, 0x87, 0x39, 0x68, 0x39, 0x68, 0x39, 0x88, 0x41,
    0x68, 0x39, 0x67, 0x39, 0x88, 0x39, 0x68, 0x39, 0x67, 0x41, 0x88, 0x39,
    0x68, 0x39, 0x88, 0x41, 0x68, 0x39, 0x68, 0x39, 0x88, 0x39, 0x68, 0x41,
    0x68, 0x39, 0x88, 0x39, 0x68, 0x41, 0x88, 0x41, 0x68, 0x39, 0x88, 0x39,
    0x87, 0x39, 0x68, 0x39, 0x88, 0x41, 0x68, 0x39, 0x88, 0x39, 0x88, 0x39,
    0x68, 0x41, 0x88, 0x39, 0x87, 0x41, 0xe8, 0x51, 0x08, 0x5a, 0x28, 0x5a,
    0x28, 0x5a, 0x09, 0x5a, 0x08, 0x5a, 0x28, 0x5a, 0xe8, 0x51, 0x88, 0x41,
    0x68, 0x39, 0x68, 0x41, 0x88, 0x39, 0x67, 0x39, 0x88, 0x39, 0x88, 0x41,
    0x67, 0x39, 0x88, 0x41, 0x88, 0x39, 0x68, 0x39, 0x88, 0x39, 0x88, 0x41,
    0x68, 0x39, 0x88, 0x39, 0x68, 0x39, 0x67, 0x39, 0x88, 0x41, 0x68, 0x39,
    0x88, 0x39, 0x88, 0x39, 0x68, 0x39, 0x88, 0x39, 0x68, 0x41, 0x88, 0x39,
    0x88, 0x39, 0x68, 0x39, 0x87, 0x41, 0x88, 0x39, 0x68, 0x39, 0x87, 0x41,
    0x88, 0x39, 0x68, 0x39, 0x87, 0x39, 0x68, 0x41, 0x68, 0x39, 0x87, 0x39,
    0x88, 0x39, 0x68, 0x39, 0x88, 0x39, 0x88, 0x39, 0x68, 0x41, 0x68, 0x39,
    0x88, 0x39, 0x67, 0x41, 0x88, 0x39, 0x88, 0x41, 0x68, 0x41, 0x88, 0x39,
    0x68, 0x39, 0x68, 0x39, 0x88, 0x39, 0x68, 0x39, 0x88, 0x39, 0x88, 0x39,
    0x67, 0x39, 0x88, 0x39, 0x68, 0x39, 0x68, 0x39, 0x88, 0x39, 0x68, 0x41,
    0x88, 0x39, 0x68, 0x39, 0x87, 0x39, 0x68, 0x39, 0x88, 0x41, 0x68, 0x39,
    0x88, 0x39, 0x88, 0x39, 0x68, 0x39, 0x68, 0x39, 0x88, 0x39, 0x67, 0x41,
    0x88, 0x39, 0x88, 0x39, 0x68, 0x39, 0x88, 0x39, 0x88, 0x39, 0x68, 0x41,
    0x67, 0x39, 0x88, 0x39, 0x68, 0x39, 0x68, 0x41, 0x88, 0x39, 0x68, 0x39,
    0x67, 0x41, 0x88, 0x39, 0x68, 0x39, 0x88, 0x39, 0x88, 0x41, 0x68, 0x39,
    0x68, 0x39, 0x68, 0x39, 0x87, 0x39, 0x68, 0x39, 0x88, 0x39, 0x88, 0x39,
    0x68, 0x41, 0x67, 0x39, 0x88, 0x39, 0x68, 0x39, 0x88, 0x41, 0x88, 0x39,
    0x68, 0x39, 0x87, 0x39, 0x68, 0x39, 0x68, 0x39, 0x87, 0x39, 0x68, 0x39,
    0x88, 0x41, 0x68, 0x39, 0x88, 0x39, 0x68, 0x39, 0x68, 0x39, 0x88, 0x39,
    0x88, 0x41, 0x68, 0x39, 0x88, 0x39, 0x87, 0x39, 0x68, 0x39, 0x68, 0x39,
    0x88, 0x41, 0x68, 0x39, 0x68, 0x39, 0x88, 0x39, 0x68, 0x39, 0x68, 0x39,
    0x88, 0x41, 0x88, 0x39, 0x68, 0x39, 0x87, 0x39, 0x68, 0x41, 0x68, 0x39,
    0x88, 0x41, 0x68, 0x39, 0x68, 0x39, 0x88, 0x39, 0x68, 0x41, 0x87, 0x39,
    0x68, 0x41, 0x68, 0x39, 0x87, 0x41, 0x68, 0x39, 0x68, 0x41, 0x87, 0x39,
    0x68, 0x41, 0x68, 0x39, 0x87, 0x39, 0x68, 0x39, 0x88, 0x39, 0x88, 0x41,
    0x68, 0x39, 0x88, 0x39, 0x87, 0x41, 0x68, 0x39, 0x68, 0x39, 0x88, 0x41,
    0x68, 0x39, 0x68, 0x39, 0x88, 0x39, 0x88, 0x39, 0x68, 0x39, 0x88, 0x39,
    0x88, 0x39, 0x68, 0x41, 0x88, 0x39, 0x88, 0x41, 0x68, 0x39, 0x87, 0x39,
    0x68, 0x39, 0x88, 0x41, 0x88, 0x39, 0x68, 0x39, 0x68, 0x41, 0x88, 0x39,
    0x68, 0x41, 0x88, 0x39, 0x67, 0x39, 0x88, 0x41, 0x68, 0x39, 0x88, 0x39,
    0x88, 0x39, 0x68, 0x39, 0x88, 0x39, 0x68, 0x39, 0x88, 0x39, 0x88, 0x39,
    0x68, 0x39, 0x67, 0x39, 0x88, 0x41, 0x68, 0x39, 0x88, 0x39, 0x88, 0x41,
    0x68, 0x39, 0x67, 0x39, 0x88, 0x41, 0x88, 0x39, 0x68, 0x41, 0x88, 0x39,
    0x88, 0x41, 0x68, 0x39, 0x88, 0x41, 0x88, 0x39, 0x67, 0x39, 0x88, 0x39,
    0x68, 0x39, 0x88, 0x39, 0x88, 0x39, 0x68, 0x41, 0x88, 0x39, 0x68, 0x39,
    0x88, 0x41, 0x88, 0x39, 0x68, 0x39, 0x88, 0x39, 0x88, 0x39, 0x88, 0x41,
    0x88, 0x41, 0x68, 0x39, 0x88, 0x39, 0x67, 0x39, 0x88, 0x41, 0x68, 0x39,
    0x68, 0x41, 0x88, 0x39, 0x88, 0x39, 0x68, 0x41, 0x68, 0x39, 0x88, 0x39,
    0x68, 0x39, 0x68, 0x39, 0x87, 0x41, 0xc7, 0x49, 0x08, 0x5a, 0x29, 0x5a,
    0x28, 0x5a, 0x08, 0x5a, 0x29, 0x5a, 0x08, 0x5a, 0xc7, 0x49, 0x88, 0x41,
    0x68, 0x39, 0x88, 0x39, 0x68, 0x41, 0x68, 0x39, 0x88, 0x39, 0x68, 0x39,
    0x68, 0x39, 0x88, 0x39, 0x68, 0x41, 0x68, 0x39, 0x88, 0x39, 0x68, 0x39,
    0x68, 0x41, 0x88, 0x39, 0x88, 0x41, 0x68, 0x39, 0x68, 0x39, 0x88, 0x41,
    0x67, 0x39, 0x68, 0x41, 0x88, 0x39, 0x87, 0x39, 0x68, 0x41, 0x68, 0x39,
    0x88, 0x39, 0x68, 0x39, 0x68, 0x39, 0x88, 0x41, 0x68, 0x39, 0x68, 0x39,
    0x88, 0x39, 0x88, 0x39, 0x68, 0x41, 0x88, 0x39, 0x68, 0x39, 0x68, 0x41,
    0x88, 0x39, 0x68, 0x39, 0x68, 0x39, 0x88, 0x39, 0x88, 0x39, 0x68, 0x41,
    0x68, 0x39, 0x88, 0x39, 0x68, 0x39, 0x68, 0x39, 0x87, 0x39, 0x88, 0x41,
    0x68, 0x39, 0x88, 0x41, 0x68, 0x39, 0x68, 0x41, 0x88, 0x41, 0x68, 0x39,
    0x88, 0x41, 0x88, 0x39, 0x67, 0x41, 0x88, 0x39, 0x68, 0x39, 0x68, 0x39,
    0x88, 0x41, 0x88, 0x39, 0x68, 0x39, 0x68, 0x41, 0x88, 0x39, 0x68, 0x39,
    0x68, 0x39, 0x87, 0x41, 0x88, 0x39, 0x68, 0x39, 0x88, 0x41, 0x68, 0x39,
    0x68, 0x39, 0x88, 0x41, 0x67, 0x39, 0x68, 0x39, 0x88, 0x41, 0x88, 0x39,
    0x68, 0x39, 0x88, 0x41, 0x88, 0x39, 0x68, 0x39, 0x88, 0x39, 0x88, 0x39,
    0x68, 0x41, 0x68, 0x39, 0x87, 0x39, 0x68, 0x39, 0x88, 0x39, 0x88, 0x39,
    0x88, 0x39, 0x68, 0x39, 0x68, 0x41, 0x88, 0x39, 0x68, 0x39, 0x68, 0x39,
    0x88, 0x39, 0x88, 0x39, 0x68, 0x39, 0x68, 0x41, 0x88, 0x39, 0x68, 0x41,
    0x88, 0x39, 0x88, 0x41, 0x68, 0x39, 0x88, 0x39, 0x68, 0x39, 0x88, 0x39,
    0x68, 0x39, 0x88, 0x41, 0x88, 0x39, 0x68, 0x41, 0x88, 0x39, 0x68, 0x39,
    0x68, 0x41, 0x88, 0x39, 0x68, 0x39, 0x88, 0x41, 0x68, 0x39, 0x88, 0x39,
    0x88, 0x39, 0x68, 0x41, 0x88, 0x39, 0x87, 0x39, 0x68, 0x41, 0x68, 0x39,
    0x88, 0x39, 0x68, 0x41, 0x88, 0x39, 0x88, 0x39, 0x68, 0x39, 0x87, 0x39,
    0x68, 0x39, 0x88, 0x41, 0x88, 0x39, 0x68, 0x39, 0x88, 0x39, 0x68, 0x41,
    0x88, 0x39, 0x88, 0x39, 0x68, 0x39, 0x88, 0x41, 0x88, 0x39, 0x68, 0x39,
    0x88, 0x39, 0x88, 0x41, 0x68, 0x39, 0x68, 0x39, 0x87, 0x41, 0x68, 0x39,
    0x68, 0x39, 0x88, 0x39, 0x88, 0x41, 0x68, 0x39, 0x88, 0x39, 0x88, 0x41,
    0x68, 0x39, 0x88, 0x39, 0x67, 0x41, 0x68, 0x39, 0x88, 0x41, 0x87, 0x39,
    0x68, 0x39, 0x68, 0x39, 0x68, 0x39, 0x88, 0x39, 0x88, 0x41, 0x68, 0x39,
    0x68, 0x39, 0x88, 0x39, 0x88, 0x39, 0x68, 0x39, 0x88, 0x39, 0x68, 0x41,
    0x88, 0x39, 0x68, 0x39, 0x68, 0x39, 0x88, 0x39, 0x68, 0x41, 0x68, 0x39,
    0x88, 0x41, 0x68, 0x39, 0x88, 0x39, 0x68, 0x39, 0x67, 0x39, 0x88, 0x41,
    0x88, 0x39, 0x88, 0x39, 0x68, 0x39, 0x68, 0x41, 0x87, 0x39, 0x68, 0x39,
    0x88, 0x39, 0x68, 0x39, 0x88, 0x39, 0x68, 0x41, 0x87, 0x39, 0x68, 0x39,
    0x68, 0x39, 0x68, 0x41, 0x88, 0x39, 0x68, 0x39, 0x88, 0x41, 0x68, 0x39,
    0x88, 0x41, 0x68, 0x39, 0x68, 0x41, 0x88, 0x39, 0x68, 0x39, 0x88, 0x39,
    0x67, 0x39, 0x68, 0x39, 0x88, 0x41, 0x67, 0x39, 0x68, 0x39, 0x88, 0x41,
    0xc9, 0x49, 0x88, 0x39, 0x68, 0x39, 0x88, 0x39, 0x68, 0x39, 0x88, 0x39,
    0x68, 0x39, 0x88, 0x39, 0x67, 0x39, 0x88, 0x39, 0x68, 0x41, 0x87, 0x39,
    0x88, 0x39, 0x68, 0x41, 0x88, 0x39, 0xa7, 0x41, 0xe8, 0x51, 0x09, 0x5a,
    0x08, 0x5a, 0x28, 0x5a, 0x09, 0x5a, 0x08, 0x52, 0xa7, 0x41, 0x68, 0x39,
    0x88, 0x39, 0x87, 0x39, 0x68, 0x39, 0x88, 0x41, 0x88, 0x39, 0x68, 0x39,
    0x88, 0x41, 0x88, 0x39, 0x67, 0x39, 0x88, 0x41, 0x68, 0x39, 0x87, 0x39,
    0x68, 0x39, 0x88, 0x39, 0x87, 0x39, 0x68, 0x39, 0x88, 0x39, 0x88, 0x39,
    0x68, 0x39, 0x68, 0x41, 0x88, 0x39, 0x68, 0x39, 0x88, 0x39, 0x67, 0x41,
    0x88, 0x39, 0x88, 0x39, 0x68, 0x41, 0x87, 0x39, 0x88, 0x39, 0x68, 0x41,
    0x68, 0x39, 0x87, 0x39, 0x68, 0x41, 0x88, 0x39, 0x88, 0x39, 0x68, 0x41,
    0x87, 0x39, 0x88, 0x41, 0x68, 0x41, 0x67, 0x39, 0x88, 0x39, 0x88, 0x39,
    0x67, 0x41, 0x88, 0x39, 0x88, 0x39, 0x68, 0x39, 0x88, 0x39, 0x68, 0x39,
    0x88, 0x39, 0x87, 0x39, 0x68, 0x39, 0x88, 0x39, 0x67, 0x39, 0x68, 0x39,
    0x88, 0x39, 0x68, 0x41, 0x88, 0x39, 0x88, 0x39, 0x68, 0x41, 0x87, 0x39,
    0x68, 0x39, 0x88, 0x41, 0x68, 0x39, 0x87, 0x39, 0x88, 0x39, 0x68, 0x39,
    0x88, 0x41, 0x68, 0x39, 0x68, 0x39, 0x88, 0x41, 0x87, 0x39, 0x68, 0x39,
    0x88, 0x39, 0x88, 0x41, 0x68, 0x39, 0x68, 0x39, 0x87, 0x41, 0x68, 0x39,
    0x68, 0x39, 0x88, 0x39, 0x68, 0x41, 0x67, 0x39, 0x88, 0x39, 0x88, 0x41,
    0x68, 0x39, 0x88, 0x39, 0x88, 0x41, 0x68, 0x41, 0x68, 0x39, 0x68, 0x39,
    0x88, 0x39, 0x68, 0x39, 0x88, 0x41, 0x88, 0x39, 0x67, 0x41, 0x68, 0x39,
    0x88, 0x39, 0x88, 0x41, 0x68, 0x39, 0x87, 0x39, 0x68, 0x39, 0x68, 0x39,
    0x87, 0x39, 0x68, 0x41, 0x88, 0x39, 0x88, 0x41, 0x68, 0x41, 0x68, 0x39,
    0x87, 0x39, 0x68, 0x39, 0x68, 0x39, 0x87, 0x41, 0x88, 0x39, 0x68, 0x39,
    0x87, 0x39, 0x68, 0x39, 0x88, 0x41, 0x68, 0x39, 0x88, 0x39, 0x67, 0x41,
    0x68, 0x39, 0x88, 0x39, 0x68, 0x39, 0x88, 0x41, 0x88, 0x39, 0x68, 0x39,
    0x87, 0x39, 0x68, 0x39, 0x68, 0x41, 0x88, 0x39, 0x68, 0x39, 0x88, 0x41,
    0x68, 0x39, 0x68, 0x39, 0x87, 0x41, 0x68, 0x39, 0x68, 0x39, 0x88, 0x39,
    0x67, 0x39, 0x88, 0x39, 0x68, 0x39, 0x68, 0x39, 0x88, 0x39, 0x68, 0x39,
    0x68, 0x39, 0x88, 0x41, 0x88, 0x39, 0x68, 0x39, 0x88, 0x39, 0x88, 0x39,
    0x68, 0x41, 0x67, 0x39, 0x88, 0x39, 0x68, 0x39, 0x67, 0x39, 0x88, 0x39,
    0x88, 0x39, 0x68, 0x41, 0x88, 0x39, 0x68, 0x39, 0x68, 0x39, 0x88, 0x41,
    0x68, 0x39, 0x88, 0x39, 0x67, 0x41, 0x68, 0x39, 0x88, 0x39, 0x68, 0x41,
    0x88, 0x39, 0x67, 0x41, 0x68, 0x39, 0x88, 0x39, 0x67, 0x41, 0x88, 0x39,
    0x88, 0x39, 0x67, 0x39, 0x88, 0x41, 0x88, 0x39, 0x67, 0x39, 0x88, 0x39,
    0x68, 0x41, 0x87, 0x39, 0x88, 0x41, 0x68, 0x41, 0x68, 0x39, 0x88, 0x39,
    0x68, 0x41, 0x68, 0x39, 0x88, 0x39, 0x88, 0x39, 0x68, 0x39, 0x88, 0x41,
    0x68, 0x39, 0x88, 0x39, 0x68, 0x39, 0x88, 0x39, 0x68, 0x39, 0x88, 0x39,
    0x88, 0x39, 0x67, 0x39, 0x68, 0x39, 0x88, 0x39, 0x68, 0x41, 0x88, 0x39,
    0x87, 0x39, 0x68, 0x39, 0x88, 0x39, 0x67, 0x39, 0x88, 0x41, 0x88, 0x39,
    0x68, 0x39, 0x88, 0x41, 0x88, 0x39, 0x88, 0x41, 0xa9, 0x41, 0xa9, 0x49,
    0xea, 0x51, 0xc9, 0x49, 0xa9, 0x41, 0x88, 0x41, 0x68, 0x39, 0x88, 0x41,
    0x87, 0x39, 0x68, 0x41, 0x68, 0x39, 0x88, 0x39, 0x88, 0x39, 0x68, 0x41,
    0x88, 0x39, 0x68, 0x39, 0x88, 0x39, 0x88, 0x41, 0xa7, 0x49, 0x08, 0x52,
    0x29, 0x5a, 0x28, 0x5a, 0x29, 0x5a, 0xe8, 0x51, 0xa7, 0x41, 0x68, 0x39,
    0x88, 0x41, 0x68, 0x39, 0x68, 0x39, 0x88, 0x39, 0x67, 0x41, 0x68, 0x39,
    0x88, 0x39, 0x68, 0x39, 0x88, 0x39, 0x68, 0x39, 0x88, 0x41, 0x88, 0x39,
    0x68, 0x41, 0x68, 0x39, 0x88, 0x39, 0x68, 0x41, 0x88, 0x39, 0x68, 0x39,
    0x88, 0x39, 0x87, 0x39, 0x68, 0x41, 0x88, 0x39, 0x68, 0x39, 0x88, 0x39,
    0x68, 0x41, 0x68, 0x39, 0x88, 0x39, 0x68, 0x39, 0x88, 0x39, 0x88, 0x41,
    0x68, 0x39, 0x68, 0x39, 0x88, 0x39, 0x67, 0x39, 0x68, 0x39, 0x88, 0x39,
    0x68, 0x39, 0x88, 0x39, 0x88, 0x39, 0x68, 0x39, 0x68, 0x41, 0x88, 0x39,
    0x68, 0x39, 0x68, 0x41, 0x88, 0x41, 0x68, 0x39, 0x68, 0x41, 0x88, 0x39,
    0x68, 0x41, 0x68, 0x39, 0x88, 0x39, 0x88, 0x41, 0x68, 0x39, 0x88, 0x39,
    0x68, 0x39, 0x68, 0x39, 0x88, 0x39, 0x68, 0x39, 0x88, 0x39, 0x68, 0x39,
    0x88, 0x39, 0x68, 0x39, 0x68, 0x39, 0x88, 0x41, 0x68, 0x39, 0x88, 0x39,
    0x87, 0x41, 0x68, 0x39, 0x68, 0x39, 0x88, 0x39, 0x68, 0x39, 0x68, 0x39,
    0x88, 0x39, 0x88, 0x39, 0x68, 0x39, 0x88, 0x39, 0x88, 0x39, 0x68, 0x39,
    0x88, 0x39, 0x87, 0x39, 0x68, 0x39, 0x88, 0x41, 0x68, 0x39, 0x68, 0x39,
    0x87, 0x39, 0x68, 0x39, 0x88, 0x39, 0x88, 0x39, 0x67, 0x39, 0x88, 0x39,
    0x68, 0x39, 0x88, 0x39, 0x68, 0x39, 0x88, 0x39, 0x88, 0x39, 0x68, 0x41,
    0x67, 0x39, 0x88, 0x39, 0x68, 0x41, 0x88, 0x39, 0x88, 0x39, 0x68, 0x39,
    0x68, 0x39, 0x88, 0x39, 0x68, 0x39, 0x67, 0x39, 0x88, 0x39, 0x88, 0x41,
    0x68, 0x39, 0x88, 0x39, 0x68, 0x39, 0x68, 0x39, 0x88, 0x41, 0x88, 0x39,
    0x68, 0x39, 0x88, 0x41, 0x67, 0x39, 0x88, 0x39, 0x88, 0x39, 0x68, 0x41,
    0x88, 0x39, 0x68, 0x39, 0x67, 0x39, 0x88, 0x39, 0x68, 0x39, 0x88, 0x41,
    0x88, 0x39, 0x68, 0x39, 0x87, 0x39, 0x68, 0x41, 0x88, 0x39, 0x68, 0x39,
    0x88, 0x39, 0x88, 0x39, 0x68, 0x39, 0x88, 0x41, 0x88, 0x39, 0x68, 0x39,
    0x68, 0x41, 0x88, 0x41, 0x87, 0x39, 0x68, 0x39, 0x88, 0x41, 0x87, 0x39,
    0x68, 0x39, 0x68, 0x39, 0x87, 0x41, 0x68, 0x39, 0x68, 0x39, 0x88, 0x41,
    0x88, 0x39, 0x68, 0x39, 0x88, 0x41, 0x88, 0x39, 0x68, 0x41, 0x68, 0x39,
    0x88, 0x39, 0x67, 0x39, 0x88, 0x39, 0x88, 0x39, 0x68, 0x39, 0x88, 0x41,
    0x88, 0x39, 0x68, 0x39, 0x88, 0x41, 0x88, 0x39, 0x67, 0x39, 0x88, 0x39,
    0x88, 0x39, 0x68, 0x41, 0x88, 0x39, 0x68, 0x39, 0x68, 0x39, 0x88, 0x39,
    0x68, 0x39, 0x68, 0x41, 0x88, 0x39, 0x68, 0x39, 0x88, 0x39, 0x68, 0x39,
    0x68, 0x39, 0x88, 0x39, 0x68, 0x39, 0x88, 0x39, 0x88, 0x39, 0x68, 0x39,
    0x87, 0x39, 0x68, 0x41, 0x88, 0x39, 0x68, 0x39, 0x68, 0x41, 0x88, 0x39,
    0x87, 0x41, 0x68, 0x39, 0x88, 0x41, 0x67, 0x39, 0x68, 0x41, 0x88, 0x41,
    0x88, 0x39, 0x68, 0x39, 0x88, 0x41, 0x87, 0x39, 0x68, 0x39, 0x68, 0x39,
    0x88, 0x39, 0x68, 0x41, 0x88, 0x39, 0x68, 0x39, 0x68, 0x41, 0x88, 0x39,
    0x68, 0x39, 0x68, 0x39, 0x68, 0x39, 0x88, 0x41, 0xa9, 0x41, 0xc9, 0x49,
    0x0b, 0x52, 0xca, 0x49, 0xa9, 0x41, 0x88, 0x41, 0x68, 0x39, 0x68, 0x39,
    0x88, 0x41, 0x68, 0x39, 0x88, 0x39, 0x68, 0x41, 0x68, 0x39, 0x88, 0x39,
    0x68, 0x39, 0x68, 0x39, 0x88, 0x39, 0x68, 0x39, 0xa7, 0x41, 0xe8, 0x51,
    0xe8, 0x51, 0xe8, 0x51, 0xe8, 0x51, 0xe8, 0x51, 0x88, 0x41, 0x88, 0x39,
    0x68, 0x39, 0x88, 0x41, 0x88, 0x39, 0x68, 0x39, 0x88, 0x39, 0x88, 0x41,
    0x67, 0x39, 0x68, 0x41, 0x88, 0x39, 0x68, 0x39, 0x68, 0x39, 0x88, 0x39,
    0x67, 0x41, 0x88, 0x39, 0x68, 0x39, 0x88, 0x41, 0x67, 0x41, 0x68, 0x39,
    0x88, 0x39, 0x68, 0x41, 0x88, 0x39, 0x68, 0x39, 0x88, 0x39, 0x68, 0x41,
    0x88, 0x39, 0x67, 0x39, 0x88, 0x41, 0x68, 0x39, 0x68, 0x39, 0x87, 0x39,
    0x88, 0x39, 0x68, 0x41, 0x88, 0x39, 0x88, 0x41, 0x68, 0x39, 0x88, 0x39,
    0x68, 0x41, 0x68, 0x39, 0x88, 0x39, 0x88, 0x39, 0x68, 0x41, 0x88, 0x39,
    0x88, 0x39, 0x68, 0x39, 0x87, 0x39, 0x88, 0x39, 0x68, 0x39, 0x87, 0x41,
    0x88, 0x39, 0x68, 0x39, 0x88, 0x41, 0x68, 0x39, 0x88, 0x39, 0x87, 0x41,
    0x68, 0x41, 0x88, 0x39, 0x67, 0x41, 0x68, 0x39, 0x88, 0x41, 0x68, 0x39,
    0x87, 0x41, 0x88, 0x39, 0x68, 0x39, 0x88, 0x41, 0x68, 0x39, 0x68, 0x39,
    0x88, 0x39, 0x88, 0x39, 0x88, 0x41, 0x68, 0x39, 0x88, 0x41, 0x68, 0x41,
    0x67, 0x39, 0x88, 0x41, 0x68, 0x39, 0x87, 0x41, 0x68, 0x39, 0x68, 0x41,
    0x88, 0x41, 0x68, 0x39, 0x88, 0x39, 0x88, 0x39, 0x68, 0x41, 0x88, 0x39,
    0x68, 0x39, 0x68, 0x41, 0x88, 0x39, 0x68, 0x39, 0x88, 0x41, 0x68, 0x39,
    0x68, 0x39, 0x88, 0x41, 0x67, 0x39, 0x68, 0x39, 0x88, 0x39, 0x88, 0x39,
    0x68, 0x39, 0x68, 0x39, 0x88, 0x39, 0x68, 0x41, 0x88, 0x39, 0x88, 0x41,
    0x68, 0x41, 0x88, 0x39, 0x88, 0x39, 0x68, 0x39, 0x88, 0x39, 0x68, 0x39,
    0x88, 0x41, 0x88, 0x39, 0x68, 0x39, 0x88, 0x41, 0x67, 0x39, 0x68, 0x39,
    0x88, 0x39, 0x68, 0x39, 0x68, 0x39, 0x88, 0x39, 0x68, 0x41, 0x88, 0x39,
    0x88, 0x39, 0x68, 0x41, 0x88, 0x39, 0x68, 0x39, 0x68, 0x41, 0x87, 0x39,
    0x68, 0x39, 0x88, 0x41, 0x68, 0x39, 0x88, 0x39, 0x68, 0x39, 0x87, 0x41,
    0x68, 0x39, 0x88, 0x39, 0x68, 0x41, 0x67, 0x39, 0x88, 0x39, 0x88, 0x39,
    0x68, 0x39, 0x88, 0x39, 0x68, 0x41, 0x68, 0x39, 0x88, 0x39, 0x88, 0x41,
    0x68, 0x39, 0x88, 0x39, 0x88, 0x41, 0x68, 0x39, 0x68, 0x39, 0x87, 0x39,
    0x68, 0x39, 0x68, 0x39, 0x88, 0x39, 0x88, 0x41, 0x68, 0x39, 0x88, 0x39,
    0x68, 0x41, 0x68, 0x39, 0x88, 0x41, 0x68, 0x39, 0x67, 0x39, 0x88, 0x39,
    0x68, 0x39, 0x67, 0x39, 0x88, 0x39, 0x68, 0x39, 0x68, 0x41, 0x88, 0x39,
    0x68, 0x39, 0x88, 0x39, 0x88, 0x41, 0x68, 0x39, 0x88, 0x41, 0x88, 0x39,
    0x68, 0x39, 0x88, 0x39, 0x68, 0x39, 0x88, 0x41, 0x68, 0x41, 0x88, 0x39,
    0x88, 0x39, 0x68, 0x41, 0x67, 0x39, 0x88, 0x39, 0x68, 0x41, 0x88, 0x39,
    0x68, 0x39, 0x88, 0x39, 0x67, 0x39, 0x88, 0x41, 0x68, 0x39, 0x68, 0x39,
    0x88, 0x39, 0x68, 0x39, 0x88, 0x39, 0x88, 0x39, 0x68, 0x39, 0x68, 0x39,
    0x88, 0x39, 0x68, 0x41, 0x88, 0x39, 0x68, 0x39, 0x88, 0x41, 0x68, 0x39,
    0x68, 0x39, 0x88, 0x41, 0x88, 0x39, 0x68, 0x39, 0x87, 0x39, 0x88, 0x41,
    0x68, 0x39, 0x87, 0x39, 0x68, 0x39, 0x68, 0x39, 0x88, 0x39, 0x88, 0x41,
    0xca, 0x49, 0x68, 0x39, 0x68, 0x39, 0x88, 0x39, 0x88, 0x39, 0x68, 0x39,
    0x88, 0x39, 0x88, 0x39, 0x67, 0x39, 0x88, 0x41, 0x68, 0x39, 0x87, 0x39,
    0x88, 0x41, 0x68, 0x41, 0x88, 0x39, 0x68, 0x39, 0x88, 0x41, 0xa7, 0x41,
    0xa7, 0x41, 0xa8, 0x41, 0x87, 0x41, 0x87, 0x41, 0x88, 0x39, 0x88, 0x39,
    0x68, 0x39, 0x68, 0x39, 0x87, 0x41, 0x68, 0x39, 0x68, 0x39, 0x88, 0x39,
    0x88, 0x39, 0x68, 0x39, 0x87, 0x41, 0x88, 0x39, 0x68, 0x39, 0x88, 0x39,
    0x88, 0x39, 0x68, 0x39, 0x88, 0x39, 0x68, 0x39, 0x88, 0x39, 0x88, 0x39,
    0x68, 0x41, 0x68, 0x39, 0x88, 0x39, 0x67, 0x39, 0x88, 0x41, 0x88, 0x39,
    0x68, 0x39, 0x88, 0x39, 0x88, 0x39, 0x68, 0x41, 0x68, 0x39, 0x88, 0x39,
    0x68, 0x41, 0x68, 0x39, 0x88, 0x39, 0x68, 0x39, 0x88, 0x41, 0x67, 0x39,
    0x88, 0x39, 0x68, 0x41, 0x67, 0x39, 0x88, 0x39, 0x68, 0x39, 0x67, 0x39,
    0x88, 0x39, 0x68, 0x39, 0x68, 0x39, 0x88, 0x39, 0x68, 0x39, 0x68, 0x39,
    0x88, 0x39, 0x67, 0x39, 0x68, 0x39, 0x88, 0x39, 0x68, 0x39, 0x68, 0x39,
    0x88, 0x39, 0x88, 0x39, 0x68, 0x39, 0x88, 0x41, 0x88, 0x39, 0x68, 0x39,
    0x68, 0x39, 0x88, 0x41, 0x87, 0x39, 0x68, 0x39, 0x88, 0x39, 0x67, 0x41,
    0x68, 0x39, 0x88, 0x39, 0x67, 0x39, 0x88, 0x39, 0x88, 0x39, 0x68, 0x39,
    0x88, 0x39, 0x68, 0x39, 0x88, 0x41, 0x68, 0x39, 0x88, 0x39, 0x88, 0x39,
    0x68, 0x39, 0x68, 0x41, 0x88, 0x39, 0x67, 0x39, 0x88, 0x39, 0x88, 0x41,
    0x68, 0x39, 0x88, 0x39, 0x67, 0x41, 0x68, 0x39, 0x88, 0x39, 0x68, 0x39,
    0x68, 0x39, 0x88, 0x39, 0x88, 0x41, 0x68, 0x39, 0x68, 0x41, 0x88, 0x39,
    0x88, 0x41, 0x68, 0x39, 0x87, 0x39, 0x68, 0x39, 0x68, 0x39, 0x87, 0x39,
    0x68, 0x39, 0x68, 0x41, 0x87, 0x39, 0x68, 0x41, 0x68, 0x39, 0x87, 0x39,
    0x68, 0x41, 0x68, 0x39, 0x87, 0x39, 0x88, 0x39, 0x68, 0x39, 0x88, 0x41,
    0x88, 0x39, 0x68, 0x41, 0x88, 0x39, 0x68, 0x39, 0x67, 0x39, 0x88, 0x39,
    0x68, 0x39, 0x87, 0x41, 0x88, 0x39, 0x68, 0x39, 0x88, 0x41, 0x68, 0x39,
    0x68, 0x39, 0x88, 0x39, 0x88, 0x41, 0x68, 0x39, 0x88, 0x39, 0x68, 0x41,
    0x68, 0x39, 0x88, 0x39, 0x88, 0x39, 0x68, 0x39, 0x68, 0x41, 0x87, 0x39,
    0x68, 0x39, 0x88, 0x39, 0x68, 0x39, 0x68, 0x39, 0x88, 0x39, 0x68, 0x41,
    0x67, 0x39, 0x88, 0x39, 0x68, 0x39, 0x88, 0x41, 0x88, 0x39, 0x68, 0x39,
    0x88, 0x41, 0x68, 0x39, 0x67, 0x39, 0x68, 0x39, 0x88, 0x39, 0x87, 0x39,
    0x68, 0x39, 0x88, 0x41, 0x88, 0x39, 0x68, 0x39, 0x88, 0x41, 0x88, 0x39,
    0x68, 0x41, 0x88, 0x39, 0x88, 0x39, 0x68, 0x41, 0x88, 0x39, 0x68, 0x39,
    0x67, 0x39, 0x88, 0x39, 0x68, 0x39, 0x67, 0x39, 0x88, 0x41, 0x68, 0x39,
    0x87, 0x39, 0x68, 0x41, 0x88, 0x39, 0x67, 0x39, 0x88, 0x39, 0x68, 0x39,
    0x87, 0x41, 0x88, 0x39, 0x68, 0x39, 0x88, 0x41, 0x68, 0x39, 0x67, 0x39,
    0x88, 0x41, 0x68, 0x39, 0x88, 0x39, 0x88, 0x39, 0x88, 0x39, 0x67, 0x39,
    0x68, 0x41, 0x88, 0x39, 0x68, 0x39, 0x88, 0x41, 0x88, 0x39, 0x67, 0x39,
    0x88, 0x39, 0x68, 0x39, 0x68, 0x39, 0x88, 0x39, 0x88, 0x41, 0x87, 0x39,
    0x68, 0x39, 0x88, 0x39, 0x67, 0x41, 0x68, 0x39, 0x88, 0x39, 0x68, 0x39,
    0x88, 0x41, 0x88, 0x39, 0x88, 0x41, 0x68, 0x39, 0x88, 0x39, 0x88, 0x41,
    0xa9, 0x41, 0x88, 0x39, 0x68, 0x39, 0x88, 0x39, 0x67, 0x41, 0x68, 0x39,
    0x88, 0x39, 0x68, 0x41, 0x68, 0x39, 0x88, 0x39, 0x88, 0x39, 0x68, 0x39,
    0x68, 0x39, 0x88, 0x39, 0x68, 0x39, 0x88, 0x39, 0x68, 0x39, 0x88, 0x39,
    0x68, 0x39, 0x88, 0x39, 0x88, 0x39, 0x68, 0x39, 0x88, 0x39, 0x68, 0x41,
    0x88, 0x39, 0x88, 0x39, 0x68, 0x39, 0x88, 0x41, 0x68, 0x39, 0x68, 0x39,
    0x88, 0x41, 0x68, 0x39, 0x68, 0x39, 0x88, 0x41, 0x68, 0x39, 0x67, 0x41,
    0x88, 0x39, 0x68, 0x41, 0x68, 0x39, 0x88, 0x39, 0x68, 0x39, 0x87, 0x41,
    0x88, 0x39, 0x68, 0x39, 0x88, 0x39, 0x68, 0x41, 0x68, 0x39, 0x88, 0x39,
    0x67, 0x41, 0x68, 0x39, 0x88, 0x39, 0x87, 0x39, 0x68, 0x41, 0x88, 0x39,
    0x88, 0x39, 0x67, 0x39, 0x88, 0x39, 0x68, 0x39, 0x68, 0x39, 0x88, 0x39,
    0x88, 0x39, 0x68, 0x41, 0x88, 0x39, 0x88, 0x39, 0x68, 0x41, 0x88, 0x39,
    0x88, 0x41, 0x68, 0x41, 0x88, 0x39, 0x88, 0x41, 0x67, 0x41, 0x88, 0x39,
    0x88, 0x41, 0x68, 0x39, 0x88, 0x41, 0x88, 0x39, 0x67, 0x41, 0x68, 0x39,
    0x88, 0x39, 0x68, 0x39, 0x88, 0x39, 0x67, 0x39, 0x88, 0x39, 0x68, 0x39,
    0x68, 0x39, 0x88, 0x39, 0x68, 0x41, 0x68, 0x39, 0x88, 0x39, 0x88, 0x41,
    0x68, 0x39, 0x68, 0x39, 0x88, 0x41, 0x68, 0x39, 0x67, 0x39, 0x88, 0x41,
    0x88, 0x39, 0x68, 0x39, 0x68, 0x39, 0x88, 0x39, 0x68, 0x39, 0x87, 0x39,
    0x68, 0x39, 0x88, 0x39, 0x68, 0x41, 0x68, 0x39, 0x88, 0x39, 0x68, 0x39,
    0x87, 0x39, 0x88, 0x39, 0x68, 0x39, 0x88, 0x41, 0x88, 0x39, 0x68, 0x39,
    0x68, 0x39, 0x88, 0x39, 0x68, 0x39, 0x88, 0x39, 0x67, 0x39, 0x68, 0x41,
    0x88, 0x39, 0x88, 0x39, 0x68, 0x41, 0x88, 0x39, 0x68, 0x39, 0x88, 0x39,
    0x88, 0x39, 0x68, 0x39, 0x88, 0x39, 0x88, 0x41, 0x68, 0x39, 0x88, 0x39,
    0x88, 0x39, 0x68, 0x41, 0x68, 0x39, 0x88, 0x39, 0x68, 0x41, 0x68, 0x39,
    0x87, 0x39, 0x88, 0x41, 0x68, 0x39, 0x88, 0x39, 0x88, 0x41, 0x68, 0x39,
    0x68, 0x39, 0x88, 0x39, 0x68, 0x39, 0x88, 0x39, 0x88, 0x39, 0x68, 0x39,
    0x88, 0x39, 0x68, 0x39, 0x67, 0x39, 0x88, 0x39, 0x88, 0x39, 0x68, 0x39,
    0x87, 0x41, 0x68, 0x39, 0x88, 0x39, 0x88, 0x41, 0x68, 0x39, 0x68, 0x41,
    0x88, 0x39, 0x88, 0x41, 0x87, 0x39, 0x68, 0x39, 0x88, 0x41, 0x68, 0x39,
    0x88, 0x39, 0x68, 0x39, 0x68, 0x39, 0x87, 0x39, 0x68, 0x41, 0x88, 0x39,
    0x88, 0x39, 0x88, 0x41, 0x68, 0x39, 0x88, 0x41, 0x68, 0x39, 0x68, 0x39,
    0x88, 0x41, 0x68, 0x39, 0x67, 0x39, 0x88, 0x39, 0x68, 0x41, 0x68, 0x39,
    0x88, 0x39, 0x68, 0x41, 0x68, 0x39, 0x87, 0x39, 0x88, 0x39, 0x68, 0x41,
    0x88, 0x41, 0x88, 0x39, 0x68, 0x39, 0x88, 0x39, 0x68, 0x39, 0x88, 0x39,
    0x68, 0x41, 0x88, 0x39, 0x68, 0x39, 0x88, 0x39, 0x68, 0x39, 0x68, 0x41,
    0x88, 0x39, 0x68, 0x39, 0x88, 0x39, 0x88, 0x39, 0x68, 0x39, 0x88, 0x39,
    0x88, 0x41, 0x68, 0x39, 0x68, 0x39, 0x88, 0x41, 0x68, 0x39, 0x88, 0x39,
    0x88, 0x41, 0x68, 0x39, 0x67, 0x39, 0x68, 0x41, 0x88, 0x39, 0x88, 0x41,
    0x68, 0x41, 0x87, 0x39, 0x68, 0x39, 0x68, 0x41, 0x88, 0x39, 0x68, 0x39,
    0x88, 0x39, 0x68, 0x39, 0x88, 0x39, 0x88, 0x41, 0x68, 0x39, 0x68, 0x39,
    0x68, 0x39, 0x88, 0x39, 0x68, 0x39, 0x68, 0x39, 0x88, 0x39, 0x68, 0x39,
    0x88, 0x41, 0x88, 0x39, 0x88, 0x39, 0x68, 0x41, 0x88, 0x39, 0x88, 0x39,
    0x68, 0x41, 0x87, 0x39, 0x68, 0x39, 0x88, 0x41, 0x68, 0x39, 0x68, 0x39,
    0x87, 0x41, 0x88, 0x39, 0x68, 0x41, 0x88, 0x39, 0x68, 0x39, 0x68, 0x41,
    0x88, 0x39, 0x68, 0x39, 0x68, 0x41, 0x88, 0x39, 0x68, 0x39, 0x68, 0x41,
    0x88, 0x39, 0x67, 0x39, 0x88, 0x41, 0x88, 0x39, 0x67, 0x39, 0x88, 0x41,
    0x88, 0x39, 0x68, 0x39, 0x88, 0x39, 0x88, 0x39, 0x68, 0x41, 0x88, 0x39,
    0x88, 0x39, 0x68, 0x41, 0x87, 0x39, 0x88, 0x39, 0x68, 0x41, 0x68, 0x39,
    0x88, 0x39, 0x68, 0x39, 0x87, 0x41, 0x88, 0x39, 0x68, 0x39, 0x88, 0x39,
    0x68, 0x39, 0x68, 0x41, 0x88, 0x39, 0x68, 0x39, 0x68, 0x39, 0x88, 0x41,
    0x68, 0x39, 0x88, 0x41, 0x88, 0x41, 0x68, 0x39, 0x87, 0x41, 0x88, 0x39,
    0x68, 0x39, 0x68, 0x39, 0x88, 0x39, 0x67, 0x41, 0x68, 0x39, 0x88, 0x39,
    0x68, 0x39, 0x67, 0x39, 0x88, 0x39, 0x68, 0x39, 0x68, 0x39, 0x88, 0x39,
    0x68, 0x39, 0x68, 0x41, 0x88, 0x39, 0x88, 0x39, 0x68, 0x39, 0x88, 0x41,
    0x88, 0x41, 0x67, 0x39, 0x68, 0x41, 0x88, 0x39, 0x68, 0x41, 0x88, 0x41,
    0x87, 0x39, 0x68, 0x39, 0x88, 0x39, 0x68, 0x39, 0x88, 0x39, 0x88, 0x39,
    0x68, 0x39, 0x88, 0x41, 0x88, 0x39, 0x68, 0x39, 0x68, 0x41, 0x88, 0x39,
    0x68, 0x39, 0x87, 0x41, 0x88, 0x39, 0x68, 0x41, 0x88, 0x41, 0x68, 0x39,
    0x88, 0x39, 0x88, 0x39, 0x67, 0x39, 0x88, 0x41, 0x68, 0x39, 0x68, 0x39,
    0x88, 0x41, 0x68, 0x39, 0x68, 0x39, 0x88, 0x39, 0x68, 0x41, 0x88, 0x39,
    0x88, 0x39, 0x68, 0x39, 0x68, 0x41, 0x88, 0x39, 0x88, 0x39, 0x68, 0x39,
    0x67, 0x39, 0x88, 0x39, 0x68, 0x41, 0x88, 0x39, 0x88, 0x41, 0x68, 0x41,
    0x68, 0x39, 0x88, 0x39, 0x68, 0x39, 0x88, 0x39, 0x68, 0x41, 0x68, 0x39,
    0x88, 0x39, 0x88, 0x39, 0x68, 0x41, 0x88, 0x39, 0x88, 0x39, 0x68, 0x39,
    0x68, 0x39, 0x88, 0x39, 0x68, 0x39, 0x67, 0x41, 0x88, 0x39, 0x68, 0x39,
    0x88, 0x41, 0x68, 0x39, 0x68, 0x41, 0x87, 0x39, 0x68, 0x41, 0x88, 0x39,
    0x87, 0x41, 0x68, 0x41, 0x68, 0x39, 0x88, 0x41, 0x68, 0x39, 0x88, 0x39,
    0x68, 0x39, 0x68, 0x41, 0x87, 0x39, 0x68, 0x39, 0x88, 0x39, 0x88, 0x39,
    0x68, 0x39, 0x68, 0x41, 0x88, 0x39, 0x88, 0x39, 0x67, 0x41, 0x88, 0x39,
    0x88, 0x39, 0x68, 0x41, 0x88, 0x39, 0x68, 0x39, 0x68, 0x39, 0x88, 0x39,
    0x67, 0x39, 0x68, 0x39, 0x88, 0x39, 0x88, 0x41, 0x68, 0x39, 0x88, 0x39,
    0x88, 0x39, 0x68, 0x39, 0x88, 0x39, 0x88, 0x41, 0x68, 0x39, 0x87, 0x39,
    0x88, 0x39, 0x68, 0x39, 0x68, 0x41, 0x88, 0x39, 0x68, 0x39, 0x68, 0x39,
    0x88, 0x39, 0x68, 0x41, 0x88, 0x39, 0x68, 0x41, 0x87, 0x39, 0x68, 0x39,
    0x88, 0x39, 0x68, 0x41, 0x88, 0x39, 0x88, 0x41, 0x67, 0x39, 0x88, 0x39,
    0x68, 0x39, 0x68, 0x41, 0x87, 0x39, 0x68, 0x39, 0x68, 0x41, 0x88, 0x39,
    0x88, 0x39, 0x68, 0x39, 0x87, 0x41, 0x68, 0x39, 0x68, 0x39, 0x88, 0x39,
    0x88, 0x39, 0x68, 0x39, 0x88, 0x39, 0x88, 0x39, 0x68, 0x39, 0x68, 0x39,
    0x88, 0x39, 0x88, 0x39, 0x88, 0x41, 0x68, 0x39, 0x67, 0x39, 0x88, 0x41,
    0x68, 0x41, 0x68, 0x39, 0x88, 0x39, 0x88, 0x39, 0x67, 0x41, 0x88, 0x39,
    0x88, 0x39, 0x67, 0x41, 0x88, 0x39, 0x88, 0x41, 0x68, 0x39, 0x88, 0x39,
    0x68, 0x39, 0x68, 0x41, 0x88, 0x39, 0x68, 0x39, 0x68, 0x39, 0x88, 0x39,
    0x68, 0x39, 0x88, 0x39, 0x88, 0x39, 0x68, 0x41, 0x87, 0x39, 0x88, 0x39,
    0x68, 0x41, 0x68, 0x39, 0x88, 0x39, 0x87, 0x41, 0x68, 0x39, 0x88, 0x39,
    0x88, 0x41, 0x68, 0x39, 0x88, 0x39, 0x88, 0x39, 0x68, 0x39, 0x88, 0x39,
    0x68, 0x39, 0x68, 0x41, 0x88, 0x39, 0x68, 0x39, 0x68, 0x39, 0x88, 0x39,
    0x68, 0x39, 0x67, 0x41, 0x88, 0x39, 0x68, 0x39, 0x67, 0x39, 0x88, 0x39,
    0x68, 0x39, 0x68, 0x39, 0x88, 0x39, 0x68, 0x41, 0x88, 0x39, 0x68, 0x39,
    0x68, 0x39, 0x88, 0x41, 0x68, 0x39, 0x68, 0x39, 0x88, 0x39, 0x88, 0x41,
    0x88, 0x39, 0x68, 0x39, 0x88, 0x41, 0x88, 0x39, 0x68, 0x39, 0x87, 0x39,
    0x68, 0x39, 0x68, 0x39, 0x88, 0x39, 0x68, 0x39, 0x68, 0x41, 0x88, 0x39,
    0x68, 0x39, 0x87, 0x41, 0x88, 0x39, 0x68, 0x39, 0x88, 0x39, 0x88, 0x39,
    0x68, 0x41, 0x88, 0x39, 0x88, 0x39, 0x68, 0x41, 0x88, 0x39, 0x88, 0x39,
    0x67, 0x39, 0x88, 0x39, 0x68, 0x39, 0x67, 0x39, 0x88, 0x39, 0x68, 0x39,
    0x88, 0x39, 0x88, 0x39, 0x68, 0x39, 0x88, 0x39, 0x68, 0x39, 0x88, 0x39,
    0x68, 0x39, 0x88, 0x41, 0x88, 0x39, 0x67, 0x41, 0x68, 0x39, 0x88, 0x39,
    0x67, 0x41, 0x68, 0x39, 0x88, 0x39, 0x88, 0x39, 0x68, 0x39, 0x88, 0x39,
    0x68, 0x39, 0x68, 0x39, 0x88, 0x39, 0x67, 0x39, 0x88, 0x39, 0x68, 0x41,
    0x68, 0x39, 0x88, 0x41, 0x88, 0x39, 0x68, 0x39, 0x88, 0x41, 0x88, 0x39,
    0x68, 0x39, 0x88, 0x41, 0x87, 0x39, 0x68, 0x39, 0x68, 0x39, 0x88, 0x39,
    0x68, 0x39, 0x88, 0x39, 0x87, 0x41, 0x68, 0x39, 0x88, 0x39, 0x88, 0x41,
    0x68, 0x39, 0x68, 0x39, 0x88, 0x39, 0x67, 0x39, 0x68, 0x39, 0x88, 0x39,
    0x67, 0x41, 0x88, 0x39, 0x68, 0x41, 0x67, 0x39, 0x88, 0x39, 0x68, 0x41,
    0x67, 0x39, 0x88, 0x39, 0x68, 0x39, 0x67, 0x41, 0x88, 0x39, 0x88, 0x39,
    0x68, 0x41, 0x88, 0x39, 0x88, 0x39, 0x68, 0x41, 0x88, 0x39, 0x88, 0x39,
    0x67, 0x39, 0x88, 0x41, 0x88, 0x39, 0x68, 0x39, 0x68, 0x39, 0x88, 0x39,
    0x68, 0x39, 0x88, 0x39, 0x88, 0x39, 0x68, 0x39, 0x67, 0x41, 0x88, 0x39,
    0x88, 0x39, 0x68, 0x39, 0x88, 0x41, 0x68, 0x39, 0x68, 0x39, 0x87, 0x39,
    0x68, 0x39, 0x68, 0x39, 0x88, 0x39, 0x68, 0x39, 0x68, 0x39, 0x88, 0x39,
    0x68, 0x41, 0x87, 0x39, 0x88, 0x41, 0x68, 0x39, 0x88, 0x41, 0x88, 0x41,
    0x68, 0x39, 0x68, 0x39, 0x88, 0x39, 0x67, 0x39, 0x88, 0x41, 0x68, 0x39,
    0x67, 0x39, 0x88, 0x41, 0x68, 0x39, 0x68, 0x39, 0x88, 0x39, 0x68, 0x41,
    0x88, 0x39, 0x88, 0x39, 0x87, 0x39, 0x68, 0x41, 0x88, 0x39, 0x88, 0x39,
    0x67, 0x39, 0x68, 0x39, 0x88, 0x39, 0x88, 0x41, 0x68, 0x39, 0x88, 0x39,
    0x67, 0x41, 0x68, 0x39, 0x88, 0x39, 0x68, 0x39, 0x88, 0x41, 0x88, 0x39,
    0x68, 0x39, 0x88, 0x41, 0x88, 0x39, 0x68, 0x39, 0x68, 0x41, 0x87, 0x39,
    0x68, 0x39, 0x68, 0x41, 0x88, 0x39, 0x88, 0x39, 0x68, 0x41, 0x67, 0x39,
    0x88, 0x41, 0x68, 0x41, 0x88, 0x39, 0x88, 0x39, 0x67, 0x41, 0x68, 0x39,
    0x88, 0x39, 0x68, 0x39, 0x68, 0x39, 0x88, 0x39, 0x88, 0x39, 0x68, 0x39,
    0x88, 0x39, 0x67, 0x41, 0x68, 0x39, 0x88, 0x39, 0x68, 0x39, 0x88, 0x41,
    0x68, 0x39, 0x68, 0x39, 0x88, 0x41, 0x68, 0x39, 0x88, 0x39, 0x88, 0x41,
    0x68, 0x39, 0x88, 0x39, 0x88, 0x41, 0x67, 0x39, 0x88, 0x39, 0x68, 0x41,
    0x68, 0x39, 0x88, 0x39, 0x68, 0x41, 0x68, 0x39, 0x88, 0x39, 0x88, 0x39,
    0x68, 0x39, 0x68, 0x39, 0x88, 0x39, 0x68, 0x39, 0x68, 0x39, 0x88, 0x39,
    0x68, 0x39, 0x68, 0x41, 0x88, 0x39, 0x67, 0x41, 0x88, 0x39, 0x88, 0x39,
    0x67, 0x41, 0x88, 0x39, 0x88, 0x39, 0x68, 0x39, 0x88, 0x41, 0x88, 0x39,
    0x68, 0x39, 0x88, 0x41, 0x88, 0x39, 0x68, 0x39, 0x88, 0x41, 0x88, 0x39,
    0x68, 0x41, 0x87, 0x39, 0x68, 0x39, 0x88, 0x39, 0x87, 0x39, 0x68, 0x41,
    0x88, 0x39, 0x87, 0x39, 0x68, 0x39, 0x68, 0x39, 0x87, 0x41, 0x68, 0x39,
    0x68, 0x39, 0x87, 0x39, 0x68, 0x39, 0x88, 0x41, 0x68, 0x39, 0x88, 0x39,
    0x88, 0x41, 0x68, 0x39, 0x87, 0x39, 0x88, 0x39, 0x68, 0x39, 0x68, 0x39,
    0x88, 0x41, 0x68, 0x39, 0x68, 0x39, 0x88, 0x41, 0x68, 0x39, 0x67, 0x39,
    0x88, 0x41, 0x68, 0x39, 0x68, 0x39, 0x87, 0x41, 0x68, 0x39, 0x68, 0x39,
    0x88, 0x41, 0x88, 0x39, 0x68, 0x41, 0x88, 0x41, 0x68, 0x39, 0x68, 0x39,
    0x88, 0x41, 0x68, 0x39, 0x88, 0x39, 0x67, 0x41, 0x88, 0x39, 0x68, 0x39,
    0x68, 0x41, 0x88, 0x39, 0x68, 0x39, 0x88, 0x39, 0x68, 0x41, 0x88, 0x39,
    0x88, 0x39, 0x68, 0x39, 0x67, 0x41, 0x88, 0x39, 0x88, 0x41, 0x67, 0x39,
    0x88, 0x41, 0x88, 0x39, 0x68, 0x39, 0x88, 0x39, 0x68, 0x39, 0x88, 0x39,
    0x67, 0x39, 0x68, 0x39, 0x88, 0x39, 0x68, 0x39, 0x67, 0x39, 0x88, 0x39,
    0x68, 0x39, 0x68, 0x41, 0x88, 0x39, 0x88, 0x39, 0x68, 0x41, 0x68, 0x39,
    0x68, 0x39, 0x88, 0x39, 0x68, 0x39, 0x68, 0x39, 0x88, 0x41, 0x68, 0x39,
    0x88, 0x39, 0x88, 0x41, 0x68, 0x39, 0x88, 0x39, 0x88, 0x39, 0x68, 0x39,
    0x88, 0x39, 0x88, 0x39, 0x68, 0x39, 0x88, 0x39, 0x88, 0x39, 0x88, 0x39,
    0x68, 0x41, 0x88, 0x39, 0x88, 0x39, 0x68, 0x39, 0x68, 0x41, 0x87, 0x39,
    0x68, 0x39, 0x68, 0x41, 0x87, 0x39, 0x68, 0x39, 0x68, 0x39, 0x88, 0x39,
    0x68, 0x39, 0x68, 0x39, 0x88, 0x39, 0x68, 0x41, 0x88, 0x39, 0x68, 0x39,
    0x68, 0x41, 0x88, 0x39, 0x88, 0x39, 0x68, 0x39, 0x88, 0x41, 0x68, 0x39,
    0x88, 0x39, 0x68, 0x39, 0x88, 0x39, 0x88, 0x41, 0x68, 0x39, 0x88, 0x41,
    0x88, 0x41, 0x67, 0x39, 0x88, 0x41, 0x68, 0x39, 0x88, 0x39, 0x68, 0x41,
    0x68, 0x39, 0x88, 0x39, 0x68, 0x39, 0x68, 0x39, 0x87, 0x39, 0x88, 0x39,
    0x68, 0x41, 0x88, 0x39, 0x88, 0x41, 0x68, 0x39, 0x88, 0x39, 0x68, 0x41,
    0x88, 0x39, 0x88, 0x39, 0x68, 0x41, 0x87, 0x39, 0x68, 0x39, 0x68, 0x39,
    0x68, 0x41, 0x88, 0x39, 0x68, 0x39, 0x68, 0x39, 0x88, 0x41, 0x88, 0x39,
    0x68, 0x41, 0x88, 0x39, 0x67, 0x39, 0x68, 0x39, 0x88, 0x39, 0x88, 0x41,
    0x68, 0x39, 0x88, 0x39, 0x68, 0x39, 0x67, 0x39, 0x88, 0x39, 0x68, 0x39,
    0x68, 0x39, 0x88, 0x39, 0x68, 0x39, 0x88, 0x39, 0x88, 0x39, 0x68, 0x39,
    0x88, 0x39, 0x68, 0x39, 0x88, 0x39, 0x88, 0x39, 0x68, 0x39, 0x88, 0x39,
    0x68, 0x39, 0x67, 0x39, 0x68, 0x39, 0x88, 0x41, 0x68, 0x39, 0x88, 0x39,
    0x88, 0x41, 0x67, 0x41, 0x68, 0x39, 0x88, 0x39, 0x68, 0x41, 0x88, 0x39,
    0x88, 0x39, 0x68, 0x39, 0x88, 0x41, 0x68, 0x39, 0x88, 0x39, 0x68, 0x39,
    0x88, 0x39, 0x88, 0x39, 0x67, 0x39, 0x68, 0x39, 0x88, 0x39, 0x67, 0x41,
    0x68, 0x39, 0x88, 0x39, 0x68, 0x39, 0x88, 0x39, 0x88, 0x41, 0x67, 0x39,
    0x88, 0x39, 0x88, 0x41, 0x67, 0x39, 0x68, 0x39, 0x88, 0x41, 0x68, 0x39,
    0x87, 0x39, 0x88, 0x41, 0x68, 0x39, 0x88, 0x41, 0x88, 0x39, 0x67, 0x39,
    0x88, 0x41, 0x88, 0x39, 0x68, 0x39, 0x68, 0x39, 0x88, 0x41, 0x68, 0x39,
    0x68, 0x39, 0x88, 0x39, 0x68, 0x39, 0x67, 0x41, 0x88, 0x39, 0x68, 0x39,
    0x67, 0x39, 0x88, 0x39, 0x68, 0x39, 0x68, 0x41, 0x88, 0x39, 0x68, 0x39,
    0x88, 0x39, 0x68, 0x41, 0x88, 0x39, 0x68, 0x39, 0x68, 0x41, 0x88, 0x39,
    0x68, 0x39, 0x88, 0x41, 0x88, 0x39, 0x68, 0x39, 0x88, 0x41, 0x68, 0x39,
    0x88, 0x39, 0x68, 0x41, 0x88, 0x39, 0x67, 0x39, 0x68, 0x39, 0x88, 0x41,
    0x68, 0x39, 0x68, 0x39, 0x88, 0x41, 0x88, 0x39, 0x68, 0x39, 0x87, 0x41,
    0x88, 0x39, 0x68, 0x39, 0x88, 0x39, 0x88, 0x41, 0x68, 0x39, 0x88, 0x39,
    0x88, 0x39, 0x68, 0x39, 0x88, 0x39, 0x88, 0x39, 0x68, 0x39, 0x68, 0x41,
    0x88, 0x39, 0x68, 0x39, 0x88, 0x39, 0x88, 0x39, 0x68, 0x39, 0x87, 0x41,
    0x68, 0x39, 0x68, 0x39, 0x88, 0x41, 0x88, 0x39, 0x68, 0x39, 0x88, 0x39,
    0x87, 0x39, 0x68, 0x39, 0x68, 0x39, 0x88, 0x39, 0x68, 0x39, 0x67, 0x41,
    0x88, 0x39, 0x88, 0x39, 0x68, 0x39, 0x68, 0x41, 0x88, 0x39, 0x68, 0x39,
    0x68, 0x39, 0x88, 0x41, 0x68, 0x41, 0x88, 0x39, 0x88, 0x41, 0x68, 0x39,
    0x88, 0x41, 0x88, 0x39, 0x68, 0x41, 0x88, 0x39, 0x68, 0x41, 0x88, 0x39,
    0x88, 0x39, 0x67, 0x39, 0x68, 0x39, 0x88, 0x41, 0x87, 0x39, 0x68, 0x39,
    0x68, 0x39, 0x88, 0x41, 0x68, 0x39, 0x88, 0x39, 0x67, 0x39, 0x68, 0x39,
    0x88, 0x41, 0x67, 0x39, 0x68, 0x41, 0x88, 0x41, 0x68, 0x39, 0x67, 0x41,
    0x88, 0x39, 0x68, 0x41, 0x68, 0x39, 0x88, 0x41, 0x68, 0x39, 0x68, 0x39,
    0x88, 0x39, 0x68, 0x41, 0x87, 0x39, 0x88, 0x39, 0x68, 0x39, 0x88, 0x39,
    0x88, 0x39, 0x68, 0x39, 0x88, 0x41, 0x88, 0x39, 0x68, 0x41, 0x87, 0x41,
    0x88, 0x39, 0x68, 0x39, 0x87, 0x41, 0x88, 0x39, 0x68, 0x39, 0x87, 0x41,
    0x68, 0x39, 0x68, 0x39, 0x87, 0x41, 0x68, 0x39, 0x88, 0x39, 0x68, 0x41,
    0x67, 0x39, 0x88, 0x39, 0x68, 0x41, 0x67, 0x39, 0x88, 0x39, 0x68, 0x39,
    0x88, 0x39, 0x68, 0x39, 0x88, 0x41, 0x88, 0x39, 0x67, 0x39, 0x88, 0x39,
    0x88, 0x39, 0x68, 0x39, 0x88, 0x41, 0x68, 0x39, 0x68, 0x39, 0x88, 0x39,
    0x68, 0x39, 0x67, 0x39, 0x88, 0x39, 0x68, 0x39, 0x68, 0x39, 0x88, 0x39,
    0x68, 0x39, 0x88, 0x39, 0x88, 0x39, 0x68, 0x41, 0x88, 0x39, 0x87, 0x39,
    0x68, 0x39, 0x88, 0x41, 0x68, 0x39, 0x88, 0x39, 0x67, 0x39, 0x68, 0x39,
    0x88, 0x39, 0x88, 0x41, 0x68, 0x39, 0x68, 0x39, 0x88, 0x41, 0x68, 0x39,
    0x88, 0x39, 0x88, 0x41, 0x68, 0x39, 0x88, 0x41, 0x88, 0x39, 0x68, 0x41,
    0x87, 0x39, 0x68, 0x41, 0x68, 0x39, 0x87, 0x41, 0x68, 0x39, 0x88, 0x41,
    0x68, 0x39, 0x87, 0x41, 0x68, 0x39, 0x68, 0x41, 0x87, 0x39, 0x88, 0x39,
    0x88, 0x41, 0x68, 0x39, 0x88, 0x39, 0x68, 0x39, 0x88, 0x39, 0x68, 0x39,
    0x88, 0x39, 0x88, 0x39, 0x68, 0x39, 0x87, 0x41, 0x68, 0x39, 0x68, 0x39,
    0x87, 0x39, 0x88, 0x39, 0x68, 0x39, 0x87, 0x41, 0x68, 0x39, 0x68, 0x41,
    0x87, 0x39, 0x88, 0x41, 0x68, 0x39, 0x88, 0x39, 0x68, 0x41, 0x88, 0x39,
    0x88, 0x39, 0x68, 0x39, 0x68, 0x41, 0x88, 0x39, 0x68, 0x39, 0x68, 0x39,
    0x88, 0x39, 0x88, 0x39, 0x68, 0x39, 0x88, 0x39, 0x68, 0x41, 0x68, 0x39,
    0x88, 0x39, 0x68, 0x41, 0x68, 0x39, 0x87, 0x39, 0x68, 0x41, 0x68, 0x39,
    0x88, 0x39, 0x88, 0x39, 0x67, 0x39, 0x88, 0x39, 0x88, 0x39, 0x68, 0x41,
    0x88, 0x39, 0x88, 0x39, 0x68, 0x41, 0x88, 0x39, 0x88, 0x39, 0x68, 0x41,
    0x88, 0x39, 0x88, 0x39, 0x68, 0x41, 0x87, 0x39, 0x68, 0x39, 0x88, 0x39,
    0x67, 0x39, 0x88, 0x41, 0x68, 0x39, 0x88, 0x39, 0x88, 0x39, 0x68, 0x39,
    0x68, 0x39, 0x88, 0x41, 0x68, 0x39, 0x88, 0x39, 0x68, 0x39, 0x88, 0x39,
    0x88, 0x39, 0x68, 0x41, 0x88, 0x39, 0x88, 0x39, 0x68, 0x39, 0x88, 0x39,
    0x67, 0x39, 0x68, 0x39, 0x88, 0x41, 0x68, 0x39, 0x68, 0x39, 0x88, 0x39,
    0x68, 0x39, 0x68, 0x39, 0x87, 0x41, 0x68, 0x39, 0x68, 0x39, 0x88, 0x41,
    0x68, 0x39, 0x67, 0x41, 0x88, 0x39, 0x88, 0x39, 0x68, 0x41, 0x87, 0x39,
    0x88, 0x39, 0x68, 0x39, 0x67, 0x39, 0x88, 0x39, 0x68, 0x39, 0x88, 0x39,
    0x88, 0x39, 0x68, 0x39, 0x67, 0x39, 0x88, 0x41, 0x68, 0x39, 0x68, 0x41,
    0x88, 0x39, 0x88, 0x41, 0x67, 0x41, 0x88, 0x39, 0x88, 0x39, 0x68, 0x39,
    0x68, 0x41, 0x88, 0x39, 0x88, 0x39, 0x68, 0x39, 0x88, 0x39, 0x88, 0x39,
    0x67, 0x39, 0x68, 0x39, 0x88, 0x39, 0x67, 0x39, 0x68, 0x39, 0x88, 0x41,
    0x68, 0x39, 0x87, 0x39, 0x68, 0x39, 0x88, 0x41, 0x88, 0x39, 0x68, 0x39,
    0x88, 0x41, 0x68, 0x39, 0x88, 0x39, 0x68, 0x39, 0x88, 0x39, 0x68, 0x39,
    0x88, 0x39, 0x68, 0x39, 0x88, 0x41, 0x88, 0x39, 0x68, 0x39, 0x88, 0x41,
    0x88, 0x39, 0x68, 0x39, 0x88, 0x39, 0x88, 0x39, 0x68, 0x39, 0x88, 0x39,
    0x88, 0x41, 0x68, 0x39, 0x87, 0x39, 0x88, 0x39, 0x68, 0x41, 0x87, 0x39,
    0x68, 0x39, 0x68, 0x39, 0x88, 0x41, 0x68, 0x39, 0x68, 0x39, 0x88, 0x41,
    0x68, 0x39, 0x68, 0x39, 0x88, 0x39, 0x68, 0x39, 0x68, 0x39, 0x88, 0x39,
    0x68, 0x39, 0x68, 0x41, 0x88, 0x39, 0x68, 0x39, 0x88, 0x39, 0x88, 0x39,
    0x68, 0x39, 0x88, 0x39, 0x68, 0x41, 0x88, 0x39, 0x68, 0x39, 0x88, 0x39,
    0x88, 0x41, 0x68, 0x39, 0x88, 0x39, 0x88, 0x39, 0x68, 0x39, 0x68, 0x41,
    0x88, 0x39, 0x68, 0x39, 0x68, 0x39, 0x88, 0x41, 0x68, 0x39, 0x68, 0x39,
    0x87, 0x41, 0x68, 0x39, 0x88, 0x39, 0x87, 0x41, 0x68, 0x39, 0x88, 0x41,
    0x88, 0x39, 0x68, 0x39, 0x88, 0x41, 0x87, 0x41, 0x68, 0x39, 0x88, 0x39,
    0x67, 0x41, 0x68, 0x39, 0x88, 0x39, 0x68, 0x39, 0x88, 0x41, 0x88, 0x39,
    0x68, 0x39, 0x88, 0x39, 0x87, 0x41, 0x68, 0x39, 0x88, 0x39, 0x68, 0x41,
    0x68, 0x39, 0x88, 0x39, 0x88, 0x41, 0x68, 0x39, 0x87, 0x39, 0x68, 0x39,
    0x68, 0x39, 0x87, 0x39, 0x68, 0x39, 0x68, 0x39, 0x88, 0x41, 0x68, 0x39,
    0x88, 0x39, 0x88, 0x39, 0x68, 0x41, 0x88, 0x39, 0x68, 0x39, 0x68, 0x39,
    0x88, 0x41, 0x88, 0x39, 0x68, 0x39, 0x68, 0x39, 0x88, 0x41, 0x68, 0x39,
    0x68, 0x39, 0x88, 0x41, 0x88, 0x39, 0x67, 0x41, 0x68, 0x39, 0x88, 0x41,
    0x67, 0x39, 0x68, 0x39, 0x88, 0x39, 0x88, 0x39, 0x68, 0x41, 0x68, 0x39,
    0x88, 0x41, 0x68, 0x39, 0x68, 0x39, 0x88, 0x39, 0x88, 0x39, 0x68, 0x39,
    0x68, 0x41, 0x68, 0x39, 0x88, 0x39, 0x68, 0x41, 0x88, 0x39, 0x68, 0x39,
    0x87, 0x39, 0x68, 0x41, 0x88, 0x39, 0x87, 0x39, 0x68, 0x41, 0x68, 0x39,
    0x88, 0x41, 0x68, 0x39, 0x88, 0x39, 0x87, 0x41, 0x68, 0x39, 0x88, 0x39,
    0x88, 0x39, 0x68, 0x39, 0x88, 0x39, 0x88, 0x39, 0x68, 0x39, 0x88, 0x41,
    0x68, 0x39, 0x68, 0x41, 0x88, 0x41, 0x68, 0x39, 0x68, 0x39, 0x87, 0x39,
    0x68, 0x41, 0x68, 0x39, 0x88, 0x39, 0x68, 0x39, 0x68, 0x39, 0x88, 0x41,
    0x68, 0x39, 0x68, 0x39, 0x88, 0x39, 0x88, 0x39, 0x68, 0x41, 0x68, 0x39,
    0x88, 0x39, 0x68, 0x39, 0x88, 0x41, 0x67, 0x39, 0x88, 0x41, 0x68, 0x39,
    0x87, 0x39, 0x68, 0x39, 0x88, 0x41, 0x67, 0x39, 0x68, 0x39, 0x88, 0x41,
    0x67, 0x39, 0x68, 0x39, 0x88, 0x39, 0x68, 0x41, 0x88, 0x41, 0x88, 0x39,
    0x88, 0x39, 0x68, 0x41, 0x88, 0x39, 0x67, 0x39, 0x88, 0x41, 0x88, 0x39,
    0x68, 0x39, 0x88, 0x41, 0x88, 0x39, 0x68, 0x39, 0x87, 0x39, 0x88, 0x39,
    0x68, 0x41, 0x68, 0x39, 0x88, 0x39, 0x68, 0x41, 0x68, 0x39, 0x88, 0x39,
    0x68, 0x41, 0x88, 0x41, 0x68, 0x39, 0x68, 0x41, 0x88, 0x41, 0x68, 0x39,
    0x88, 0x41, 0x88, 0x39, 0x68, 0x39, 0x88, 0x39, 0x88, 0x39, 0x67, 0x39,
    0x68, 0x39, 0x88, 0x39, 0x68, 0x39, 0x68, 0x41, 0x88, 0x39, 0x88, 0x39,
    0x68, 0x39, 0x67, 0x41, 0x88, 0x39, 0x68, 0x39, 0x67, 0x41, 0x88, 0x41,
    0x88, 0x39, 0x68, 0x39, 0x88, 0x41, 0x88, 0x39, 0x68, 0x39, 0x68, 0x39,
    0x88, 0x39, 0x68, 0x39, 0x68, 0x39, 0x87, 0x39, 0x68, 0x39, 0x68, 0x39,
    0x87, 0x41, 0x88, 0x39, 0x68, 0x41, 0x88, 0x39, 0x68, 0x39, 0x88, 0x41,
    0x68, 0x39, 0x68, 0x39, 0x87, 0x39, 0x68, 0x41, 0x68, 0x39, 0x88, 0x39,
    0x68, 0x39, 0x88, 0x39, 0x67, 0x39, 0x68, 0x39, 0x88, 0x39, 0x68, 0x39,
    0x68, 0x39, 0x88, 0x39, 0x68, 0x39, 0x68, 0x39, 0x88, 0x41, 0x88, 0x39,
    0x68, 0x39, 0x88, 0x39, 0x88, 0x39, 0x68, 0x41, 0x87, 0x39, 0x88, 0x39,
    0x68, 0x41, 0x87, 0x39, 0x88, 0x39, 0x68, 0x41, 0x88, 0x39, 0x88, 0x39,
    0x68, 0x39, 0x88, 0x39, 0x68, 0x39, 0x68, 0x41, 0x88, 0x39, 0x68, 0x41,
    0x87, 0x39, 0x88, 0x39, 0x68, 0x39, 0x88, 0x39, 0x67, 0x39, 0x88, 0x39,
    0x68, 0x39, 0x68, 0x41, 0x88, 0x39, 0x88, 0x39, 0x67, 0x41, 0x88, 0x39,
    0x88, 0x39, 0x67, 0x39, 0x88, 0x39, 0x88, 0x39, 0x68, 0x41, 0x88, 0x39,
    0x68, 0x39, 0x88, 0x39, 0x68, 0x39, 0x88, 0x39, 0x68, 0x39, 0x68, 0x41,
    0x88, 0x39, 0x68, 0x39, 0x68, 0x39, 0x88, 0x39, 0x88, 0x41, 0x68, 0x39,
    0x88, 0x39, 0x68, 0x41, 0x67, 0x39, 0x88, 0x39, 0x68, 0x39, 0x68, 0x41,
    0x68, 0x39, 0x88, 0x39, 0x68, 0x39, 0x68, 0x41, 0x88, 0x39, 0x88, 0x39,
    0x67, 0x39, 0x68, 0x39, 0x88, 0x39, 0x88, 0x41, 0x68, 0x39, 0x88, 0x39,
    0x68, 0x41, 0x88, 0x39, 0x88, 0x39, 0x68, 0x39, 0x67, 0x39, 0x88, 0x39,
    0x68, 0x39, 0x88, 0x39, 0x88, 0x39, 0x68, 0x39, 0x87, 0x39, 0x88, 0x39,
    0x68, 0x39, 0x88, 0x39, 0x88, 0x39, 0x68, 0x39, 0x88, 0x41, 0x68, 0x39,
    0x67, 0x39, 0x88, 0x39, 0x68, 0x39, 0x88, 0x39, 0x88, 0x41, 0x68, 0x39,
    0x88, 0x39, 0x68, 0x41, 0x88, 0x39, 0x68, 0x39, 0x88, 0x39, 0x88, 0x39,
    0x68, 0x41, 0x88, 0x39, 0x68, 0x39, 0x88, 0x41, 0x88, 0x39, 0x68, 0x39,
    0x88, 0x39, 0x88, 0x39, 0x67, 0x39, 0x88, 0x39, 0x68, 0x39, 0x68, 0x39,
    0x88, 0x41, 0x68, 0x39, 0x68, 0x39, 0x88, 0x39, 0x88, 0x39, 0x68, 0x41,
    0x87, 0x39, 0x68, 0x39, 0x68, 0x41, 0x88, 0x39, 0x68, 0x39, 0x88, 0x41,
    0x67, 0x39, 0x68, 0x39, 0x88, 0x41, 0x68, 0x39, 0x88, 0x39, 0x87, 0x39,
    0x68, 0x39, 0x88, 0x39, 0x88, 0x39, 0x68, 0x39, 0x88, 0x41, 0x88, 0x39,
    0x68, 0x39, 0x87, 0x39, 0x88, 0x41, 0x68, 0x39, 0x87, 0x39, 0x88, 0x39,
    0x68, 0x41, 0x67, 0x39, 0x88, 0x39, 0x68, 0x41, 0x88, 0x39, 0x88, 0x39,
    0x68, 0x41, 0x88, 0x39, 0x68, 0x39, 0x68, 0x39, 0x88, 0x39, 0x88, 0x41,
    0x68, 0x39, 0x88, 0x39, 0x88, 0x39, 0x68, 0x41, 0x88, 0x39, 0x88, 0x39,
    0x68, 0x41, 0x88, 0x39, 0x67, 0x39, 0x68, 0x39, 0x68, 0x39, 0x87, 0x39,
    0x68, 0x41, 0x88, 0x39, 0x68, 0x39, 0x88, 0x39, 0x68, 0x41, 0x68, 0x39,
    0x87, 0x39, 0x68, 0x39, 0x68, 0x39, 0x88, 0x41, 0x68, 0x39, 0x88, 0x39,
    0x88, 0x39, 0x68, 0x39, 0x88, 0x39, 0x87, 0x39, 0x68, 0x39, 0x68, 0x39,
    0x88, 0x39, 0x88, 0x39, 0x88, 0x39, 0x67, 0x39, 0x88, 0x39, 0x68, 0x39,
    0x67, 0x39, 0x88, 0x41, 0x68, 0x39, 0x68, 0x39, 0x88, 0x41, 0x88, 0x39,
    0x68, 0x39, 0x88, 0x39, 0x88, 0x39, 0x68, 0x39, 0x67, 0x41, 0x88, 0x39,
    0x88, 0x39, 0x68, 0x39, 0x88, 0x41, 0x88, 0x39, 0x68, 0x39, 0x68, 0x39,
    0x88, 0x39, 0x68, 0x41, 0x68, 0x39, 0x88, 0x39, 0x87, 0x41, 0x68, 0x39,
    0x88, 0x41, 0x88, 0x41, 0x68, 0x39, 0x88, 0x39, 0x68, 0x41, 0x68, 0x39,
    0x88, 0x39, 0x68, 0x39, 0x68, 0x39, 0x87, 0x41, 0x68, 0x39, 0x68, 0x39,
    0x68, 0x39, 0x88, 0x39, 0x88, 0x39, 0x68, 0x39, 0x88, 0x41, 0x67, 0x39,
    0x88, 0x39, 0x68, 0x41, 0x88, 0x41, 0x88, 0x39, 0x67, 0x41, 0x88, 0x41,
    0x88, 0x39, 0x67, 0x41, 0x88, 0x39, 0x68, 0x39, 0x88, 0x39, 0x68, 0x41,
    0x67, 0x39, 0x88, 0x39, 0x68, 0x41, 0x68, 0x39, 0x88, 0x39, 0x68, 0x39,
    0x68, 0x41, 0x88, 0x39, 0x68, 0x39, 0x67, 0x41, 0x88, 0x39, 0x68, 0x41,
    0x87, 0x39, 0x88, 0x39, 0x68, 0x41, 0x87, 0x39, 0x68, 0x39, 0x68, 0x39,
    0x88, 0x41, 0x68, 0x39, 0x68, 0x41, 0x88, 0x39, 0x88, 0x41, 0x68, 0x39,
    0x88, 0x39, 0x67, 0x39, 0x68, 0x41, 0x88, 0x39, 0x68, 0x39, 0x68, 0x39,
    0x88, 0x41, 0x68, 0x41, 0x68, 0x39, 0x87, 0x39, 0x68, 0x39, 0x88, 0x41,
    0x88, 0x39, 0x68, 0x41, 0x68, 0x39, 0x88, 0x39, 0x88, 0x39, 0x67, 0x39,
    0x88, 0x41, 0x88, 0x39, 0x68, 0x39, 0x68, 0x39, 0x88, 0x39, 0x67, 0x39,
    0x88, 0x39, 0x88, 0x41, 0x68, 0x39, 0x88, 0x39, 0x88, 0x39, 0x67, 0x39,
    0x88, 0x41, 0x88, 0x39, 0x68, 0x39, 0x88, 0x39, 0x68, 0x41, 0x88, 0x39,
    0x88, 0x41, 0x68, 0x39, 0x68, 0x39, 0x87, 0x39, 0x68, 0x41, 0x88, 0x39,
    0x68, 0x39, 0x68, 0x41, 0x88, 0x41, 0x88, 0x39, 0x68, 0x39, 0x88, 0x41,
    0x67, 0x41, 0x68, 0x39, 0x88, 0x39, 0x68, 0x41, 0x68, 0x41, 0x88, 0x39,
    0x67, 0x39, 0x68, 0x41, 0x88, 0x39, 0x67, 0x39, 0x88, 0x39, 0x88, 0x41,
    0x68, 0x39, 0x88, 0x39, 0x68, 0x41, 0x68, 0x39, 0x88, 0x39, 0x68, 0x39,
    0x88, 0x39, 0x88, 0x41, 0x67, 0x39, 0x68, 0x41, 0x88, 0x39, 0x67, 0x39,
    0x88, 0x39, 0x88, 0x39, 0x67, 0x41, 0x68, 0x39, 0x88, 0x39, 0x67, 0x41,
    0x88, 0x39, 0x68, 0x41, 0x88, 0x39, 0x88, 0x39, 0x68, 0x41, 0x87, 0x39,
    0x88, 0x39, 0x68, 0x39, 0x88, 0x41, 0x68, 0x39, 0x68, 0x39, 0x88, 0x39,
    0x88, 0x39, 0x68, 0x39, 0x88, 0x39, 0x68, 0x39, 0x88, 0x39, 0x68, 0x39,
    0x88, 0x41, 0x88, 0x39, 0x67, 0x39, 0x68, 0x41, 0x88, 0x39, 0x68, 0x39,
    0x68, 0x41, 0x88, 0x39, 0x67, 0x39, 0x68, 0x39, 0x88, 0x41, 0x68, 0x39,
    0x68, 0x39, 0x88, 0x41, 0x68, 0x39, 0x68, 0x39, 0x88, 0x41, 0x88, 0x39,
    0x68, 0x39, 0x88, 0x41, 0x88, 0x39, 0x67, 0x39, 0x68, 0x39, 0x88, 0x39,
    0x67, 0x41, 0x88, 0x39, 0x88, 0x39, 0x68, 0x39, 0x68, 0x39, 0x88, 0x41,
    0x68, 0x39, 0x68, 0x39, 0x87, 0x39, 0x68, 0x39, 0x88, 0x39, 0x68, 0x39,
    0x88, 0x39, 0x88, 0x41, 0x88, 0x39, 0x68, 0x39, 0x88, 0x39, 0x68, 0x39,
    0x68, 0x39, 0x88, 0x39, 0x88, 0x39, 0x68, 0x41, 0x88, 0x39, 0x88, 0x39,
    0x68, 0x41, 0x88, 0x39, 0x88, 0x39, 0x68, 0x41, 0x68, 0x39, 0x88, 0x39,
    0x67, 0x41, 0x68, 0x39, 0x88, 0x41, 0x88, 0x39, 0x68, 0x41, 0x88, 0x39,
    0x67, 0x39, 0x68, 0x39, 0x88, 0x41, 0x68, 0x39, 0x88, 0x39, 0x88, 0x39,
    0x68, 0x39, 0x88, 0x41, 0x88, 0x39, 0x67, 0x39, 0x68, 0x41, 0x88, 0x39,
    0x68, 0x41, 0x68, 0x41, 0x88, 0x39, 0x88, 0x39, 0x68, 0x39, 0x68, 0x41,
    0x88, 0x39, 0x68, 0x39, 0x68, 0x39, 0x88, 0x39, 0x88, 0x39, 0x68, 0x39,
    0x87, 0x41, 0x88, 0x39, 0x68, 0x39, 0x68, 0x39, 0x88, 0x39, 0x68, 0x39,
    0x87, 0x39, 0x68, 0x39, 0x88, 0x39, 0x88, 0x41, 0x68, 0x39, 0x88, 0x39,
    0x88, 0x41, 0x68, 0x39, 0x88, 0x39, 0x88, 0x39, 0x68, 0x39, 0x88, 0x39,
    0x88, 0x39, 0x68, 0x41, 0x68, 0x39, 0x88, 0x39, 0x88, 0x39, 0x68, 0x41,
    0x88, 0x39, 0x68, 0x39, 0x68, 0x39, 0x88, 0x39, 0x68, 0x39, 0x68, 0x39,
    0x88, 0x39, 0x68, 0x39, 0x88, 0x41, 0x87, 0x39, 0x68, 0x39, 0x88, 0x39,
    0x88, 0x41, 0x68, 0x39, 0x88, 0x39, 0x87, 0x39, 0x68, 0x39, 0x88, 0x41,
    0x88, 0x39, 0x68, 0x39, 0x88, 0x39, 0x88, 0x39, 0x68, 0x39, 0x68, 0x39,
    0x88, 0x41, 0x68, 0x39, 0x88, 0x39, 0x88, 0x39, 0x68, 0x39, 0x88, 0x39,
    0x88, 0x39, 0x68, 0x39, 0x67, 0x39, 0x88, 0x41, 0x68, 0x39, 0x68, 0x39,
    0x88, 0x41, 0x88, 0x39, 0x68, 0x39, 0x88, 0x39, 0x88, 0x39, 0x68, 0x39,
    0x88, 0x39, 0x88, 0x39, 0x68, 0x41, 0x68, 0x39, 0x88, 0x39, 0x68, 0x39,
    0x87, 0x39, 0x68, 0x41, 0x88, 0x39, 0x67, 0x41, 0x68, 0x39, 0x88, 0x39,
    0x68, 0x39, 0x87, 0x41, 0x88, 0x39, 0x68, 0x41, 0x68, 0x39, 0x88, 0x39,
    0x68, 0x41, 0x88, 0x39, 0x68, 0x39, 0x68, 0x41, 0x88, 0x39, 0x68, 0x39,
    0x88, 0x41, 0x67, 0x39, 0x88, 0x39, 0x68, 0x39, 0x67, 0x39, 0x88, 0x39,
    0x88, 0x39, 0x68, 0x41, 0x88, 0x39, 0x68, 0x39, 0x88, 0x39, 0x68, 0x39,
    0x87, 0x39, 0x68, 0x39, 0x88, 0x39, 0x67, 0x39, 0x88, 0x41, 0x88, 0x39,
    0x68, 0x39, 0x88, 0x39, 0x68, 0x39, 0x87, 0x39, 0x68, 0x39, 0x88, 0x41,
    0x68, 0x39, 0x88, 0x39, 0x68, 0x41, 0x68, 0x39, 0x88, 0x39, 0x68, 0x39,
    0x88, 0x39, 0x88, 0x41, 0x67, 0x39, 0x88, 0x39, 0x68, 0x39, 0x67, 0x41,
    0x88, 0x39, 0x68, 0x39, 0x68, 0x39, 0x88, 0x39, 0x68, 0x41, 0x68, 0x39,
    0x88, 0x39, 0x68, 0x41, 0x88, 0x39, 0x68, 0x39, 0x68, 0x39, 0x88, 0x39,
    0x68, 0x41, 0x68, 0x39, 0x88, 0x39, 0x68, 0x41, 0x68, 0x39, 0x88, 0x39,
    0x68, 0x39, 0x88, 0x41, 0x87, 0x39, 0x68, 0x39, 0x68, 0x41, 0x87, 0x39,
    0x68, 0x41, 0x88, 0x39, 0x67, 0x39, 0x88, 0x41, 0x68, 0x39, 0x67, 0x39,
    0x88, 0x39, 0x88, 0x39, 0x68, 0x39, 0x88, 0x41, 0x68, 0x39, 0x88, 0x39,
    0x88, 0x41, 0x68, 0x39, 0x88, 0x39, 0x68, 0x41, 0x88, 0x39, 0x87, 0x39,
    0x68, 0x39, 0x88, 0x39, 0x88, 0x39, 0x68, 0x39, 0x68, 0x41, 0x87, 0x39,
    0x68, 0x39, 0x88, 0x39, 0x68, 0x39, 0x88, 0x41, 0x88, 0x39, 0x68, 0x39,
    0x68, 0x39, 0x88, 0x41, 0x87, 0x39, 0x68, 0x41, 0x88, 0x39, 0x87, 0x39,
    0x68, 0x41, 0x88, 0x39, 0x68, 0x41, 0x88, 0x39, 0x68, 0x41, 0x67, 0x39,
    0x68, 0x39, 0x68, 0x39, 0x88, 0x41, 0x88, 0x39, 0x68, 0x41, 0x88, 0x41,
    0x68, 0x39, 0x87, 0x39, 0x68, 0x41, 0x68, 0x39, 0x87, 0x39, 0x68, 0x39,
    0x68, 0x41, 0x88, 0x39, 0x87, 0x39, 0x68, 0x39, 0x88, 0x39, 0x88, 0x41,
    0x68, 0x39, 0x68, 0x39, 0x88, 0x39, 0x68, 0x39, 0x88, 0x41, 0x88, 0x39,
    0x68, 0x39, 0x68, 0x41, 0x88, 0x39, 0x68, 0x39, 0x68, 0x41, 0x88, 0x41,
    0x68, 0x39, 0x68, 0x39, 0x88, 0x39, 0x88, 0x39, 0x68, 0x39, 0x88, 0x39,
    0x87, 0x39, 0x68, 0x39, 0x68, 0x41, 0x87, 0x39, 0x88, 0x39, 0x68, 0x39,
    0x88, 0x41, 0x87, 0x39, 0x68, 0x39, 0x68, 0x41, 0x88, 0x41, 0x68, 0x39,
    0x68, 0x39, 0x88, 0x39, 0x88, 0x41, 0x67, 0x39, 0x88, 0x39, 0x68, 0x41,
    0x68, 0x39, 0x88, 0x39, 0x68, 0x39, 0x67, 0x39, 0x88, 0x39, 0x68, 0x39,
    0x67, 0x41, 0x88, 0x39, 0x68, 0x39, 0x68, 0x41, 0x88, 0x39, 0x68, 0x39,
    0x68, 0x39, 0x88, 0x39, 0x67, 0x41, 0x88, 0x39, 0x68, 0x39, 0x68, 0x39,
    0x87, 0x39, 0x88, 0x39, 0x68, 0x41, 0x88, 0x39, 0x88, 0x39, 0x68, 0x41,
    0x68, 0x39, 0x88, 0x39, 0x68, 0x39, 0x68, 0x41, 0x88, 0x39, 0x68, 0x39,
    0x68, 0x39, 0x88, 0x41, 0x68, 0x39, 0x68, 0x39, 0x88, 0x41, 0x68, 0x39,
    0x67, 0x39, 0x88, 0x41, 0x68, 0x39, 0x88, 0x39, 0x68, 0x41, 0x88, 0x39,
    0x68, 0x39, 0x67, 0x41, 0x88, 0x39, 0x68, 0x41, 0x68, 0x41, 0x87, 0x39,
    0x68, 0x41, 0x88, 0x39, 0x88, 0x39, 0x68, 0x39, 0x88, 0x39, 0x67, 0x39,
    0x88, 0x41, 0x68, 0x39, 0x68, 0x39, 0x87, 0x41, 0x68, 0x41, 0x68, 0x39,
    0x87, 0x39, 0x88, 0x39, 0x68, 0x39, 0x88, 0x41, 0x88, 0x39, 0x68, 0x39,
    0x68, 0x39, 0x88, 0x39, 0x88, 0x39, 0x68, 0x39, 0x88, 0x41, 0x68, 0x39,
    0x68, 0x39, 0x88, 0x39, 0x68, 0x39, 0x88, 0x41, 0x87, 0x39, 0x68, 0x39,
    0x88, 0x41, 0x68, 0x39, 0x87, 0x39, 0x88, 0x41, 0x68, 0x39, 0x88, 0x39,
    0x68, 0x39, 0x68, 0x41, 0x88, 0x39, 0x88, 0x41, 0x68, 0x39, 0x68, 0x39,
    0x88, 0x39, 0x67, 0x41, 0x88, 0x39, 0x88, 0x39, 0x68, 0x41, 0x88, 0x39,
    0x88, 0x41, 0x68, 0x39, 0x68, 0x39, 0x88, 0x39, 0x68, 0x39, 0x68, 0x39,
    0x88, 0x39, 0x68, 0x41, 0x88, 0x41, 0x88, 0x39, 0x68, 0x39, 0x88, 0x39,
    0x88, 0x39, 0x68, 0x39, 0x88, 0x41, 0x88, 0x39, 0x67, 0x39, 0x68, 0x41,
    0x88, 0x39, 0x68, 0x39, 0x88, 0x39, 0x88, 0x39, 0x68, 0x41, 0x88, 0x39,
    0x88, 0x39, 0x68, 0x39, 0x88, 0x41, 0x88, 0x39, 0x88, 0x39, 0x68, 0x41,
    0x88, 0x39, 0x68, 0x39, 0x88, 0x39, 0x88, 0x41, 0x68, 0x39, 0x88, 0x39,
    0x87, 0x39, 0x68, 0x39, 0x88, 0x39, 0x67, 0x39, 0x88, 0x41, 0x68, 0x39,
    0x68, 0x39, 0x88, 0x41, 0x68, 0x39, 0x88, 0x39, 0x88, 0x39, 0x68, 0x39,
    0x88, 0x41, 0x68, 0x39, 0x88, 0x39, 0x88, 0x41, 0x68, 0x39, 0x88, 0x41,
    0x68, 0x39, 0x68, 0x39, 0x88, 0x41, 0x68, 0x39, 0x87, 0x39, 0x68, 0x39,
    0x68, 0x39, 0x87, 0x39, 0x68, 0x39, 0x88, 0x39, 0x68, 0x39, 0x68, 0x41,
    0x88, 0x39, 0x68, 0x39, 0x87, 0x41, 0x88, 0x39, 0x68, 0x39, 0x68, 0x39,
    0x88, 0x41, 0x68, 0x39, 0x68, 0x39, 0x88, 0x41, 0x88, 0x39, 0x68, 0x39,
    0x88, 0x39, 0x68, 0x39, 0x68, 0x39, 0x88, 0x39, 0x68, 0x39, 0x68, 0x39,
    0x88, 0x39, 0x68, 0x39, 0x88, 0x39, 0x88, 0x41, 0x68, 0x39, 0x88, 0x39,
    0x88, 0x41, 0x67, 0x39, 0x68, 0x39, 0x88, 0x39, 0x67, 0x39, 0x88, 0x39,
    0x88, 0x39, 0x68, 0x41, 0x88, 0x39, 0x68, 0x39, 0x88, 0x39, 0x88, 0x39,
    0x68, 0x39, 0x68, 0x41, 0x68, 0x39, 0x88, 0x39, 0x68, 0x41, 0x87, 0x39,
    0x88, 0x39, 0x68, 0x39, 0x87, 0x39, 0x68, 0x39, 0x68, 0x39, 0x87, 0x39,
    0x88, 0x41, 0x68, 0x39, 0x87, 0x39, 0x88, 0x39, 0x68, 0x39, 0x87, 0x39,
    0x88, 0x39, 0x68, 0x41, 0x67, 0x39, 0x88, 0x41, 0x68, 0x39, 0x68, 0x39,
    0x88, 0x39, 0x88, 0x39, 0x68, 0x39, 0x68, 0x41, 0x88, 0x39, 0x68, 0x39,
    0x68, 0x39, 0x88, 0x41, 0x88, 0x39, 0x67, 0x39, 0x88, 0x39, 0x88, 0x39,
    0x68, 0x39, 0x68, 0x41, 0x88, 0x39, 0x88, 0x39, 0x68, 0x41, 0x88, 0x39,
    0x88, 0x39, 0x68, 0x41, 0x88, 0x41, 0x88, 0x39, 0x68, 0x39, 0x88, 0x41,
    0x88, 0x39, 0x68, 0x39, 0x88, 0x39, 0x87, 0x41, 0x68, 0x39, 0x88, 0x39,
    0x68, 0x39, 0x88, 0x39, 0x88, 0x39, 0x68, 0x41, 0x88, 0x39, 0x68, 0x41,
    0x88, 0x39, 0x68, 0x39, 0x67, 0x41, 0x88, 0x39, 0x88, 0x39, 0x67, 0x41,
    0x88, 0x39, 0x88, 0x39, 0x68, 0x39, 0x88, 0x41, 0x88, 0x39, 0x67, 0x39,
    0x88, 0x39, 0x88, 0x41, 0x67, 0x39, 0x88, 0x39, 0x88, 0x39, 0x68, 0x39,
    0x88, 0x39, 0x68, 0x41, 0x68, 0x39, 0x87, 0x39, 0x88, 0x41, 0x68, 0x39,
    0x88, 0x39, 0x88, 0x39, 0x68, 0x39, 0x88, 0x39, 0x88, 0x39, 0x68, 0x39,
    0x68, 0x39, 0x88, 0x41, 0x68, 0x39, 0x88, 0x39, 0x88, 0x41, 0x68, 0x39,
    0x88, 0x39, 0x88, 0x39, 0x68, 0x39, 0x88, 0x39, 0x88, 0x39, 0x68, 0x41,
    0x68, 0x39, 0x88, 0x39, 0x67, 0x41, 0x68, 0x39, 0x88, 0x39, 0x87, 0x41,
    0x68, 0x41, 0x88, 0x39, 0x68, 0x39, 0x88, 0x39, 0x88, 0x41, 0x68, 0x39,
    0x88, 0x39, 0x68, 0x41, 0x68, 0x39, 0x88, 0x39, 0x68, 0x39, 0x68, 0x39,
    0x88, 0x39, 0x68, 0x39, 0x88, 0x39, 0x68, 0x39, 0x68, 0x41, 0x87, 0x39,
    0x88, 0x39, 0x68, 0x39, 0x88, 0x39, 0x88, 0x41, 0x68, 0x39, 0x88, 0x39,
    0x68, 0x41, 0x68, 0x39, 0x88, 0x39, 0x68, 0x41, 0x67, 0x39, 0x88, 0x39,
    0x68, 0x39, 0x88, 0x41, 0x88, 0x39, 0x68, 0x41, 0x88, 0x39, 0x67, 0x39,
    0x88, 0x41, 0x68, 0x39, 0x67, 0x39, 0x88, 0x39, 0x68, 0x41, 0x68, 0x39,
    0x87, 0x39, 0x68, 0x41, 0x68, 0x39, 0x88, 0x39, 0x88, 0x41, 0x68, 0x39,
    0x68, 0x39, 0x87, 0x41, 0x68, 0x39, 0x68, 0x39, 0x88, 0x41, 0x68, 0x39,
    0x88, 0x39, 0x67, 0x41, 0x68, 0x39, 0x88, 0x39, 0x67, 0x39, 0x88, 0x39,
    0x68, 0x41, 0x87, 0x39, 0x68, 0x39, 0x87, 0x41, 0x68, 0x39, 0x88, 0x39,
    0x68, 0x41, 0x88, 0x39, 0x68, 0x39, 0x88, 0x41, 0x88, 0x39, 0x68, 0x39,
    0x87, 0x39, 0x68, 0x39, 0x68, 0x39, 0x88, 0x41, 0x68, 0x39, 0x88, 0x39,
    0x68, 0x39, 0x68, 0x39, 0x88, 0x39, 0x68, 0x39, 0x88, 0x39, 0x88, 0x39,
    0x68, 0x41, 0x88, 0x39, 0x68, 0x39, 0x88, 0x39, 0x88, 0x41, 0x68, 0x39,
    0x88, 0x41, 0x68, 0x39, 0x88, 0x41, 0x88, 0x39, 0x68, 0x39, 0x88, 0x41,
    0x68, 0x39, 0x68, 0x39, 0x88, 0x41, 0x68, 0x39, 0x88, 0x39, 0x88, 0x39,
    0x68, 0x41, 0x87, 0x39, 0x68, 0x39, 0x68, 0x39, 0x67, 0x41, 0x88, 0x39,
    0x88, 0x41, 0x68, 0x39, 0x88, 0x41, 0x88, 0x39, 0x68, 0x41, 0x88, 0x39,
    0x67, 0x39, 0x68, 0x41, 0x88, 0x39, 0x67, 0x39, 0x68, 0x39, 0x88, 0x39,
    0x88, 0x39, 0x68, 0x41, 0x88, 0x39, 0x68, 0x39, 0x68, 0x41, 0x88, 0x39,
    0x68, 0x39, 0x68, 0x39, 0x88, 0x39, 0x87, 0x41, 0x68, 0x41, 0x88, 0x39,
    0x87, 0x39, 0x68, 0x39, 0x88, 0x39, 0x68, 0x41, 0x68, 0x39, 0x88, 0x39,
    0x68, 0x41, 0x88, 0x41, 0x68, 0x39, 0x88, 0x41, 0x68, 0x39, 0x68, 0x39,
    0x88, 0x39, 0x68, 0x41, 0x88, 0x39, 0x68, 0x39, 0x68, 0x41, 0x88, 0x39,
    0x88, 0x39, 0x68, 0x39, 0x88, 0x41, 0x88, 0x39, 0x68, 0x39, 0x68, 0x41,
    0x88, 0x41, 0x88, 0x39, 0x68, 0x39, 0x88, 0x39, 0x88, 0x41, 0x67, 0x39,
    0x68, 0x39, 0x88, 0x39, 0x68, 0x41, 0x68, 0x39, 0x88, 0x39, 0x87, 0x41,
    0x68, 0x39, 0x68, 0x39, 0x87, 0x39, 0x68, 0x39, 0x68, 0x39, 0x88, 0x39,
    0x67, 0x39, 0x68, 0x39, 0x88, 0x39, 0x68, 0x39, 0x68, 0x41, 0x88, 0x39,
    0x68, 0x39, 0x68, 0x39, 0x88, 0x41, 0x68, 0x39, 0x68, 0x39, 0x88, 0x39,
    0x68, 0x39, 0x88, 0x39, 0x68, 0x39, 0x68, 0x39, 0x87, 0x39, 0x88, 0x41,
    0x68, 0x39, 0x88, 0x39, 0x68, 0x39, 0x68, 0x39, 0x88, 0x39, 0x68, 0x39,
    0x88, 0x41, 0x67, 0x39, 0x68, 0x39, 0x88, 0x39, 0x68, 0x41, 0x68, 0x39,
    0x88, 0x39, 0x68, 0x39, 0x68, 0x41, 0x88, 0x39, 0x68, 0x39, 0x88, 0x41,
    0x88, 0x39, 0x68, 0x39, 0x88, 0x39, 0x68, 0x39, 0x68, 0x39, 0x87, 0x39,
    0x68, 0x41, 0x68, 0x39, 0x88, 0x39, 0x67, 0x39, 0x88, 0x41, 0x68, 0x39,
    0x88, 0x39, 0x67, 0x39, 0x68, 0x41, 0x88, 0x39, 0x67, 0x39, 0x68, 0x41,
    0x88, 0x39, 0x67, 0x41, 0x68, 0x39, 0x88, 0x39, 0x88, 0x39, 0x68, 0x39,
    0x88, 0x41, 0x88, 0x39, 0x68, 0x39, 0x68, 0x39, 0x88, 0x39, 0x68, 0x39,
    0x68, 0x39, 0x88, 0x41, 0x67, 0x39, 0x68, 0x39, 0x88, 0x39, 0x87, 0x41,
    0x68, 0x39, 0x88, 0x39, 0x87, 0x41, 0x68, 0x39, 0x88, 0x41, 0x88, 0x39,
    0x67, 0x39, 0x88, 0x41, 0x68, 0x39, 0x88, 0x39, 0x68, 0x39, 0x88, 0x41,
    0x68, 0x39, 0x68, 0x39, 0x87, 0x39, 0x68, 0x39, 0x68, 0x41, 0x87, 0x39,
    0x88, 0x39, 0x68, 0x39, 0x88, 0x39, 0x68, 0x39, 0x88, 0x39, 0x68, 0x39,
    0x67, 0x39, 0x88, 0x39, 0x68, 0x41, 0x87, 0x39, 0x68, 0x39, 0x88, 0x41,
    0x88, 0x39, 0x68, 0x39, 0x88, 0x39, 0x88, 0x39, 0x68, 0x41, 0x88, 0x39,
    0x88, 0x39, 0x68, 0x39, 0x68, 0x39, 0x87, 0x39, 0x88, 0x39, 0x68, 0x39,
    0x88, 0x39, 0x88, 0x41, 0x68, 0x39, 0x88, 0x39, 0x67, 0x39, 0x88, 0x39,
    0x68, 0x39, 0x88, 0x39, 0x68, 0x39, 0x68, 0x41, 0x88, 0x39, 0x68, 0x39,
    0x88, 0x39, 0x68, 0x39, 0x68, 0x39, 0x88, 0x39, 0x68, 0x39, 0x68, 0x41,
    0x88, 0x39, 0x68, 0x39, 0x88, 0x41, 0x68, 0x39, 0x68, 0x39, 0x88, 0x41,
    0x88, 0x39, 0x88, 0x39, 0x68, 0x41, 0x87, 0x39, 0x68, 0x39, 0x88, 0x41,
    0x87, 0x39, 0x68, 0x41, 0x68, 0x41, 0x87, 0x39, 0x68, 0x39, 0x68, 0x39,
    0x87, 0x39, 0x68, 0x41, 0x88, 0x39, 0x67, 0x39, 0x68, 0x39, 0x88, 0x41,
    0x88, 0x39, 0x68, 0x39, 0x68, 0x39, 0x87, 0x41, 0x68, 0x39, 0x88, 0x39,
    0x87, 0x39, 0x68, 0x39, 0x68, 0x39, 0x88, 0x41, 0x67, 0x39, 0x88, 0x39,
    0x68, 0x39, 0x88, 0x39, 0x88, 0x39, 0x68, 0x41, 0x88, 0x39, 0x68, 0x39,
    0x67, 0x39, 0x88, 0x41, 0x68, 0x39, 0x67, 0x39, 0x88, 0x39, 0x88, 0x41,
    0x68, 0x39, 0x88, 0x39, 0x88, 0x41, 0x68, 0x39, 0x88, 0x39, 0x68, 0x41,
    0x68, 0x39, 0x88, 0x39, 0x88, 0x39, 0x68, 0x41, 0x88, 0x39, 0x87, 0x39,
    0x68, 0x41, 0x88, 0x39, 0x68, 0x39, 0x68, 0x39, 0x68, 0x39, 0x68, 0x39,
    0x88, 0x41, 0x88, 0x39, 0x68, 0x39, 0x87, 0x39, 0x88, 0x39, 0x68, 0x39,
    0x68, 0x39, 0x88, 0x39, 0x88, 0x39, 0x68, 0x41, 0x88, 0x39, 0x88, 0x39,
    0x68, 0x41, 0x88, 0x39, 0x68, 0x39, 0x88, 0x41, 0x68, 0x39, 0x68, 0x39,
    0x88, 0x41, 0x68, 0x39, 0x68, 0x39, 0x88, 0x39, 0x87, 0x39, 0x68, 0x39,
    0x68, 0x39, 0x87, 0x41, 0x68, 0x39, 0x68, 0x39, 0x88, 0x39, 0x88, 0x41,
    0x88, 0x39, 0x68, 0x39, 0x88, 0x39, 0x68, 0x39, 0x68, 0x41, 0x88, 0x39,
    0x88, 0x39, 0x68, 0x41, 0x88, 0x39, 0x88, 0x41, 0x68, 0x39, 0x88, 0x41,
    0x88, 0x39, 0x68, 0x39, 0x88, 0x41, 0x87, 0x39, 0x68, 0x39, 0x88, 0x39,
    0x87, 0x39, 0x68, 0x41, 0x88, 0x39, 0x88, 0x39, 0x68, 0x41, 0x68, 0x39,
    0x68, 0x39, 0x88, 0x41, 0x88, 0x41, 0x68, 0x39, 0x68, 0x39, 0x88, 0x39,
    0x68, 0x41, 0x88, 0x39, 0x88, 0x39, 0x68, 0x41, 0x88, 0x39, 0x68, 0x39,
    0x68, 0x39, 0x88, 0x41, 0x88, 0x39, 0x68, 0x39, 0x87, 0x39, 0x88, 0x41,
    0x68, 0x39, 0x88, 0x39, 0x88, 0x39, 0x68, 0x41, 0x67, 0x39, 0x88, 0x39,
    0x68, 0x41, 0x87, 0x39, 0x88, 0x39, 0x68, 0x41, 0x88, 0x39, 0x88, 0x39,
    0x68, 0x39, 0x88, 0x41, 0x68, 0x39, 0x68, 0x39, 0x88, 0x41, 0x88, 0x39,
    0x68, 0x39, 0x88, 0x39, 0x88, 0x39, 0x68, 0x39, 0x88, 0x39, 0x88, 0x39,
    0x68, 0x39, 0x88, 0x39, 0x68, 0x41, 0x68, 0x41, 0x87, 0x39, 0x68, 0x39,
    0x68, 0x39, 0x87, 0x41, 0x88, 0x39, 0x68, 0x39, 0x88, 0x41, 0x88, 0x39,
    0x68, 0x39, 0x88, 0x39, 0x88, 0x41, 0x68, 0x39, 0x68, 0x39, 0x88, 0x39,
    0x68, 0x39, 0x88, 0x39, 0x68, 0x39, 0x68, 0x39, 0x88, 0x39, 0x68, 0x41,
    0x88, 0x39, 0x68, 0x39, 0x88, 0x41, 0x87, 0x39, 0x68, 0x39, 0x88, 0x39,
    0x88, 0x41, 0x68, 0x39, 0x88, 0x39, 0x68, 0x41, 0x88, 0x39, 0x68, 0x39,
    0x88, 0x41, 0x87, 0x39, 0x68, 0x41, 0x88, 0x39, 0x88, 0x41, 0x68, 0x41,
    0x88, 0x39, 0x68, 0x39, 0x88, 0x39, 0x68, 0x39, 0x68, 0x39, 0x88, 0x39,
    0x68, 0x39, 0x68, 0x41, 0x88, 0x39, 0x68, 0x39, 0x67, 0x39, 0x88, 0x41,
    0x68, 0x39, 0x88, 0x41, 0x88, 0x39, 0x68, 0x41, 0x68, 0x39, 0x88, 0x39,
    0x68, 0x41, 0x68, 0x39, 0x88, 0x39, 0x88, 0x41, 0x68, 0x39, 0x88, 0x41,
    0x88, 0x39, 0x68, 0x39, 0x88, 0x41, 0x88, 0x39, 0x68, 0x39, 0x87, 0x41,
    0x88, 0x39, 0x68, 0x41, 0x88, 0x39, 0x88, 0x39, 0x68, 0x41, 0x87, 0x39,
    0x88, 0x39, 0x68, 0x39, 0x87, 0x39, 0x88, 0x39, 0x68, 0x39, 0x67, 0x41,
    0x88, 0x39, 0x88, 0x41, 0x68, 0x39, 0x88, 0x39, 0x68, 0x39, 0x68, 0x39,
    0x88, 0x39, 0x88, 0x39, 0x68, 0x39, 0x88, 0x41, 0x68, 0x39, 0x88, 0x41,
    0x68, 0x39, 0x88, 0x39, 0x88, 0x41, 0x68, 0x39, 0x68, 0x39, 0x88, 0x39,
    0x67, 0x39, 0x88, 0x39, 0x68, 0x39, 0x68, 0x39, 0x88, 0x41, 0x68, 0x39,
    0x88, 0x39, 0x88, 0x41, 0x68, 0x39, 0x88, 0x39, 0x68, 0x41, 0x68, 0x39,
    0x88, 0x39, 0x68, 0x41, 0x88, 0x39, 0x88, 0x39, 0x68, 0x39, 0x88, 0x39,
    0x88, 0x39, 0x68, 0x39, 0x88, 0x39, 0x68, 0x39, 0x88, 0x39, 0x68, 0x41,
    0x68, 0x39, 0x88, 0x39, 0x68, 0x39, 0x88, 0x39, 0x87, 0x41, 0x68, 0x39,
    0x88, 0x39, 0x67, 0x39, 0x68, 0x41, 0x88, 0x39, 0x68, 0x39, 0x68, 0x39,
    0x88, 0x41, 0x88, 0x39, 0x67, 0x39, 0x88, 0x41, 0x88, 0x39, 0x68, 0x39,
    0x68, 0x41, 0x88, 0x39, 0x68, 0x39, 0x88, 0x41, 0x88, 0x39, 0x68, 0x39,
    0x87, 0x41, 0x68, 0x39, 0x68, 0x39, 0x87, 0x39, 0x68, 0x39, 0x88, 0x39,
    0x67, 0x41, 0x68, 0x39, 0x88, 0x39, 0x87, 0x39, 0x88, 0x39, 0x68, 0x39,
    0x87, 0x39, 0x88, 0x41, 0x68, 0x39, 0x68, 0x39, 0x88, 0x41, 0x88, 0x39,
    0x68, 0x39, 0x88, 0x39, 0x88, 0x41, 0x67, 0x39, 0x68, 0x39, 0x88, 0x39,
    0x68, 0x41, 0x87, 0x39, 0x88, 0x39, 0x68, 0x41, 0x88, 0x39, 0x68, 0x39,
    0x68, 0x39, 0x88, 0x39, 0x68, 0x41, 0x68, 0x39, 0x87, 0x39, 0x68, 0x39,
    0x68, 0x41, 0x88, 0x39, 0x68, 0x39, 0x68, 0x41, 0x88, 0x39, 0x68, 0x39,
    0x88, 0x41, 0x68, 0x39, 0x67, 0x39, 0x88, 0x39, 0x88, 0x39, 0x68, 0x39,
    0x68, 0x39, 0x88, 0x39, 0x87, 0x39, 0x68, 0x39, 0x88, 0x41, 0x68, 0x39,
    0x67, 0x39, 0x88, 0x39, 0x68, 0x41, 0x87, 0x39, 0x88, 0x39, 0x68, 0x41,
    0x87, 0x39, 0x88, 0x39, 0x68, 0x41, 0x68, 0x39, 0x88, 0x39, 0x68, 0x39,
    0x68, 0x41, 0x87, 0x39, 0x88, 0x39, 0x68, 0x39, 0x88, 0x39, 0x68, 0x39,
    0x68, 0x39, 0x88, 0x41, 0x68, 0x39, 0x68, 0x39, 0x88, 0x41, 0x68, 0x39,
    0x87, 0x39, 0x88, 0x39, 0x68, 0x41, 0x88, 0x39, 0x68, 0x39, 0x67, 0x41,
    0x88, 0x39, 0x68, 0x41, 0x88, 0x39, 0x68, 0x41, 0x68, 0x39, 0x88, 0x39,
    0x68, 0x41, 0x88, 0x39, 0x88, 0x39, 0x68, 0x39, 0x88, 0x39, 0x88, 0x41,
    0x68, 0x39, 0x68, 0x39, 0x88, 0x41, 0x68, 0x39, 0x67, 0x39, 0x88, 0x41,
    0x68, 0x39, 0x67, 0x39, 0x88, 0x39, 0x88, 0x41, 0x68, 0x39, 0x68, 0x41,
    0x87, 0x39, 0x68, 0x41, 0x88, 0x39, 0x88, 0x39, 0x67, 0x39, 0x68, 0x41,
    0x88, 0x39, 0x68, 0x39, 0x68, 0x39, 0x88, 0x41, 0x68, 0x39, 0x68, 0x39,
    0x87, 0x39, 0x68, 0x41, 0x88, 0x39, 0x88, 0x39, 0x68, 0x39, 0x68, 0x39,
    0x68, 0x39, 0x88, 0x39, 0x68, 0x39, 0x68, 0x39, 0x87, 0x39, 0x68, 0x39,
    0x88, 0x41, 0x88, 0x39, 0x68, 0x39, 0x88, 0x41, 0x88, 0x41, 0x68, 0x39,
    0x87, 0x39, 0x88, 0x41, 0x68, 0x39, 0x88, 0x39, 0x88, 0x39, 0x68, 0x39,
    0x68, 0x39, 0x87, 0x39, 0x68, 0x41, 0x68, 0x39, 0x88, 0x39, 0x87, 0x41,
    0x68, 0x39, 0x68, 0x39, 0x87, 0x39, 0x68, 0x39, 0x68, 0x41, 0x88, 0x39,
    0x67, 0x39, 0x68, 0x41, 0x88, 0x39, 0x67, 0x39, 0x68, 0x39, 0x88, 0x39,
    0x68, 0x41, 0x68, 0x39, 0x87, 0x39, 0x68, 0x41, 0x88, 0x39, 0x68, 0x39,
    0x68, 0x41, 0x88, 0x39, 0x68, 0x41, 0x88, 0x39, 0x88, 0x39, 0x68, 0x39,
    0x68, 0x41, 0x88, 0x41, 0x88, 0x39, 0x68, 0x39, 0x88, 0x41, 0x68, 0x39,
    0x88, 0x39, 0x68, 0x39, 0x87, 0x39, 0x68, 0x39, 0x88, 0x39, 0x88, 0x39,
    0x68, 0x39, 0x68, 0x39, 0x88, 0x39, 0x88, 0x41, 0x68, 0x39, 0x88, 0x39,
    0x68, 0x41, 0x88, 0x41, 0x88, 0x39, 0x68, 0x39, 0x88, 0x39, 0x68, 0x41,
    0x68, 0x39, 0x87, 0x39, 0x88, 0x39, 0x68, 0x39, 0x88, 0x39, 0x88, 0x41,
    0x67, 0x39, 0x68, 0x39, 0x88, 0x41, 0x67, 0x39, 0x68, 0x41, 0x88, 0x39,
    0x68, 0x41, 0x88, 0x39, 0x67, 0x41, 0x88, 0x39, 0x68, 0x39, 0x87, 0x39,
    0x88, 0x39, 0x68, 0x41, 0x67, 0x39, 0x88, 0x39, 0x68, 0x39, 0x88, 0x41,
    0x88, 0x39, 0x68, 0x39, 0x88, 0x39, 0x87, 0x39, 0x68, 0x39, 0x68, 0x41,
    0x88, 0x39, 0x68, 0x39, 0x88, 0x39, 0x88, 0x41, 0x68, 0x39, 0x87, 0x39,
    0x88, 0x39, 0x68, 0x39, 0x67, 0x41, 0x68, 0x39, 0x88, 0x39, 0x68, 0x41,
    0x88, 0x39, 0x88, 0x39, 0x68, 0x41, 0x88, 0x39, 0x68, 0x39, 0x68, 0x41,
    0x88, 0x39, 0x88, 0x39, 0x68, 0x39, 0x68, 0x41, 0x88, 0x39, 0x68, 0x39,
    0x68, 0x41, 0x87, 0x39, 0x88, 0x39, 0x68, 0x41, 0x68, 0x39, 0x87, 0x39,
    0x68, 0x41, 0x68, 0x39, 0x88, 0x39, 0x88, 0x41, 0x68, 0x39, 0x68, 0x39,
    0x88, 0x39, 0x68, 0x41, 0x68, 0x39, 0x87, 0x39, 0x88, 0x39, 0x68, 0x41,
    0x87, 0x39, 0x88, 0x39, 0x68, 0x39, 0x88, 0x39, 0x88, 0x39, 0x68, 0x39,
    0x88, 0x41, 0x87, 0x39, 0x68, 0x39, 0x88, 0x39, 0x68, 0x39, 0x67, 0x41,
    0x88, 0x39, 0x88, 0x39, 0x68, 0x41, 0x68, 0x39, 0x88, 0x39, 0x88, 0x41,
    0x68, 0x39, 0x68, 0x39, 0x88, 0x39, 0x68, 0x39, 0x88, 0x39, 0x88, 0x41,
    0x68, 0x39, 0x88, 0x39, 0x68, 0x39, 0x68, 0x39, 0x88, 0x41, 0x68, 0x39,
    0x68, 0x39, 0x88, 0x39, 0x68, 0x39, 0x88, 0x41, 0x88, 0x39, 0x68, 0x39,
    0x68, 0x39, 0x88, 0x41, 0x68, 0x39, 0x68, 0x39, 0x88, 0x41, 0x88, 0x39,
    0x68, 0x39, 0x88, 0x39, 0x67, 0x39, 0x88, 0x39, 0x68, 0x41, 0x68, 0x39,
    0x88, 0x39, 0x68, 0x41, 0x87, 0x39, 0x88, 0x39, 0x68, 0x39, 0x88, 0x39,
    0x68, 0x39, 0x88, 0x39, 0x67, 0x41, 0x88, 0x39, 0x68, 0x39, 0x87, 0x41,
    0x68, 0x39, 0x68, 0x39, 0x87, 0x39, 0x68, 0x39, 0x68, 0x41, 0x88, 0x39,
    0x88, 0x39, 0x68, 0x39, 0x88, 0x39, 0x88, 0x39, 0x68, 0x39, 0x88, 0x39,
    0x88, 0x41, 0x68, 0x39, 0x68, 0x39, 0x88, 0x39, 0x87, 0x39, 0x68, 0x39,
    0x88, 0x41, 0x68, 0x39, 0x68, 0x39, 0x88, 0x41, 0x88, 0x39, 0x68, 0x39,
    0x88, 0x39, 0x87, 0x39, 0x68, 0x41, 0x88, 0x39, 0x68, 0x39, 0x88, 0x41,
    0x68, 0x39, 0x68, 0x39, 0x88, 0x41, 0x67, 0x39, 0x88, 0x39, 0x88, 0x41,
    0x67, 0x39, 0x88, 0x39, 0x68, 0x41, 0x88, 0x39, 0x68, 0x39, 0x68, 0x39,
    0x88, 0x39, 0x67, 0x41, 0x68, 0x39, 0x88, 0x39, 0x67, 0x39, 0x68, 0x39,
    0x88, 0x39, 0x68, 0x39, 0x68, 0x41, 0x87, 0x39, 0x88, 0x41, 0x68, 0x39,
    0x88, 0x39, 0x88, 0x39, 0x68, 0x39, 0x88, 0x39, 0x88, 0x39, 0x68, 0x39,
    0x88, 0x39, 0x88, 0x41, 0x68, 0x39, 0x88, 0x39, 0x88, 0x39, 0x68, 0x39,
    0x88, 0x39, 0x88, 0x39, 0x68, 0x39, 0x88, 0x41, 0x88, 0x39, 0x68, 0x39,
    0x88, 0x39, 0x88, 0x39, 0x68, 0x39, 0x68, 0x39, 0x88, 0x39, 0x88, 0x39,
    0x68, 0x39, 0x68, 0x39, 0x88, 0x41, 0x68, 0x39, 0x68, 0x39, 0x88, 0x41,
    0x88, 0x41, 0x88, 0x41, 0x88, 0x41, 0x88, 0x39, 0x68, 0x39, 0x87, 0x41,
    0x68, 0x41, 0x88, 0x39, 0x68, 0x41, 0x68, 0x39, 0x88, 0x41, 0x67, 0x39,
    0x88, 0x41, 0x68, 0x39, 0x67, 0x39, 0x88, 0x39, 0x88, 0x41, 0x67, 0x39,
    0x68, 0x39, 0x88, 0x39, 0x67, 0x41, 0x88, 0x39, 0x88, 0x39, 0x67, 0x39,
    0x68, 0x41, 0x88, 0x39, 0x68, 0x41, 0x68, 0x39, 0x87, 0x39, 0x88, 0x39,
    0x68, 0x39, 0x88, 0x39, 0x88, 0x39, 0x68, 0x39, 0x88, 0x39, 0x67, 0x41,
    0x88, 0x39, 0x68, 0x39, 0x88, 0x39, 0x68, 0x41, 0x88, 0x39, 0x68, 0x39,
    0x88, 0x41, 0x68, 0x39, 0x88, 0x39, 0x68, 0x41, 0x68, 0x39, 0x88, 0x39,
    0x68, 0x41, 0x68, 0x39, 0x88, 0x39, 0x88, 0x41, 0x68, 0x39, 0x88, 0x39,
    0x87, 0x39, 0x68, 0x39, 0x68, 0x41, 0x68, 0x39, 0x88, 0x39, 0x68, 0x41,
    0x88, 0x39, 0x88, 0x39, 0x68, 0x39, 0x88, 0x39, 0x68, 0x39, 0x68, 0x39,
    0x88, 0x39, 0x68, 0x39, 0x88, 0x41, 0x88, 0x39, 0x68, 0x39, 0x88, 0x39,
    0x88, 0x39, 0x67, 0x39, 0x68, 0x41, 0x88, 0x39, 0x68, 0x39, 0x88, 0x41,
    0x68, 0x39, 0x68, 0x39, 0x88, 0x39, 0x88, 0x39, 0x68, 0x39, 0x88, 0x39,
    0x88, 0x39, 0x68, 0x39, 0x68, 0x39, 0x88, 0x39, 0x87, 0x41, 0x68, 0x39,
    0x88, 0x39, 0x68, 0x39, 0x68, 0x41, 0x88, 0x39, 0x68, 0x39, 0x68, 0x39,
    0x88, 0x41, 0x68, 0x39, 0x67, 0x39, 0x88, 0x41, 0x68, 0x39, 0x68, 0x39,
    0x88, 0x39, 0x68, 0x39, 0x88, 0x41, 0x88, 0x39, 0x68, 0x39, 0x88, 0x39,
    0x68, 0x39, 0x88, 0x39, 0x88, 0x41, 0x67, 0x39, 0x68, 0x39, 0x68, 0x39,
    0x88, 0x39, 0x68, 0x41, 0x68, 0x41, 0x88, 0x39, 0x67, 0x39, 0x88, 0x39,
    0x88, 0x41, 0x68, 0x39, 0x88, 0x39, 0x68, 0x41, 0x88, 0x39, 0x88, 0x39,
    0x68, 0x41, 0x87, 0x39, 0x68, 0x39, 0x68, 0x39, 0x87, 0x41, 0x88, 0x39,
    0x68, 0x39, 0x88, 0x39, 0x67, 0x41, 0x88, 0x39, 0x68, 0x39, 0x87, 0x41,
    0x68, 0x39, 0x88, 0x41, 0x88, 0x39, 0x68, 0x39, 0x88, 0x39, 0x87, 0x39,
    0x68, 0x39, 0x68, 0x39, 0x88, 0x39, 0x68, 0x41, 0x88, 0x39, 0x88, 0x39,
    0x68, 0x41, 0x68, 0x39, 0x88, 0x39, 0x88, 0x39, 0x68, 0x39, 0x88, 0x39,
    0x88, 0x39, 0x68, 0x41, 0x88, 0x39, 0x88, 0x39, 0x67, 0x39, 0x68, 0x39,
    0x88, 0x41, 0x67, 0x39, 0x68, 0x39, 0x88, 0x41, 0x68, 0x39, 0x68, 0x39,
    0x88, 0x39, 0x88, 0x41, 0x68, 0x39, 0x68, 0x39, 0x88, 0x41, 0x88, 0x39,
    0x68, 0x39, 0x88, 0x39, 0x68, 0x39, 0x67, 0x41, 0x88, 0x39, 0x68, 0x39,
    0x68, 0x41, 0x88, 0x39, 0x88, 0x39, 0x68, 0x39, 0x87, 0x39, 0x88, 0x39,
    0x68, 0x39, 0x88, 0x39, 0x68, 0x39, 0x68, 0x41, 0x88, 0x39, 0x88, 0x39,
    0x68, 0x41, 0x88, 0x39, 0x88, 0x39, 0x68, 0x41, 0x88, 0x39, 0x88, 0x39,
    0x68, 0x41, 0x88, 0x39, 0x88, 0x39, 0x68, 0x39, 0x88, 0x41, 0x88, 0x39,
    0x68, 0x39, 0x88, 0x41, 0x68, 0x39, 0x68, 0x39, 0x88, 0x39, 0x68, 0x41,
    0x68, 0x41, 0x88, 0x39, 0x67, 0x39, 0x68, 0x41, 0x88, 0x39, 0x68, 0x39,
    0x68, 0x41, 0x87, 0x39, 0x68, 0x39, 0x88, 0x41, 0x67, 0x39, 0x68, 0x41,
    0x88, 0x39, 0x68, 0x39, 0x68, 0x41, 0x88, 0x39, 0x68, 0x39, 0x67, 0x41,
    0x88, 0x39, 0x88, 0x41, 0x68, 0x39, 0x88, 0x41, 0x67, 0x39, 0x88, 0x41,
    0x88, 0x39, 0x67, 0x39, 0x88, 0x39, 0x88, 0x39, 0x67, 0x39, 0x88, 0x39,
    0x88, 0x39, 0x88, 0x41, 0x68, 0x39, 0x88, 0x39, 0x88, 0x39, 0x68, 0x39,
    0x88, 0x39, 0x88, 0x39, 0x68, 0x39, 0x88, 0x41, 0x68, 0x39, 0x88, 0x39,
    0x88, 0x39, 0x68, 0x41, 0x88, 0x39, 0x68, 0x39, 0x68, 0x39, 0x88, 0x39,
    0x88, 0x39, 0x68, 0x39, 0x68, 0x39, 0x88, 0x41, 0x68, 0x39, 0x88, 0x39,
    0x88, 0x39, 0x68, 0x39, 0x88, 0x39, 0x68, 0x41, 0x68, 0x39, 0x88, 0x41,
    0x68, 0x39, 0x68, 0x41, 0x88, 0x39, 0x68, 0x39, 0x88, 0x39, 0x88, 0x39,
    0x68, 0x39, 0x88, 0x39, 0x68, 0x39, 0x88, 0x41, 0x68, 0x39, 0x68, 0x39,
    0x88, 0x41, 0x88, 0x39, 0x68, 0x39, 0x88, 0x39, 0x87, 0x39, 0x68, 0x39,
    0x88, 0x39, 0x67, 0x41, 0x68, 0x39, 0x88, 0x39, 0x68, 0x41, 0x88, 0x39,
    0x68, 0x39, 0x88, 0x41, 0x88, 0x39, 0x67, 0x39, 0x88, 0x39, 0x68, 0x39,
    0x68, 0x41, 0x88, 0x39, 0x88, 0x41, 0x68, 0x39, 0x87, 0x41, 0x88, 0x39,
    0x68, 0x39, 0x67, 0x41, 0x88, 0x39, 0x68, 0x39, 0x67, 0x41, 0x88, 0x39,
    0x68, 0x39, 0x68, 0x41, 0x88, 0x39, 0x88, 0x39, 0x67, 0x39, 0x88, 0x39,
    0x88, 0x39, 0x68, 0x41, 0x68, 0x39, 0x87, 0x39, 0x68, 0x41, 0x68, 0x41,
    0x88, 0x39, 0x87, 0x41, 0x68, 0x39, 0x68, 0x39, 0x88, 0x39, 0x68, 0x41,
    0x88, 0x39, 0x87, 0x39, 0x88, 0x39, 0x68, 0x41, 0x88, 0x39, 0x88, 0x39,
    0x68, 0x39, 0x88, 0x41, 0x88, 0x39, 0x68, 0x39, 0x88, 0x41, 0x87, 0x39,
    0x68, 0x39, 0x68, 0x41, 0x88, 0x39, 0x67, 0x39, 0x88, 0x41, 0x68, 0x39,
    0x68, 0x39, 0x88, 0x41, 0x68, 0x39, 0x88, 0x39, 0x88, 0x39, 0x68, 0x39,
    0x88, 0x39, 0x68, 0x39, 0x88, 0x39, 0x88, 0x39, 0x68, 0x41, 0x68, 0x39,
    0x87, 0x39, 0x68, 0x39, 0x88, 0x41, 0x67, 0x39, 0x68, 0x39, 0x88, 0x39,
    0x88, 0x39, 0x68, 0x41, 0x88, 0x39, 0x68, 0x39, 0x68, 0x39, 0x88, 0x41,
    0x88, 0x39, 0x68, 0x39, 0x88, 0x39, 0x68, 0x39, 0x88, 0x39, 0x68, 0x39,
    0x68, 0x41, 0x88, 0x39, 0x68, 0x39, 0x68, 0x41, 0x88, 0x39, 0x88, 0x41,
    0x68, 0x39, 0x88, 0x39, 0x68, 0x41, 0x68, 0x39, 0x87, 0x39, 0x68, 0x41,
    0x88, 0x39, 0x67, 0x39, 0x88, 0x41, 0x68, 0x39, 0x68, 0x41, 0x88, 0x39,
    0x68, 0x39, 0x68, 0x41, 0x88, 0x39, 0x88, 0x41, 0x68, 0x39, 0x88, 0x39,
    0x88, 0x41, 0x68, 0x39, 0x88, 0x39, 0x87, 0x41, 0x68, 0x39, 0x68, 0x39,
    0x87, 0x41, 0x88, 0x39, 0x68, 0x39, 0x67, 0x41, 0x88, 0x39, 0x68, 0x39,
    0x68, 0x39, 0x88, 0x41, 0x88, 0x39, 0x68, 0x39, 0x88, 0x39, 0x88, 0x41,
    0x68, 0x39, 0x68, 0x39, 0x88, 0x41, 0x68, 0x39, 0x68, 0x41, 0x88, 0x39,
    0x88, 0x41, 0x67, 0x39, 0x88, 0x39, 0x88, 0x39, 0x68, 0x39, 0x68, 0x39,
    0x68, 0x41, 0x88, 0x39, 0x67, 0x39, 0x68, 0x41, 0x88, 0x39, 0x67, 0x39,
    0x68, 0x39, 0x88, 0x39, 0x68, 0x39, 0x68, 0x41, 0x88, 0x39, 0x68, 0x39,
    0x87, 0x41, 0x88, 0x39, 0x68, 0x39, 0x88, 0x39, 0x88, 0x39, 0x67, 0x39,
    0x88, 0x39, 0x88, 0x39, 0x68, 0x41, 0x88, 0x39, 0x87, 0x39, 0x68, 0x41,
    0x88, 0x39, 0x68, 0x39, 0x88, 0x39, 0x68, 0x39, 0x88, 0x39, 0x68, 0x41,
    0x88, 0x39, 0x87, 0x39, 0x68, 0x41, 0x88, 0x39, 0x88, 0x39, 0x68, 0x39,
    0x68, 0x41, 0x68, 0x39, 0x88, 0x39, 0x68, 0x39, 0x68, 0x39, 0x88, 0x41,
    0x68, 0x39, 0x68, 0x39, 0x88, 0x41, 0x68, 0x39, 0x68, 0x39, 0x88, 0x39,
    0x68, 0x39, 0x88, 0x41, 0x68, 0x39, 0x88, 0x39, 0x68, 0x41, 0x68, 0x39,
    0x88, 0x39, 0x67, 0x39, 0x88, 0x39, 0x88, 0x39, 0x67, 0x39, 0x68, 0x39,
    0x88, 0x39, 0x68, 0x41, 0x88, 0x39, 0x87, 0x39, 0x68, 0x41, 0x88, 0x41,
    0x88, 0x39, 0x68, 0x39, 0x88, 0x39, 0x68, 0x39, 0x68, 0x41, 0x88, 0x39,
    0x68, 0x39, 0x87, 0x41, 0x88, 0x39, 0x68, 0x39, 0x88, 0x39, 0x88, 0x39,
    0x67, 0x41, 0x88, 0x39, 0x68, 0x41, 0x67, 0x39, 0x88, 0x41, 0x68, 0x39,
    0x68, 0x41, 0x87, 0x39, 0x68, 0x39, 0x88, 0x39, 0x87, 0x39, 0x68, 0x39,
    0x88, 0x39, 0x67, 0x39, 0x68, 0x41, 0x88, 0x39, 0x68, 0x41, 0x88, 0x39,
    0x88, 0x39, 0x68, 0x39, 0x88, 0x39, 0x68, 0x39, 0x87, 0x41, 0x68, 0x39,
    0x68, 0x39, 0x88, 0x39, 0x68, 0x39, 0x88, 0x41, 0x88, 0x39, 0x68, 0x39,
    0x67, 0x39, 0x88, 0x39, 0x68, 0x39, 0x68, 0x41, 0x88, 0x39, 0x88, 0x39,
    0x68, 0x41, 0x88, 0x39, 0x68, 0x39, 0x88, 0x39, 0x88, 0x41, 0x68, 0x39,
    0x88, 0x39, 0x88, 0x41, 0x68, 0x39, 0x68, 0x39, 0x88, 0x41, 0x68, 0x39,
    0x87, 0x39, 0x88, 0x41, 0x68, 0x39, 0x88, 0x39, 0x88, 0x39, 0x68, 0x39,
    0x68, 0x39, 0x88, 0x39, 0x88, 0x41, 0x68, 0x39, 0x88, 0x39, 0x68, 0x39,
    0x68, 0x41, 0x88, 0x39, 0x68, 0x39, 0x68, 0x39, 0x87, 0x41, 0x68, 0x39,
    0x68, 0x39, 0x87, 0x39, 0x68, 0x39, 0x68, 0x39, 0x88, 0x41, 0x88, 0x39,
    0x68, 0x39, 0x88, 0x41, 0x68, 0x39, 0x68, 0x39, 0x88, 0x41, 0x88, 0x39,
    0x67, 0x39, 0x88, 0x39, 0x68, 0x39, 0x68, 0x41, 0x88, 0x39, 0x88, 0x39,
    0x68, 0x39, 0x88, 0x39, 0x67, 0x39, 0x88, 0x39, 0x68, 0x41, 0x68, 0x39,
    0x88, 0x39, 0x68, 0x39, 0x88, 0x39, 0x88, 0x39, 0x68, 0x41, 0x67, 0x39,
    0x88, 0x39, 0x68, 0x39, 0x88, 0x41, 0x88, 0x39, 0x68, 0x39, 0x67, 0x39,
    0x88, 0x41, 0x68, 0x39, 0x88, 0x41, 0x68, 0x41, 0x88, 0x39, 0x88, 0x39,
    0x67, 0x39, 0x88, 0x39, 0x68, 0x39, 0x87, 0x39, 0x68, 0x41, 0x68, 0x39,
    0x88, 0x39, 0x88, 0x41, 0x68, 0x39, 0x88, 0x39, 0x68, 0x39, 0x88, 0x39,
    0x68, 0x39, 0x88, 0x39, 0x68, 0x39, 0x88, 0x39, 0x87, 0x41, 0x68, 0x39,
    0x88, 0x39, 0x67, 0x39, 0x68, 0x39, 0x88, 0x39, 0x68, 0x41, 0x68, 0x39,
    0x88, 0x39, 0x68, 0x39, 0x68, 0x39, 0x88, 0x39, 0x88, 0x41, 0x68, 0x39,
    0x68, 0x39, 0x88, 0x39, 0x88, 0x39, 0x68, 0x39, 0x88, 0x39, 0x88, 0x41,
    0x67, 0x39, 0x88, 0x39, 0x88, 0x41, 0x68, 0x39, 0x68, 0x39, 0x87, 0x39,
    0x88, 0x39, 0x68, 0x39, 0x87, 0x39, 0x68, 0x41, 0x68, 0x39, 0x88, 0x39,
    0x68, 0x39, 0x68, 0x41, 0x88, 0x39, 0x67, 0x41, 0x88, 0x39, 0x88, 0x39,
    0x67, 0x39, 0x88, 0x39, 0x88, 0x39, 0x68, 0x39, 0x88, 0x41, 0x88, 0x39,
    0x68, 0x39, 0x88, 0x41, 0x67, 0x39, 0x88, 0x39, 0x68, 0x39, 0x68, 0x39,
    0x88, 0x39, 0x68, 0x39, 0x68, 0x41, 0x87, 0x39, 0x68, 0x41, 0x68, 0x39,
    0x88, 0x39, 0x68, 0x41, 0x68, 0x39, 0x88, 0x39, 0x68, 0x39, 0x88, 0x39,
    0x68, 0x39, 0x88, 0x41, 0x68, 0x39, 0x88, 0x39, 0x68, 0x39, 0x88, 0x39,
    0x68, 0x39, 0x68, 0x39, 0x88, 0x39, 0x67, 0x39, 0x88, 0x39, 0x88, 0x39,
    0x68, 0x39, 0x87, 0x39, 0x88, 0x41, 0x68, 0x39, 0x88, 0x39, 0x88, 0x39,
    0x67, 0x39, 0x88, 0x41, 0x88, 0x39, 0x68, 0x41, 0x88, 0x39, 0x68, 0x39,
    0x88, 0x39, 0x68, 0x39, 0x88, 0x39, 0x68, 0x39, 0x87, 0x39, 0x68, 0x41,
    0x68, 0x39, 0x88, 0x41, 0x68, 0x41, 0x68, 0x39, 0x88, 0x41, 0x68, 0x39,
    0x88, 0x39, 0x67, 0x39, 0x68, 0x39, 0x88, 0x39, 0x68, 0x39, 0x68, 0x39,
    0x67, 0x41, 0x88, 0x39, 0x88, 0x41, 0x67, 0x39, 0x88, 0x39, 0x68, 0x39,
    0x68, 0x41, 0x88, 0x39, 0x68, 0x39, 0x68, 0x41, 0x88, 0x39, 0x68, 0x39,
    0x88, 0x39, 0x88, 0x39, 0x68, 0x39, 0x88, 0x39, 0x88, 0x39, 0x68, 0x41,
    0x88, 0x39, 0x68, 0x39, 0x88, 0x41, 0x68, 0x39, 0x68, 0x41, 0x88, 0x39,
    0x68, 0x39, 0x88, 0x41, 0x88, 0x39, 0x68, 0x39, 0x68, 0x39, 0x88, 0x41,
    0x68, 0x39, 0x88, 0x41, 0x68, 0x39, 0x88, 0x39, 0x88, 0x39, 0x68, 0x41,
    0x88, 0x39, 0x67, 0x39, 0x68, 0x41, 0x88, 0x39, 0x68, 0x39, 0x88, 0x41,
    0x88, 0x39, 0x68, 0x39, 0x87, 0x39, 0x68, 0x39, 0x68, 0x39, 0x88, 0x39,
    0x67, 0x39, 0x88, 0x39, 0x68, 0x39, 0x68, 0x41, 0x88, 0x39, 0x67, 0x39,
    0x88, 0x39, 0x88, 0x39, 0x67, 0x39, 0x88, 0x41, 0x68, 0x39, 0x68, 0x39,
    0x88, 0x39, 0x68, 0x39, 0x68, 0x41, 0x88, 0x39, 0x88, 0x39, 0x67, 0x41,
    0x68, 0x39, 0x88, 0x39, 0x68, 0x39, 0x87, 0x41, 0x88, 0x39, 0x68, 0x39,
    0x87, 0x39, 0x68, 0x41, 0x88, 0x39, 0x88, 0x39, 0x68, 0x39, 0x88, 0x41,
    0x88, 0x39, 0x68, 0x41, 0x88, 0x39, 0x68, 0x39, 0x68, 0x39, 0x88, 0x39,
    0x67, 0x39, 0x88, 0x39, 0x88, 0x39, 0x68, 0x39, 0x88, 0x39, 0x68, 0x41,
    0x88, 0x39, 0x88, 0x39, 0x67, 0x41, 0x68, 0x39, 0x88, 0x39, 0x68, 0x41,
    0x68, 0x39, 0x88, 0x41, 0x68, 0x39, 0x68, 0x39, 0x88, 0x39, 0x88, 0x41,
    0x68, 0x39, 0x88, 0x41, 0x68, 0x39, 0x88, 0x39, 0x88, 0x41, 0x68, 0x39,
    0x68, 0x39, 0x88, 0x39, 0x67, 0x39, 0x88, 0x41, 0x88, 0x39, 0x68, 0x39,
    0x68, 0x39, 0x87, 0x39, 0x68, 0x39, 0x88, 0x39, 0x67, 0x41, 0x68, 0x39,
    0x88, 0x39, 0x68, 0x41, 0x88, 0x39, 0x88, 0x39, 0x68, 0x39, 0x68, 0x39,
    0x87, 0x39, 0x68, 0x39, 0x88, 0x39, 0x67, 0x41, 0x88, 0x39, 0x68, 0x39,
    0x88, 0x41, 0x68, 0x39, 0x88, 0x39, 0x68, 0x39, 0x68, 0x39, 0x88, 0x41,
    0x88, 0x39, 0x68, 0x39, 0x88, 0x41, 0x87, 0x39, 0x68, 0x39, 0x88, 0x39,
    0x87, 0x41, 0x68, 0x39, 0x68, 0x39, 0x88, 0x41, 0x88, 0x39, 0x68, 0x39,
    0x88, 0x41, 0x67, 0x39, 0x68, 0x41, 0x88, 0x39, 0x68, 0x39, 0x88, 0x41,
    0x68, 0x39, 0x68, 0x39, 0x87, 0x39, 0x68, 0x41, 0x68, 0x39, 0x88, 0x39,
    0x68, 0x41, 0x88, 0x39, 0x88, 0x39, 0x68, 0x39, 0x88, 0x39, 0x87, 0x39,
    0x68, 0x39, 0x88, 0x39, 0x68, 0x39, 0x68, 0x41, 0x88, 0x39, 0x68, 0x39,
    0x88, 0x41, 0x68, 0x39, 0x68, 0x39, 0x88, 0x39, 0x68, 0x41, 0x88, 0x39,
    0x68, 0x39, 0x88, 0x41, 0x88, 0x39, 0x68, 0x39, 0x88, 0x41, 0x87, 0x39,
    0x68, 0x39, 0x88, 0x41, 0x88, 0x39, 0x68, 0x39, 0x88, 0x39, 0x88, 0x41,
    0x68, 0x39, 0x87, 0x39, 0x88, 0x39, 0x68, 0x41, 0x68, 0x39, 0x88, 0x39,
    0x87, 0x41, 0x68, 0x39, 0x88, 0x41, 0x67, 0x39, 0x88, 0x41, 0x88, 0x39,
    0x67, 0x41, 0x88, 0x39, 0x68, 0x41, 0x68, 0x41, 0x88, 0x39, 0x68, 0x41,
    0x88, 0x39, 0x68, 0x39, 0x88, 0x41, 0x67, 0x39, 0x88, 0x39, 0x68, 0x41,
    0x68, 0x39, 0x88, 0x39, 0x68, 0x39, 0x87, 0x39, 0x88, 0x41, 0x68, 0x39,
    0x88, 0x41, 0x88, 0x39, 0x68, 0x39, 0x88, 0x41, 0x88, 0x39, 0x68, 0x39,
    0x88, 0x39, 0x88, 0x39, 0x68, 0x39, 0x88, 0x39, 0x88, 0x39, 0x68, 0x41,
    0x88, 0x39, 0x88, 0x41, 0x68, 0x39, 0x88, 0x41, 0x88, 0x39, 0x68, 0x39,
    0x88, 0x39, 0x68, 0x39, 0x68, 0x39, 0x88, 0x41, 0x88, 0x39, 0x88, 0x39,
    0x67, 0x39, 0x88, 0x39, 0x88, 0x39, 0x67, 0x41, 0x88, 0x39, 0x68, 0x39,
    0x68, 0x41, 0x88, 0x39, 0x68, 0x39, 0x88, 0x41, 0x67, 0x39, 0x88, 0x39,
    0x68, 0x39, 0x88, 0x39, 0x88, 0x41, 0x68, 0x39, 0x88, 0x39, 0x68, 0x41,
    0x87, 0x39, 0x68, 0x39, 0x88, 0x39, 0x67, 0x39, 0x88, 0x39, 0x68, 0x39,
    0x67, 0x39, 0x88, 0x41, 0x68, 0x39, 0x67, 0x39, 0x88, 0x39, 0x68, 0x39,
    0x88, 0x41, 0x88, 0x39, 0x68, 0x39, 0x88, 0x39, 0x67, 0x39, 0x68, 0x41,
    0x88, 0x39, 0x68, 0x41, 0x88, 0x41, 0x88, 0x39, 0x68, 0x41, 0x88, 0x39,
    0x68, 0x41, 0x88, 0x39, 0x87, 0x39, 0x68, 0x39, 0x68, 0x39, 0x88, 0x41,
    0x68, 0x39, 0x68, 0x39, 0x88, 0x41, 0x88, 0x39, 0x68, 0x39, 0x88, 0x41,
    0x88, 0x39, 0x68, 0x39, 0x67, 0x39, 0x88, 0x41, 0x68, 0x39, 0x88, 0x39,
    0x88, 0x41, 0x68, 0x39, 0x68, 0x39, 0x88, 0x39, 0x68, 0x41, 0x88, 0x39,
    0x68, 0x39, 0x88, 0x39, 0x68, 0x41, 0x68, 0x39, 0x88, 0x39, 0x68, 0x39,
    0x88, 0x39, 0x68, 0x41, 0x88, 0x39, 0x87, 0x39, 0x68, 0x41, 0x68, 0x41,
    0x88, 0x39, 0x68, 0x39, 0x88, 0x41, 0x67, 0x39, 0x68, 0x39, 0x88, 0x39,
    0x68, 0x41, 0x88, 0x39, 0x88, 0x39, 0x68, 0x39, 0x88, 0x39, 0x68, 0x39,
    0x68, 0x39, 0x88, 0x39, 0x88, 0x41, 0x68, 0x39, 0x87, 0x39, 0x68, 0x39,
    0x88, 0x39, 0x67, 0x41, 0x68, 0x39, 0x68, 0x39, 0x87, 0x39, 0x88, 0x41,
    0x68, 0x39, 0x88, 0x39, 0x68, 0x41, 0x68, 0x39, 0x88, 0x39, 0x88, 0x41,
    0x68, 0x39, 0x88, 0x39, 0x88, 0x39, 0x68, 0x39, 0x88, 0x39, 0x88, 0x41,
    0x68, 0x39, 0x68, 0x39, 0x88, 0x41, 0x68, 0x39, 0x88, 0x41, 0x88, 0x39,
    0x68, 0x41, 0x68, 0x39, 0x88, 0x39, 0x88, 0x41, 0x68, 0x39, 0x88, 0x39,
    0x67, 0x41, 0x88, 0x39, 0x88, 0x41, 0x67, 0x39, 0x68, 0x39, 0x88, 0x39,
    0x68, 0x41, 0x88, 0x39, 0x68, 0x39, 0x68, 0x41, 0x88, 0x39, 0x68, 0x39,
    0x88, 0x41, 0x88, 0x39, 0x67, 0x39, 0x68, 0x39, 0x88, 0x39, 0x67, 0x39,
    0x88, 0x39, 0x88, 0x39, 0x68, 0x41, 0x88, 0x39, 0x67, 0x39, 0x68, 0x39,
    0x88, 0x39, 0x68, 0x39, 0x88, 0x39, 0x88, 0x39, 0x88, 0x41, 0x68, 0x39,
    0x68, 0x39, 0x87, 0x41, 0x68, 0x39, 0x68, 0x39, 0x88, 0x41, 0x68, 0x41,
    0x88, 0x39, 0x88, 0x39, 0x68, 0x39, 0x88, 0x39, 0x68, 0x39, 0x88, 0x41,
    0x68, 0x39, 0x88, 0x41, 0x67, 0x39, 0x88, 0x39, 0x68, 0x39, 0x67, 0x39,
    0x88, 0x39, 0x68, 0x39, 0x68, 0x41, 0x88, 0x39, 0x68, 0x39, 0x88, 0x41,
    0x68, 0x39, 0x68, 0x39, 0x88, 0x39, 0x68, 0x39, 0x68, 0x39, 0x88, 0x39,
    0x68, 0x41, 0x68, 0x39, 0x88, 0x39, 0x88, 0x41, 0x68, 0x39, 0x68, 0x39,
    0x88, 0x39, 0x68, 0x39, 0x68, 0x39, 0x88, 0x39, 0x68, 0x39, 0x68, 0x41,
    0x88, 0x39, 0x88, 0x39, 0x68, 0x39, 0x88, 0x39, 0x68, 0x39, 0x87, 0x39,
    0x68, 0x41, 0x88, 0x39, 0x68, 0x39, 0x88, 0x39, 0x68, 0x39, 0x88, 0x41,
    0x88, 0x39, 0x68, 0x39, 0x68, 0x39, 0x88, 0x39, 0x68, 0x39, 0x67, 0x41,
    0x88, 0x39, 0x68, 0x39, 0x67, 0x41, 0x88, 0x39, 0x68, 0x39, 0x68, 0x39,
    0x87, 0x41, 0x68, 0x39, 0x68, 0x39, 0x87, 0x39, 0x68, 0x39, 0x68, 0x39,
    0x87, 0x41, 0x68, 0x39, 0x68, 0x39, 0x88, 0x39, 0x67, 0x41, 0x88, 0x39,
    0x88, 0x39, 0x68, 0x41, 0x88, 0x39, 0x68, 0x39, 0x68, 0x41, 0x88, 0x39,
    0x68, 0x39, 0x68, 0x41, 0x88, 0x39, 0x68, 0x39, 0x88, 0x39, 0x87, 0x39,
    0x68, 0x41, 0x68, 0x39, 0x87, 0x39, 0x68, 0x39, 0x68, 0x41, 0x88, 0x39,
    0x68, 0x39, 0x67, 0x41, 0x88, 0x39, 0x68, 0x39, 0x87, 0x39, 0x88, 0x39,
    0x68, 0x41, 0x68, 0x39, 0x88, 0x41, 0x88, 0x41, 0x68, 0x39, 0x88, 0x39,
    0x88, 0x39, 0x68, 0x39, 0x88, 0x41, 0x88, 0x39, 0x68, 0x39, 0x68, 0x41,
    0x88, 0x39, 0x68, 0x39, 0x88, 0x41, 0x88, 0x39, 0x68, 0x39, 0x88, 0x39,
    0x68, 0x39, 0x88, 0x39, 0x68, 0x39, 0x88, 0x39, 0x87, 0x39, 0x68, 0x41,
    0x68, 0x39, 0x88, 0x39, 0x88, 0x41, 0x68, 0x39, 0x88, 0x39, 0x88, 0x41,
    0x68, 0x39, 0x68, 0x39, 0x88, 0x39, 0x67, 0x39, 0x68, 0x39, 0x88, 0x41,
    0x87, 0x39, 0x68, 0x39, 0x88, 0x39, 0x68, 0x39, 0x68, 0x39, 0x88, 0x39,
    0x88, 0x39, 0x67, 0x41, 0x88, 0x39, 0x68, 0x39, 0x68, 0x39, 0x88, 0x41,
    0x68, 0x39, 0x88, 0x39, 0x87, 0x39, 0x68, 0x41, 0x88, 0x39, 0x67, 0x39,
    0x68, 0x39, 0x88, 0x39, 0x68, 0x39, 0x88, 0x39, 0x88, 0x39, 0x68, 0x39,
    0x88, 0x41, 0x68, 0x39, 0x68, 0x39, 0x88, 0x41, 0x88, 0x39, 0x67, 0x39,
    0x68, 0x39, 0x88, 0x41, 0x68, 0x39, 0x87, 0x39, 0x68, 0x41, 0x88, 0x39,
    0x68, 0x39, 0x88, 0x39, 0x68, 0x39, 0x88, 0x41, 0x68, 0x39, 0x88, 0x39,
    0x88, 0x39, 0x68, 0x39, 0x88, 0x41, 0x88, 0x39, 0x68, 0x39, 0x68, 0x39,
    0x88, 0x41, 0x87, 0x39, 0x68, 0x39, 0x68, 0x39, 0x87, 0x39, 0x68, 0x41,
    0x88, 0x39, 0x68, 0x41, 0x68, 0x41, 0x88, 0x39, 0x68, 0x39, 0x88, 0x39,
    0x87, 0x39, 0x68, 0x39, 0x88, 0x39, 0x67, 0x41, 0x68, 0x39, 0x88, 0x39,
    0x88, 0x39, 0x68, 0x41, 0x68, 0x39, 0x88, 0x39, 0x68, 0x39, 0x68, 0x39,
    0x88, 0x39, 0x68, 0x39, 0x88, 0x41, 0x88, 0x39, 0x68, 0x39, 0x88, 0x41,
    0x67, 0x39, 0x88, 0x39, 0x88, 0x39, 0x68, 0x39, 0x68, 0x39, 0x88, 0x39,
    0x68, 0x39, 0x88, 0x41, 0x88, 0x39, 0x68, 0x39, 0x68, 0x41, 0x88, 0x39,
    0x68, 0x39, 0x68, 0x39, 0x88, 0x39, 0x88, 0x41, 0x68, 0x39, 0x88, 0x39,
    0x88, 0x41, 0x68, 0x41, 0x68, 0x39, 0x88, 0x39, 0x67, 0x39, 0x88, 0x39,
    0x88, 0x39, 0x68, 0x41, 0x88, 0x39, 0x88, 0x39, 0x68, 0x39, 0x68, 0x39,
    0x87, 0x41, 0x68, 0x41, 0x88, 0x39, 0x87, 0x39, 0x68, 0x41, 0x88, 0x39,
    0x87, 0x39, 0x68, 0x39, 0x88, 0x41, 0x88, 0x39, 0x68, 0x41, 0x88, 0x39,
    0x88, 0x39, 0x67, 0x41, 0x88, 0x39, 0x68, 0x39, 0x87, 0x39, 0x68, 0x39,
    0x88, 0x41, 0x87, 0x39, 0x68, 0x41, 0x88, 0x41, 0x87, 0x39, 0x68, 0x39,
    0x88, 0x39, 0x68, 0x39, 0x68, 0x39, 0x87, 0x39, 0x88, 0x41, 0x68, 0x39,
    0x88, 0x39, 0x88, 0x41, 0x68, 0x39, 0x88, 0x39, 0x88, 0x39, 0x68, 0x39,
    0x68, 0x39, 0x88, 0x39, 0x87, 0x39, 0x68, 0x41, 0x88, 0x39, 0x68, 0x39,
    0x88, 0x39, 0x68, 0x39, 0x88, 0x41, 0x68, 0x39, 0x68, 0x39, 0x87, 0x39,
    0x88, 0x41, 0x68, 0x39, 0x87, 0x41, 0x68, 0x39, 0x88, 0x39, 0x68, 0x39,
    0x88, 0x39, 0x68, 0x39, 0x88, 0x39, 0x88, 0x39, 0x68, 0x41, 0x88, 0x39,
    0x88, 0x39, 0x68, 0x41, 0x88, 0x39, 0x88, 0x41, 0x68, 0x39, 0x88, 0x39,
    0x88, 0x39, 0x68, 0x39, 0x88, 0x39, 0x68, 0x39, 0x68, 0x41, 0x88, 0x39,
    0x68, 0x39, 0x87, 0x41, 0x88, 0x39, 0x68, 0x39, 0x67, 0x39, 0x88, 0x41,
    0x88, 0x39, 0x68, 0x39, 0x88, 0x41, 0x68, 0x39, 0x68, 0x39, 0x88, 0x41,
    0x88, 0x39, 0x68, 0x39, 0x88, 0x39, 0x88, 0x39, 0x68, 0x39, 0x88, 0x39,
    0x88, 0x39, 0x68, 0x39, 0x68, 0x39, 0x88, 0x41, 0x68, 0x39, 0x88, 0x39,
    0x68, 0x39, 0x88, 0x39, 0x68, 0x39, 0x68, 0x39, 0x88, 0x41, 0x68, 0x39,
    0x88, 0x41, 0x68, 0x39, 0x88, 0x39, 0x88, 0x41, 0x68, 0x39, 0x87, 0x39,
    0x68, 0x39, 0x68, 0x39, 0x87, 0x41, 0x68, 0x39, 0x88, 0x39, 0x68, 0x41,
    0x87, 0x39, 0x68, 0x39, 0x68, 0x39, 0x68, 0x39, 0x88, 0x39, 0x68, 0x39,
    0x88, 0x39, 0x68, 0x39, 0x68, 0x41, 0x88, 0x39, 0x67, 0x39, 0x88, 0x39,
    0x88, 0x41, 0x67, 0x39, 0x88, 0x39, 0x88, 0x41, 0x68, 0x39, 0x68, 0x39,
    0x88, 0x41, 0x68, 0x39, 0x88, 0x41, 0x88, 0x39, 0x67, 0x41, 0x68, 0x39,
    0x88, 0x39, 0x68, 0x39, 0x88, 0x41, 0x88, 0x39, 0x67, 0x39, 0x88, 0x39,
    0x68, 0x41, 0x68, 0x39, 0x88, 0x39, 0x68, 0x39, 0x88, 0x41, 0x88, 0x39,
    0x67, 0x41, 0x88, 0x39, 0x68, 0x41, 0x68, 0x41, 0x87, 0x39, 0x88, 0x39,
    0x68, 0x39, 0x87, 0x39, 0x88, 0x39, 0x68, 0x41, 0x88, 0x39, 0x88, 0x39,
    0x68, 0x39, 0x68, 0x39, 0x88, 0x41, 0x68, 0x39, 0x88, 0x39, 0x68, 0x39,
    0x88, 0x39, 0x68, 0x39, 0x67, 0x39, 0x88, 0x41, 0x68, 0x39, 0x68, 0x41,
    0x88, 0x39, 0x68, 0x39, 0x87, 0x39, 0x88, 0x41, 0x68, 0x39, 0x68, 0x39,
    0x88, 0x39, 0x68, 0x41, 0x88, 0x39, 0x88, 0x39, 0x68, 0x41, 0x88, 0x39,
    0x68, 0x39, 0x87, 0x39, 0x68, 0x39, 0x88, 0x39, 0x67, 0x41, 0x68, 0x39,
    0x88, 0x41, 0x68, 0x39, 0x88, 0x39, 0x88, 0x39, 0x68, 0x39, 0x67, 0x39,
    0x88, 0x39, 0x88, 0x39, 0x67, 0x41, 0x88, 0x39, 0x88, 0x41, 0x67, 0x39,
    0x88, 0x39, 0x68, 0x41, 0x68, 0x39, 0x88, 0x39, 0x68, 0x39, 0x88, 0x39,
    0x68, 0x39, 0x68, 0x41, 0x87, 0x39, 0x88, 0x39, 0x68, 0x41, 0x87, 0x39,
    0x68, 0x39, 0x68, 0x39, 0x88, 0x41, 0x88, 0x39, 0x68, 0x39, 0x88, 0x41,
    0x88, 0x41, 0x67, 0x39, 0x68, 0x39, 0x88, 0x39, 0x68, 0x41, 0x88, 0x39,
    0x87, 0x39, 0x68, 0x39, 0x88, 0x41, 0x68, 0x39, 0x68, 0x39, 0x88, 0x41,
    0x68, 0x39, 0x68, 0x39, 0x88, 0x41, 0x87, 0x39, 0x68, 0x39, 0x88, 0x39,
    0x68, 0x39, 0x68, 0x39, 0x88, 0x39, 0x68, 0x41, 0x68, 0x39, 0x88, 0x39,
    0x68, 0x39, 0x68, 0x39, 0x88, 0x39, 0x68, 0x39, 0x68, 0x41, 0x88, 0x39,
    0x68, 0x39, 0x88, 0x39, 0x68, 0x39, 0x88, 0x41, 0x68, 0x39, 0x88, 0x39,
    0x68, 0x39, 0x68, 0x39, 0x88, 0x39, 0x68, 0x39, 0x68, 0x41, 0x88, 0x39,
    0x87, 0x39, 0x88, 0x41, 0x68, 0x39, 0x68, 0x39, 0x88, 0x39, 0x67, 0x41,
    0x68, 0x39, 0x88, 0x39, 0x67, 0x41, 0x68, 0x41, 0x88, 0x39, 0x87, 0x39,
    0x68, 0x41, 0x68, 0x39, 0x88, 0x41, 0x68, 0x39, 0x68, 0x39, 0x88, 0x41,
    0x68, 0x39, 0x87, 0x39, 0x68, 0x41, 0x88, 0x39, 0x68, 0x39, 0x68, 0x39,
    0x88, 0x39, 0x68, 0x39, 0x88, 0x41, 0x88, 0x39, 0x68, 0x39, 0x88, 0x41,
    0x68, 0x39, 0x88, 0x41, 0x68, 0x39, 0x68, 0x39, 0x87, 0x41, 0x68, 0x39,
    0x68, 0x39, 0x88, 0x39, 0x68, 0x39, 0x68, 0x41, 0x87, 0x39, 0x68, 0x39,
    0x68, 0x41, 0x88, 0x41, 0x88, 0x39, 0x68, 0x39, 0x88, 0x39, 0x68, 0x39,
    0x68, 0x39, 0x88, 0x39, 0x68, 0x39, 0x88, 0x39, 0x88, 0x39, 0x68, 0x39,
    0x88, 0x39, 0x67, 0x39, 0x88, 0x39, 0x88, 0x41, 0x68, 0x39, 0x68, 0x39,
    0x88, 0x39, 0x68, 0x41, 0x88, 0x41, 0x68, 0x39, 0x67, 0x41, 0x88, 0x39,
    0x88, 0x41, 0x68, 0x39, 0x88, 0x39, 0x88, 0x41, 0x68, 0x39, 0x68, 0x39,
    0x87, 0x41, 0x88, 0x39, 0x68, 0x39, 0x87, 0x39, 0x68, 0x39, 0x88, 0x39,
    0x67, 0x39, 0x68, 0x39, 0x68, 0x39, 0x87, 0x39, 0x68, 0x41, 0x88, 0x39,
    0x88, 0x39, 0x68, 0x39, 0x68, 0x39, 0x88, 0x39, 0x68, 0x41, 0x88, 0x39,
    0x88, 0x39, 0x88, 0x41, 0x68, 0x41, 0x87, 0x39, 0x68, 0x41, 0x88, 0x39,
    0x87, 0x39, 0x68, 0x41, 0x88, 0x39, 0x68, 0x39, 0x68, 0x39, 0x88, 0x39,
    0x68, 0x41, 0x68, 0x39, 0x88, 0x39, 0x88, 0x41, 0x68, 0x39, 0x88, 0x39,
    0x68, 0x39, 0x68, 0x39, 0x88, 0x39, 0x88, 0x41, 0x68, 0x39, 0x88, 0x39,
    0x68, 0x41, 0x68, 0x39, 0x88, 0x39, 0x68, 0x41, 0x88, 0x39, 0x88, 0x39,
    0x67, 0x39, 0x88, 0x41, 0x68, 0x39, 0x68, 0x39, 0x88, 0x39, 0x68, 0x39,
    0x88, 0x39, 0x88, 0x39, 0x68, 0x39, 0x68, 0x39, 0x88, 0x39, 0x68, 0x41,
    0x68, 0x39, 0x88, 0x39, 0x68, 0x41, 0x68, 0x39, 0x88, 0x39, 0x68, 0x41,
    0x87, 0x39, 0x88, 0x39, 0x68, 0x39, 0x88, 0x41, 0x68, 0x39, 0x88, 0x39,
    0x68, 0x39, 0x88, 0x41, 0x88, 0x39, 0x68, 0x39, 0x88, 0x39, 0x87, 0x39,
    0x68, 0x41, 0x68, 0x39, 0x68, 0x39, 0x88, 0x39, 0x88, 0x41, 0x67, 0x39,
    0x88, 0x39, 0x68, 0x39, 0x68, 0x41, 0x88, 0x39, 0x68, 0x39, 0x88, 0x39,
    0x88, 0x39, 0x68, 0x39, 0x88, 0x39, 0x68, 0x41, 0x88, 0x39, 0x68, 0x39,
    0x68, 0x39, 0x88, 0x41, 0x68, 0x39, 0x88, 0x39, 0x88, 0x41, 0x68, 0x41,
    0x68, 0x39, 0x88, 0x39, 0x68, 0x39, 0x68, 0x39, 0x88, 0x39, 0x68, 0x41,
    0x88, 0x39, 0x88, 0x39, 0x67, 0x39, 0x68, 0x41, 0x88, 0x39, 0x87, 0x39,
    0x68, 0x41, 0x68, 0x39, 0x88, 0x39, 0x68, 0x41, 0x88, 0x39, 0x68, 0x39,
    0x88, 0x41, 0x67, 0x39, 0x68, 0x39, 0x88, 0x39, 0x67, 0x39, 0x68, 0x39,
    0x88, 0x39, 0x88, 0x41, 0x68, 0x39, 0x88, 0x39, 0x68, 0x39, 0x68, 0x39,
    0x68, 0x39, 0x88, 0x39, 0x88, 0x39, 0x67, 0x41, 0x88, 0x39, 0x88, 0x39,
    0x67, 0x39, 0x68, 0x39, 0x88, 0x39, 0x68, 0x41, 0x68, 0x39, 0x88, 0x41,
    0x88, 0x39, 0x68, 0x39, 0x88, 0x39, 0x68, 0x39, 0x88, 0x39, 0x68, 0x41,
    0x88, 0x39, 0x68, 0x41, 0x87, 0x39, 0x88, 0x39, 0x68, 0x39, 0x87, 0x41,
    0x68, 0x39, 0x68, 0x39, 0x88, 0x41, 0x68, 0x39, 0x88, 0x39, 0x88, 0x41,
    0x68, 0x39, 0x88, 0x39, 0x88, 0x39, 0x68, 0x39, 0x68, 0x39, 0x88, 0x41,
    0x68, 0x39, 0x68, 0x39, 0x88, 0x41, 0x88, 0x39, 0x68, 0x39, 0x88, 0x39,
    0x68, 0x39, 0x88, 0x39, 0x88, 0x39, 0x68, 0x39, 0x68, 0x39, 0x88, 0x41,
    0x88, 0x39, 0x68, 0x39, 0x88, 0x39, 0x88, 0x39, 0x67, 0x39, 0x88, 0x41,
    0x88, 0x39, 0x68, 0x39, 0x88, 0x39, 0x87, 0x41, 0x68, 0x39, 0x88, 0x41,
    0x68, 0x39, 0x68, 0x39, 0x88, 0x39, 0x68, 0x41, 0x67, 0x39, 0x88, 0x39,
    0x88, 0x41, 0x67, 0x39, 0x88, 0x39, 0x68, 0x39, 0x88, 0x39, 0x88, 0x39,
    0x68, 0x41, 0x87, 0x39, 0x88, 0x39, 0x68, 0x39, 0x88, 0x41, 0x88, 0x39,
    0x68, 0x39, 0x67, 0x39, 0x88, 0x41, 0x88, 0x39, 0x67, 0x39, 0x88, 0x41,
    0x88, 0x41, 0x68, 0x39, 0x68, 0x41, 0x87, 0x41, 0x68, 0x39, 0x68, 0x41,
    0x88, 0x39, 0x68, 0x39, 0x68, 0x41, 0x87, 0x39, 0x88, 0x39, 0x68, 0x39,
    0x67, 0x39, 0x88, 0x39, 0x68, 0x39, 0x88, 0x39, 0x68, 0x39, 0x68, 0x41,
    0x88, 0x39, 0x67, 0x39, 0x68, 0x39, 0x88, 0x39, 0x67, 0x39, 0x88, 0x41,
    0x68, 0x39, 0x68, 0x39, 0x88, 0x41, 0x88, 0x39, 0x68, 0x39, 0x88, 0x41,
    0x88, 0x39, 0x68, 0x41, 0x88, 0x39, 0x68, 0x39, 0x68, 0x39, 0x88, 0x41,
    0x88, 0x39, 0x68, 0x41, 0x88, 0x39, 0x87, 0x39, 0x68, 0x39, 0x68, 0x39,
    0x68, 0x39, 0x88, 0x39, 0x88, 0x39, 0x68, 0x39, 0x88, 0x41, 0x68, 0x39,
    0x68, 0x39, 0x88, 0x39, 0x88, 0x39, 0x67, 0x41, 0x88, 0x39, 0x88, 0x39,
    0x68, 0x39, 0x68, 0x39, 0x88, 0x39, 0x67, 0x39, 0x68, 0x39, 0x88, 0x41,
    0x87, 0x39, 0x68, 0x39, 0x68, 0x39, 0x88, 0x39, 0x68, 0x39, 0x88, 0x39,
    0x87, 0x41, 0x68, 0x39, 0x88, 0x39, 0x67, 0x39, 0x68, 0x41, 0x88, 0x39,
    0x68, 0x39, 0x88, 0x39, 0x88, 0x41, 0x67, 0x39, 0x88, 0x39, 0x68, 0x41,
    0x68, 0x39, 0x88, 0x39, 0x87, 0x41, 0x68, 0x39, 0x88, 0x39, 0x88, 0x41,
    0x68, 0x39, 0x88, 0x39, 0x87, 0x39, 0x68, 0x39, 0x68, 0x39, 0x88, 0x41,
    0x68, 0x39, 0x88, 0x39, 0x68, 0x39, 0x67, 0x39, 0x88, 0x41, 0x68, 0x39,
    0x68, 0x39, 0x88, 0x39, 0x68, 0x39, 0x68, 0x39, 0x88, 0x41, 0x88, 0x39,
    0x68, 0x39, 0x88, 0x41, 0x88, 0x39, 0x68, 0x39, 0x68, 0x39, 0x88, 0x41,
    0x88, 0x39, 0x68, 0x39, 0x87, 0x39, 0x68, 0x39, 0x68, 0x41, 0x87, 0x39,
    0x68, 0x41, 0x68, 0x39, 0x88, 0x39, 0x88, 0x41, 0x68, 0x39, 0x88, 0x39,
    0x87, 0x39, 0x68, 0x41, 0x68, 0x39, 0x87, 0x39, 0x68, 0x39, 0x88, 0x39,
    0x88, 0x41, 0x68, 0x39, 0x88, 0x39, 0x87, 0x41, 0x68, 0x39, 0x68, 0x39,
    0x88, 0x39, 0x88, 0x39, 0x68, 0x41, 0x88, 0x39, 0x68, 0x39, 0x88, 0x41,
    0x88, 0x39, 0x68, 0x39, 0x88, 0x39, 0x68, 0x39, 0x68, 0x39, 0x88, 0x41,
    0x88, 0x39, 0x68, 0x39, 0x88, 0x41, 0x88, 0x39, 0x68, 0x41, 0x88, 0x39,
    0x68, 0x39, 0x68, 0x39, 0x88, 0x41, 0x87, 0x39, 0x68, 0x39, 0x88, 0x41,
    0x88, 0x41, 0x68, 0x39, 0x68, 0x39, 0x88, 0x39, 0x68, 0x41, 0x88, 0x39,
    0x88, 0x41, 0x68, 0x39, 0x88, 0x39, 0x88, 0x39, 0x68, 0x39, 0x87, 0x39,
    0x68, 0x41, 0x88, 0x39, 0x67, 0x41, 0x88, 0x39, 0x88, 0x39, 0x67, 0x39,
    0x88, 0x41, 0x68, 0x39, 0x68, 0x39, 0x88, 0x41, 0x68, 0x39, 0x88, 0x39,
    0x88, 0x41, 0x68, 0x39, 0x87, 0x39, 0x68, 0x39, 0x68, 0x39, 0x87, 0x41,
    0x68, 0x39, 0x68, 0x41, 0x87, 0x41, 0x88, 0x39, 0x68, 0x39, 0x88, 0x39,
    0x68, 0x39, 0x68, 0x39, 0x87, 0x41, 0x68, 0x39, 0x88, 0x39, 0x88, 0x41,
    0x68, 0x41, 0x67, 0x39, 0x88, 0x39, 0x88, 0x39, 0x68, 0x41, 0x68, 0x39,
    0x87, 0x39, 0x68, 0x41, 0x68, 0x39, 0x88, 0x39, 0x68, 0x41, 0x68, 0x39,
    0x88, 0x39, 0x68, 0x39, 0x68, 0x39, 0x88, 0x39, 0x88, 0x39, 0x68, 0x41,
    0x87, 0x39, 0x88, 0x39, 0x68, 0x39, 0x88, 0x39, 0x68, 0x39, 0x68, 0x39,
    0x88, 0x39, 0x68, 0x39, 0x88, 0x41, 0x68, 0x39, 0x68, 0x39, 0x88, 0x41,
    0x68, 0x39, 0x68, 0x39, 0x88, 0x41, 0x68, 0x39, 0x68, 0x39, 0x88, 0x39,
    0x88, 0x39, 0x68, 0x39, 0x68, 0x39, 0x88, 0x41, 0x68, 0x39, 0x88, 0x39,
    0x87, 0x39, 0x68, 0x39, 0x88, 0x39, 0x88, 0x39, 0x68, 0x39, 0x88, 0x41,
    0x87, 0x39, 0x68, 0x39, 0x68, 0x39, 0x88, 0x39, 0x88, 0x41, 0x68, 0x41,
    0x88, 0x39, 0x88, 0x39, 0x67, 0x41, 0x88, 0x39, 0x88, 0x39, 0x68, 0x39,
    0x88, 0x39, 0x88, 0x41, 0x68, 0x39, 0x88, 0x39, 0x88, 0x41, 0x68, 0x39,
    0x88, 0x39, 0x68, 0x39, 0x88, 0x41, 0x68, 0x39, 0x68, 0x39, 0x88, 0x41,
    0x68, 0x39, 0x87, 0x39, 0x88, 0x41, 0x68, 0x39, 0x88, 0x39, 0x67, 0x39,
    0x68, 0x39, 0x88, 0x41, 0x68, 0x39, 0x88, 0x39, 0x88, 0x41, 0x67, 0x41,
    0x68, 0x39, 0x88, 0x39, 0x67, 0x39, 0x68, 0x39, 0x88, 0x39, 0x88, 0x41,
    0x68, 0x39, 0x68, 0x39, 0x88, 0x41, 0x68, 0x39, 0x68, 0x39, 0x88, 0x41,
    0x87, 0x39, 0x68, 0x41, 0x88, 0x39, 0x88, 0x39, 0x68, 0x41, 0x88, 0x39,
    0x88, 0x39, 0x68, 0x41, 0x87, 0x41, 0x68, 0x39, 0x68, 0x39, 0x88, 0x41,
    0x68, 0x39, 0x88, 0x39, 0x88, 0x39, 0x68, 0x39, 0x88, 0x39, 0x68, 0x41,
    0x68, 0x39, 0x88, 0x39, 0x68, 0x39, 0x88, 0x41, 0x88, 0x39, 0x67, 0x39,
    0x68, 0x41, 0x88, 0x39, 0x68, 0x39, 0x68, 0x41, 0x88, 0x39, 0x67, 0x39,
    0x68, 0x39, 0x88, 0x41, 0x88, 0x39, 0x68, 0x39, 0x88, 0x41, 0x87, 0x39,
    0x68, 0x39, 0x68, 0x41, 0x88, 0x39, 0x88, 0x39, 0x68, 0x39, 0x88, 0x39,
    0x68, 0x39, 0x88, 0x39, 0x87, 0x41, 0x68, 0x39, 0x68, 0x39, 0x88, 0x39,
    0x67, 0x39, 0x88, 0x39, 0x88, 0x41, 0x67, 0x39, 0x68, 0x39, 0x88, 0x39,
    0x68, 0x41, 0x88, 0x39, 0x88, 0x39, 0x68, 0x41, 0x88, 0x39, 0x88, 0x39,
    0x68, 0x39, 0x67, 0x41, 0x88, 0x39, 0x68, 0x39, 0x67, 0x39, 0x88, 0x41,
    0x88, 0x39, 0x68, 0x39, 0x88, 0x41, 0x68, 0x39, 0x68, 0x39, 0x88, 0x39,
    0x67, 0x39, 0x68, 0x41, 0x88, 0x39, 0x88, 0x39, 0x68, 0x41, 0x88, 0x39,
    0x67, 0x39, 0x68, 0x41, 0x88, 0x39, 0x68, 0x39, 0x68, 0x39, 0x88, 0x39,
    0x68, 0x39, 0x87, 0x41, 0x88, 0x39, 0x68, 0x39, 0x87, 0x41, 0x88, 0x39,
    0x68, 0x39, 0x68, 0x39, 0x88, 0x39, 0x68, 0x39, 0x88, 0x39, 0x87, 0x41,
    0x68, 0x39, 0x68, 0x39, 0x88, 0x39, 0x68, 0x41, 0x88, 0x39, 0x67, 0x39,
    0x88, 0x39, 0x68, 0x41, 0x87, 0x39, 0x68, 0x39, 0x68, 0x39, 0x88, 0x39,
    0x68, 0x41, 0x68, 0x39, 0x87, 0x39, 0x68, 0x41, 0x88, 0x39, 0x68, 0x39,
    0x68, 0x39, 0x88, 0x39, 0x68, 0x41, 0x68, 0x39, 0x88, 0x39, 0x68, 0x39,
    0x88, 0x39, 0x88, 0x39, 0x68, 0x39, 0x88, 0x39, 0x68, 0x39, 0x68, 0x39,
    0x88, 0x39, 0x88, 0x41, 0x68, 0x39, 0x88, 0x39, 0x88, 0x41, 0x68, 0x39,
    0x88, 0x39, 0x68, 0x39, 0x68, 0x39, 0x88, 0x39, 0x87, 0x41, 0x68, 0x39,
    0x88, 0x39, 0x88, 0x41, 0x68, 0x39, 0x68, 0x39, 0x88, 0x39, 0x67, 0x39,
    0x88, 0x39, 0x68, 0x41, 0x68, 0x39, 0x88, 0x39, 0x87, 0x41, 0x68, 0x39,
    0x88, 0x39, 0x88, 0x39, 0x68, 0x41, 0x87, 0x39, 0x88, 0x39, 0x68, 0x39,
    0x87, 0x41, 0x68, 0x41, 0x68, 0x39, 0x88, 0x39, 0x68, 0x39, 0x68, 0x39,
    0x88, 0x41, 0x68, 0x39, 0x88, 0x41, 0x87, 0x39, 0x68, 0x41, 0x88, 0x39,
    0x68, 0x39, 0x88, 0x41, 0x68, 0x39, 0x87, 0x39, 0x88, 0x41, 0x68, 0x39,
    0x87, 0x39, 0x88, 0x39, 0x68, 0x39, 0x87, 0x41, 0x68, 0x39, 0x68, 0x39,
    0x87, 0x41, 0x88, 0x39, 0x68, 0x39, 0x68, 0x39, 0x88, 0x39, 0x68, 0x39,
    0x68, 0x41, 0x88, 0x39, 0x68, 0x39, 0x68, 0x39, 0x88, 0x39, 0x68, 0x39,
    0x88, 0x41, 0x88, 0x39, 0x68, 0x39, 0x68, 0x39, 0x88, 0x39, 0x68, 0x39,
    0x88, 0x39, 0x68, 0x41, 0x68, 0x39, 0x88, 0x39, 0x68, 0x41, 0x87, 0x39,
    0x68, 0x39, 0x68, 0x41, 0x88, 0x39, 0x68, 0x39, 0x68, 0x39, 0x88, 0x39,
    0x87, 0x39, 0x68, 0x41, 0x88, 0x39, 0x67, 0x39, 0x88, 0x39, 0x68, 0x39,
    0x68, 0x39, 0x88, 0x39, 0x68, 0x39, 0x88, 0x41, 0x88, 0x39, 0x68, 0x39,
    0x88, 0x39, 0x68, 0x39, 0x67, 0x41, 0x88, 0x39, 0x68, 0x39, 0x88, 0x39,
    0x88, 0x41, 0x68, 0x41, 0x88, 0x39, 0x68, 0x39, 0x88, 0x41, 0x87, 0x39,
    0x68, 0x39, 0x88, 0x41, 0x87, 0x39, 0x68, 0x39, 0x68, 0x39, 0x88, 0x41,
    0x68, 0x39, 0x68, 0x39, 0x88, 0x41, 0x68, 0x39, 0x68, 0x39, 0x88, 0x39,
    0x68, 0x39, 0x88, 0x39, 0x88, 0x39, 0x68, 0x39, 0x88, 0x41, 0x67, 0x39,
    0x68, 0x39, 0x88, 0x41, 0x68, 0x39, 0x88, 0x39, 0x88, 0x41, 0x67, 0x39,
    0x88, 0x39, 0x68, 0x39, 0x67, 0x41, 0x88, 0x39, 0x68, 0x39, 0x88, 0x39,
    0x88, 0x39, 0x68, 0x39, 0x88, 0x39, 0x88, 0x39, 0x68, 0x39, 0x88, 0x39,
    0x68, 0x41, 0x68, 0x39, 0x88, 0x39, 0x68, 0x41, 0x68, 0x39, 0x88, 0x39,
    0x88, 0x39, 0x68, 0x41, 0x87, 0x39, 0x68, 0x39, 0x68, 0x41, 0x88, 0x39,
    0x68, 0x39, 0x88, 0x39, 0x88, 0x41, 0x68, 0x39, 0x88, 0x39, 0x68, 0x41,
    0x68, 0x39, 0x68, 0x39, 0x88, 0x39, 0x68, 0x41, 0x88, 0x39, 0x68, 0x39,
    0x67, 0x39, 0x88, 0x41, 0x68, 0x39, 0x68, 0x39, 0x88, 0x39, 0x88, 0x39,
    0x68, 0x39, 0x88, 0x39, 0x88, 0x41, 0x68, 0x39, 0x88, 0x39, 0x68, 0x39,
    0x68, 0x39, 0x88, 0x39, 0x88, 0x39, 0x68, 0x41, 0x88, 0x39, 0x88, 0x39,
    0x68, 0x41, 0x68, 0x39, 0x88, 0x39, 0x68, 0x39, 0x68, 0x39, 0x88, 0x41,
    0x88, 0x39, 0x68, 0x39, 0x88, 0x39, 0x87, 0x41, 0x68, 0x39, 0x88, 0x39,
    0x68, 0x41, 0x68, 0x39, 0x88, 0x39, 0x68, 0x41, 0x68, 0x39, 0x88, 0x39,
    0x68, 0x41, 0x87, 0x39, 0x68, 0x39, 0x68, 0x41, 0x88, 0x39, 0x68, 0x39,
    0x88, 0x41, 0x88, 0x39, 0x67, 0x39, 0x88, 0x39, 0x68, 0x39, 0x68, 0x39,
    0x88, 0x39, 0x88, 0x39, 0x68, 0x41, 0x88, 0x39, 0x88, 0x39, 0x67, 0x39,
    0x88, 0x39, 0x88, 0x39, 0x68, 0x41, 0x68, 0x39, 0x88, 0x39, 0x88, 0x41,
    0x68, 0x39, 0x88, 0x39, 0x88, 0x39, 0x67, 0x41, 0x68, 0x39, 0x88, 0x41,
    0x68, 0x39, 0x67, 0x41, 0x88, 0x39, 0x88, 0x41, 0x67, 0x39, 0x68, 0x39,
    0x88, 0x39, 0x67, 0x39, 0x68, 0x41, 0x88, 0x39, 0x68, 0x39, 0x88, 0x39,
    0x88, 0x39, 0x67, 0x39, 0x88, 0x39, 0x68, 0x41, 0x68, 0x39, 0x88, 0x39,
    0x68, 0x41, 0x87, 0x39, 0x88, 0x39, 0x68, 0x41, 0x68, 0x39, 0x88, 0x39,
    0x88, 0x39, 0x68, 0x39, 0x88, 0x41, 0x68, 0x39, 0x68, 0x39, 0x88, 0x39,
    0x68, 0x39, 0x68, 0x39, 0x88, 0x39, 0x68, 0x41, 0x68, 0x39, 0x88, 0x39,
    0x88, 0x39, 0x88, 0x39, 0x68, 0x41, 0x87, 0x39, 0x88, 0x39, 0x68, 0x41,
    0x68, 0x39, 0x88, 0x39, 0x68, 0x39, 0x68, 0x41, 0x88, 0x39, 0x88, 0x39,
    0x67, 0x41, 0x88, 0x39, 0x68, 0x39, 0x88, 0x39, 0x68, 0x39, 0x68, 0x39,
    0x88, 0x41, 0x68, 0x39, 0x88, 0x39, 0x88, 0x39, 0x68, 0x41, 0x88, 0x39,
    0x68, 0x39, 0x88, 0x41, 0x88, 0x39, 0x67, 0x41, 0x88, 0x39, 0x68, 0x39,
    0x88, 0x41, 0x88, 0x39, 0x67, 0x41, 0x88, 0x41, 0x68, 0x39, 0x68, 0x39,
    0x88, 0x39, 0x68, 0x41, 0x87, 0x39, 0x88, 0x41, 0x68, 0x39, 0x67, 0x39,
    0x88, 0x39, 0x88, 0x39, 0x68, 0x39, 0x88, 0x39, 0x68, 0x41, 0x88, 0x39,
    0x88, 0x39, 0x67, 0x39, 0x88, 0x41, 0x68, 0x39, 0x67, 0x41, 0x88, 0x39,
    0x68, 0x39, 0x68, 0x39, 0x88, 0x39, 0x88, 0x41, 0x68, 0x39, 0x87, 0x41,
    0x88, 0x39, 0x68, 0x39, 0x68, 0x41, 0x87, 0x39, 0x68, 0x39, 0x88, 0x41,
    0x88, 0x39, 0x68, 0x39, 0x88, 0x39, 0x68, 0x39, 0x68, 0x39, 0x88, 0x39,
    0x68, 0x39, 0x88, 0x39, 0x88, 0x39, 0x68, 0x41, 0x68, 0x39, 0x68, 0x39,
    0x88, 0x39, 0x68, 0x39, 0x88, 0x39, 0x88, 0x39, 0x68, 0x41, 0x88, 0x39,
    0x88, 0x39, 0x68, 0x39, 0x87, 0x39, 0x88, 0x41, 0x68, 0x39, 0x67, 0x41,
    0x88, 0x39, 0x68, 0x39, 0x68, 0x39, 0x88, 0x41, 0x88, 0x39, 0x88, 0x39,
    0x68, 0x39, 0x68, 0x39, 0x87, 0x41, 0x68, 0x39, 0x68, 0x39, 0x88, 0x39,
    0x88, 0x41, 0x88, 0x39, 0x68, 0x39, 0x88, 0x39, 0x68, 0x41, 0x68, 0x39,
    0x88, 0x41, 0x67, 0x41, 0x88, 0x39, 0x68, 0x39, 0x87, 0x41, 0x88, 0x39,
    0x68, 0x39, 0x87, 0x39, 0x88, 0x39, 0x68, 0x39, 0x67, 0x39, 0x88, 0x39,
    0x68, 0x41, 0x88, 0x39, 0x68, 0x39, 0x88, 0x41, 0x88, 0x39, 0x68, 0x39,
    0x68, 0x39, 0x68, 0x39, 0x88, 0x39, 0x68, 0x39, 0x87, 0x41, 0x88, 0x39,
    0x68, 0x39, 0x88, 0x41, 0x68, 0x39, 0x88, 0x39, 0x88, 0x41, 0x68, 0x39,
    0x88, 0x39, 0x88, 0x39, 0x68, 0x39, 0x87, 0x41, 0x68, 0x39, 0x68, 0x41,
    0x88, 0x39, 0x68, 0x39, 0x68, 0x39, 0x88, 0x41, 0x88, 0x39, 0x68, 0x39,
    0x68, 0x41, 0x87, 0x39, 0x68, 0x39, 0x88, 0x39, 0x67, 0x41, 0x88, 0x39,
    0x88, 0x39, 0x68, 0x39, 0x87, 0x41, 0x88, 0x39, 0x68, 0x39, 0x67, 0x39,
    0x88, 0x41, 0x68, 0x39, 0x68, 0x39, 0x88, 0x41, 0x88, 0x39, 0x67, 0x39,
    0x88, 0x41, 0x68, 0x39, 0x88, 0x39, 0x88, 0x39, 0x68, 0x39, 0x88, 0x39,
    0x88, 0x41, 0x68, 0x39, 0x88, 0x39, 0x87, 0x41, 0x68, 0x39, 0x68, 0x39,
    0x88, 0x39, 0x68, 0x41, 0x88, 0x39, 0x88, 0x39, 0x68, 0x41, 0x88, 0x41,
    0x68, 0x39, 0x68, 0x39, 0x88, 0x39, 0x68, 0x41, 0x68, 0x39, 0x88, 0x41,
    0x68, 0x39, 0x88, 0x39, 0x68, 0x39, 0x88, 0x39, 0x67, 0x41, 0x88, 0x39,
    0x68, 0x39, 0x67, 0x41, 0x88, 0x39, 0x88, 0x39, 0x68, 0x39, 0x88, 0x39,
    0x88, 0x41, 0x68, 0x39, 0x68, 0x39, 0x88, 0x39, 0x88, 0x41, 0x68, 0x41,
    0x88, 0x39, 0x88, 0x39, 0x68, 0x39, 0x88, 0x39, 0x67, 0x41, 0x68, 0x39,
    0x88, 0x41, 0x68, 0x39, 0x88, 0x39, 0x88, 0x41, 0x68, 0x39, 0x88, 0x39,
    0x68, 0x39, 0x68, 0x39, 0x88, 0x39, 0x88, 0x41, 0x68, 0x39, 0x88, 0x41,
    0x68, 0x39, 0x87, 0x39, 0x88, 0x39, 0x68, 0x39, 0x88, 0x41, 0x88, 0x39,
    0x67, 0x41, 0x88, 0x39, 0x88, 0x39, 0x68, 0x39, 0x68, 0x41, 0x88, 0x39,
    0x68, 0x39, 0x68, 0x39, 0x88, 0x39, 0x68, 0x41, 0x88, 0x39, 0x87, 0x39,
    0x68, 0x39, 0x88, 0x39, 0x87, 0x39, 0x68, 0x39, 0x68, 0x39, 0x88, 0x39,
    0x68, 0x39, 0x68, 0x39, 0x88, 0x41, 0x68, 0x39, 0x88, 0x39, 0x88, 0x41,
    0x68, 0x39, 0x68, 0x39, 0x88, 0x41, 0x68, 0x39, 0x88, 0x39, 0x68, 0x39,
    0x68, 0x39, 0x88, 0x39, 0x68, 0x41, 0x88, 0x39, 0x68, 0x39, 0x87, 0x39,
    0x68, 0x39, 0x68, 0x39, 0x88, 0x39, 0x88, 0x39, 0x67, 0x39, 0x88, 0x41,
    0x68, 0x39, 0x68, 0x39, 0x88, 0x39, 0x88, 0x41, 0x68, 0x39, 0x88, 0x41,
    0x68, 0x41, 0x67, 0x39, 0x88, 0x39, 0x68, 0x41, 0x87, 0x39, 0x68, 0x39,
    0x68, 0x39, 0x88, 0x39, 0x88, 0x39, 0x88, 0x39, 0x68, 0x41, 0x88, 0x39,
    0x88, 0x39, 0x68, 0x41, 0x68, 0x39, 0x88, 0x39, 0x68, 0x39, 0x88, 0x41,
    0x88, 0x39, 0x68, 0x39, 0x88, 0x39, 0x68, 0x39, 0x68, 0x41, 0x88, 0x39,
    0x67, 0x41, 0x88, 0x39, 0x88, 0x41, 0x68, 0x39, 0x88, 0x41, 0x67, 0x39,
    0x68, 0x39, 0x88, 0x39, 0x67, 0x41, 0x88, 0x39, 0x88, 0x39, 0x68, 0x41,
    0x88, 0x39, 0x68, 0x39, 0x68, 0x41, 0x88, 0x39, 0x67, 0x39, 0x68, 0x39,
    0x88, 0x41, 0x68, 0x39, 0x68, 0x39, 0x88, 0x39, 0x88, 0x39, 0x68, 0x39,
    0x88, 0x41, 0x68, 0x39, 0x67, 0x39, 0x88, 0x39, 0x68, 0x39, 0x88, 0x41,
    0x88, 0x39, 0x68, 0x39, 0x88, 0x39, 0x68, 0x41, 0x68, 0x39, 0x88, 0x39,
    0x68, 0x39, 0x68, 0x41, 0x88, 0x39, 0x88, 0x39, 0x68, 0x39, 0x88, 0x39,
    0x68, 0x39, 0x88, 0x39, 0x68, 0x39, 0x68, 0x41, 0x88, 0x39, 0x68, 0x39,
    0x68, 0x41, 0x88, 0x39, 0x88, 0x41, 0x68, 0x39, 0x88, 0x39, 0x68, 0x41,
    0x88, 0x39, 0x68, 0x39, 0x68, 0x39, 0x88, 0x39, 0x68, 0x39, 0x68, 0x39,
    0x88, 0x39, 0x68, 0x41, 0x68, 0x39, 0x88, 0x39, 0x68, 0x39, 0x88, 0x39,
    0x88, 0x39, 0x67, 0x41, 0x88, 0x39, 0x68, 0x39, 0x67, 0x39, 0x88, 0x41,
    0x68, 0x39, 0x68, 0x39, 0x88, 0x41, 0x88, 0x39, 0x68, 0x39, 0x87, 0x39,
    0x88, 0x41, 0x68, 0x39, 0x67, 0x39, 0x88, 0x39, 0x88, 0x41, 0x67, 0x39,
    0x88, 0x39, 0x88, 0x41, 0x68, 0x39, 0x68, 0x39, 0x88, 0x39, 0x68, 0x41,
    0x68, 0x39, 0x88, 0x39, 0x68, 0x39, 0x88, 0x41, 0x88, 0x39, 0x68, 0x39,
    0x88, 0x39, 0x88, 0x39, 0x67, 0x39, 0x68, 0x39, 0x88, 0x39, 0x68, 0x39,
    0x88, 0x39, 0x68, 0x39, 0x67, 0x41, 0x88, 0x39, 0x68, 0x39, 0x67, 0x39,
    0x88, 0x39, 0x68, 0x39, 0x88, 0x39, 0x88, 0x39, 0x68, 0x39, 0x88, 0x39,
    0x67, 0x39, 0x68, 0x39, 0x88, 0x41, 0x68, 0x39, 0x87, 0x39, 0x88, 0x39,
    0x68, 0x39, 0x87, 0x41, 0x88, 0x39, 0x68, 0x39, 0x87, 0x39, 0x68, 0x41,
    0x68, 0x39, 0x87, 0x39, 0x88, 0x41, 0x68, 0x39, 0x88, 0x39, 0x68, 0x39,
    0x88, 0x39, 0x68, 0x41, 0x88, 0x39, 0x68, 0x39, 0x88, 0x41, 0x67, 0x39,
    0x88, 0x39, 0x88, 0x39, 0x68, 0x39, 0x68, 0x39, 0x88, 0x39, 0x68, 0x39,
    0x88, 0x41, 0x68, 0x39, 0x88, 0x39, 0x88, 0x41, 0x68, 0x39, 0x88, 0x39,
    0x68, 0x41, 0x68, 0x39, 0x88, 0x39, 0x67, 0x39, 0x88, 0x39, 0x88, 0x41,
    0x67, 0x39, 0x68, 0x39, 0x88, 0x41, 0x67, 0x39, 0x88, 0x39, 0x68, 0x39,
    0x68, 0x41, 0x88, 0x39, 0x68, 0x39, 0x68, 0x41, 0x88, 0x39, 0x68, 0x39,
    0x68, 0x39, 0x88, 0x41, 0x88, 0x39, 0x67, 0x39, 0x88, 0x39, 0x88, 0x41,
    0x67, 0x39, 0x68, 0x39, 0x88, 0x41, 0x68, 0x39, 0x68, 0x39, 0x88, 0x41,
    0x68, 0x39, 0x68, 0x41, 0x88, 0x41, 0x88, 0x39, 0x68, 0x41, 0x88, 0x39,
    0x88, 0x39, 0x67, 0x41, 0x88, 0x39, 0x68, 0x39, 0x87, 0x41, 0x88, 0x39,
    0x68, 0x39, 0x87, 0x39, 0x68, 0x39, 0x68, 0x41, 0x87, 0x39, 0x88, 0x41,
    0x68, 0x39, 0x67, 0x39, 0x88, 0x39, 0x68, 0x39, 0x88, 0x41, 0x68, 0x39,
    0x88, 0x39, 0x68, 0x41, 0x68, 0x39, 0x88, 0x39, 0x88, 0x39, 0x68, 0x39,
    0x88, 0x41, 0x87, 0x39, 0x68, 0x39, 0x68, 0x39, 0x88, 0x39, 0x88, 0x39,
    0x68, 0x39, 0x88, 0x39, 0x88, 0x41, 0x68, 0x39, 0x88, 0x39, 0x68, 0x41,
    0x68, 0x39, 0x88, 0x41, 0x68, 0x39, 0x68, 0x39, 0x88, 0x39, 0x68, 0x39,
    0x88, 0x41, 0x87, 0x39, 0x68, 0x39, 0x68, 0x39, 0x88, 0x39, 0x68, 0x39,
    0x67, 0x41, 0x88, 0x39, 0x88, 0x39, 0x68, 0x41, 0x88, 0x39, 0x68, 0x39,
    0x68, 0x39, 0x88, 0x39, 0x68, 0x39, 0x88, 0x41, 0x88, 0x39, 0x68, 0x39,
    0x88, 0x41, 0x68, 0x39, 0x68, 0x39, 0x88, 0x39, 0x67, 0x39, 0x88, 0x41,
    0x88, 0x39, 0x67, 0x39, 0x88, 0x41, 0x88, 0x39, 0x68, 0x39, 0x88, 0x41,
    0x87, 0x39, 0x68, 0x39, 0x68, 0x41, 0x88, 0x39, 0x68, 0x39, 0x88, 0x39,
    0x88, 0x41, 0x88, 0x39, 0x68, 0x41, 0x88, 0x39, 0x67, 0x39, 0x68, 0x41,
    0x88, 0x39, 0x67, 0x39, 0x88, 0x39, 0x88, 0x39, 0x87, 0x41, 0x68, 0x39,
    0x88, 0x39, 0x67, 0x39, 0x68, 0x41, 0x88, 0x39, 0x87, 0x39, 0x68, 0x41,
    0x88, 0x39, 0x88, 0x39, 0x68, 0x39, 0x88, 0x41, 0x88, 0x39, 0x68, 0x39,
    0x68, 0x39, 0x88, 0x41, 0x68, 0x39, 0x88, 0x39, 0x68, 0x41, 0x88, 0x39,
    0x87, 0x39, 0x68, 0x41, 0x88, 0x39, 0x87, 0x39, 0x68, 0x41, 0x88, 0x39,
    0x88, 0x39, 0x68, 0x39, 0x87, 0x41, 0x88, 0x39, 0x68, 0x41, 0x68, 0x39,
    0x88, 0x39, 0x68, 0x39, 0x88, 0x39, 0x88, 0x39, 0x68, 0x39, 0x88, 0x39,
    0x88, 0x41, 0x67, 0x39, 0x88, 0x39, 0x68, 0x39, 0x68, 0x39, 0x88, 0x39,
    0x88, 0x41, 0x68, 0x39, 0x88, 0x39, 0x68, 0x41, 0x68, 0x39, 0x88, 0x39,
    0x68, 0x39, 0x88, 0x41, 0x68, 0x39, 0x88, 0x39, 0x88, 0x39, 0x67, 0x39,
    0x88, 0x41, 0x68, 0x39, 0x68, 0x39, 0x88, 0x39, 0x68, 0x41, 0x68, 0x39,
    0x88, 0x39, 0x88, 0x41, 0x68, 0x39, 0x88, 0x41, 0x68, 0x39, 0x88, 0x41,
    0x68, 0x39, 0x88, 0x39, 0x88, 0x41, 0x68, 0x39, 0x88, 0x41, 0x68, 0x41,
    0x68, 0x39, 0x88, 0x41, 0x68, 0x39, 0x68, 0x41, 0x88, 0x39, 0x88, 0x41,
    0x68, 0x39, 0x88, 0x39, 0x68, 0x39, 0x68, 0x39, 0x88, 0x39, 0x68, 0x39,
    0x68, 0x41, 0x88, 0x39, 0x68, 0x39, 0x88, 0x39, 0x88, 0x39, 0x68, 0x39,
    0x88, 0x39, 0x68, 0x41, 0x68, 0x39, 0x88, 0x39, 0x68, 0x41, 0x88, 0x39,
    0x88, 0x39, 0x68, 0x39, 0x68, 0x39, 0x88, 0x39, 0x68, 0x41, 0x68, 0x39,
    0x88, 0x39, 0x68, 0x41, 0x87, 0x41, 0x88, 0x39, 0x68, 0x39, 0x87, 0x39,
    0x68, 0x39, 0x68, 0x41, 0x87, 0x39, 0x68, 0x39, 0x88, 0x39, 0x88, 0x39,
    0x67, 0x39, 0x88, 0x41, 0x68, 0x39, 0x68, 0x39, 0x88, 0x41, 0x68, 0x39,
    0x88, 0x39, 0x88, 0x41, 0x68, 0x39, 0x88, 0x39, 0x68, 0x39, 0x88, 0x39,
    0x87, 0x39, 0x68, 0x41, 0x88, 0x39, 0x87, 0x39, 0x68, 0x39, 0x88, 0x39,
    0x68, 0x39, 0x68, 0x41, 0x88, 0x39, 0x68, 0x39, 0x68, 0x39, 0x88, 0x41,
    0x88, 0x39, 0x88, 0x39, 0x68, 0x39, 0x87, 0x39, 0x88, 0x39, 0x68, 0x39,
    0x88, 0x39, 0x68, 0x39, 0x68, 0x39, 0x88, 0x39, 0x67, 0x39, 0x68, 0x41,
    0x88, 0x39, 0x88, 0x39, 0x68, 0x39, 0x68, 0x39, 0x68, 0x39, 0x88, 0x39,
    0x68, 0x41, 0x88, 0x39, 0x88, 0x39, 0x68, 0x39, 0x88, 0x39, 0x88, 0x39,
    0x68, 0x41, 0x88, 0x39, 0x88, 0x39, 0x68, 0x41, 0x68, 0x39, 0x88, 0x39,
    0x88, 0x41, 0x87, 0x39, 0x68, 0x39, 0x68, 0x41, 0x88, 0x39, 0x68, 0x39,
    0x68, 0x39, 0x88, 0x41, 0x68, 0x39, 0x68, 0x39, 0x87, 0x41, 0x68, 0x39,
    0x68, 0x39, 0x88, 0x39, 0x68, 0x39, 0x68, 0x39, 0x88, 0x39, 0x88, 0x39,
    0x88, 0x41, 0x67, 0x39, 0x68, 0x39, 0x88, 0x41, 0x87, 0x39, 0x68, 0x39,
    0x68, 0x39, 0x88, 0x41, 0x88, 0x39, 0x67, 0x41, 0x88, 0x39, 0x68, 0x39,
    0x68, 0x41, 0x88, 0x39, 0x68, 0x39, 0x87, 0x39, 0x88, 0x39, 0x68, 0x39,
    0x88, 0x41, 0x67, 0x39, 0x68, 0x39, 0x88, 0x39, 0x67, 0x39, 0x88, 0x39,
    0x88, 0x41, 0x68, 0x39, 0x88, 0x39, 0x68, 0x41, 0x68, 0x39, 0x88, 0x39,
    0x68, 0x39, 0x68, 0x39, 0x88, 0x39, 0x68, 0x39, 0x68, 0x39, 0x88, 0x39,
    0x88, 0x39, 0x68, 0x39, 0x88, 0x41, 0x87, 0x39, 0x68, 0x39, 0x68, 0x41,
    0x67, 0x39, 0x88, 0x39, 0x88, 0x39, 0x68, 0x41, 0x88, 0x39, 0x68, 0x39,
    0x68, 0x39, 0x88, 0x41, 0x68, 0x39, 0x68, 0x39, 0x88, 0x39, 0x68, 0x41,
    0x88, 0x39, 0x88, 0x39, 0x68, 0x39, 0x68, 0x41, 0x88, 0x39, 0x68, 0x39,
    0x67, 0x41, 0x88, 0x39, 0x68, 0x39, 0x67, 0x39, 0x88, 0x41, 0x88, 0x39,
    0x67, 0x39, 0x88, 0x39, 0x68, 0x39, 0x67, 0x39, 0x88, 0x39, 0x68, 0x39,
    0x68, 0x39, 0x88, 0x41, 0x68, 0x39, 0x68, 0x39, 0x88, 0x41, 0x68, 0x39,
    0x68, 0x39, 0x88, 0x39, 0x68, 0x39, 0x88, 0x39, 0x68, 0x41, 0x87, 0x39,
    0x68, 0x39, 0x68, 0x41, 0x88, 0x41, 0x68, 0x39, 0x68, 0x39, 0x88, 0x41,
    0x68, 0x39, 0x88, 0x39, 0x68, 0x39, 0x88, 0x41, 0x68, 0x39, 0x68, 0x39,
    0x88, 0x39, 0x68, 0x39, 0x88, 0x41, 0x88, 0x39, 0x68, 0x39, 0x88, 0x39,
    0x68, 0x41, 0x67, 0x39, 0x88, 0x39, 0x68, 0x41, 0x68, 0x39, 0x88, 0x39,
    0x88, 0x39, 0x67, 0x41, 0x88, 0x39, 0x88, 0x39, 0x67, 0x39, 0x68, 0x41,
    0x88, 0x39, 0x68, 0x39, 0x68, 0x41, 0x88, 0x39, 0x87, 0x39, 0x68, 0x39,
    0x68, 0x41, 0x88, 0x39, 0x68, 0x39, 0x87, 0x39, 0x88, 0x39, 0x88, 0x39,
    0x68, 0x39, 0x87, 0x39, 0x68, 0x41, 0x68, 0x39, 0x87, 0x39, 0x68, 0x41,
    0x88, 0x39, 0x88, 0x39, 0x67, 0x41, 0x88, 0x41, 0x88, 0x39, 0x68, 0x39,
    0x88, 0x41, 0x68, 0x39, 0x68, 0x39, 0x88, 0x41, 0x68, 0x41, 0x88, 0x39,
    0x88, 0x39, 0x68, 0x39, 0x88, 0x39, 0x67, 0x39, 0x68, 0x41, 0x88, 0x39,
    0x67, 0x39, 0x88, 0x41, 0x88, 0x39, 0x67, 0x39, 0x88, 0x39, 0x88, 0x39,
    0x68, 0x39, 0x68, 0x39, 0x88, 0x39, 0x68, 0x41, 0x68, 0x39, 0x88, 0x39,
    0x88, 0x41, 0x68, 0x39, 0x68, 0x39, 0x88, 0x39, 0x68, 0x41, 0x68, 0x39,
    0x88, 0x39, 0x88, 0x39, 0x68, 0x41, 0x88, 0x39, 0x68, 0x39, 0x68, 0x39,
    0x88, 0x39, 0x68, 0x39, 0x88, 0x39, 0x68, 0x41, 0x68, 0x39, 0x88, 0x39,
    0x68, 0x41, 0x68, 0x39, 0x88, 0x39, 0x68, 0x41, 0x88, 0x39, 0x87, 0x41,
    0x68, 0x39, 0x88, 0x39, 0x87, 0x41, 0x68, 0x39, 0x68, 0x39, 0x88, 0x39,
    0x68, 0x41, 0x68, 0x39, 0x88, 0x39, 0x68, 0x41, 0x68, 0x39, 0x88, 0x39,
    0x87, 0x41, 0x88, 0x39, 0x68, 0x39, 0x88, 0x39, 0x88, 0x39, 0x68, 0x39,
    0x68, 0x41, 0x88, 0x39, 0x88, 0x41, 0x68, 0x39, 0x88, 0x39, 0x68, 0x41,
    0x67, 0x39, 0x88, 0x39, 0x68, 0x41, 0x68, 0x39, 0x88, 0x39, 0x68, 0x39,
    0x67, 0x41, 0x88, 0x39, 0x88, 0x39, 0x67, 0x39, 0x88, 0x39, 0x68, 0x39,
    0x68, 0x39, 0x88, 0x39, 0x88, 0x39, 0x68, 0x41, 0x87, 0x39, 0x88, 0x39,
    0x68, 0x39, 0x88, 0x39, 0x88, 0x41, 0x68, 0x39, 0x88, 0x39, 0x88, 0x41,
    0x68, 0x39, 0x87, 0x41, 0x88, 0x39, 0x68, 0x41, 0x67, 0x39, 0x88, 0x39,
    0x68, 0x39, 0x88, 0x39, 0x88, 0x39, 0x68, 0x41, 0x88, 0x39, 0x68, 0x39,
    0x68, 0x41, 0x88, 0x39, 0x68, 0x39, 0x88, 0x39, 0x88, 0x41, 0x88, 0x39,
    0x68, 0x39, 0x88, 0x39, 0x68, 0x41, 0x68, 0x39, 0x88, 0x39, 0x68, 0x41,
    0x88, 0x39, 0x88, 0x39, 0x68, 0x41, 0x68, 0x39, 0x88, 0x39, 0x68, 0x41,
    0x68, 0x39, 0x87, 0x39, 0x88, 0x39, 0x68, 0x41, 0x88, 0x39, 0x88, 0x39,
    0x68, 0x41, 0x88, 0x39, 0x67, 0x41, 0x88, 0x41, 0x68, 0x39, 0x68, 0x39,
    0x88, 0x41, 0x68, 0x39, 0x88, 0x39, 0x68, 0x39, 0x88, 0x39, 0x88, 0x41,
    0x68, 0x39, 0x68, 0x39, 0x88, 0x39, 0x68, 0x39, 0x88, 0x39, 0x88, 0x39,
    0x68, 0x41, 0x88, 0x39, 0x88, 0x39, 0x68, 0x41, 0x68, 0x39, 0x88, 0x39,
    0x68, 0x41, 0x88, 0x39, 0x88, 0x39, 0x67, 0x39, 0x88, 0x39, 0x68, 0x39,
    0x88, 0x41, 0x88, 0x39, 0x68, 0x39, 0x68, 0x39, 0x88, 0x39, 0x68, 0x41,
    0x88, 0x39, 0x88, 0x39, 0x68, 0x41, 0x88, 0x39, 0x88, 0x41, 0x68, 0x39,
    0x88, 0x39, 0x88, 0x39, 0x68, 0x39, 0x88, 0x39, 0x88, 0x39, 0x68, 0x39,
    0x68, 0x39, 0x88, 0x41, 0x68, 0x39, 0x68, 0x39, 0x88, 0x39, 0x88, 0x39,
    0x68, 0x39, 0x87, 0x39, 0x88, 0x39, 0x68, 0x41, 0x87, 0x39, 0x68, 0x39,
    0x88, 0x39, 0x68, 0x39, 0x87, 0x41, 0x88, 0x39, 0x68, 0x41, 0x87, 0x39,
    0x68, 0x39, 0x68, 0x41, 0x87, 0x39, 0x68, 0x39, 0x88, 0x39, 0x87, 0x41,
    0x68, 0x39, 0x88, 0x39, 0x88, 0x39, 0x68, 0x41, 0x67, 0x39, 0x88, 0x39,
    0x68, 0x41, 0x68, 0x39, 0x88, 0x39, 0x88, 0x41, 0x68, 0x39, 0x88, 0x39,
    0x87, 0x39, 0x68, 0x39, 0x88, 0x39, 0x68, 0x39, 0x88, 0x39, 0x68, 0x39,
    0x87, 0x39, 0x68, 0x39, 0x68, 0x39, 0x68, 0x41, 0x88, 0x39, 0x68, 0x39,
    0x88, 0x39, 0x88, 0x39, 0x68, 0x39, 0x88, 0x39, 0x88, 0x39, 0x68, 0x39,
    0x68, 0x39, 0x88, 0x39, 0x68, 0x39, 0x68, 0x39, 0x88, 0x39, 0x67, 0x39,
    0x88, 0x39, 0x88, 0x39, 0x67, 0x39, 0x68, 0x39, 0x88, 0x39, 0x67, 0x41,
    0x68, 0x39, 0x88, 0x41, 0x88, 0x39, 0x68, 0x39, 0x88, 0x39, 0x68, 0x39,
    0x68, 0x41, 0x88, 0x39, 0x68, 0x39, 0x68, 0x41, 0x88, 0x39, 0x88, 0x41,
    0x67, 0x39, 0x88, 0x39, 0x88, 0x39, 0x68, 0x39, 0x87, 0x41, 0x68, 0x39,
    0x88, 0x39, 0x88, 0x39, 0x68, 0x39, 0x87, 0x41, 0x68, 0x39, 0x68, 0x39,
    0x88, 0x41, 0x68, 0x39, 0x87, 0x39, 0x88, 0x39, 0x68, 0x41, 0x87, 0x39,
    0x68, 0x41, 0x88, 0x39, 0x87, 0x39, 0x68, 0x41, 0x88, 0x39, 0x87, 0x39,
    0x68, 0x39, 0x88, 0x39, 0x68, 0x39, 0x68, 0x39, 0x88, 0x41, 0x68, 0x39,
    0x68, 0x39, 0x88, 0x39, 0x88, 0x39, 0x68, 0x41, 0x88, 0x39, 0x87, 0x39,
    0x68, 0x39, 0x68, 0x41, 0x87, 0x39, 0x88, 0x39, 0x68, 0x41, 0x68, 0x39,
    0x88, 0x39, 0x68, 0x41, 0x67, 0x41, 0x88, 0x39, 0x88, 0x39, 0x68, 0x41,
    0x67, 0x39, 0x88, 0x39, 0x68, 0x39, 0x87, 0x41, 0x88, 0x39, 0x68, 0x39,
    0x88, 0x39, 0x88, 0x39, 0x68, 0x41, 0x87, 0x39, 0x88, 0x39, 0x68, 0x41,
    0x68, 0x39, 0x88, 0x39, 0x68, 0x41, 0x88, 0x39, 0x88, 0x41, 0x68, 0x41,
    0x67, 0x39, 0x88, 0x39, 0x68, 0x41, 0x68, 0x39, 0x88, 0x39, 0x68, 0x41,
    0x67, 0x39, 0x88, 0x39, 0x68, 0x39, 0x87, 0x39, 0x68, 0x39, 0x68, 0x39,
    0x88, 0x39, 0x68, 0x39, 0x88, 0x41, 0x88, 0x39, 0x68, 0x39, 0x68, 0x41,
    0x88, 0x39, 0x68, 0x39, 0x68, 0x41, 0x88, 0x39, 0x68, 0x39, 0x88, 0x39,
    0x87, 0x39, 0x68, 0x39, 0x68, 0x39, 0x68, 0x39, 0x88, 0x39, 0x67, 0x41,
    0x88, 0x39, 0x88, 0x39, 0x67, 0x41, 0x88, 0x39, 0x68, 0x39, 0x67, 0x41,
    0x88, 0x39, 0x88, 0x39, 0x68, 0x41, 0x88, 0x39, 0x88, 0x39, 0x68, 0x39,
    0x88, 0x39, 0x68, 0x39, 0x68, 0x41, 0x87, 0x39, 0x68, 0x39, 0x68, 0x39,
    0x87, 0x39, 0x88, 0x39, 0x68, 0x39, 0x88, 0x39, 0x88, 0x39, 0x67, 0x41,
    0x88, 0x39, 0x68, 0x39, 0x67, 0x41, 0x88, 0x39, 0x68, 0x39, 0x88, 0x39,
    0x88, 0x39, 0x67, 0x41, 0x68, 0x39, 0x88, 0x39, 0x67, 0x41, 0x88, 0x39,
    0x68, 0x39, 0x67, 0x39, 0x88, 0x39, 0x88, 0x41, 0x67, 0x39, 0x88, 0x39,
    0x68, 0x39, 0x67, 0x41, 0x88, 0x39, 0x68, 0x41, 0x88, 0x39, 0x68, 0x39,
    0x68, 0x39, 0x88, 0x41, 0x88, 0x39, 0x68, 0x39, 0x88, 0x41, 0x67, 0x39,
    0x68, 0x39, 0x88, 0x41, 0x68, 0x39, 0x88, 0x39, 0x67, 0x39, 0x68, 0x41,
    0x88, 0x39, 0x67, 0x39, 0x68, 0x41, 0x88, 0x39, 0x67, 0x39, 0x88, 0x39,
    0x68, 0x39, 0x88, 0x39, 0x87, 0x41, 0x68, 0x39, 0x88, 0x39, 0x68, 0x41,
    0x68, 0x41, 0x88, 0x39, 0x68, 0x39, 0x88, 0x39, 0x88, 0x39, 0x68, 0x41,
    0x68, 0x39, 0x88, 0x39, 0x68, 0x39, 0x68, 0x39, 0x88, 0x39, 0x88, 0x41,
    0x68, 0x39, 0x88, 0x39, 0x68, 0x39, 0x68, 0x39, 0x88, 0x41, 0x68, 0x39,
    0x68, 0x39, 0x88, 0x39, 0x88, 0x39, 0x68, 0x39, 0x88, 0x39, 0x88, 0x41,
    0x68, 0x39, 0x88, 0x39, 0x68, 0x39, 0x68, 0x39, 0x88, 0x41, 0x68, 0x39,
    0x68, 0x41, 0x88, 0x39, 0x68, 0x39, 0x87, 0x41, 0x68, 0x41, 0x88, 0x39,
    0x88, 0x41, 0x88, 0x39, 0x68, 0x39, 0x88, 0x41, 0x68, 0x39, 0x67, 0x41,
    0x88, 0x41, 0x68, 0x39, 0x68, 0x39, 0x88, 0x41, 0x68, 0x39, 0x87, 0x41,
    0x68, 0x39, 0x88, 0x41, 0x88, 0x39, 0x68, 0x39, 0x68, 0x41, 0x88, 0x41,
    0x68, 0x39, 0x88, 0x41, 0x88, 0x39, 0x68, 0x39, 0x88, 0x39, 0x88, 0x39,
    0x68, 0x39, 0x68, 0x39, 0x87, 0x41, 0x88, 0x39, 0x68, 0x39, 0x88, 0x41,
    0x88, 0x39, 0x67, 0x39, 0x88, 0x39, 0x68, 0x39, 0x68, 0x41, 0x88, 0x39,
    0x68, 0x39, 0x68, 0x41, 0x88, 0x39, 0x68, 0x39, 0x88, 0x39, 0x68, 0x41,
    0x67, 0x39, 0x88, 0x39, 0x68, 0x41, 0x88, 0x39, 0x88, 0x39, 0x87, 0x39,
    0x68, 0x39, 0x68, 0x41, 0x88, 0x39, 0x68, 0x39, 0x88, 0x39, 0x88, 0x39,
    0x68, 0x41, 0x68, 0x39, 0x88, 0x39, 0x68, 0x39, 0x88, 0x41, 0x68, 0x39,
    0x88, 0x39, 0x88, 0x41, 0x67, 0x39, 0x88, 0x39, 0x88, 0x39, 0x68, 0x39,
    0x68, 0x41, 0x88, 0x39, 0x68, 0x39, 0x68, 0x39, 0x88, 0x41, 0x68, 0x39,
    0x88, 0x39, 0x88, 0x39, 0x68, 0x39, 0x88, 0x39, 0x88, 0x41, 0x68, 0x39,
    0x68, 0x39, 0x88, 0x39, 0x68, 0x39, 0x68, 0x39, 0x88, 0x41, 0x88, 0x39,
    0x68, 0x39, 0x88, 0x39, 0x68, 0x39, 0x68, 0x39, 0x88, 0x41, 0x68, 0x39,
    0x88, 0x39, 0x68, 0x41, 0x68, 0x39, 0x88, 0x39, 0x68, 0x39, 0x88, 0x41,
    0x88, 0x39, 0x68, 0x39, 0x68, 0x39, 0x88, 0x39, 0x68, 0x39, 0x88, 0x39,
    0x88, 0x39, 0x68, 0x41, 0x88, 0x39, 0x87, 0x39, 0x68, 0x39, 0x88, 0x41,
    0x88, 0x39, 0x68, 0x39, 0x68, 0x41, 0x88, 0x39, 0x88, 0x41, 0x68, 0x39,
    0x88, 0x39, 0x68, 0x39, 0x68, 0x39, 0x88, 0x39, 0x88, 0x39, 0x67, 0x41,
    0x88, 0x39, 0x88, 0x39, 0x67, 0x39, 0x88, 0x39, 0x68, 0x41, 0x88, 0x39,
    0x88, 0x41, 0x68, 0x39, 0x88, 0x41, 0x87, 0x39, 0x68, 0x39, 0x68, 0x39,
    0x68, 0x39, 0x88, 0x39, 0x68, 0x39, 0x88, 0x39, 0x88, 0x39, 0x68, 0x39,
    0x68, 0x39, 0x88, 0x39, 0x67, 0x39, 0x88, 0x41, 0x68, 0x39, 0x87, 0x39,
    0x88, 0x41, 0x68, 0x39, 0x88, 0x39, 0x88, 0x39, 0x68, 0x41, 0x68, 0x39,
    0x88, 0x39, 0x68, 0x41, 0x68, 0x39, 0x88, 0x39, 0x68, 0x39, 0x88, 0x39,
    0x88, 0x39, 0x68, 0x39, 0x88, 0x41, 0x68, 0x39, 0x67, 0x39, 0x88, 0x41,
    0x68, 0x39, 0x88, 0x39, 0x88, 0x41, 0x68, 0x39, 0x68, 0x39, 0x88, 0x41,
    0x88, 0x39, 0x68, 0x39, 0x68, 0x41, 0x88, 0x39, 0x88, 0x39, 0x68, 0x39,
    0x88, 0x39, 0x68, 0x39, 0x68, 0x39, 0x88, 0x39, 0x88, 0x41, 0x68, 0x39,
    0x67, 0x39, 0x88, 0x41, 0x68, 0x39, 0x87, 0x39, 0x88, 0x39, 0x68, 0x39,
    0x88, 0x39, 0x68, 0x39, 0x87, 0x39, 0x68, 0x39, 0x88, 0x41, 0x88, 0x39,
    0x68, 0x39, 0x88, 0x41, 0x88, 0x39, 0x68, 0x41, 0x68, 0x39, 0x88, 0x39,
    0x68, 0x39, 0x88, 0x39, 0x68, 0x39, 0x88, 0x41, 0x68, 0x39, 0x87, 0x39,
    0x88, 0x39, 0x68, 0x39, 0x68, 0x41, 0x88, 0x39, 0x68, 0x39, 0x88, 0x41,
    0x87, 0x39, 0x68, 0x41, 0x88, 0x39, 0x68, 0x39, 0x88, 0x39, 0x68, 0x39,
    0x87, 0x41, 0x88, 0x39, 0x68, 0x39, 0x88, 0x41, 0x88, 0x39, 0x68, 0x39,
    0x68, 0x41, 0x87, 0x39, 0x68, 0x41, 0x68, 0x39, 0x88, 0x39, 0x68, 0x39,
    0x88, 0x39, 0x87, 0x41, 0x68, 0x39, 0x88, 0x39, 0x87, 0x39, 0x68, 0x39,
    0x88, 0x39, 0x68, 0x41, 0x88, 0x39, 0x68, 0x39, 0x68, 0x39, 0x88, 0x39,
    0x68, 0x41, 0x68, 0x39, 0x87, 0x39, 0x88, 0x39, 0x68, 0x39, 0x88, 0x39,
    0x88, 0x39, 0x67, 0x39, 0x88, 0x41, 0x68, 0x39, 0x88, 0x39, 0x68, 0x39,
    0x88, 0x41, 0x67, 0x39, 0x88, 0x39, 0x88, 0x41, 0x67, 0x39, 0x88, 0x39,
    0x68, 0x39, 0x68, 0x39, 0x88, 0x41, 0x67, 0x41, 0x68, 0x39, 0x88, 0x39,
    0x88, 0x41, 0x68, 0x39, 0x68, 0x39, 0x88, 0x41, 0x68, 0x39, 0x87, 0x39,
    0x68, 0x39, 0x88, 0x41, 0x88, 0x39, 0x88, 0x39, 0x67, 0x39, 0x88, 0x39,
    0x88, 0x39, 0x68, 0x41, 0x67, 0x39, 0x88, 0x39, 0x88, 0x39, 0x68, 0x39,
    0x88, 0x41, 0x68, 0x39, 0x68, 0x39, 0x88, 0x39, 0x68, 0x41, 0x88, 0x39,
    0x68, 0x39, 0x88, 0x39, 0x68, 0x41, 0x68, 0x39, 0x88, 0x39, 0x68, 0x39,
    0x88, 0x39, 0x68, 0x41, 0x68, 0x39, 0x88, 0x39, 0x68, 0x39, 0x68, 0x41,
    0x88, 0x39, 0x68, 0x39, 0x68, 0x41, 0x88, 0x39, 0x88, 0x39, 0x67, 0x41,
    0x88, 0x39, 0x88, 0x39, 0x67, 0x41, 0x88, 0x39, 0x68, 0x39, 0x68, 0x41,
    0x88, 0x39, 0x68, 0x41, 0x68, 0x39, 0x87, 0x39, 0x68, 0x39, 0x88, 0x41,
    0x87, 0x39, 0x88, 0x39, 0x68, 0x39, 0x88, 0x41, 0x67, 0x39, 0x68, 0x39,
    0x88, 0x41, 0x88, 0x39, 0x68, 0x39, 0x88, 0x41, 0x67, 0x39, 0x88, 0x39,
    0x68, 0x41, 0x87, 0x39, 0x88, 0x39, 0x68, 0x39, 0x68, 0x41, 0x87, 0x39,
    0x88, 0x39, 0x68, 0x39, 0x87, 0x41, 0x68, 0x39, 0x68, 0x39, 0x87, 0x39,
    0x68, 0x41, 0x68, 0x39, 0x88, 0x39, 0x68, 0x39, 0x68, 0x41, 0x88, 0x39,
    0x88, 0x39, 0x68, 0x41, 0x88, 0x39, 0x68, 0x39, 0x88, 0x41, 0x67, 0x39,
    0x88, 0x41, 0x88, 0x41, 0x67, 0x39, 0x68, 0x39, 0x88, 0x41, 0x68, 0x39,
    0x68, 0x39, 0x88, 0x41, 0x88, 0x39, 0x68, 0x39, 0x67, 0x39, 0x68, 0x41,
    0x88, 0x39, 0x68, 0x39, 0x88, 0x41, 0x88, 0x39, 0x68, 0x39, 0x88, 0x41,
    0x88, 0x39, 0x68, 0x41, 0x68, 0x39, 0x88, 0x41, 0x88, 0x39, 0x68, 0x39,
    0x88, 0x41, 0x68, 0x39, 0x88, 0x39, 0x68, 0x39, 0x68, 0x41, 0x88, 0x39,
    0x68, 0x39, 0x68, 0x41, 0x88, 0x39, 0x88, 0x39, 0x68, 0x41, 0x88, 0x39,
    0x88, 0x39, 0x68, 0x41, 0x87, 0x39, 0x68, 0x41, 0x68, 0x41, 0x88, 0x39,
    0x68, 0x39, 0x88, 0x41, 0x88, 0x39, 0x68, 0x39, 0x88, 0x41, 0x68, 0x39,
    0x68, 0x39, 0x88, 0x39, 0x88, 0x39, 0x68, 0x39, 0x88, 0x39, 0x67, 0x41,
    0x88, 0x39, 0x88, 0x39, 0x68, 0x39, 0x68, 0x39, 0x88, 0x41, 0x68, 0x39,
    0x88, 0x41, 0x88, 0x39, 0x68, 0x39, 0x87, 0x39, 0x68, 0x41, 0x88, 0x39,
    0x88, 0x39, 0x68, 0x39, 0x68, 0x41, 0x88, 0x39, 0x68, 0x39, 0x88, 0x41,
    0x68, 0x39, 0x88, 0x41, 0x68, 0x39, 0x68, 0x39, 0x88, 0x41, 0x68, 0x39,
    0x68, 0x39, 0x88, 0x39, 0x87, 0x39, 0x68, 0x39, 0x88, 0x41, 0x68, 0x39,
    0x88, 0x39, 0x68, 0x39, 0x68, 0x39, 0x88, 0x39, 0x68, 0x39, 0x68, 0x39,
    0x88, 0x39, 0x88, 0x41, 0x67, 0x39, 0x68, 0x39, 0x88, 0x41, 0x88, 0x41,
    0x68, 0x39, 0x88, 0x39, 0x88, 0x41, 0x67, 0x41, 0x68, 0x39, 0x88, 0x39,
    0x68, 0x39, 0x68, 0x41, 0x87, 0x39, 0x68, 0x39, 0x88, 0x39, 0x87, 0x39,
    0x68, 0x39, 0x88, 0x39, 0x88, 0x41, 0x68, 0x39, 0x87, 0x39, 0x68, 0x41,
    0x68, 0x39, 0x88, 0x39, 0x68, 0x41, 0x68, 0x39, 0x88, 0x39, 0x68, 0x41,
    0x88, 0x39, 0x87, 0x39, 0x68, 0x39, 0x88, 0x39, 0x88, 0x39, 0x68, 0x39,
    0x68, 0x39, 0x88, 0x39, 0x88, 0x41, 0x68, 0x39, 0x68, 0x39, 0x88, 0x39,
    0x68, 0x39, 0x88, 0x39, 0x88, 0x39, 0x68, 0x39, 0x67, 0x39, 0x88, 0x39,
    0x68, 0x39, 0x68, 0x39, 0x88, 0x39, 0x68, 0x39, 0x88, 0x39, 0x88, 0x39,
    0x68, 0x39, 0x87, 0x39, 0x88, 0x39, 0x68, 0x39, 0x68, 0x39, 0x88, 0x41,
    0x67, 0x39, 0x88, 0x39, 0x88, 0x39, 0x68, 0x39, 0x88, 0x41, 0x68, 0x39,
    0x68, 0x39, 0x68, 0x41, 0x88, 0x39, 0x68, 0x39, 0x68, 0x41, 0x88, 0x39,
    0x88, 0x39, 0x68, 0x39, 0x88, 0x41, 0x68, 0x39, 0x68, 0x41, 0x88, 0x39,
    0x88, 0x39, 0x68, 0x39, 0x87, 0x39, 0x68, 0x41, 0x68, 0x39, 0x88, 0x39,
    0x88, 0x41, 0x67, 0x39, 0x88, 0x39, 0x88, 0x41, 0x67, 0x39, 0x88, 0x39,
    0x88, 0x41, 0x67, 0x39, 0x88, 0x39, 0x88, 0x39, 0x67, 0x39, 0x88, 0x39,
    0x88, 0x39, 0x67, 0x39, 0x68, 0x41, 0x88, 0x39, 0x68, 0x39, 0x68, 0x39,
    0x88, 0x39, 0x68, 0x39, 0x88, 0x41, 0x88, 0x39, 0x67, 0x39, 0x88, 0x39,
    0x88, 0x39, 0x67, 0x39, 0x88, 0x41, 0x68, 0x39, 0x68, 0x39, 0x88, 0x39,
    0x68, 0x41, 0x68, 0x39, 0x88, 0x39, 0x88, 0x39, 0x68, 0x39, 0x68, 0x39,
    0x88, 0x41, 0x67, 0x39, 0x88, 0x39, 0x88, 0x39, 0x68, 0x39, 0x68, 0x39,
    0x88, 0x39, 0x68, 0x39, 0x88, 0x41, 0x68, 0x39, 0x88, 0x39, 0x68, 0x39,
    0x68, 0x39, 0x88, 0x41, 0x88, 0x39, 0x68, 0x41, 0x88, 0x39, 0x88, 0x39,
    0x68, 0x39, 0x88, 0x39, 0x88, 0x39, 0x68, 0x41, 0x68, 0x39, 0x88, 0x39,
    0x67, 0x39, 0x68, 0x39, 0x88, 0x39, 0x67, 0x39, 0x68, 0x39, 0x88, 0x39,
    0x68, 0x39, 0x88, 0x39, 0x68, 0x39, 0x88, 0x39, 0x88, 0x39, 0x68, 0x39,
    0x68, 0x39, 0x88, 0x41, 0x68, 0x39, 0x88, 0x39, 0x88, 0x39, 0x68, 0x39,
    0x68, 0x39, 0x87, 0x39, 0x68, 0x39, 0x68, 0x39, 0x88, 0x41, 0x68, 0x39,
    0x87, 0x39, 0x88, 0x39, 0x68, 0x41, 0x67, 0x39, 0x88, 0x39, 0x68, 0x41,
    0x87, 0x39, 0x88, 0x39, 0x68, 0x41, 0x88, 0x39, 0x88, 0x39, 0x68, 0x39,
    0x87, 0x39, 0x68, 0x39, 0x68, 0x39, 0x87, 0x39, 0x68, 0x39, 0x88, 0x39,
    0x67, 0x39, 0x88, 0x39, 0x88, 0x39, 0x68, 0x39, 0x88, 0x39, 0x67, 0x39,
    0x68, 0x41, 0x88, 0x39, 0x67, 0x39, 0x88, 0x39, 0x88, 0x39, 0x68, 0x39,
    0x87, 0x41, 0x68, 0x39, 0x68, 0x41, 0x87, 0x39, 0x68, 0x39, 0x68, 0x39,
    0x88, 0x41, 0x68, 0x39, 0x87, 0x39, 0x88, 0x41, 0x68, 0x39, 0x67, 0x39,
    0x88, 0x39, 0x68, 0x41, 0x88, 0x39, 0x68, 0x39, 0x68, 0x39, 0x88, 0x41,
    0x88, 0x39, 0x68, 0x39, 0x88, 0x39, 0x68, 0x41, 0x68, 0x39, 0x87, 0x39,
    0x68, 0x41, 0x88, 0x39, 0x88, 0x39, 0x68, 0x39, 0x88, 0x39, 0x87, 0x39,
    0x68, 0x41, 0x68, 0x39, 0x68, 0x39, 0x88, 0x39, 0x68, 0x39, 0x88, 0x39,
    0x68, 0x39, 0x88, 0x41, 0x87, 0x39, 0x68, 0x41, 0x88, 0x41, 0x68, 0x39,
    0x68, 0x39, 0x88, 0x41, 0x88, 0x39, 0x68, 0x39, 0x88, 0x41, 0xc9, 0x49,
    0x68, 0x39, 0x88, 0x39, 0x68, 0x39, 0x88, 0x39, 0x88, 0x41, 0x68, 0x39,
    0x88, 0x39, 0x88, 0x39, 0x68, 0x41, 0x68, 0x39, 0x88, 0x39, 0x68, 0x41,
    0x68, 0x39, 0x88, 0x39, 0x68, 0x39, 0x88, 0x39, 0x88, 0x41, 0x68, 0x39,
    0x88, 0x39, 0x88, 0x39, 0x68, 0x39, 0x88, 0x41, 0x68, 0x39, 0x68, 0x39,
    0x88, 0x41, 0x68, 0x39, 0x68, 0x41, 0x88, 0x41, 0x87, 0x39, 0x68, 0x41,
    0x88, 0x39, 0x67, 0x39, 0x68, 0x41, 0x88, 0x39, 0x88, 0x41, 0x67, 0x41,
    0x68, 0x39, 0x88, 0x41, 0x68, 0x39, 0x88, 0x41, 0x88, 0x41, 0x68, 0x39,
    0x88, 0x39, 0x88, 0x41, 0x68, 0x39, 0x68, 0x41, 0x88, 0x39, 0x68, 0x41,
    0x68, 0x41, 0x88, 0x39, 0x68, 0x39, 0x88, 0x39, 0x88, 0x41, 0x68, 0x39,
    0x68, 0x39, 0x88, 0x41, 0x68, 0x39, 0x67, 0x39, 0x88, 0x39, 0x88, 0x39,
    0x68, 0x39, 0x88, 0x39, 0x67, 0x39, 0x88, 0x41, 0x68, 0x39, 0x68, 0x41,
    0x87, 0x39, 0x68, 0x39, 0x88, 0x39, 0x88, 0x39, 0x67, 0x39, 0x88, 0x41,
    0x68, 0x39, 0x88, 0x39, 0x88, 0x41, 0x68, 0x39, 0x88, 0x39, 0x68, 0x39,
    0x68, 0x39, 0x88, 0x39, 0x68, 0x39, 0x88, 0x41, 0x68, 0x39, 0x68, 0x39,
    0x88, 0x39, 0x68, 0x39, 0x88, 0x41, 0x68, 0x41, 0x68, 0x39, 0x88, 0x41,
    0x68, 0x39, 0x88, 0x39, 0x88, 0x39, 0x68, 0x41, 0x88, 0x39, 0x88, 0x39,
    0x68, 0x41, 0x68, 0x39, 0x88, 0x39, 0x68, 0x39, 0x68, 0x39, 0x88, 0x41,
    0x68, 0x39, 0x88, 0x39, 0x88, 0x39, 0x68, 0x41, 0x88, 0x39, 0x88, 0x39,
    0x68, 0x39, 0x68, 0x41, 0x87, 0x39, 0x68, 0x41, 0x88, 0x39, 0x88, 0x39,
    0x68, 0x39, 0x68, 0x41, 0x88, 0x39, 0x68, 0x39, 0x88, 0x41, 0x88, 0x39,
    0x68, 0x39, 0x88, 0x41, 0x67, 0x39, 0x88, 0x39, 0x88, 0x41, 0x68, 0x39,
    0x68, 0x39, 0x88, 0x39, 0x68, 0x39, 0x68, 0x39, 0x88, 0x41, 0x68, 0x39,
    0x68, 0x41, 0x87, 0x39, 0x68, 0x39, 0x88, 0x39, 0x87, 0x39, 0x68, 0x41,
    0x88, 0x39, 0x88, 0x39, 0x68, 0x41, 0x88, 0x39, 0x88, 0x39, 0x68, 0x41,
    0x68, 0x39, 0x88, 0x39, 0x68, 0x41, 0x67, 0x39, 0x88, 0x41, 0x88, 0x39,
    0x87, 0x39, 0x68, 0x39, 0x68, 0x41, 0x87, 0x39, 0x88, 0x41, 0x68, 0x39,
    0x88, 0x41, 0x88, 0x39, 0x68, 0x39, 0x88, 0x41, 0x68, 0x39, 0x68, 0x39,
    0x88, 0x39, 0x68, 0x39, 0x88, 0x39, 0x88, 0x39, 0x68, 0x39, 0x68, 0x39,
    0x88, 0x39, 0x68, 0x39, 0x67, 0x41, 0x88, 0x39, 0x68, 0x39, 0x68, 0x41,
    0x88, 0x39, 0x88, 0x41, 0x68, 0x39, 0x88, 0x41, 0x68, 0x39, 0x68, 0x41,
    0x88, 0x41, 0x68, 0x39, 0x68, 0x39, 0x88, 0x41, 0x88, 0x39, 0x68, 0x39,
    0x88, 0x39, 0x68, 0x39, 0x68, 0x41, 0x88, 0x39, 0x68, 0x39, 0x88, 0x41,
    0x88, 0x39, 0x68, 0x39, 0x88, 0x39, 0x88, 0x41, 0x68, 0x39, 0x88, 0x39,
    0x68, 0x39, 0x68, 0x41, 0x88, 0x39, 0x88, 0x39, 0x68, 0x39, 0x88, 0x39,
    0x68, 0x41, 0x87, 0x39, 0x88, 0x39, 0x68, 0x41, 0x88, 0x39, 0x67, 0x39,
    0x68, 0x41, 0x88, 0x39, 0x87, 0x39, 0x68, 0x39, 0x88, 0x39, 0x88, 0x39,
    0x68, 0x39, 0x68, 0x39, 0x87, 0x41, 0x68, 0x39, 0x68, 0x39, 0x88, 0x41,
    0x88, 0x39, 0x68, 0x39, 0x88, 0x41, 0x88, 0x41, 0x68, 0x39, 0x68, 0x39,
    0x68, 0x39, 0x88, 0x39, 0x68, 0x39, 0x88, 0x39, 0x88, 0x39, 0x87, 0x39,
    0x68, 0x39, 0x68, 0x39, 0x88, 0x41, 0xa9, 0x41, 0xc9, 0x49, 0xea, 0x51,
    0xc9, 0x49, 0xa9, 0x41, 0x88, 0x41, 0x68, 0x39, 0x68, 0x39, 0x87, 0x41,
    0x68, 0x39, 0x88, 0x39, 0x68, 0x39, 0x88, 0x41, 0x88, 0x39, 0x68, 0x39,
    0x88, 0x41, 0x68, 0x39, 0x67, 0x39, 0x88, 0x41, 0x68, 0x39, 0x68, 0x41,
    0x87, 0x39, 0x68, 0x39, 0x88, 0x39, 0x87, 0x39, 0x68, 0x39, 0x88, 0x39,
    0x87, 0x39, 0x68, 0x39, 0x68, 0x39, 0x88, 0x39, 0x68, 0x39, 0x88, 0x41,
    0x88, 0x39, 0x68, 0x39, 0x88, 0x39, 0x68, 0x39, 0x88, 0x39, 0x68, 0x39,
    0x88, 0x39, 0x68, 0x39, 0x67, 0x39, 0x88, 0x39, 0x68, 0x39, 0x68, 0x41,
    0x88, 0x39, 0x87, 0x39, 0x68, 0x41, 0x88, 0x39, 0x67, 0x39, 0x88, 0x39,
    0x88, 0x39, 0x68, 0x41, 0x68, 0x39, 0x87, 0x39, 0x88, 0x39, 0x68, 0x39,
    0x88, 0x39, 0x88, 0x41, 0x68, 0x39, 0x88, 0x39, 0x68, 0x41, 0x88, 0x39,
    0x88, 0x41, 0x68, 0x39, 0x88, 0x39, 0x88, 0x39, 0x68, 0x39, 0x88, 0x39,
    0x68, 0x41, 0x68, 0x39, 0x88, 0x41, 0x68, 0x39, 0x88, 0x39, 0x68, 0x39,
    0x68, 0x41, 0x87, 0x39, 0x68, 0x39, 0x88, 0x39, 0x87, 0x41, 0x68, 0x39,
    0x88, 0x41, 0x68, 0x39, 0x88, 0x39, 0x67, 0x39, 0x88, 0x41, 0x68, 0x39,
    0x68, 0x39, 0x88, 0x39, 0x67, 0x39, 0x88, 0x39, 0x88, 0x39, 0x68, 0x41,
    0x68, 0x39, 0x88, 0x39, 0x68, 0x41, 0x67, 0x39, 0x88, 0x39, 0x88, 0x41,
    0x67, 0x39, 0x88, 0x39, 0x88, 0x41, 0x67, 0x39, 0x88, 0x39, 0x68, 0x41,
    0x68, 0x39, 0x88, 0x39, 0x68, 0x41, 0x67, 0x39, 0x88, 0x39, 0x68, 0x41,
    0x87, 0x39, 0x88, 0x39, 0x68, 0x39, 0x68, 0x39, 0x88, 0x41, 0x87, 0x39,
    0x68, 0x39, 0x88, 0x39, 0x68, 0x41, 0x67, 0x39, 0x88, 0x39, 0x68, 0x41,
    0x87, 0x39, 0x68, 0x39, 0x68, 0x39, 0x88, 0x39, 0x68, 0x41, 0x87, 0x39,
    0x88, 0x39, 0x68, 0x41, 0x87, 0x39, 0x88, 0x39, 0x68, 0x39, 0x87, 0x39,
    0x88, 0x41, 0x68, 0x39, 0x68, 0x41, 0x88, 0x39, 0x68, 0x39, 0x68, 0x41,
    0x88, 0x39, 0x68, 0x39, 0x68, 0x41, 0x88, 0x39, 0x88, 0x39, 0x67, 0x41,
    0x88, 0x39, 0x88, 0x39, 0x68, 0x41, 0x88, 0x39, 0x68, 0x39, 0x68, 0x41,
    0x88, 0x39, 0x68, 0x39, 0x88, 0x39, 0x68, 0x39, 0x68, 0x39, 0x88, 0x41,
    0x68, 0x39, 0x68, 0x39, 0x87, 0x41, 0x88, 0x39, 0x68, 0x39, 0x87, 0x41,
    0x68, 0x41, 0x68, 0x39, 0x88, 0x39, 0x68, 0x41, 0x88, 0x41, 0x88, 0x39,
    0x68, 0x39, 0x88, 0x41, 0x68, 0x39, 0x88, 0x39, 0x88, 0x39, 0x67, 0x41,
    0x88, 0x39, 0x68, 0x39, 0x88, 0x41, 0x88, 0x39, 0x68, 0x39, 0x88, 0x39,
    0x88, 0x39, 0x68, 0x39, 0x67, 0x41, 0x88, 0x39, 0x68, 0x39, 0x88, 0x41,
    0x88, 0x39, 0x67, 0x39, 0x88, 0x41, 0x68, 0x39, 0x68, 0x39, 0x87, 0x39,
    0x68, 0x39, 0x68, 0x39, 0x88, 0x39, 0x68, 0x41, 0x88, 0x39, 0x87, 0x39,
    0x68, 0x39, 0x88, 0x39, 0x68, 0x41, 0x67, 0x39, 0x88, 0x39, 0x68, 0x41,
    0x88, 0x39, 0x68, 0x39, 0x68, 0x39, 0x88, 0x41, 0x88, 0x39, 0x68, 0x39,
    0x68, 0x39, 0x88, 0x41, 0x68, 0x39, 0x88, 0x39, 0x68, 0x41, 0x88, 0x41,
    0x68, 0x39, 0x88, 0x39, 0x88, 0x41, 0x68, 0x39, 0x68, 0x39, 0x88, 0x41,
    0x68, 0x39, 0x87, 0x39, 0x68, 0x39, 0x88, 0x39, 0x87, 0x39, 0x68, 0x41,
    0x68, 0x39, 0x88, 0x39, 0x68, 0x41, 0x68, 0x39, 0x88, 0x39, 0x68, 0x41,
    0x88, 0x39, 0x88, 0x39, 0x88, 0x41, 0xa9, 0x41, 0xc9, 0x49, 0x0b, 0x52,
    0xc9, 0x41, 0xa9, 0x41, 0x88, 0x41, 0x68, 0x39, 0x88, 0x39, 0x68, 0x39,
    0x88, 0x41, 0x68, 0x39, 0x87, 0x39, 0x68, 0x39, 0x68, 0x39, 0x87, 0x39,
    0x88, 0x41, 0x68, 0x39, 0x88, 0x39, 0x88, 0x39, 0x68, 0x39, 0x88, 0x41,
    0x88, 0x39, 0x68, 0x41, 0x68, 0x41, 0x88, 0x39, 0x68, 0x41, 0x68, 0x39,
    0x88, 0x39, 0x88, 0x41, 0x68, 0x39, 0x88, 0x39, 0x68, 0x39, 0x68, 0x39,
    0x88, 0x39, 0x68, 0x41, 0x88, 0x39, 0x67, 0x39, 0x68, 0x39, 0x88, 0x41,
    0x88, 0x39, 0x68, 0x39, 0x88, 0x41, 0x88, 0x39, 0x68, 0x39, 0x87, 0x39,
    0x68, 0x39, 0x68, 0x39, 0x88, 0x39, 0x68, 0x39, 0x88, 0x39, 0x68, 0x39,
    0x87, 0x39, 0x68, 0x39, 0x88, 0x41, 0x68, 0x39, 0x68, 0x41, 0x88, 0x39,
    0x67, 0x39, 0x68, 0x39, 0x88, 0x39, 0x68, 0x41, 0x67, 0x39, 0x88, 0x39,
    0x68, 0x41, 0x67, 0x39, 0x88, 0x39, 0x68, 0x41, 0x88, 0x39, 0x87, 0x39,
    0x68, 0x39, 0x88, 0x39, 0x68, 0x39, 0x67, 0x41, 0x88, 0x39, 0x88, 0x39,
    0x68, 0x39, 0x68, 0x41, 0x88, 0x39, 0x68, 0x39, 0x68, 0x39, 0x88, 0x41,
    0x87, 0x39, 0x68, 0x39, 0x68, 0x41, 0x88, 0x39, 0x88, 0x39, 0x87, 0x41,
    0x68, 0x39, 0x88, 0x41, 0x68, 0x39, 0x88, 0x39, 0x87, 0x39, 0x68, 0x39,
    0x88, 0x39, 0x87, 0x39, 0x68, 0x41, 0x88, 0x39, 0x68, 0x39, 0x68, 0x39,
    0x88, 0x39, 0x68, 0x39, 0x68, 0x41, 0x88, 0x39, 0x88, 0x39, 0x68, 0x39,
    0x87, 0x39, 0x88, 0x39, 0x68, 0x41, 0x88, 0x39, 0x68, 0x39, 0x68, 0x39,
    0x88, 0x41, 0x88, 0x39, 0x68, 0x39, 0x88, 0x39, 0x68, 0x41, 0x68, 0x39,
    0x88, 0x39, 0x88, 0x39, 0x68, 0x39, 0x88, 0x39, 0x68, 0x39, 0x88, 0x41,
    0x68, 0x39, 0x88, 0x39, 0x88, 0x41, 0x68, 0x39, 0x68, 0x39, 0x88, 0x39,
    0x68, 0x41, 0x68, 0x39, 0x88, 0x39, 0x68, 0x41, 0x68, 0x39, 0x88, 0x39,
    0x88, 0x39, 0x68, 0x39, 0x88, 0x39, 0x88, 0x41, 0x68, 0x39, 0x88, 0x39,
    0x87, 0x39, 0x68, 0x39, 0x88, 0x39, 0x68, 0x39, 0x68, 0x39, 0x88, 0x39,
    0x68, 0x39, 0x68, 0x39, 0x87, 0x39, 0x88, 0x39, 0x68, 0x39, 0x68, 0x39,
    0x88, 0x41, 0x88, 0x39, 0x68, 0x39, 0x88, 0x41, 0x88, 0x39, 0x67, 0x39,
    0x88, 0x39, 0x68, 0x39, 0x88, 0x39, 0x68, 0x39, 0x88, 0x39, 0x88, 0x39,
    0x68, 0x39, 0x88, 0x39, 0x67, 0x41, 0x68, 0x39, 0x88, 0x39, 0x67, 0x39,
    0x68, 0x41, 0x88, 0x39, 0x68, 0x39, 0x68, 0x39, 0x88, 0x41, 0x68, 0x39,
    0x68, 0x39, 0x88, 0x39, 0x67, 0x39, 0x68, 0x39, 0x88, 0x39, 0x67, 0x39,
    0x88, 0x39, 0x88, 0x39, 0x68, 0x39, 0x88, 0x39, 0x68, 0x39, 0x67, 0x41,
    0x88, 0x39, 0x88, 0x39, 0x68, 0x39, 0x88, 0x41, 0x88, 0x39, 0x68, 0x39,
    0x88, 0x41, 0x68, 0x41, 0x67, 0x39, 0x88, 0x39, 0x68, 0x41, 0x68, 0x39,
    0x88, 0x39, 0x88, 0x41, 0x68, 0x39, 0x88, 0x39, 0x68, 0x41, 0x88, 0x39,
    0x68, 0x39, 0x88, 0x39, 0x68, 0x39, 0x67, 0x39, 0x88, 0x39, 0x88, 0x39,
    0x68, 0x39, 0x88, 0x39, 0x68, 0x41, 0x67, 0x39, 0x88, 0x39, 0x68, 0x39,
    0x87, 0x39, 0x68, 0x39, 0x88, 0x39, 0x88, 0x39, 0x87, 0x39, 0x68, 0x39,
    0x88, 0x39, 0x68, 0x41, 0x68, 0x39, 0x88, 0x39, 0x68, 0x39, 0x88, 0x39,
    0x88, 0x39, 0x68, 0x39, 0x87, 0x41, 0x68, 0x39, 0x68, 0x39, 0x88, 0x41,
    0x68, 0x39, 0x67, 0x39, 0x68, 0x39, 0x68, 0x39, 0x88, 0x41, 0xca, 0x49,
    0x68, 0x39, 0x88, 0x39, 0x68, 0x39, 0x88, 0x39, 0x88, 0x39, 0x68, 0x39,
    0x68, 0x39, 0x88, 0x41, 0x88, 0x39, 0x68, 0x39, 0x68, 0x41, 0x88, 0x39,
    0x68, 0x39, 0x88, 0x41, 0x68, 0x39, 0x88, 0x41, 0x88, 0x41, 0x88, 0x41,
    0x88, 0x41, 0x88, 0x41, 0x88, 0x39, 0x68, 0x39, 0x88, 0x39, 0x68, 0x41,
    0x88, 0x39, 0x67, 0x39, 0x88, 0x41, 0x88, 0x39, 0x67, 0x41, 0x88, 0x39,
    0x68, 0x39, 0x87, 0x41, 0x68, 0x39, 0x88, 0x39, 0x88, 0x41, 0x68, 0x39,
    0x67, 0x39, 0x88, 0x41, 0x68, 0x39, 0x68, 0x39, 0x88, 0x41, 0x88, 0x39,
    0x68, 0x41, 0x88, 0x39, 0x68, 0x39, 0x88, 0x41, 0x68, 0x41, 0x68, 0x39,
    0x88, 0x39, 0x88, 0x41, 0x68, 0x39, 0x88, 0x39, 0x68, 0x39, 0x88, 0x41,
    0x88, 0x39, 0x68, 0x39, 0x88, 0x41, 0x88, 0x39, 0x68, 0x39, 0x88, 0x39,
    0x68, 0x39, 0x88, 0x39, 0x68, 0x41, 0x68, 0x39, 0x88, 0x39, 0x68, 0x41,
    0x88, 0x39, 0x88, 0x39, 0x68, 0x39, 0x88, 0x41, 0x68, 0x39, 0x88, 0x39,
    0x88, 0x39, 0x68, 0x39, 0x88, 0x41, 0x88, 0x39, 0x68, 0x39, 0x68, 0x39,
    0x88, 0x39, 0x88, 0x39, 0x68, 0x41, 0x68, 0x39, 0x88, 0x39, 0x68, 0x39,
    0x88, 0x39, 0x68, 0x41, 0x68, 0x39, 0x88, 0x41, 0x68, 0x39, 0x68, 0x41,
    0x88, 0x39, 0x68, 0x39, 0x88, 0x39, 0x88, 0x39, 0x68, 0x41, 0x88, 0x39,
    0x88, 0x39, 0x68, 0x41, 0x68, 0x39, 0x88, 0x39, 0x68, 0x41, 0x88, 0x39,
    0x68, 0x39, 0x68, 0x41, 0x88, 0x39, 0x88, 0x39, 0x68, 0x39, 0x88, 0x39,
    0x68, 0x39, 0x68, 0x41, 0x87, 0x39, 0x88, 0x39, 0x68, 0x39, 0x68, 0x41,
    0x88, 0x39, 0x67, 0x41, 0x88, 0x39, 0x88, 0x39, 0x68, 0x41, 0x68, 0x39,
    0x88, 0x39, 0x68, 0x39, 0x87, 0x41, 0x68, 0x39, 0x88, 0x39, 0x88, 0x39,
    0x67, 0x39, 0x88, 0x39, 0x88, 0x39, 0x68, 0x41, 0x68, 0x39, 0x88, 0x39,
    0x68, 0x41, 0x67, 0x39, 0x88, 0x39, 0x68, 0x39, 0x68, 0x39, 0x88, 0x41,
    0x68, 0x39, 0x88, 0x41, 0x87, 0x39, 0x68, 0x41, 0x88, 0x41, 0x88, 0x39,
    0x68, 0x41, 0x68, 0x39, 0x88, 0x39, 0x68, 0x41, 0x88, 0x39, 0x87, 0x39,
    0x68, 0x39, 0x68, 0x41, 0x87, 0x39, 0x68, 0x39, 0x68, 0x41, 0x88, 0x39,
    0x88, 0x39, 0x68, 0x41, 0x68, 0x39, 0x88, 0x41, 0x68, 0x39, 0x68, 0x39,
    0x88, 0x39, 0x88, 0x41, 0x68, 0x39, 0x88, 0x39, 0x88, 0x39, 0x68, 0x39,
    0x88, 0x39, 0x87, 0x39, 0x68, 0x39, 0x88, 0x41, 0x87, 0x39, 0x68, 0x39,
    0x88, 0x39, 0x88, 0x41, 0x68, 0x39, 0x88, 0x41, 0x68, 0x41, 0x68, 0x39,
    0x88, 0x41, 0x68, 0x41, 0x88, 0x39, 0x88, 0x39, 0x68, 0x41, 0x68, 0x39,
    0x88, 0x39, 0x68, 0x39, 0x68, 0x39, 0x88, 0x39, 0x67, 0x41, 0x88, 0x39,
    0x88, 0x39, 0x68, 0x39, 0x88, 0x39, 0x88, 0x39, 0x68, 0x39, 0x68, 0x41,
    0x88, 0x39, 0x67, 0x39, 0x88, 0x39, 0x68, 0x39, 0x88, 0x39, 0x67, 0x39,
    0x88, 0x41, 0x88, 0x41, 0x68, 0x39, 0x88, 0x39, 0x68, 0x41, 0x68, 0x41,
    0x87, 0x39, 0x88, 0x39, 0x68, 0x39, 0x88, 0x39, 0x88, 0x39, 0x68, 0x41,
    0x68, 0x39, 0x88, 0x41, 0x68, 0x39, 0x68, 0x41, 0x88, 0x39, 0x68, 0x39,
    0x88, 0x41, 0x88, 0x39, 0x68, 0x39, 0x68, 0x41, 0x88, 0x39, 0x68, 0x39,
    0x68, 0x39, 0x88, 0x39, 0x88, 0x39, 0x68, 0x39, 0x88, 0x39, 0x87, 0x39,
    0x68, 0x41, 0x88, 0x39, 0x88, 0x39, 0x88, 0x39, 0x88, 0x41, 0xa9, 0x41,
    0x88, 0x39, 0x68, 0x41, 0x68, 0x39, 0x88, 0x39, 0x68, 0x41, 0x87, 0x39,
    0x68, 0x39, 0x88, 0x39, 0x68, 0x41, 0x88, 0x39, 0x88, 0x39, 0x68, 0x39,
    0x87, 0x39, 0x68, 0x39, 0x68, 0x39, 0x88, 0x39, 0x68, 0x39, 0x88, 0x41,
    0x88, 0x39, 0x88, 0x39, 0x68, 0x39, 0x88, 0x39, 0x67, 0x39, 0x88, 0x39,
    0x68, 0x39, 0x68, 0x39, 0x88, 0x39, 0x68, 0x39, 0x68, 0x39, 0x88, 0x41,
    0x88, 0x39, 0x68, 0x39, 0x68, 0x39, 0x88, 0x41, 0x88, 0x39, 0x68, 0x39,
    0x88, 0x39, 0x88, 0x39, 0x68, 0x39, 0x67, 0x39, 0x88, 0x39, 0x68, 0x41,
    0x88, 0x39, 0x68, 0x39, 0x87, 0x39, 0x88, 0x39, 0x68, 0x41, 0x88, 0x39,
    0x68, 0x39, 0x68, 0x39, 0x87, 0x39, 0x88, 0x39, 0x68, 0x39, 0x67, 0x41,
    0x88, 0x39, 0x68, 0x39, 0x87, 0x39, 0x68, 0x39, 0x88, 0x41, 0x68, 0x39,
    0x88, 0x39, 0x88, 0x41, 0x68, 0x39, 0x87, 0x39, 0x68, 0x39, 0x68, 0x41,
    0x88, 0x39, 0x67, 0x39, 0x88, 0x41, 0x88, 0x39, 0x68, 0x39, 0x67, 0x41,
    0x88, 0x39, 0x68, 0x39, 0x67, 0x39, 0x88, 0x41, 0x88, 0x39, 0x68, 0x39,
    0x68, 0x41, 0x88, 0x39, 0x87, 0x39, 0x68, 0x39, 0x68, 0x41, 0x88, 0x39,
    0x88, 0x39, 0x67, 0x39, 0x88, 0x39, 0x88, 0x39, 0x68, 0x39, 0x88, 0x41,
    0x68, 0x39, 0x68, 0x39, 0x88, 0x41, 0x67, 0x39, 0x68, 0x39, 0x88, 0x41,
    0x67, 0x39, 0x88, 0x39, 0x88, 0x39, 0x67, 0x39, 0x88, 0x41, 0x68, 0x39,
    0x88, 0x39, 0x68, 0x39, 0x87, 0x39, 0x68, 0x41, 0x88, 0x39, 0x87, 0x39,
    0x68, 0x41, 0x68, 0x39, 0x88, 0x39, 0x68, 0x41, 0x88, 0x39, 0x87, 0x39,
    0x68, 0x39, 0x68, 0x41, 0x88, 0x39, 0x68, 0x39, 0x87, 0x41, 0x88, 0x39,
    0x68, 0x39, 0x88, 0x39, 0x68, 0x39, 0x88, 0x41, 0x68, 0x39, 0x68, 0x41,
    0x88, 0x39, 0x68, 0x39, 0x87, 0x41, 0x88, 0x39, 0x68, 0x39, 0x87, 0x39,
    0x68, 0x41, 0x88, 0x39, 0x88, 0x39, 0x68, 0x41, 0x87, 0x39, 0x68, 0x39,
    0x68, 0x39, 0x88, 0x39, 0x68, 0x39, 0x68, 0x39, 0x87, 0x39, 0x68, 0x39,
    0x88, 0x39, 0x87, 0x41, 0x68, 0x39, 0x68, 0x39, 0x88, 0x41, 0x88, 0x39,
    0x68, 0x39, 0x88, 0x39, 0x88, 0x39, 0x68, 0x39, 0x68, 0x39, 0x88, 0x39,
    0x68, 0x41, 0x87, 0x39, 0x88, 0x39, 0x68, 0x39, 0x87, 0x41, 0x68, 0x39,
    0x88, 0x39, 0x67, 0x39, 0x68, 0x39, 0x88, 0x41, 0x68, 0x39, 0x68, 0x41,
    0x88, 0x39, 0x68, 0x39, 0x88, 0x41, 0x68, 0x39, 0x68, 0x39, 0x88, 0x39,
    0x68, 0x41, 0x67, 0x39, 0x88, 0x39, 0x88, 0x39, 0x68, 0x39, 0x88, 0x39,
    0x67, 0x39, 0x68, 0x39, 0x88, 0x39, 0x67, 0x41, 0x88, 0x39, 0x88, 0x39,
    0x68, 0x41, 0x87, 0x39, 0x88, 0x39, 0x68, 0x41, 0x68, 0x39, 0x88, 0x39,
    0x68, 0x39, 0x68, 0x41, 0x88, 0x39, 0x88, 0x39, 0x67, 0x39, 0x88, 0x39,
    0x88, 0x41, 0x68, 0x39, 0x68, 0x39, 0x88, 0x41, 0x68, 0x39, 0x88, 0x39,
    0x68, 0x39, 0x67, 0x39, 0x88, 0x39, 0x88, 0x41, 0x68, 0x39, 0x88, 0x39,
    0x68, 0x39, 0x68, 0x41, 0x88, 0x39, 0x68, 0x39, 0x88, 0x41, 0x68, 0x39,
    0x88, 0x39, 0x88, 0x39, 0x67, 0x41, 0x68, 0x39, 0x88, 0x39, 0x68, 0x41,
    0x67, 0x39, 0x88, 0x39, 0x88, 0x39, 0x67, 0x41, 0x88, 0x39, 0x68, 0x39,
    0x68, 0x39, 0x68, 0x41, 0x88, 0x39, 0x68, 0x41, 0x88, 0x39, 0x68, 0x39,
    0x68, 0x39, 0x88, 0x41, 0x68, 0x39, 0x88, 0x39, 0x68, 0x39, 0x88, 0x41,
    0x88, 0x39, 0x88, 0x39, 0x68, 0x41, 0x88, 0x39, 0x68, 0x39, 0x88, 0x41,
    0x88, 0x39, 0x67, 0x39, 0x68, 0x39, 0x88, 0x41, 0x67, 0x39, 0x88, 0x41,
    0x88, 0x39, 0x68, 0x39, 0x88, 0x41, 0x88, 0x39, 0x68, 0x39, 0x88, 0x41,
    0x88, 0x39, 0x68, 0x39, 0x68, 0x39, 0x88, 0x41, 0x88, 0x39, 0x68, 0x41,
    0x88, 0x39, 0x88, 0x41, 0x68, 0x39, 0x88, 0x39, 0x68, 0x39, 0x67, 0x39,
    0x88, 0x41, 0x68, 0x39, 0x88, 0x39, 0x68, 0x39, 0x67, 0x39, 0x88, 0x41,
    0x68, 0x39, 0x88, 0x41, 0x88, 0x41, 0x88, 0x39, 0x68, 0x39, 0x88, 0x39,
    0x68, 0x39, 0x68, 0x41, 0x88, 0x39, 0x68, 0x39, 0x87, 0x39, 0x88, 0x39,
    0x68, 0x41, 0x68, 0x39, 0x88, 0x41, 0x68, 0x39, 0x88, 0x39, 0x88, 0x39,
    0x68, 0x41, 0x88, 0x39, 0x68, 0x39, 0x68, 0x41, 0x88, 0x39, 0x67, 0x39,
    0x68, 0x41, 0x88, 0x39, 0x88, 0x39, 0x68, 0x39, 0x88, 0x41, 0x88, 0x39,
    0x68, 0x39, 0x68, 0x39, 0x88, 0x41, 0x68, 0x39, 0x68, 0x39, 0x88, 0x41,
    0x88, 0x39, 0x68, 0x39, 0x68, 0x41, 0x88, 0x39, 0x67, 0x39, 0x88, 0x41,
    0x68, 0x39, 0x68, 0x39, 0x88, 0x39, 0x88, 0x39, 0x68, 0x41, 0x88, 0x39,
    0x68, 0x39, 0x68, 0x41, 0x88, 0x39, 0x68, 0x39, 0x87, 0x39, 0x88, 0x39,
    0x68, 0x39, 0x87, 0x41, 0x88, 0x39, 0x68, 0x39, 0x88, 0x39, 0x68, 0x39,
    0x68, 0x39, 0x88, 0x41, 0x68, 0x39, 0x68, 0x39, 0x88, 0x39, 0x87, 0x41,
    0x68, 0x39, 0x88, 0x39, 0x68, 0x41, 0x68, 0x39, 0x88, 0x39, 0x68, 0x41,
    0x88, 0x39, 0x88, 0x39, 0x68, 0x39, 0x68, 0x39, 0x88, 0x41, 0x88, 0x39,
    0x68, 0x39, 0x88, 0x39, 0x68, 0x39, 0x68, 0x39, 0x88, 0x39, 0x68, 0x41,
    0x87, 0x39, 0x68, 0x39, 0x88, 0x39, 0x68, 0x39, 0x87, 0x39, 0x88, 0x41,
    0x68, 0x39, 0x68, 0x39, 0x88, 0x41, 0x68, 0x39, 0x88, 0x39, 0x68, 0x41,
    0x88, 0x39, 0x68, 0x39, 0x68, 0x39, 0x88, 0x41, 0x88, 0x39, 0x68, 0x39,
    0x88, 0x41, 0x88, 0x39, 0x68, 0x39, 0x88, 0x41, 0x68, 0x39, 0x68, 0x39,
    0x88, 0x39, 0x88, 0x39, 0x68, 0x39, 0x88, 0x39, 0x67, 0x41, 0x68, 0x39,
    0x88, 0x39, 0x68, 0x41, 0x88, 0x41, 0x87, 0x39, 0x68, 0x39, 0x88, 0x41,
    0x68, 0x39, 0x68, 0x39, 0x88, 0x39, 0x68, 0x39, 0x88, 0x41, 0x88, 0x39,
    0x68, 0x39, 0x88, 0x41, 0x88, 0x39, 0x68, 0x39, 0x87, 0x39, 0x88, 0x41,
    0x68, 0x39, 0x88, 0x39, 0x68, 0x41, 0x88, 0x39, 0x88, 0x39, 0x68, 0x41,
    0x88, 0x39, 0x68, 0x39, 0x88, 0x39, 0x68, 0x39, 0x87, 0x39, 0x88, 0x41,
    0x68, 0x39, 0x88, 0x39, 0x68, 0x39, 0x68, 0x39, 0x88, 0x39, 0x68, 0x39,
    0x68, 0x41, 0x88, 0x39, 0x88, 0x39, 0x68, 0x41, 0x88, 0x39, 0x68, 0x39,
    0x87, 0x41, 0x68, 0x39, 0x68, 0x39, 0x88, 0x41, 0x68, 0x39, 0x88, 0x39,
    0x68, 0x41, 0x88, 0x39, 0x88, 0x39, 0x67, 0x41, 0x88, 0x39, 0x88, 0x39,
    0x68, 0x41, 0x68, 0x39, 0x88, 0x39, 0x68, 0x39, 0x87, 0x39, 0x88, 0x39,
    0x68, 0x41, 0x88, 0x39, 0x87, 0x39, 0x68, 0x41, 0x68, 0x39, 0x87, 0x39,
    0x68, 0x39, 0x88, 0x39, 0x88, 0x39, 0x68, 0x39, 0x88, 0x39, 0x88, 0x39,
    0x68, 0x39, 0x68, 0x39, 0x88, 0x41, 0x88, 0x39, 0x68, 0x39, 0x88, 0x39,
    0x88, 0x39, 0x68, 0x39, 0x67, 0x39, 0x88, 0x39, 0x68, 0x41, 0x88, 0x39,
    0x88, 0x39, 0x68, 0x39, 0x68, 0x41, 0x88, 0x39, 0x88, 0x39, 0x68, 0x41,
    0x68, 0x39, 0x88, 0x39, 0x88, 0x39, 0x68, 0x39, 0x68, 0x39, 0x88, 0x41,
    0x68, 0x39, 0x88, 0x39, 0x88, 0x39, 0x68, 0x39, 0x68, 0x39, 0x88, 0x41,
    0x68, 0x39, 0x68, 0x39, 0x87, 0x41, 0x68, 0x39, 0x88, 0x39, 0x88, 0x41,
    0x68, 0x39, 0x68, 0x39, 0x88, 0x41, 0x68, 0x39, 0x68, 0x39, 0x88, 0x39,
    0x67, 0x41, 0x68, 0x39, 0x88, 0x41, 0x87, 0x39, 0x68, 0x41, 0x88, 0x39,
    0x88, 0x39, 0x68, 0x41, 0x88, 0x39, 0x88, 0x39, 0x68, 0x41, 0x68, 0x39,
    0x88, 0x39, 0x67, 0x39, 0x68, 0x39, 0x88, 0x39, 0x68, 0x41, 0x87, 0x39,
    0x88, 0x39, 0x68, 0x41, 0x88, 0x39, 0x68, 0x39, 0x68, 0x41, 0x88, 0x39,
    0x88, 0x39, 0x67, 0x41, 0x88, 0x39, 0x68, 0x39, 0x68, 0x41, 0x88, 0x39,
    0x68, 0x39, 0x88, 0x41, 0x88, 0x39, 0x68, 0x39, 0x88, 0x39, 0x88, 0x39,
    0x68, 0x39, 0x67, 0x39, 0x88, 0x39, 0x68, 0x41, 0x68, 0x39, 0x87, 0x39,
    0x88, 0x39, 0x68, 0x41, 0x88, 0x39, 0x87, 0x39, 0x68, 0x39, 0x88, 0x39,
    0x88, 0x39, 0x68, 0x39, 0x88, 0x41, 0x88, 0x39, 0x68, 0x39, 0x88, 0x39,
    0x88, 0x39, 0x67, 0x41, 0x68, 0x39, 0x88, 0x39, 0x67, 0x39, 0x88, 0x39,
    0x68, 0x41, 0x88, 0x39, 0x68, 0x39, 0x68, 0x41, 0x88, 0x41, 0x68, 0x39,
    0x68, 0x39, 0x88, 0x39, 0x68, 0x39, 0x88, 0x41, 0x88, 0x39, 0x68, 0x39,
    0x88, 0x41, 0x87, 0x39, 0x68, 0x39, 0x88, 0x39, 0x68, 0x39, 0x68, 0x39,
    0x88, 0x41, 0x88, 0x39, 0x68, 0x39, 0x88, 0x39, 0x68, 0x39, 0x68, 0x39,
    0x88, 0x39, 0x87, 0x41, 0x68, 0x39, 0x88, 0x39, 0x68, 0x39, 0x68, 0x41,
    0x88, 0x39, 0x87, 0x39, 0x68, 0x41, 0x88, 0x39, 0x68, 0x39, 0x88, 0x39,
    0x68, 0x41, 0x88, 0x39, 0x68, 0x41, 0x68, 0x39, 0x88, 0x39, 0x88, 0x39,
    0x68, 0x39, 0x88, 0x39, 0x68, 0x39, 0x68, 0x39, 0x88, 0x39, 0x88, 0x39,
    0x68, 0x39, 0x87, 0x41, 0x68, 0x39, 0x88, 0x39, 0x68, 0x39, 0x67, 0x41,
    0x88, 0x39, 0x68, 0x39, 0x87, 0x41, 0x88, 0x39, 0x68, 0x39, 0x88, 0x41,
    0x68, 0x41, 0x68, 0x39, 0x88, 0x39, 0x88, 0x41, 0x68, 0x39, 0x88, 0x39,
    0x68, 0x39, 0x67, 0x39, 0x68, 0x39, 0x88, 0x39, 0x88, 0x41, 0x68, 0x39,
    0x87, 0x39, 0x88, 0x41, 0x68, 0x39, 0x68, 0x39, 0x88, 0x39, 0x68, 0x41,
    0x68, 0x39, 0x88, 0x39, 0x68, 0x41, 0x68, 0x39, 0x88, 0x39, 0x68, 0x39,
    0x87, 0x39, 0x68, 0x39, 0x68, 0x39, 0x87, 0x39, 0x68, 0x39, 0x88, 0x39,
    0x87, 0x39, 0x68, 0x41, 0x68, 0x41, 0x88, 0x39, 0x68, 0x39, 0x68, 0x41,
    0x88, 0x39, 0x88, 0x41, 0x68, 0x41, 0x88, 0x39, 0x88, 0x39, 0x67, 0x41,
    0x88, 0x39, 0x68, 0x39, 0x68, 0x39, 0x87, 0x39, 0x68, 0x39, 0x88, 0x39,
    0x88, 0x39, 0x88, 0x39, 0x68, 0x41, 0x67, 0x39, 0x88, 0x39, 0x68, 0x39,
    0x67, 0x39, 0x88, 0x39, 0x68, 0x39, 0x68, 0x39, 0x88, 0x39, 0x68, 0x41,
    0x88, 0x39, 0x88, 0x39, 0x68, 0x41, 0x68, 0x39, 0x88, 0x39, 0x68, 0x41,
    0x68, 0x39, 0x88, 0x39, 0x68, 0x39, 0x88, 0x39, 0x88, 0x39, 0x68, 0x41,
    0x68, 0x41, 0x88, 0x39, 0x68, 0x39, 0x68, 0x41, 0x87, 0x41, 0x88, 0x39,
    0x68, 0x39, 0x68, 0x41, 0x88, 0x39, 0x68, 0x39, 0x68, 0x39, 0x88, 0x41,
    0x88, 0x39, 0x88, 0x39, 0x68, 0x41, 0x88, 0x39, 0x68, 0x39, 0x87, 0x41,
    0x88, 0x39, 0x68, 0x39, 0x87, 0x39, 0x68, 0x41, 0x88, 0x39, 0x88, 0x39,
    0x68, 0x39, 0x68, 0x41, 0x88, 0x39, 0x67, 0x39, 0x88, 0x41, 0x68, 0x39,
    0x67, 0x39, 0x88, 0x41, 0x88, 0x41, 0x68, 0x39, 0x88, 0x39, 0x68, 0x39,
    0x88, 0x39, 0x88, 0x39, 0x68, 0x39, 0x68, 0x39, 0x88, 0x39, 0x68, 0x39,
    0x88, 0x39, 0x88, 0x39, 0x88, 0x39, 0x67, 0x39, 0x88, 0x39, 0x88, 0x39,
    0x68, 0x39, 0x68, 0x39, 0x88, 0x39, 0x68, 0x39, 0x88, 0x39, 0x68, 0x39,
    0x68, 0x39, 0x87, 0x39, 0x68, 0x39, 0x88, 0x41, 0x88, 0x39, 0x68, 0x39,
    0x88, 0x39, 0x68, 0x39, 0x68, 0x39, 0x88, 0x41, 0x68, 0x39, 0x68, 0x39,
    0x88, 0x39, 0x67, 0x39, 0x88, 0x39, 0x88, 0x41, 0x68, 0x39, 0x68, 0x39,
    0x88, 0x39, 0x88, 0x39, 0x68, 0x39, 0x88, 0x39, 0x67, 0x41, 0x68, 0x39,
    0x88, 0x39, 0x67, 0x39, 0x68, 0x39, 0x88, 0x41, 0x67, 0x39, 0x88, 0x41,
    0x88, 0x39, 0x68, 0x39, 0x88, 0x41, 0x88, 0x39, 0x68, 0x39, 0x68, 0x39,
    0x88, 0x41, 0x68, 0x39, 0x68, 0x39, 0x88, 0x39, 0x68, 0x41, 0x67, 0x39,
    0x88, 0x39, 0x68, 0x41, 0x67, 0x39, 0x88, 0x39, 0x68, 0x39, 0x68, 0x41,
    0x88, 0x39, 0x88, 0x39, 0x68, 0x41, 0x88, 0x39, 0x68, 0x39, 0x68, 0x41,
    0x87, 0x39, 0x88, 0x39, 0x68, 0x39, 0x87, 0x39, 0x88, 0x39, 0x68, 0x41,
    0x88, 0x39, 0x68, 0x39, 0x68, 0x41, 0x87, 0x39, 0x68, 0x39, 0x68, 0x41,
    0x88, 0x39, 0x68, 0x39, 0x88, 0x41, 0x88, 0x41, 0x68, 0x39, 0x68, 0x39,
    0x88, 0x39, 0x67, 0x41, 0x88, 0x39, 0x88, 0x41, 0x67, 0x39, 0x88, 0x39,
    0x68, 0x41, 0x68, 0x39, 0x88, 0x39, 0x87, 0x41, 0x68, 0x39, 0x68, 0x39,
    0x88, 0x39, 0x68, 0x41, 0x88, 0x39, 0x88, 0x39, 0x67, 0x41, 0x68, 0x39,
    0x88, 0x39, 0x88, 0x39, 0x67, 0x41, 0x88, 0x39, 0x68, 0x39, 0x68, 0x41,
    0x87, 0x39, 0x88, 0x41, 0x68, 0x39, 0x87, 0x41, 0x68, 0x39, 0x68, 0x39,
    0x88, 0x41, 0x88, 0x39, 0x68, 0x39, 0x88, 0x39, 0x88, 0x41, 0x68, 0x39,
    0x88, 0x39, 0x68, 0x39, 0x68, 0x39, 0x88, 0x39, 0x68, 0x39, 0x87, 0x39,
    0x88, 0x39, 0x68, 0x41, 0x67, 0x39, 0x88, 0x39, 0x68, 0x39, 0x88, 0x41,
    0x88, 0x39, 0x68, 0x39, 0x88, 0x41, 0x68, 0x39, 0x68, 0x39, 0x88, 0x39,
    0x68, 0x39, 0x88, 0x41, 0x68, 0x39, 0x87, 0x39, 0x88, 0x41, 0x68, 0x39,
    0x87, 0x39, 0x88, 0x39, 0x68, 0x39, 0x87, 0x41, 0x68, 0x39, 0x88, 0x39,
    0x68, 0x41, 0x88, 0x39, 0x88, 0x41, 0x68, 0x39, 0x68, 0x41, 0x88, 0x39,
    0x68, 0x39, 0x88, 0x39, 0x88, 0x39, 0x68, 0x39, 0x88, 0x39, 0x68, 0x39,
    0x87, 0x39, 0x68, 0x39, 0x88, 0x39, 0x67, 0x39, 0x68, 0x41, 0x88, 0x39,
    0x88, 0x39, 0x68, 0x41, 0x88, 0x39, 0x68, 0x39, 0x68, 0x41, 0x88, 0x39,
    0x68, 0x39, 0x68, 0x41, 0x88, 0x39, 0x88, 0x39, 0x88, 0x41, 0x68, 0x39,
    0x88, 0x41, 0x88, 0x39, 0x68, 0x41, 0x88, 0x39, 0x68, 0x39, 0x67, 0x39,
    0x88, 0x39, 0x88, 0x39, 0x67, 0x41, 0x88, 0x39, 0x88, 0x39, 0x68, 0x39,
    0x87, 0x39, 0x68, 0x41, 0x68, 0x39, 0x88, 0x39, 0x88, 0x39, 0x68, 0x39,
    0x87, 0x39, 0x88, 0x39, 0x68, 0x41, 0x68, 0x39, 0x88, 0x39, 0x68, 0x39,
    0x88, 0x41, 0x87, 0x39, 0x68, 0x39, 0x88, 0x39, 0x67, 0x41, 0x68, 0x39,
    0x68, 0x39, 0x68, 0x39, 0x88, 0x41, 0x68, 0x39, 0x88, 0x39, 0x68, 0x39,
    0x68, 0x41, 0x88, 0x39, 0x68, 0x39, 0x68, 0x39, 0x68, 0x39, 0x88, 0x39,
    0x88, 0x41, 0x68, 0x39, 0x88, 0x39, 0x88, 0x41, 0x68, 0x39, 0x88, 0x39,
    0x68, 0x39, 0x68, 0x39, 0x88, 0x39, 0x67, 0x39, 0x88, 0x41, 0x68, 0x39,
    0x67, 0x41, 0x88, 0x39, 0x68, 0x39, 0x88, 0x41, 0x68, 0x39, 0x68, 0x39,
    0x87, 0x41, 0x68, 0x39, 0x68, 0x39, 0x88, 0x41, 0x68, 0x41, 0x88, 0x39,
    0x88, 0x39, 0x68, 0x41, 0x88, 0x39, 0x68, 0x39, 0x88, 0x41, 0x88, 0x39,
    0x68, 0x41, 0x88, 0x39, 0x68, 0x39, 0x67, 0x39, 0x88, 0x39, 0x68, 0x41,
    0x87, 0x41, 0x88, 0x39, 0x88, 0x39, 0x68, 0x41, 0x87, 0x39, 0x88, 0x39,
    0x68, 0x41, 0x68, 0x39, 0x88, 0x39, 0x68, 0x39, 0x87, 0x39, 0x68, 0x41,
    0x68, 0x39, 0x88, 0x39, 0x68, 0x41, 0x88, 0x39, 0x88, 0x39, 0x68, 0x39,
    0x88, 0x41, 0x88, 0x39, 0x68, 0x39, 0x88, 0x39, 0x68, 0x41, 0x68, 0x39,
    0x88, 0x39, 0x68, 0x41, 0x68, 0x39, 0x87, 0x39, 0x88, 0x39, 0x68, 0x41,
    0x88, 0x39, 0x87, 0x39, 0x68, 0x39, 0x88, 0x41, 0x68, 0x39, 0x88, 0x39,
    0x88, 0x41, 0x68, 0x39, 0x88, 0x39, 0x88, 0x39, 0x68, 0x41, 0x67, 0x39,
    0x88, 0x39, 0x68, 0x39, 0x88, 0x41, 0x88, 0x39, 0x68, 0x39, 0x88, 0x39,
    0x88, 0x39, 0x68, 0x41, 0x68, 0x39, 0x88, 0x39, 0x68, 0x39, 0x88, 0x39,
    0x87, 0x41, 0x68, 0x39, 0x88, 0x39, 0x88, 0x39, 0x68, 0x39, 0x88, 0x39,
    0x67, 0x39, 0x68, 0x39, 0x88, 0x39, 0x67, 0x39, 0x88, 0x41, 0x88, 0x39,
    0x68, 0x39, 0x68, 0x39, 0x88, 0x39, 0x68, 0x39, 0x88, 0x41, 0x88, 0x39,
    0x68, 0x39, 0x68, 0x39, 0x88, 0x39, 0x68, 0x41, 0x88, 0x39, 0x88, 0x39,
    0x67, 0x39, 0x68, 0x39, 0x88, 0x39, 0x68, 0x41, 0x88, 0x39, 0x68, 0x39,
    0x88, 0x39, 0x68, 0x39, 0x88, 0x39, 0x88, 0x39, 0x68, 0x41, 0x68, 0x39,
    0x88, 0x39, 0x68, 0x39, 0x88, 0x41, 0x88, 0x39, 0x68, 0x39, 0x67, 0x41,
    0x88, 0x39, 0x68, 0x39, 0x68, 0x39, 0x87, 0x41, 0x68, 0x39, 0x88, 0x39,
    0x88, 0x41, 0x68, 0x39, 0x88, 0x41, 0x68, 0x39, 0x68, 0x41, 0x88, 0x39,
    0x88, 0x39, 0x68, 0x39, 0x88, 0x41, 0x68, 0x39, 0x68, 0x39, 0x87, 0x41,
    0x88, 0x39, 0x68, 0x39, 0x88, 0x41, 0x87, 0x39, 0x68, 0x39, 0x88, 0x41,
    0x68, 0x39, 0x68, 0x39, 0x88, 0x39, 0x68, 0x39, 0x68, 0x39, 0x88, 0x39,
    0x68, 0x41, 0x68, 0x39, 0x88, 0x39, 0x88, 0x39, 0x68, 0x41, 0x68, 0x39,
    0x88, 0x39, 0x68, 0x41, 0x88, 0x39, 0x88, 0x39, 0x68, 0x39, 0x68, 0x41,
    0x88, 0x39, 0x68, 0x39, 0x67, 0x41, 0x88, 0x39, 0x88, 0x41, 0x68, 0x39,
    0x68, 0x39, 0x88, 0x41, 0x88, 0x39, 0x68, 0x39, 0x68, 0x39, 0x88, 0x39,
    0x68, 0x39, 0x88, 0x39, 0x88, 0x41, 0x68, 0x39, 0x88, 0x39, 0x87, 0x41,
    0x68, 0x39, 0x68, 0x39, 0x87, 0x39, 0x68, 0x39, 0x68, 0x41, 0x88, 0x41,
    0x68, 0x39, 0x68, 0x39, 0x87, 0x39, 0x88, 0x41, 0x68, 0x39, 0x88, 0x41,
    0x68, 0x39, 0x68, 0x39, 0x88, 0x39, 0x68, 0x41, 0x68, 0x39, 0x88, 0x39,
    0x88, 0x41, 0x68, 0x39, 0x88, 0x41, 0x67, 0x39, 0x68, 0x41, 0x88, 0x39,
    0x68, 0x39, 0x88, 0x39, 0x88, 0x39, 0x67, 0x39, 0x88, 0x39, 0x68, 0x39,
    0x68, 0x39, 0x88, 0x39, 0x68, 0x41, 0x88, 0x39, 0x88, 0x39, 0x68, 0x39,
    0x68, 0x39, 0x88, 0x39, 0x87, 0x39, 0x68, 0x39, 0x88, 0x39, 0x68, 0x39,
    0x88, 0x39, 0x88, 0x41, 0x68, 0x39, 0x88, 0x39, 0x88, 0x41, 0x67, 0x39,
    0x68, 0x39, 0x88, 0x39, 0x67, 0x39, 0x68, 0x39, 0x88, 0x39, 0x88, 0x41,
    0x88, 0x39, 0x68, 0x39, 0x68, 0x39, 0x88, 0x41, 0x88, 0x39, 0x68, 0x39,
    0x88, 0x39, 0x68, 0x41, 0x88, 0x39, 0x87, 0x39, 0x68, 0x41, 0x88, 0x39,
    0x68, 0x39, 0x88, 0x41, 0x68, 0x39, 0x88, 0x39, 0x68, 0x39, 0x67, 0x39,
    0x88, 0x41, 0x88, 0x39, 0x67, 0x39, 0x68, 0x41, 0x88, 0x39, 0x67, 0x39,
    0x88, 0x39, 0x68, 0x41, 0x88, 0x39, 0x68, 0x39, 0x88, 0x39, 0x68, 0x39,
    0x68, 0x39, 0x88, 0x39, 0x68, 0x39, 0x68, 0x39, 0x88, 0x39, 0x88, 0x41,
    0x68, 0x39, 0x88, 0x41, 0x68, 0x39, 0x88, 0x39, 0x88, 0x41, 0x68, 0x39,
    0x87, 0x39, 0x68, 0x41, 0x68, 0x39, 0x87, 0x39, 0x88, 0x39, 0x68, 0x41,
    0x68, 0x39, 0x88, 0x39, 0x88, 0x41, 0x68, 0x39, 0x88, 0x39, 0x68, 0x39,
    0x87, 0x39, 0x88, 0x39, 0x68, 0x39, 0x68, 0x41, 0x88, 0x39, 0x68, 0x39,
    0x68, 0x39, 0x88, 0x39, 0x68, 0x41, 0x88, 0x39, 0x68, 0x39, 0x68, 0x39,
    0x88, 0x39, 0x68, 0x39, 0x68, 0x39, 0x88, 0x41, 0x88, 0x39, 0x68, 0x39,
    0x88, 0x39, 0x68, 0x41, 0x67, 0x39, 0x88, 0x39, 0x68, 0x41, 0x68, 0x39,
    0x88, 0x39, 0x68, 0x41, 0x88, 0x39, 0x68, 0x41, 0x68, 0x39, 0x88, 0x39,
    0x68, 0x39, 0x68, 0x41, 0x88, 0x39, 0x68, 0x41, 0x88, 0x39, 0x88, 0x41,
    0x68, 0x39, 0x88, 0x39, 0x68, 0x39, 0x68, 0x39, 0x88, 0x39, 0x88, 0x41,
    0x67, 0x39, 0x88, 0x39, 0x68, 0x41, 0x68, 0x39, 0x88, 0x39, 0x67, 0x41,
    0x88, 0x39, 0x88, 0x39, 0x68, 0x41, 0x68, 0x39, 0x88, 0x39, 0x88, 0x41,
    0x68, 0x41, 0x88, 0x39, 0x68, 0x39, 0x88, 0x39, 0x68, 0x39, 0x87, 0x41,
    0x68, 0x41, 0x68, 0x39, 0x88, 0x39, 0x68, 0x41, 0x87, 0x39, 0x88, 0x39,
    0x68, 0x39, 0x68, 0x39, 0x88, 0x39, 0x68, 0x39, 0x88, 0x39, 0x88, 0x39,
    0x68, 0x39, 0x88, 0x41, 0x88, 0x39, 0x68, 0x39, 0x68, 0x39, 0x68, 0x39,
    0x87, 0x39, 0x68, 0x39, 0x88, 0x39, 0x87, 0x41, 0x68, 0x39, 0x68, 0x39,
    0x88, 0x39, 0x68, 0x39, 0x88, 0x39, 0x88, 0x39, 0x68, 0x39, 0x68, 0x39,
    0x88, 0x39, 0x68, 0x39, 0x68, 0x39, 0x88, 0x39, 0x68, 0x39, 0x88, 0x41,
    0x87, 0x39, 0x68, 0x39, 0x88, 0x41, 0x88, 0x39, 0x67, 0x39, 0x88, 0x41,
    0x68, 0x39, 0x68, 0x39, 0x88, 0x41, 0x68, 0x39, 0x88, 0x39, 0x87, 0x39,
    0x68, 0x39, 0x68, 0x39, 0x87, 0x39, 0x68, 0x39, 0x88, 0x39, 0x87, 0x41,
    0x68, 0x39, 0x88, 0x39, 0x68, 0x39, 0x88, 0x41, 0x68, 0x39, 0x87, 0x39,
    0x68, 0x41, 0x88, 0x39, 0x68, 0x39, 0x88, 0x41, 0x88, 0x39, 0x67, 0x39,
    0x68, 0x41, 0x88, 0x39, 0x67, 0x39, 0x68, 0x39, 0x88, 0x39, 0x88, 0x41,
    0x68, 0x39, 0x88, 0x39, 0x88, 0x41, 0x68, 0x39, 0x88, 0x39, 0x88, 0x39,
    0x68, 0x39, 0x88, 0x39, 0x68, 0x39, 0x68, 0x39, 0x88, 0x41, 0x88, 0x39,
    0x68, 0x39, 0x88, 0x41, 0x88, 0x39, 0x67, 0x39, 0x68, 0x41, 0x88, 0x39,
    0x68, 0x39, 0x88, 0x39, 0x88, 0x39, 0x68, 0x39, 0x88, 0x41, 0x68, 0x39,
    0x68, 0x41, 0x68, 0x41, 0x88, 0x39, 0x68, 0x41, 0x88, 0x39, 0x88, 0x41,
    0x67, 0x39, 0x88, 0x39, 0x68, 0x39, 0x68, 0x41, 0x88, 0x39, 0x88, 0x39,
    0x68, 0x39, 0x88, 0x41, 0x68, 0x39, 0x68, 0x41, 0x88, 0x41, 0x67, 0x39,
    0x68, 0x39, 0x88, 0x39, 0x67, 0x41, 0x88, 0x39, 0x88, 0x39, 0x68, 0x41,
    0x88, 0x39, 0x88, 0x41, 0x68, 0x39, 0x68, 0x39, 0x88, 0x41, 0x67, 0x39,
    0x68, 0x39, 0x88, 0x41, 0x87, 0x39, 0x68, 0x39, 0x68, 0x39, 0x88, 0x39,
    0x88, 0x39, 0x68, 0x41, 0x68, 0x39, 0x88, 0x39, 0x88, 0x39, 0x68, 0x39,
    0x88, 0x39, 0x68, 0x41, 0x87, 0x39, 0x88, 0x39, 0x68, 0x39, 0x68, 0x41,
    0x88, 0x39, 0x68, 0x39, 0x88, 0x39, 0x88, 0x39, 0x68, 0x39, 0x68, 0x39,
    0x88, 0x41, 0x88, 0x39, 0x68, 0x39, 0x88, 0x41, 0x88, 0x41, 0x68, 0x39,
    0x88, 0x39, 0x68, 0x41, 0x87, 0x41, 0x68, 0x39, 0x68, 0x39, 0x88, 0x39,
    0x68, 0x39, 0x87, 0x39, 0x68, 0x41, 0x68, 0x39, 0x88, 0x39, 0x88, 0x39,
    0x68, 0x39, 0x88, 0x39, 0x88, 0x41, 0x68, 0x39, 0x68, 0x39, 0x88, 0x39,
    0x67, 0x39, 0x68, 0x39, 0x88, 0x39, 0x67, 0x41, 0x88, 0x39, 0x68, 0x39,
    0x68, 0x41, 0x88, 0x39, 0x88, 0x39, 0x68, 0x41, 0x88, 0x39, 0x87, 0x39,
    0x68, 0x41, 0x68, 0x39, 0x88, 0x39, 0x87, 0x39, 0x68, 0x41, 0x88, 0x39,
    0x87, 0x41, 0x68, 0x39, 0x68, 0x39, 0x87, 0x39, 0x68, 0x39, 0x88, 0x41,
    0x88, 0x39, 0x68, 0x39, 0x88, 0x39, 0x88, 0x39, 0x67, 0x41, 0x88, 0x39,
    0x68, 0x39, 0x87, 0x39, 0x88, 0x39, 0x68, 0x39, 0x87, 0x41, 0x88, 0x39,
    0x68, 0x39, 0x88, 0x39, 0x67, 0x39, 0x68, 0x39, 0x88, 0x41, 0x67, 0x39,
    0x88, 0x39, 0x88, 0x41, 0x68, 0x41, 0x88, 0x39, 0x68, 0x39, 0x68, 0x39,
    0x88, 0x41, 0x88, 0x39, 0x68, 0x39, 0x87, 0x39, 0x68, 0x39, 0x68, 0x39,
    0x88, 0x41, 0x88, 0x39, 0x67, 0x39, 0x88, 0x39, 0x68, 0x39, 0x67, 0x39,
    0x88, 0x39, 0x88, 0x41, 0x67, 0x39, 0x68, 0x39, 0x88, 0x39, 0x88, 0x39,
    0x68, 0x39, 0x88, 0x39, 0x67, 0x41, 0x68, 0x39, 0x88, 0x39, 0x88, 0x41,
    0x68, 0x41, 0x87, 0x39, 0x68, 0x39, 0x68, 0x41, 0x87, 0x41, 0x68, 0x39,
    0x68, 0x39, 0x88, 0x39, 0x87, 0x41, 0x68, 0x39, 0x88, 0x39, 0x88, 0x41,
    0x68, 0x39, 0x68, 0x39, 0x88, 0x39, 0x88, 0x39, 0x68, 0x39, 0x88, 0x41,
    0x67, 0x41, 0x68, 0x39, 0x88, 0x41, 0x87, 0x39, 0x68, 0x41, 0x88, 0x39,
    0x88, 0x41, 0x67, 0x39, 0x88, 0x41, 0x68, 0x39, 0x68, 0x39, 0x88, 0x39,
    0x68, 0x39, 0x68, 0x41, 0x88, 0x39, 0x68, 0x39, 0x88, 0x41, 0x88, 0x39,
    0x87, 0x39, 0x88, 0x39, 0x68, 0x39, 0x67, 0x41, 0x88, 0x39, 0x88, 0x39,
    0x68, 0x41, 0x88, 0x39, 0x68, 0x41, 0x68, 0x39, 0x88, 0x39, 0x68, 0x39,
    0x88, 0x41, 0x88, 0x39, 0x68, 0x39, 0x68, 0x39, 0x88, 0x39, 0x68, 0x39,
    0x88, 0x39, 0x68, 0x39, 0x67, 0x39, 0x88, 0x41, 0x88, 0x39, 0x68, 0x39,
    0x88, 0x41, 0x88, 0x39, 0x68, 0x39, 0x68, 0x41, 0x88, 0x39, 0x68, 0x39,
    0x68, 0x39, 0x88, 0x39, 0x68, 0x41, 0x88, 0x39, 0x88, 0x41, 0x88, 0x41,
    0x88, 0x39, 0x88, 0x41, 0x68, 0x39, 0x88, 0x39, 0x67, 0x39, 0x68, 0x39,
    0x88, 0x39, 0x67, 0x41, 0x88, 0x39, 0x88, 0x39, 0x68, 0x39, 0x88, 0x39,
    0x67, 0x39, 0x68, 0x41, 0x88, 0x39, 0x68, 0x39, 0x87, 0x39, 0x88, 0x39,
    0x68, 0x39, 0x87, 0x39, 0x68, 0x39, 0x68, 0x39, 0x88, 0x39, 0x68, 0x41,
    0x88, 0x39, 0x88, 0x39, 0x68, 0x39, 0x87, 0x39, 0x68, 0x41, 0x68, 0x39,
    0x68, 0x39, 0x88, 0x39, 0x88, 0x39, 0x68, 0x39, 0x88, 0x39, 0x88, 0x41,
    0x68, 0x39, 0x88, 0x39, 0x68, 0x39, 0x68, 0x39, 0x68, 0x39, 0x88, 0x39,
    0x68, 0x39, 0x88, 0x39, 0x88, 0x41, 0x68, 0x39, 0x88, 0x39, 0x68, 0x39,
    0x68, 0x39, 0x88, 0x41, 0x88, 0x39, 0x68, 0x39, 0x68, 0x41, 0x87, 0x39,
    0x68, 0x39, 0x88, 0x39, 0x67, 0x41, 0x68, 0x39, 0x88, 0x39, 0x67, 0x41,
    0x88, 0x39, 0x68, 0x39, 0x68, 0x41, 0x88, 0x39, 0x88, 0x39, 0x68, 0x39,
    0x88, 0x39, 0x67, 0x41, 0x68, 0x39, 0x88, 0x41, 0x68, 0x39, 0x88, 0x39,
    0x67, 0x41, 0x68, 0x39, 0x88, 0x39, 0x67, 0x39, 0x68, 0x39, 0x88, 0x39,
    0x67, 0x39, 0x88, 0x39, 0x88, 0x39, 0x68, 0x41, 0x88, 0x39, 0x68, 0x39,
    0x88, 0x41, 0x68, 0x39, 0x88, 0x39, 0x67, 0x39, 0x68, 0x41, 0x88, 0x39,
    0x68, 0x39, 0x68, 0x41, 0x88, 0x39, 0x68, 0x39, 0x88, 0x41, 0x88, 0x39,
    0x68, 0x41, 0x88, 0x39, 0x68, 0x39, 0x88, 0x39, 0x88, 0x39, 0x68, 0x41,
    0x68, 0x39, 0x88, 0x39, 0x67, 0x39, 0x68, 0x39, 0x88, 0x39, 0x88, 0x41,
    0x68, 0x39, 0x88, 0x39, 0x88, 0x39, 0x68, 0x41, 0x68, 0x39, 0x88, 0x39,
    0x88, 0x39, 0x68, 0x41, 0x88, 0x39, 0x88, 0x39, 0x68, 0x41, 0x67, 0x39,
    0x88, 0x39, 0x68, 0x41, 0x68, 0x39, 0x88, 0x39, 0x88, 0x39, 0x68, 0x39,
    0x88, 0x41, 0x68, 0x39, 0x68, 0x39, 0x88, 0x39, 0x68, 0x39, 0x68, 0x41,
    0x88, 0x39, 0x88, 0x39, 0x68, 0x41, 0x88, 0x39, 0x68, 0x39, 0x68, 0x39,
    0x88, 0x39, 0x68, 0x39, 0x87, 0x39, 0x88, 0x41, 0x68, 0x39, 0x67, 0x39,
    0x88, 0x39, 0x68, 0x41, 0x88, 0x39, 0x88, 0x39, 0x68, 0x41, 0x88, 0x39,
    0x68, 0x39, 0x68, 0x39, 0x88, 0x39, 0x88, 0x41, 0x68, 0x39, 0x68, 0x39,
    0x88, 0x39, 0x68, 0x39, 0x88, 0x41, 0x68, 0x39, 0x88, 0x41, 0x68, 0x39,
    0x88, 0x39, 0x88, 0x41, 0x68, 0x39, 0x88, 0x39, 0x68, 0x39, 0x68, 0x39,
    0x88, 0x39, 0x88, 0x39, 0x68, 0x39, 0x88, 0x39, 0x88, 0x39, 0x68, 0x41,
    0x88, 0x39, 0x68, 0x39, 0x68, 0x39, 0x88, 0x41, 0x68, 0x39, 0x88, 0x39,
    0x88, 0x41, 0x68, 0x41, 0x67, 0x39, 0x88, 0x39, 0x68, 0x39, 0x88, 0x39,
    0x88, 0x39, 0x68, 0x39, 0x68, 0x39, 0x88, 0x41, 0x68, 0x39, 0x68, 0x39,
    0x88, 0x39, 0x68, 0x41, 0x88, 0x39, 0x88, 0x39, 0x67, 0x41, 0x88, 0x39,
    0x88, 0x39, 0x67, 0x39, 0x88, 0x39, 0x68, 0x39, 0x68, 0x39, 0x68, 0x39,
    0x68, 0x41, 0x88, 0x39, 0x88, 0x39, 0x68, 0x39, 0x68, 0x41, 0x88, 0x39,
    0x68, 0x39, 0x88, 0x41, 0x88, 0x39, 0x67, 0x39, 0x88, 0x41, 0x68, 0x39,
    0x68, 0x39, 0x87, 0x41, 0x68, 0x39, 0x88, 0x39, 0x87, 0x41, 0x68, 0x39,
    0x88, 0x41, 0x88, 0x39, 0x68, 0x39, 0x68, 0x39, 0x88, 0x39, 0x68, 0x39,
    0x68, 0x39, 0x88, 0x39, 0x88, 0x41, 0x67, 0x39, 0x88, 0x39, 0x88, 0x41,
    0x67, 0x39, 0x68, 0x39, 0x88, 0x39, 0x68, 0x39, 0x88, 0x41, 0x88, 0x41,
    0x88, 0x39, 0x68, 0x39, 0x88, 0x41, 0x88, 0x39, 0x68, 0x39, 0x88, 0x41,
    0x68, 0x39, 0x68, 0x39, 0x88, 0x39, 0x68, 0x41, 0x88, 0x39, 0x88, 0x39,
    0x68, 0x41, 0x88, 0x39, 0x68, 0x39, 0x68, 0x41, 0x88, 0x39, 0x88, 0x39,
    0x68, 0x39, 0x88, 0x39, 0x88, 0x41, 0x68, 0x39, 0x87, 0x39, 0x68, 0x39,
    0x68, 0x41, 0x88, 0x39, 0x68, 0x41, 0x88, 0x39, 0x88, 0x39, 0x68, 0x39,
    0x68, 0x39, 0x88, 0x39, 0x67, 0x41, 0x68, 0x39, 0x88, 0x39, 0x68, 0x39,
    0x88, 0x41, 0x87, 0x39, 0x68, 0x41, 0x88, 0x39, 0x87, 0x41, 0x68, 0x39,
    0x68, 0x39, 0x67, 0x39, 0x88, 0x39, 0x68, 0x41, 0x87, 0x39, 0x88, 0x39,
    0x68, 0x41, 0x88, 0x39, 0x68, 0x39, 0x88, 0x41, 0x88, 0x39, 0x68, 0x39,
    0x88, 0x41, 0x88, 0x39, 0x68, 0x39, 0x88, 0x39, 0x68, 0x41, 0x88, 0x39,
    0x68, 0x39, 0x88, 0x39, 0x68, 0x39, 0x68, 0x41, 0x87, 0x39, 0x88, 0x39,
    0x68, 0x41, 0x88, 0x39, 0x68, 0x39, 0x88, 0x39, 0x87, 0x41, 0x68, 0x39,
    0x88, 0x39, 0x68, 0x39, 0x88, 0x41, 0x68, 0x39, 0x88, 0x39, 0x88, 0x41,
    0x68, 0x39, 0x68, 0x39, 0x88, 0x39, 0x88, 0x39, 0x67, 0x41, 0x88, 0x39,
    0x68, 0x39, 0x88, 0x41, 0x88, 0x39, 0x68, 0x39, 0x88, 0x41, 0x88, 0x39,
    0x67, 0x39, 0x88, 0x41, 0x68, 0x39, 0x87, 0x39, 0x68, 0x39, 0x68, 0x41,
    0x88, 0x39, 0x87, 0x39, 0x68, 0x41, 0x68, 0x39, 0x88, 0x39, 0x87, 0x39,
    0x88, 0x41, 0x68, 0x39, 0x88, 0x41, 0x68, 0x39, 0x68, 0x39, 0x88, 0x39,
    0x68, 0x39, 0x67, 0x41, 0x88, 0x39, 0x68, 0x39, 0x68, 0x39, 0x88, 0x39,
    0x68, 0x39, 0x67, 0x41, 0x88, 0x39, 0x68, 0x39, 0x88, 0x41, 0x68, 0x39,
    0x88, 0x39, 0x88, 0x39, 0x67, 0x41, 0x68, 0x39, 0x88, 0x39, 0x68, 0x41,
    0x88, 0x39, 0x68, 0x39, 0x87, 0x41, 0x88, 0x39, 0x68, 0x39, 0x68, 0x41,
    0x87, 0x39, 0x68, 0x39, 0x88, 0x41, 0x88, 0x39, 0x68, 0x39, 0x88, 0x41,
    0x68, 0x39, 0x68, 0x39, 0x88, 0x39, 0x68, 0x39, 0x88, 0x41, 0x88, 0x39,
    0x68, 0x39, 0x68, 0x39, 0x88, 0x41, 0x68, 0x39, 0x88, 0x39, 0x87, 0x41,
    0x68, 0x39, 0x68, 0x39, 0x88, 0x41, 0x68, 0x39, 0x88, 0x39, 0x88, 0x41,
    0x68, 0x39, 0x88, 0x39, 0x68, 0x39, 0x88, 0x39, 0x67, 0x41, 0x68, 0x39,
    0x88, 0x39, 0x68, 0x39, 0x88, 0x39, 0x88, 0x41, 0x67, 0x39, 0x68, 0x39,
    0x88, 0x41, 0x68, 0x39, 0x68, 0x41, 0x88, 0x39, 0x68, 0x39, 0x88, 0x39,
    0x87, 0x41, 0x68, 0x39, 0x88, 0x39, 0x68, 0x39, 0x67, 0x39, 0x88, 0x39,
    0x68, 0x39, 0x88, 0x39, 0x88, 0x41, 0x68, 0x39, 0x68, 0x41, 0x87, 0x39,
    0x88, 0x39, 0x68, 0x39, 0x88, 0x39, 0x88, 0x39, 0x67, 0x39, 0x88, 0x39,
    0x68, 0x39, 0x68, 0x39, 0x88, 0x39, 0x68, 0x39, 0x68, 0x41, 0x88, 0x39,
    0x68, 0x39, 0x88, 0x41, 0x88, 0x41, 0x68, 0x39, 0x87, 0x39, 0x88, 0x41,
    0x68, 0x39, 0x68, 0x39, 0x88, 0x41, 0x88, 0x39, 0x68, 0x39, 0x67, 0x39,
    0x88, 0x39, 0x68, 0x39, 0x88, 0x39, 0x68, 0x39, 0x88, 0x41, 0x88, 0x39,
    0x68, 0x39, 0x88, 0x39, 0x68, 0x39, 0x88, 0x41, 0x68, 0x39, 0x68, 0x39,
    0x88, 0x39, 0x88, 0x41, 0x68, 0x39, 0x88, 0x41, 0x87, 0x39, 0x68, 0x41,
    0x68, 0x39, 0x87, 0x39, 0x68, 0x39, 0x68, 0x39, 0x88, 0x39, 0x88, 0x41,
    0x88, 0x41, 0x88, 0x41, 0x88, 0x41, 0x88, 0x41, 0xa9, 0x41, 0xa9, 0x41,
    0x88, 0x41, 0x88, 0x41, 0x88, 0x41, 0x88, 0x39, 0x68, 0x41, 0x88, 0x39,
    0x88, 0x39, 0x68, 0x39, 0x68, 0x41, 0x87, 0x39, 0x68, 0x39, 0x68, 0x41,
    0x88, 0x39, 0x87, 0x39, 0x68, 0x39, 0x88, 0x41, 0x68, 0x39, 0x68, 0x41,
    0x88, 0x39, 0x68, 0x41, 0x88, 0x39, 0x88, 0x39, 0x68, 0x41, 0x88, 0x39,
    0x68, 0x39, 0x67, 0x39, 0x88, 0x39, 0x68, 0x41, 0x88, 0x39, 0x68, 0x39,
    0x88, 0x39, 0x68, 0x39, 0x88, 0x41, 0x88, 0x39, 0x68, 0x39, 0x67, 0x39,
    0x88, 0x39, 0x68, 0x39, 0x68, 0x39, 0x88, 0x41, 0x88, 0x39, 0x68, 0x41,
    0x88, 0x39, 0x88, 0x41, 0x68, 0x39, 0x68, 0x39, 0x88, 0x39, 0x68, 0x41,
    0x88, 0x39, 0x67, 0x39, 0x68, 0x39, 0x88, 0x39, 0x67, 0x39, 0x68, 0x39,
    0x88, 0x41, 0x68, 0x39, 0x88, 0x39, 0x68, 0x41, 0x88, 0x39, 0x68, 0x39,
    0x88, 0x41, 0x87, 0x39, 0x88, 0x39, 0x68, 0x39, 0x68, 0x41, 0x88, 0x39,
    0x68, 0x39, 0x88, 0x39, 0x88, 0x39, 0x68, 0x39, 0x68, 0x39, 0x88, 0x41,
    0x88, 0x39, 0x68, 0x39, 0x88, 0x39, 0x88, 0x41, 0x68, 0x39, 0x68, 0x39,
    0x88, 0x41, 0x68, 0x41, 0x68, 0x39, 0x88, 0x39, 0x68, 0x39, 0x68, 0x39,
    0x87, 0x39, 0x68, 0x39, 0x68, 0x39, 0x88, 0x39, 0x68, 0x39, 0x68, 0x39,
    0x88, 0x39, 0x88, 0x39, 0x68, 0x39, 0x88, 0x39, 0x88, 0x39, 0x68, 0x39,
    0x88, 0x39, 0x68, 0x39, 0x88, 0x41, 0x68, 0x39, 0x68, 0x39, 0x88, 0x41,
    0x68, 0x39, 0x88, 0x39, 0x88, 0x39, 0x68, 0x41, 0x87, 0x39, 0x88, 0x39,
    0x68, 0x41, 0x88, 0x39, 0x88, 0x39, 0x68, 0x41, 0x87, 0x39, 0x88, 0x41,
    0x68, 0x39, 0x88, 0x39, 0x68, 0x39, 0x88, 0x39, 0x68, 0x39, 0x88, 0x39,
    0x68, 0x39, 0x88, 0x39, 0x68, 0x39, 0x88, 0x41, 0x68, 0x39, 0x87, 0x39,
    0x68, 0x39, 0x88, 0x39, 0x68, 0x41, 0x88, 0x39, 0x88, 0x39, 0x68, 0x39,
    0x88, 0x39, 0x68, 0x39, 0x68, 0x39, 0x87, 0x39, 0x88, 0x39, 0x68, 0x41,
    0x87, 0x39, 0x88, 0x41, 0x68, 0x39, 0x68, 0x39, 0x88, 0x39, 0x88, 0x41,
    0x68, 0x39, 0x87, 0x39, 0x68, 0x39, 0x68, 0x39, 0x88, 0x39, 0x68, 0x39,
    0x88, 0x41, 0x87, 0x39, 0x68, 0x39, 0x68, 0x39, 0x87, 0x39, 0x68, 0x41,
    0x88, 0x39, 0x67, 0x39, 0x88, 0x41, 0x88, 0x39, 0x68, 0x39, 0x88, 0x39,
    0x67, 0x41, 0x68, 0x39, 0x88, 0x39, 0x68, 0x41, 0x88, 0x39, 0x88, 0x39,
    0x68, 0x39, 0x87, 0x41, 0x88, 0x39, 0x68, 0x39, 0x67, 0x41, 0x88, 0x39,
    0x68, 0x39, 0x88, 0x41, 0x88, 0x39, 0x68, 0x39, 0x88, 0x41, 0x68, 0x39,
    0x67, 0x39, 0x88, 0x39, 0x68, 0x39, 0x88, 0x39, 0x68, 0x41, 0x68, 0x39,
    0x88, 0x41, 0x68, 0x41, 0x67, 0x39, 0x88, 0x39, 0x68, 0x41, 0x88, 0x41,
    0x88, 0x39, 0x67, 0x39, 0x88, 0x41, 0x88, 0x39, 0x68, 0x39, 0x88, 0x39,
    0x68, 0x39, 0x68, 0x39, 0x88, 0x39, 0x68, 0x41, 0x88, 0x39, 0x88, 0x39,
    0x68, 0x39, 0x67, 0x39, 0x88, 0x41, 0x68, 0x39, 0x88, 0x39, 0x88, 0x41,
    0x68, 0x39, 0x88, 0x41, 0x67, 0x39, 0x68, 0x39, 0x88, 0x39, 0x67, 0x39,
    0x88, 0x41, 0x68, 0x39, 0x88, 0x39, 0x68, 0x39, 0x88, 0x39, 0x68, 0x39,
    0x67, 0x41, 0x88, 0x39, 0x68, 0x39, 0x68, 0x39, 0x88, 0x41, 0x88, 0x39,
    0x68, 0x39, 0x88, 0x41, 0x88, 0x39, 0x68, 0x39, 0x68, 0x39, 0x68, 0x39,
    0x88, 0x39, 0x88, 0x39, 0x88, 0x41, 0x88, 0x41, 0xa9, 0x41, 0xa9, 0x41,
    0x88, 0x41, 0x88, 0x41, 0x88, 0x39, 0x88, 0x39, 0x68, 0x41, 0x67, 0x39,
    0x88, 0x39, 0x88, 0x41, 0x68, 0x39, 0x88, 0x39, 0x88, 0x39, 0x68, 0x39,
    0x68, 0x39, 0x88, 0x39, 0x88, 0x41, 0x67, 0x39, 0x88, 0x39, 0x68, 0x39,
    0x87, 0x39, 0x68, 0x39, 0x68, 0x39, 0x87, 0x39, 0x68, 0x41, 0x88, 0x39,
    0x88, 0x39, 0x68, 0x39, 0x88, 0x39, 0x68, 0x39, 0x67, 0x39, 0x88, 0x39,
    0x68, 0x39, 0x68, 0x39, 0x88, 0x39, 0x88, 0x39, 0x68, 0x41, 0x88, 0x39,
    0x88, 0x39, 0x68, 0x41, 0x88, 0x39, 0x68, 0x39, 0x68, 0x39, 0x88, 0x39,
    0x68, 0x39, 0x88, 0x39, 0x88, 0x41, 0x68, 0x39, 0x88, 0x39, 0x68, 0x39,
    0x88, 0x39, 0x88, 0x41, 0x68, 0x39, 0x88, 0x39, 0x88, 0x41, 0x68, 0x39,
    0x68, 0x39, 0x87, 0x39, 0x68, 0x39, 0x88, 0x39, 0x67, 0x39, 0x88, 0x39,
    0x68, 0x41, 0x68, 0x39, 0x88, 0x39, 0x88, 0x39, 0x68, 0x39, 0x68, 0x41,
    0x87, 0x39, 0x68, 0x41, 0x68, 0x41, 0x88, 0x39, 0x68, 0x39, 0x68, 0x39,
    0x87, 0x41, 0x68, 0x39, 0x68, 0x39, 0x87, 0x39, 0x68, 0x39, 0x88, 0x39,
    0x87, 0x39, 0x68, 0x39, 0x88, 0x41, 0x87, 0x39, 0x68, 0x39, 0x88, 0x41,
    0x88, 0x39, 0x68, 0x41, 0x88, 0x39, 0x87, 0x41, 0x68, 0x39, 0x68, 0x41,
    0x88, 0x39, 0x67, 0x41, 0x68, 0x39, 0x88, 0x41, 0x67, 0x41, 0x88, 0x39,
    0x68, 0x39, 0x68, 0x41, 0x88, 0x39, 0x87, 0x39, 0x68, 0x39, 0x68, 0x39,
    0x68, 0x39, 0x87, 0x39, 0x68, 0x39, 0x68, 0x41, 0x88, 0x39, 0x68, 0x39,
    0x68, 0x41, 0x88, 0x39, 0x68, 0x39, 0x68, 0x39, 0x88, 0x39, 0x68, 0x39,
    0x88, 0x41, 0x68, 0x39, 0x88, 0x41, 0x67, 0x39, 0x88, 0x39, 0x68, 0x41,
    0x67, 0x41, 0x88, 0x39, 0x88, 0x39, 0x68, 0x39, 0x88, 0x41, 0x68, 0x39,
    0x88, 0x39, 0x68, 0x41, 0x68, 0x39, 0x88, 0x39, 0x67, 0x41, 0x88, 0x39,
    0x88, 0x41, 0x68, 0x39, 0x68, 0x39, 0x88, 0x41, 0x68, 0x39, 0x68, 0x39,
    0x88, 0x39, 0x88, 0x39, 0x68, 0x41, 0x67, 0x39, 0x88, 0x39, 0x68, 0x39,
    0x68, 0x41, 0x88, 0x39, 0x88, 0x39, 0x68, 0x41, 0x67, 0x39, 0x88, 0x39,
    0x68, 0x39, 0x88, 0x41, 0x88, 0x39, 0x68, 0x39, 0x88, 0x41, 0x68, 0x39,
    0x68, 0x39, 0x88, 0x41, 0x68, 0x39, 0x68, 0x39, 0x88, 0x39, 0x88, 0x41,
    0x68, 0x39, 0x88, 0x39, 0x68, 0x39, 0x67, 0x39, 0x88, 0x41, 0x68, 0x39,
    0x68, 0x39, 0x88, 0x39, 0x88, 0x39, 0x68, 0x39, 0x88, 0x39, 0x68, 0x39,
    0x68, 0x39, 0x88, 0x39, 0x67, 0x41, 0x88, 0x39, 0x88, 0x39, 0x68, 0x41,
    0x88, 0x41, 0x68, 0x39, 0x88, 0x39, 0x87, 0x39, 0x68, 0x39, 0x88, 0x39,
    0x88, 0x39, 0x68, 0x39, 0x88, 0x39, 0x68, 0x41, 0x68, 0x39, 0x88, 0x39,
    0x68, 0x39, 0x88, 0x41, 0x68, 0x39, 0x87, 0x39, 0x68, 0x41, 0x88, 0x39,
    0x87, 0x41, 0x68, 0x39, 0x68, 0x39, 0x87, 0x39, 0x68, 0x39, 0x68, 0x41,
    0x88, 0x39, 0x88, 0x39, 0x68, 0x39, 0x68, 0x39, 0x87, 0x41, 0x68, 0x39,
    0x68, 0x39, 0x88, 0x39, 0x88, 0x41, 0x68, 0x39, 0x68, 0x39, 0x88, 0x41,
    0x68, 0x39, 0x88, 0x39, 0x67, 0x41, 0x88, 0x39, 0x88, 0x41, 0x68, 0x39,
    0x88, 0x39, 0x88, 0x39, 0x68, 0x39, 0x67, 0x39, 0x88, 0x39, 0x68, 0x39,
    0x88, 0x39, 0x68, 0x41, 0x88, 0x39, 0x87, 0x41, 0x68, 0x39, 0x88, 0x39,
    0x68, 0x39, 0x88, 0x39, 0x88, 0x39, 0x68, 0x39, 0xa9, 0x41, 0x88, 0x41,
    0x68, 0x39, 0x88, 0x39, 0x88, 0x39, 0x68, 0x39, 0x88, 0x39, 0x68, 0x39,
    0x88, 0x39, 0x68, 0x39, 0x67, 0x39, 0x88, 0x41, 0x88, 0x39, 0x67, 0x39,
    0x68, 0x41, 0x88, 0x39, 0x68, 0x39, 0x68, 0x39, 0x88, 0x39, 0x88, 0x41,
    0x68, 0x39, 0x88, 0x39, 0x68, 0x41, 0x68, 0x39, 0x88, 0x39, 0x68, 0x39,
    0x88, 0x41, 0x88, 0x41, 0x68, 0x39, 0x88, 0x41, 0x88, 0x39, 0x68, 0x39,
    0x68, 0x39, 0x88, 0x41, 0x67, 0x39, 0x68, 0x39, 0x88, 0x41, 0x68, 0x39,
    0x68, 0x39, 0x88, 0x41, 0x87, 0x39, 0x68, 0x39, 0x88, 0x41, 0x67, 0x39,
    0x68, 0x39, 0x88, 0x39, 0x67, 0x39, 0x88, 0x41, 0x68, 0x39, 0x87, 0x39,
    0x68, 0x41, 0x68, 0x39, 0x88, 0x39, 0x68, 0x41, 0x88, 0x39, 0x88, 0x39,
    0x68, 0x41, 0x88, 0x39, 0x88, 0x41, 0x68, 0x39, 0x88, 0x39, 0x68, 0x41,
    0x88, 0x39, 0x68, 0x39, 0x68, 0x41, 0x87, 0x39, 0x88, 0x39, 0x68, 0x39,
    0x88, 0x39, 0x68, 0x39, 0x87, 0x39, 0x88, 0x41, 0x68, 0x39, 0x88, 0x39,
    0x88, 0x39, 0x68, 0x41, 0x88, 0x39, 0x68, 0x39, 0x88, 0x41, 0x68, 0x39,
    0x68, 0x39, 0x88, 0x39, 0x68, 0x39, 0x68, 0x41, 0x88, 0x39, 0x68, 0x39,
    0x68, 0x41, 0x88, 0x39, 0x68, 0x39, 0x88, 0x39, 0x88, 0x41, 0x68, 0x39,
    0x88, 0x39, 0x88, 0x39, 0x68, 0x39, 0x68, 0x39, 0x88, 0x39, 0x68, 0x39,
    0x87, 0x41, 0x88, 0x39, 0x68, 0x39, 0x88, 0x41, 0x88, 0x39, 0x68, 0x41,
    0x88, 0x39, 0x88, 0x41, 0x68, 0x39, 0x88, 0x39, 0x88, 0x39, 0x68, 0x39,
    0x87, 0x39, 0x88, 0x39, 0x68, 0x41, 0x87, 0x39, 0x68, 0x39, 0x88, 0x39,
    0x67, 0x39, 0x88, 0x39, 0x68, 0x41, 0x88, 0x39, 0x88, 0x39, 0x68, 0x39,
    0x88, 0x39, 0x68, 0x41, 0x68, 0x39, 0x87, 0x39, 0x68, 0x39, 0x88, 0x41,
    0x88, 0x39, 0x67, 0x39, 0x88, 0x39, 0x68, 0x39, 0x68, 0x39, 0x88, 0x41,
    0x68, 0x39, 0x87, 0x39, 0x88, 0x41, 0x68, 0x39, 0x88, 0x39, 0x68, 0x41,
    0x68, 0x39, 0x88, 0x39, 0x88, 0x39, 0x68, 0x41, 0x88, 0x39, 0x87, 0x39,
    0x68, 0x39, 0x88, 0x41, 0x88, 0x39, 0x68, 0x39, 0x88, 0x41, 0x88, 0x39,
    0x68, 0x39, 0x68, 0x39, 0x88, 0x41, 0x68, 0x39, 0x88, 0x39, 0x87, 0x39,
    0x68, 0x39, 0x88, 0x39, 0x88, 0x39, 0x67, 0x41, 0x88, 0x39, 0x68, 0x39,
    0x88, 0x39, 0x88, 0x41, 0x68, 0x39, 0x88, 0x39, 0x88, 0x39, 0x68, 0x41,
    0x87, 0x39, 0x68, 0x39, 0x68, 0x41, 0x88, 0x39, 0x88, 0x41, 0x68, 0x39,
    0x88, 0x39, 0x68, 0x39, 0x68, 0x39, 0x88, 0x39, 0x68, 0x39, 0x88, 0x39,
    0x88, 0x39, 0x68, 0x41, 0x68, 0x39, 0x88, 0x41, 0x68, 0x39, 0x68, 0x39,
    0x87, 0x41, 0x68, 0x39, 0x88, 0x39, 0x88, 0x39, 0x68, 0x39, 0x87, 0x39,
    0x68, 0x39, 0x68, 0x39, 0x88, 0x39, 0x68, 0x39, 0x68, 0x39, 0x88, 0x41,
    0x88, 0x39, 0x68, 0x39, 0x88, 0x41, 0x88, 0x39, 0x68, 0x39, 0x88, 0x41,
    0x88, 0x39, 0x68, 0x39, 0x88, 0x41, 0x88, 0x39, 0x68, 0x39, 0x88, 0x39,
    0x68, 0x39, 0x88, 0x39, 0x88, 0x41, 0x68, 0x39, 0x88, 0x39, 0x88, 0x39,
    0x68, 0x39, 0x68, 0x39, 0x88, 0x39, 0x68, 0x41, 0x67, 0x39, 0x88, 0x39,
    0x68, 0x41, 0x88, 0x39, 0x88, 0x41, 0x68, 0x39, 0x88, 0x41, 0x68, 0x39,
    0x67, 0x39, 0x88, 0x39, 0x68, 0x39, 0x68, 0x41, 0x88, 0x39, 0x88, 0x41,
    0x68, 0x41, 0x68, 0x39, 0x88, 0x39, 0x68, 0x39, 0x88, 0x41, 0x88, 0x41,
    0x88, 0x39, 0x68, 0x39, 0x68, 0x39, 0x88, 0x41, 0x88, 0x39, 0x68, 0x41,
    0x88, 0x39, 0x88, 0x39, 0x68, 0x41, 0x68, 0x39, 0x88, 0x39, 0x88, 0x41,
    0x68, 0x39, 0x88, 0x39, 0x88, 0x41, 0x68, 0x39, 0x88, 0x39, 0x67, 0x41,
    0x68, 0x39, 0x88, 0x39, 0x88, 0x41, 0x68, 0x39, 0x88, 0x39, 0x67, 0x39,
    0x68, 0x39, 0x88, 0x39, 0x67, 0x39, 0x68, 0x41, 0x88, 0x39, 0x68, 0x39,
    0x88, 0x39, 0x88, 0x39, 0x68, 0x39, 0x88, 0x39, 0x88, 0x39, 0x67, 0x39,
    0x68, 0x39, 0x88, 0x39, 0x68, 0x39, 0x88, 0x39, 0x88, 0x41, 0x68, 0x39,
    0x88, 0x41, 0x68, 0x39, 0x88, 0x39, 0x68, 0x39, 0x88, 0x41, 0x68, 0x39,
    0x88, 0x39, 0x87, 0x39, 0x68, 0x39, 0x68, 0x39, 0x87, 0x39, 0x68, 0x39,
    0x68, 0x39, 0x88, 0x41, 0x68, 0x39, 0x68, 0x39, 0x88, 0x41, 0x87, 0x39,
    0x68, 0x39, 0x88, 0x39, 0x68, 0x41, 0x68, 0x39, 0x88, 0x39, 0x88, 0x41,
    0x68, 0x39, 0x88, 0x39, 0x68, 0x39, 0x68, 0x39, 0x88, 0x41, 0x67, 0x39,
    0x68, 0x39, 0x88, 0x39, 0x68, 0x41, 0x88, 0x39, 0x87, 0x39, 0x68, 0x41,
    0x88, 0x41, 0x88, 0x39, 0x68, 0x39, 0x88, 0x39, 0x88, 0x39, 0x67, 0x39,
    0x88, 0x39, 0x68, 0x39, 0x67, 0x39, 0x88, 0x39, 0x68, 0x39, 0x67, 0x39,
    0x88, 0x41, 0x88, 0x39, 0x68, 0x39, 0x88, 0x41, 0x88, 0x39, 0x68, 0x39,
    0x68, 0x39, 0x88, 0x39, 0x68, 0x39, 0x68, 0x39, 0x88, 0x41, 0x87, 0x39,
    0x68, 0x39, 0x68, 0x39, 0x88, 0x41, 0x67, 0x39, 0x68, 0x39, 0x88, 0x41,
    0x68, 0x39, 0x68, 0x39, 0x88, 0x41, 0x88, 0x39, 0x68, 0x41, 0x68, 0x41,
    0x88, 0x39, 0x68, 0x39, 0x68, 0x39, 0x88, 0x41, 0x68, 0x39, 0x88, 0x39,
    0x88, 0x39, 0x68, 0x39, 0x88, 0x41, 0x68, 0x39, 0x68, 0x39, 0x88, 0x39,
    0x68, 0x39, 0x88, 0x41, 0x88, 0x39, 0x68, 0x39, 0x88, 0x39, 0x68, 0x39,
    0x68, 0x39, 0x88, 0x39, 0x68, 0x39, 0x87, 0x39, 0x88, 0x39, 0x68, 0x41,
    0x67, 0x39, 0x88, 0x39, 0x68, 0x41, 0x68, 0x39, 0x88, 0x39, 0x68, 0x41,
    0x68, 0x39, 0x88, 0x39, 0x67, 0x39, 0x68, 0x39, 0x88, 0x41, 0x68, 0x39,
    0x88, 0x39, 0x67, 0x39, 0x68, 0x39, 0x88, 0x41, 0x68, 0x39, 0x88, 0x39,
    0x68, 0x41, 0x68, 0x39, 0x88, 0x39, 0x68, 0x41, 0x68, 0x39, 0x88, 0x39,
    0x67, 0x41, 0x68, 0x39, 0x88, 0x39, 0x68, 0x41, 0x68, 0x39, 0x88, 0x39,
    0x88, 0x39, 0x68, 0x41, 0x68, 0x39, 0x87, 0x39, 0x68, 0x41, 0x88, 0x39,
    0x87, 0x41, 0x68, 0x41, 0x88, 0x39, 0x68, 0x41, 0x67, 0x39, 0x88, 0x39,
    0x68, 0x39, 0x67, 0x39, 0x88, 0x39, 0x88, 0x41, 0x68, 0x39, 0x88, 0x39,
    0x68, 0x41, 0x68, 0x39, 0x88, 0x39, 0x68, 0x41, 0x88, 0x39, 0x88, 0x41,
    0x68, 0x41, 0x88, 0x39, 0x88, 0x41, 0x68, 0x39, 0x88, 0x39, 0x68, 0x39,
    0x68, 0x39, 0x88, 0x39, 0x68, 0x41, 0x68, 0x39, 0x87, 0x39, 0x68, 0x39,
    0x68, 0x39, 0x67, 0x41, 0x88, 0x39, 0x68, 0x39, 0x88, 0x41, 0x88, 0x39,
    0x67, 0x39, 0x68, 0x41, 0x88, 0x39, 0x67, 0x39, 0x88, 0x41, 0x68, 0x39,
    0x87, 0x41, 0x88, 0x39, 0x68, 0x39, 0x88, 0x39, 0x88, 0x39, 0x68, 0x39,
    0x68, 0x39, 0x87, 0x41, 0x68, 0x39, 0x88, 0x39, 0x88, 0x39, 0x68, 0x41,
    0x88, 0x39, 0x88, 0x39, 0x68, 0x39, 0x68, 0x39, 0x88, 0x39, 0x67, 0x39,
    0x88, 0x39, 0x68, 0x39, 0x88, 0x41, 0x88, 0x39, 0x88, 0x41, 0x88, 0x39,
    0x88, 0x39, 0x68, 0x39, 0x68, 0x39, 0x88, 0x39, 0x68, 0x41, 0x67, 0x39,
    0x88, 0x39, 0x88, 0x41, 0x68, 0x39, 0x68, 0x39, 0x88, 0x39, 0x68, 0x39,
    0x68, 0x39, 0x87, 0x39, 0x68, 0x41, 0x88, 0x39, 0x68, 0x39, 0x88, 0x39,
    0x88, 0x39, 0x68, 0x39, 0x87, 0x39, 0x88, 0x41, 0x68, 0x39, 0x88, 0x41,
    0x68, 0x39, 0x88, 0x39, 0x88, 0x39, 0x68, 0x39, 0x88, 0x39, 0x88, 0x39,
    0x68, 0x39, 0x68, 0x39, 0x88, 0x41, 0x68, 0x41, 0x88, 0x39, 0x88, 0x41,
    0x68, 0x39, 0x88, 0x41, 0x68, 0x39, 0x68, 0x39, 0x88, 0x39, 0x88, 0x39,
    0x67, 0x39, 0x88, 0x41, 0x68, 0x39, 0x88, 0x39, 0x67, 0x39, 0x68, 0x41,
    0x88, 0x39, 0x88, 0x39, 0x68, 0x41, 0x88, 0x39, 0x68, 0x41, 0x88, 0x39,
    0x87, 0x39, 0x68, 0x39, 0x88, 0x39, 0x67, 0x39, 0x68, 0x39, 0x88, 0x39,
    0x68, 0x39, 0x88, 0x39, 0x87, 0x39, 0x68, 0x39, 0x68, 0x41, 0x87, 0x39,
    0x68, 0x39, 0x88, 0x41, 0x88, 0x39, 0x68, 0x39, 0x88, 0x39, 0x88, 0x41,
    0x68, 0x39, 0x88, 0x39, 0x67, 0x39, 0x68, 0x39, 0x88, 0x39, 0x68, 0x39,
    0x68, 0x39, 0x87, 0x41, 0x68, 0x39, 0x88, 0x39, 0x68, 0x41, 0x88, 0x39,
    0x88, 0x41, 0x68, 0x39, 0x88, 0x41, 0x88, 0x41, 0x68, 0x39, 0x88, 0x39,
    0x68, 0x41, 0x68, 0x39, 0x87, 0x39, 0x68, 0x41, 0x88, 0x39, 0x68, 0x39,
    0x88, 0x41, 0x88, 0x39, 0x67, 0x39, 0x68, 0x39, 0x88, 0x39, 0x68, 0x39,
    0x68, 0x39, 0x88, 0x39, 0x88, 0x39, 0x68, 0x41, 0x88, 0x39, 0x88, 0x39,
    0x68, 0x41, 0x68, 0x39, 0x88, 0x39, 0x68, 0x39, 0x88, 0x39, 0x88, 0x39,
    0x88, 0x39, 0x68, 0x41, 0x87, 0x39, 0x68, 0x39, 0x68, 0x41, 0x87, 0x39,
    0x68, 0x39, 0x88, 0x41, 0x87, 0x39, 0x68, 0x39, 0x88, 0x41, 0x67, 0x39,
    0x68, 0x39, 0x88, 0x41, 0x68, 0x39, 0x87, 0x41, 0x88, 0x41, 0x68, 0x39,
    0x87, 0x41, 0x68, 0x39, 0x68, 0x41, 0x88, 0x39, 0x68, 0x39, 0x88, 0x39,
    0x88, 0x39, 0x68, 0x39, 0x87, 0x39, 0x88, 0x39, 0x68, 0x39, 0x88, 0x41,
    0x68, 0x39, 0x88, 0x39, 0x68, 0x41, 0x88, 0x39, 0x68, 0x39, 0x87, 0x41,
    0x88, 0x39, 0x68, 0x39, 0x88, 0x41, 0x88, 0x39, 0x67, 0x39, 0x68, 0x41,
    0x88, 0x39, 0x88, 0x39, 0x67, 0x39, 0x88, 0x39, 0x88, 0x39, 0x68, 0x39,
    0x88, 0x41, 0x88, 0x39, 0x67, 0x39, 0x88, 0x39, 0x68, 0x41, 0x87, 0x39,
    0x68, 0x39, 0x88, 0x39, 0x88, 0x39, 0x68, 0x39, 0x68, 0x39, 0x88, 0x39,
    0x68, 0x39, 0x88, 0x39, 0x88, 0x39, 0x68, 0x39, 0x88, 0x41, 0x88, 0x39,
    0x68, 0x41, 0x88, 0x39, 0x88, 0x39, 0x68, 0x39, 0x87, 0x39, 0x88, 0x39,
    0x68, 0x39, 0x88, 0x39, 0x67, 0x41, 0x68, 0x39, 0x88, 0x39, 0x68, 0x39,
    0x67, 0x39, 0x88, 0x39, 0x68, 0x39, 0x87, 0x41, 0x88, 0x39, 0x68, 0x41,
    0x87, 0x39, 0x88, 0x39, 0x68, 0x39, 0x88, 0x41, 0x88, 0x39, 0x68, 0x39,
    0x88, 0x41, 0x88, 0x39, 0x68, 0x39, 0x67, 0x39, 0x88, 0x41, 0x68, 0x39,
    0x88, 0x39, 0x68, 0x39, 0x68, 0x39, 0x88, 0x39, 0x68, 0x39, 0x68, 0x41,
    0x88, 0x39, 0x68, 0x39, 0x68, 0x41, 0x88, 0x39, 0x88, 0x41, 0x68, 0x39,
    0x88, 0x39, 0x68, 0x39, 0x68, 0x39, 0x88, 0x39, 0x67, 0x39, 0x68, 0x41,
    0x88, 0x39, 0x88, 0x41, 0x67, 0x41, 0x88, 0x39, 0x88, 0x39, 0x68, 0x39,
    0x88, 0x39, 0x68, 0x39, 0x68, 0x39, 0x88, 0x39, 0x88, 0x41, 0x88, 0x39,
    0x68, 0x39, 0x88, 0x41, 0x88, 0x39, 0x68, 0x39, 0x88, 0x39, 0x68, 0x39,
    0x68, 0x39, 0x88, 0x39, 0x87, 0x39, 0x68, 0x41, 0x88, 0x39, 0x87, 0x41,
    0x68, 0x39, 0x68, 0x39, 0x88, 0x39, 0x68, 0x41, 0x67, 0x39, 0x88, 0x39,
    0x68, 0x41, 0x68, 0x39, 0x88, 0x39, 0x68, 0x39, 0x68, 0x39, 0x88, 0x39,
    0x88, 0x41, 0x68, 0x39, 0x68, 0x41, 0x88, 0x39, 0x68, 0x41, 0x68, 0x39,
    0x68, 0x39, 0x88, 0x39, 0x67, 0x39, 0x68, 0x39, 0x68, 0x39, 0x88, 0x39,
    0x68, 0x41, 0x87, 0x39, 0x88, 0x39, 0x68, 0x41, 0x67, 0x39, 0x88, 0x39,
    0x68, 0x39, 0x68, 0x41, 0x88, 0x39, 0x88, 0x39, 0x68, 0x39, 0x88, 0x39,
    0x68, 0x41, 0x68, 0x39, 0x88, 0x39, 0x68, 0x41, 0x88, 0x39, 0x68, 0x39,
    0x68, 0x41, 0x88, 0x39, 0x88, 0x41, 0x68, 0x39, 0x88, 0x39, 0x68, 0x41,
    0x68, 0x41, 0x88, 0x39, 0x88, 0x39, 0x68, 0x41, 0x88, 0x39, 0x68, 0x39,
    0x68, 0x39, 0x88, 0x41, 0x67, 0x39, 0x68, 0x39, 0x88, 0x39, 0x68, 0x39,
    0x88, 0x41, 0x88, 0x39, 0x68, 0x39, 0x88, 0x41, 0x88, 0x39, 0x68, 0x39,
    0x88, 0x39, 0x68, 0x39, 0x88, 0x41, 0x67, 0x39, 0x68, 0x39, 0x88, 0x41,
    0x68, 0x39, 0x68, 0x39, 0x88, 0x39, 0x68, 0x39, 0x88, 0x39, 0x88, 0x39,
    0x68, 0x39, 0x88, 0x39, 0x68, 0x39, 0x88, 0x39, 0x67, 0x39, 0x88, 0x41,
    0x68, 0x39, 0x88, 0x41, 0x88, 0x39, 0x68, 0x41, 0x88, 0x39, 0x88, 0x41,
    0x68, 0x41, 0x87, 0x39, 0x68, 0x39, 0x68, 0x39, 0x88, 0x39, 0x87, 0x39,
    0x68, 0x39, 0x88, 0x39, 0x87, 0x39, 0x68, 0x41, 0x68, 0x39, 0x87, 0x39,
    0x68, 0x39, 0x88, 0x39, 0x88, 0x39, 0x68, 0x39, 0x88, 0x39, 0x68, 0x41,
    0x68, 0x39, 0x88, 0x39, 0x68, 0x39, 0x88, 0x39, 0x88, 0x41, 0x68, 0x39,
    0x88, 0x39, 0x68, 0x39, 0x68, 0x39, 0x88, 0x39, 0x68, 0x39, 0x88, 0x39,
    0x88, 0x39, 0x68, 0x39, 0x88, 0x41, 0x68, 0x39, 0x68, 0x39, 0x88, 0x41,
    0x68, 0x41, 0x68, 0x39, 0x88, 0x41, 0x68, 0x39, 0x88, 0x39, 0x67, 0x39,
    0x88, 0x39, 0x68, 0x41, 0x88, 0x39, 0x88, 0x39, 0x68, 0x39, 0x68, 0x39,
    0x88, 0x41, 0x68, 0x39, 0x88, 0x39, 0x68, 0x39, 0x88, 0x39, 0x88, 0x39,
    0x68, 0x41, 0x88, 0x39, 0x68, 0x41, 0x68, 0x39, 0x88, 0x39, 0x67, 0x41,
    0x68, 0x39, 0x88, 0x39, 0x68, 0x39, 0x88, 0x39, 0x88, 0x39, 0x68, 0x41,
    0x68, 0x39, 0x88, 0x39, 0x88, 0x41, 0x68, 0x39, 0x88, 0x39, 0x68, 0x41,
    0x68, 0x39, 0x87, 0x39, 0x68, 0x39, 0x68, 0x39, 0x88, 0x39, 0x68, 0x41,
    0x68, 0x39, 0x88, 0x39, 0x68, 0x41, 0x68, 0x39, 0x68, 0x41, 0x88, 0x39,
    0x88, 0x39, 0x68, 0x41, 0x88, 0x39, 0x88, 0x39, 0x68, 0x39, 0x88, 0x41,
    0x88, 0x39, 0x68, 0x39, 0x68, 0x39, 0x88, 0x39, 0x68, 0x39, 0x68, 0x41,
    0x88, 0x39, 0x68, 0x39, 0x67, 0x39, 0x88, 0x39, 0x68, 0x41, 0x88, 0x39,
    0x68, 0x39, 0x88, 0x39, 0x88, 0x39, 0x68, 0x41, 0x68, 0x39, 0x88, 0x39,
    0x88, 0x41, 0x88, 0x39, 0x68, 0x41, 0x88, 0x39, 0x88, 0x39, 0x68, 0x39,
    0x88, 0x39, 0x87, 0x39, 0x68, 0x39, 0x68, 0x41, 0x67, 0x39, 0x88, 0x39,
    0x88, 0x41, 0x68, 0x39, 0x88, 0x41, 0x88, 0x39, 0x68, 0x39, 0x68, 0x39,
    0x88, 0x39, 0x68, 0x39, 0x68, 0x39, 0x88, 0x41, 0x68, 0x39, 0x88, 0x41,
    0x68, 0x41, 0x87, 0x39, 0x68, 0x39, 0x68, 0x39, 0x68, 0x41, 0x68, 0x39,
    0x88, 0x39, 0x68, 0x41, 0x88, 0x39, 0x88, 0x39, 0x68, 0x41, 0x88, 0x39,
    0x68, 0x41, 0x68, 0x39, 0x88, 0x39, 0x68, 0x39, 0x68, 0x41, 0x88, 0x39,
    0x88, 0x39, 0x68, 0x41, 0x88, 0x39, 0x88, 0x39, 0x68, 0x41, 0x88, 0x39,
    0x68, 0x39, 0x88, 0x41, 0x88, 0x39, 0x67, 0x41, 0x88, 0x39, 0x68, 0x39,
    0x67, 0x39, 0x88, 0x39, 0x68, 0x39, 0x87, 0x41, 0x68, 0x39, 0x68, 0x39,
    0x88, 0x39, 0x88, 0x41, 0x88, 0x39, 0x68, 0x39, 0x88, 0x39, 0x67, 0x39,
    0x68, 0x39, 0x88, 0x39, 0x88, 0x39, 0x68, 0x41, 0x88, 0x39, 0x68, 0x39,
    0x88, 0x41, 0x68, 0x39, 0x87, 0x39, 0x68, 0x41, 0x88, 0x39, 0x88, 0x39,
    0x68, 0x39, 0x87, 0x39, 0x68, 0x39, 0x88, 0x39, 0x87, 0x39, 0x68, 0x39,
    0x68, 0x39, 0x88, 0x41, 0x68, 0x39, 0x88, 0x39, 0x88, 0x41, 0x67, 0x39,
    0x88, 0x39, 0x68, 0x39, 0x68, 0x41, 0x88, 0x39, 0x88, 0x39, 0x68, 0x39,
    0x88, 0x41, 0x88, 0x39, 0x68, 0x39, 0x88, 0x41, 0x67, 0x39, 0x68, 0x39,
    0x88, 0x39, 0x67, 0x41, 0x68, 0x39, 0x88, 0x39, 0x68, 0x41, 0x87, 0x41,
    0x68, 0x39, 0x88, 0x39, 0x88, 0x39, 0x68, 0x39, 0x88, 0x39, 0x88, 0x39,
    0x67, 0x39, 0x88, 0x39, 0x68, 0x39, 0x67, 0x41, 0x88, 0x39, 0x68, 0x41,
    0x87, 0x39, 0x68, 0x41, 0x88, 0x39, 0x68, 0x39, 0x88, 0x41, 0x68, 0x39,
    0x68, 0x39, 0x67, 0x39, 0x88, 0x39, 0x68, 0x39, 0x67, 0x39, 0x88, 0x39,
    0x88, 0x39, 0x68, 0x41, 0x88, 0x39, 0x68, 0x41, 0x68, 0x39, 0x88, 0x41,
    0x68, 0x39, 0x68, 0x39, 0x88, 0x41, 0x68, 0x39, 0x88, 0x39, 0x68, 0x41,
    0x68, 0x41, 0x88, 0x39, 0x68, 0x41, 0x88, 0x39, 0x88, 0x39, 0x68, 0x39,
    0x87, 0x41, 0x68, 0x39, 0x68, 0x39, 0x88, 0x41, 0x68, 0x39, 0x88, 0x39,
    0x88, 0x41, 0x67, 0x39, 0x88, 0x39, 0x68, 0x39, 0x68, 0x41, 0x88, 0x39,
    0x68, 0x39, 0x88, 0x39, 0x87, 0x39, 0x68, 0x39, 0x88, 0x39, 0x87, 0x39,
    0x68, 0x39, 0x88, 0x39, 0x68, 0x39, 0x88, 0x41, 0x68, 0x39, 0x88, 0x39,
    0x68, 0x41, 0x87, 0x39, 0x68, 0x39, 0x68, 0x41, 0x87, 0x39, 0x88, 0x39,
    0x68, 0x39, 0x88, 0x41, 0x67, 0x39, 0x68, 0x39, 0x88, 0x41, 0x68, 0x39,
    0x67, 0x39, 0x88, 0x39, 0x88, 0x41, 0x68, 0x39, 0x88, 0x39, 0x88, 0x39,
    0x68, 0x39, 0x88, 0x41, 0x68, 0x41, 0x68, 0x39, 0x88, 0x39, 0x68, 0x39,
    0x88, 0x41, 0x67, 0x39, 0x68, 0x39, 0x88, 0x41, 0x87, 0x39, 0x68, 0x39,
    0x88, 0x41, 0x88, 0x39, 0x68, 0x41, 0x87, 0x39, 0x88, 0x39, 0x68, 0x39,
    0x87, 0x39, 0x68, 0x39, 0x88, 0x39, 0x87, 0x41, 0x68, 0x39, 0x68, 0x39,
    0x88, 0x41, 0x67, 0x39, 0x88, 0x39, 0x68, 0x39, 0x67, 0x41, 0x88, 0x39,
    0x88, 0x39, 0x68, 0x41, 0x88, 0x41, 0x88, 0x39, 0x67, 0x39, 0x88, 0x39,
    0x68, 0x41, 0x88, 0x39, 0x88, 0x39, 0x68, 0x41, 0x68, 0x39, 0x87, 0x39,
    0x68, 0x39, 0x68, 0x41, 0x87, 0x39, 0x88, 0x39, 0x68, 0x39, 0x67, 0x39,
    0x88, 0x39, 0x68, 0x41, 0x67, 0x39, 0x88, 0x39, 0x67, 0x41, 0x68, 0x39,
    0x88, 0x41, 0x88, 0x39, 0x68, 0x39, 0x88, 0x39, 0x88, 0x39, 0x68, 0x39,
    0x67, 0x39, 0x88, 0x41, 0x68, 0x39, 0x87, 0x39, 0x88, 0x41, 0x68, 0x39,
    0x88, 0x39, 0x87, 0x39, 0x68, 0x39, 0x68, 0x39, 0x87, 0x39, 0x68, 0x39,
    0x88, 0x39, 0x88, 0x41, 0x88, 0x39, 0x88, 0x39, 0x68, 0x39, 0x88, 0x39,
    0x88, 0x39, 0x68, 0x39, 0x67, 0x39, 0x88, 0x41, 0x68, 0x39, 0x87, 0x39,
    0x88, 0x39, 0x68, 0x41, 0x88, 0x39, 0x88, 0x39, 0x68, 0x39, 0x68, 0x39,
    0x88, 0x39, 0x67, 0x41, 0x88, 0x39, 0x68, 0x39, 0x88, 0x39, 0x88, 0x39,
    0x67, 0x39, 0x68, 0x39, 0x88, 0x41, 0x68, 0x39, 0x88, 0x39, 0x88, 0x41,
    0x68, 0x39, 0x88, 0x39, 0x88, 0x39, 0x68, 0x39, 0x88, 0x39, 0x88, 0x39,
    0x68, 0x39, 0x68, 0x39, 0x88, 0x41, 0x88, 0x41, 0x68, 0x39, 0x88, 0x41,
    0x88, 0x39, 0x68, 0x39, 0x68, 0x41, 0x88, 0x39, 0x68, 0x39, 0x88, 0x39,
    0x88, 0x39, 0x68, 0x39, 0x68, 0x39, 0x88, 0x41, 0x68, 0x39, 0x68, 0x39,
    0x88, 0x41, 0x68, 0x41, 0x88, 0x39, 0x68, 0x39, 0x88, 0x41, 0x88, 0x39,
    0x68, 0x39, 0x87, 0x39, 0x68, 0x39, 0x68, 0x39, 0x88, 0x39, 0x88, 0x39,
    0x68, 0x39, 0x88, 0x39, 0x67, 0x39, 0x88, 0x39, 0x68, 0x41, 0x67, 0x39,
    0x88, 0x39, 0x68, 0x39, 0x88, 0x39, 0x88, 0x41, 0x68, 0x39, 0x88, 0x39,
    0x88, 0x41, 0x68, 0x39, 0x88, 0x39, 0x68, 0x39, 0x68, 0x39, 0x88, 0x39,
    0x68, 0x39, 0x68, 0x41, 0x88, 0x39, 0x68, 0x41, 0x68, 0x39, 0x88, 0x39,
    0x68, 0x41, 0x88, 0x39, 0x88, 0x41, 0x68, 0x39, 0x68, 0x39, 0x88, 0x39,
    0x68, 0x39, 0x88, 0x41, 0x68, 0x39, 0x88, 0x39, 0x68, 0x39, 0x88, 0x39,
    0x88, 0x39, 0x68, 0x41, 0x88, 0x39, 0x88, 0x39, 0x68, 0x41, 0x68, 0x39,
    0x88, 0x39, 0x68, 0x39, 0x88, 0x39, 0x87, 0x39, 0x68, 0x41, 0x88, 0x39,
    0x88, 0x39, 0x68, 0x41, 0x88, 0x39, 0x88, 0x39, 0x68, 0x39, 0x88, 0x39,
    0x87, 0x39, 0x68, 0x39, 0x68, 0x39, 0x87, 0x41, 0x68, 0x39, 0x88, 0x39,
    0x88, 0x39, 0x68, 0x41, 0x88, 0x39, 0x67, 0x39, 0x68, 0x39, 0x88, 0x39,
    0x68, 0x39, 0x88, 0x41, 0x88, 0x39, 0x68, 0x39, 0x87, 0x41, 0x68, 0x39,
    0x68, 0x41, 0x88, 0x41, 0x68, 0x39, 0x88, 0x41, 0x68, 0x39, 0x88, 0x39,
    0x88, 0x41, 0x67, 0x39, 0x88, 0x39, 0x68, 0x39, 0x87, 0x41, 0x68, 0x39,
    0x88, 0x39, 0x88, 0x39, 0x68, 0x39, 0x68, 0x39, 0x88, 0x41, 0x68, 0x39,
    0x68, 0x39, 0x88, 0x39, 0x88, 0x41, 0x68, 0x39, 0x88, 0x39, 0x68, 0x41,
    0x88, 0x39, 0x68, 0x39, 0x68, 0x39, 0x87, 0x41, 0x68, 0x39, 0x68, 0x39,
    0x88, 0x39, 0x88, 0x39, 0x67, 0x39, 0x88, 0x41, 0x68, 0x39, 0x87, 0x39,
    0x88, 0x39, 0x68, 0x39, 0x68, 0x39, 0x88, 0x41, 0x68, 0x39, 0x68, 0x39,
    0x88, 0x39, 0x68, 0x39, 0x68, 0x41, 0x88, 0x39, 0x68, 0x41, 0x88, 0x39,
    0x68, 0x41, 0x88, 0x39, 0x68, 0x39, 0x88, 0x39, 0x88, 0x39, 0x68, 0x39,
    0x68, 0x39, 0x88, 0x39, 0x68, 0x41, 0x88, 0x39, 0x68, 0x39, 0x68, 0x39,
    0x88, 0x39, 0x67, 0x39, 0x68, 0x39, 0x88, 0x41, 0x68, 0x39, 0x88, 0x39,
    0x68, 0x39, 0x68, 0x41, 0x88, 0x39, 0x88, 0x39, 0x68, 0x39, 0x88, 0x39,
    0x88, 0x41, 0x68, 0x39, 0x68, 0x39, 0x88, 0x41, 0x88, 0x39, 0x68, 0x39,
    0x88, 0x39, 0x68, 0x39, 0x88, 0x39, 0x88, 0x39, 0x68, 0x39, 0x88, 0x41,
    0x68, 0x39, 0x68, 0x39, 0x88, 0x41, 0x68, 0x39, 0x88, 0x41, 0x68, 0x39,
    0x88, 0x39, 0x68, 0x39, 0x68, 0x39, 0x88, 0x39, 0x68, 0x41, 0x68, 0x39,
    0x88, 0x41, 0x88, 0x41, 0x68, 0x39, 0x88, 0x39, 0x88, 0x41, 0x68, 0x39,
    0x68, 0x39, 0x68, 0x39, 0x88, 0x41, 0x68, 0x39, 0x88, 0x41, 0x68, 0x39,
    0x88, 0x41, 0x68, 0x39, 0x88, 0x39, 0x68, 0x39, 0x68, 0x39, 0x88, 0x39,
    0x68, 0x41, 0x87, 0x39, 0x68, 0x39, 0x88, 0x41, 0x87, 0x39, 0x68, 0x39,
    0x88, 0x41, 0x68, 0x39, 0x68, 0x39, 0x88, 0x39, 0x67, 0x41, 0x68, 0x39,
    0x88, 0x39, 0x88, 0x41, 0x68, 0x39, 0x68, 0x39, 0x88, 0x39, 0x68, 0x41,
    0x68, 0x39, 0x87, 0x41, 0x68, 0x41, 0x68, 0x39, 0x88, 0x39, 0x68, 0x41,
    0x68, 0x39, 0x68, 0x39, 0x87, 0x39, 0x68, 0x39, 0x68, 0x39, 0x88, 0x41,
    0x88, 0x39, 0x67, 0x39, 0x68, 0x39, 0x88, 0x39, 0x67, 0x41, 0x68, 0x39,
    0x88, 0x41, 0x87, 0x39, 0x68, 0x39, 0x88, 0x39, 0x67, 0x41, 0x88, 0x39,
    0x88, 0x39, 0x68, 0x39, 0x68, 0x39, 0x88, 0x41, 0x68, 0x39, 0x68, 0x41,
    0x88, 0x39, 0x88, 0x39, 0x68, 0x41, 0x68, 0x39, 0x87, 0x41, 0x68, 0x39,
    0x68, 0x41, 0x88, 0x41, 0x88, 0x39, 0x68, 0x39, 0x88, 0x39, 0x88, 0x41,
    0x68, 0x39, 0x68, 0x39, 0x87, 0x41, 0x68, 0x39, 0x68, 0x39, 0x88, 0x39,
    0x68, 0x39, 0x88, 0x39, 0x88, 0x41, 0x68, 0x39, 0x88, 0x39, 0x88, 0x39,
    0x68, 0x41, 0x87, 0x39, 0x88, 0x39, 0x68, 0x39, 0x87, 0x41, 0x68, 0x39,
    0x68, 0x39, 0x88, 0x41, 0x88, 0x39, 0x68, 0x39, 0x88, 0x39, 0x88, 0x39,
    0x68, 0x39, 0x67, 0x39, 0x88, 0x41, 0x68, 0x39, 0x87, 0x39, 0x68, 0x41,
    0x88, 0x39, 0x68, 0x39, 0x68, 0x41, 0x88, 0x39, 0x88, 0x39, 0x68, 0x41,
    0x67, 0x39, 0x88, 0x39, 0x68, 0x41, 0x88, 0x39, 0x68, 0x39, 0x68, 0x39,
    0x87, 0x39, 0x68, 0x39, 0x68, 0x39, 0x87, 0x41, 0x68, 0x39, 0x68, 0x39,
    0x88, 0x41, 0x68, 0x39, 0x88, 0x39, 0x68, 0x39, 0x68, 0x41, 0x88, 0x39,
    0x68, 0x39, 0x88, 0x39, 0x88, 0x39, 0x68, 0x41, 0x88, 0x39, 0x68, 0x39,
    0x67, 0x41, 0x88, 0x39, 0x68, 0x39, 0x88, 0x39, 0x88, 0x39, 0x68, 0x39,
    0x88, 0x39, 0x67, 0x39, 0x88, 0x39, 0x68, 0x41, 0x68, 0x39, 0x68, 0x39,
    0x88, 0x41, 0x68, 0x39, 0x68, 0x39, 0x88, 0x41, 0x68, 0x39, 0x68, 0x39,
    0x88, 0x39, 0x68, 0x41, 0x88, 0x39, 0x88, 0x39, 0x68, 0x39, 0x88, 0x41,
    0x67, 0x39, 0x88, 0x39, 0x68, 0x39, 0x88, 0x39, 0x67, 0x39, 0x88, 0x39,
    0x88, 0x41, 0x68, 0x39, 0x88, 0x39, 0x88, 0x39, 0x68, 0x41, 0x68, 0x39,
    0x88, 0x41, 0x68, 0x39, 0x88, 0x39, 0x88, 0x39, 0x68, 0x41, 0x68, 0x39,
    0x88, 0x41, 0x88, 0x39, 0x68, 0x39, 0x88, 0x39, 0x88, 0x39, 0x67, 0x41,
    0x88, 0x39, 0x88, 0x39, 0x68, 0x39, 0x68, 0x39, 0x88, 0x39, 0x68, 0x41,
    0x88, 0x39, 0x67, 0x39, 0x68, 0x41, 0x88, 0x39, 0x68, 0x41, 0x87, 0x39,
    0x88, 0x39, 0x68, 0x41, 0x88, 0x39, 0x88, 0x39, 0x68, 0x41, 0x88, 0x39,
    0x88, 0x41, 0x68, 0x39, 0x88, 0x39, 0x68, 0x39, 0x88, 0x41, 0x68, 0x39,
    0x87, 0x39, 0x68, 0x39, 0x68, 0x41, 0x87, 0x39, 0x68, 0x39, 0x68, 0x41,
    0x88, 0x39, 0x88, 0x39, 0x68, 0x39, 0x68, 0x41, 0x88, 0x39, 0x68, 0x41,
    0x88, 0x41, 0x68, 0x39, 0x88, 0x41, 0x68, 0x39, 0x88, 0x39, 0x88, 0x39,
    0x67, 0x39, 0x88, 0x39, 0x68, 0x39, 0x87, 0x41, 0x68, 0x39, 0x88, 0x39,
    0x88, 0x41, 0x68, 0x39, 0x88, 0x39, 0x88, 0x41, 0x67, 0x39, 0x68, 0x39,
    0x88, 0x39, 0x68, 0x39, 0x68, 0x39, 0x88, 0x41, 0x68, 0x39, 0x88, 0x39,
    0x87, 0x41, 0x68, 0x39, 0x68, 0x39, 0x87, 0x39, 0x68, 0x39, 0x88, 0x41,
    0x67, 0x39, 0x88, 0x39, 0x88, 0x41, 0x68, 0x39, 0x88, 0x39, 0x68, 0x41,
    0x88, 0x39, 0x68, 0x39, 0x68, 0x39, 0x88, 0x41, 0x68, 0x39, 0x88, 0x39,
    0x88, 0x39, 0x68, 0x39, 0x88, 0x39, 0x88, 0x41, 0x68, 0x39, 0x68, 0x39,
    0x88, 0x41, 0x88, 0x39, 0x67, 0x39, 0x88, 0x39, 0x88, 0x39, 0x67, 0x39,
    0x88, 0x39, 0x88, 0x39, 0x68, 0x39, 0x88, 0x39, 0x87, 0x39, 0x68, 0x39,
    0x88, 0x39, 0x88, 0x39, 0x68, 0x39, 0x88, 0x39, 0x68, 0x39, 0x68, 0x39,
    0x88, 0x41, 0x68, 0x39, 0x88, 0x39, 0x88, 0x41, 0x68, 0x39, 0x88, 0x39,
    0x68, 0x41, 0x68, 0x39, 0x88, 0x39, 0x68, 0x41, 0x88, 0x39, 0x68, 0x39,
    0x87, 0x39, 0x68, 0x39, 0x88, 0x41, 0x87, 0x39, 0x68, 0x39, 0x68, 0x39,
    0x87, 0x41, 0x68, 0x39, 0x88, 0x39, 0x88, 0x41, 0x68, 0x39, 0x88, 0x39,
    0x68, 0x39, 0x88, 0x39, 0x68, 0x41, 0x68, 0x39, 0x88, 0x39, 0x88, 0x39,
    0x68, 0x41, 0x88, 0x39, 0x88, 0x39, 0x68, 0x39, 0x88, 0x41, 0x67, 0x39,
    0x68, 0x39, 0x88, 0x41, 0x67, 0x39, 0x68, 0x39, 0x88, 0x41, 0x67, 0x39,
    0x88, 0x39, 0x68, 0x39, 0x68, 0x39, 0x88, 0x39, 0x88, 0x41, 0x68, 0x39,
    0x88, 0x39, 0x67, 0x39, 0x68, 0x39, 0x88, 0x41, 0x67, 0x41, 0x88, 0x39,
    0x88, 0x39, 0x68, 0x41, 0x88, 0x39, 0x88, 0x39, 0x68, 0x41, 0x88, 0x39,
    0x67, 0x39, 0x88, 0x39, 0x68, 0x39, 0x87, 0x39, 0x68, 0x39, 0x88, 0x39,
    0x88, 0x41, 0x68, 0x39, 0x88, 0x39, 0x68, 0x39, 0x88, 0x41, 0x88, 0x39,
    0x68, 0x41, 0x88, 0x39, 0x68, 0x39, 0x88, 0x41, 0x88, 0x39, 0x68, 0x39,
    0x88, 0x41, 0x88, 0x39, 0x68, 0x39, 0x88, 0x39, 0x87, 0x39, 0x68, 0x41,
    0x68, 0x39, 0x87, 0x39, 0x68, 0x41, 0x88, 0x39, 0x88, 0x39, 0x68, 0x41,
    0x88, 0x39, 0x68, 0x39, 0x68, 0x41, 0x87, 0x39, 0x68, 0x39, 0x88, 0x41,
    0x88, 0x39, 0x68, 0x39, 0x88, 0x39, 0x88, 0x39, 0x67, 0x39, 0x88, 0x39,
    0x88, 0x39, 0x68, 0x39, 0x88, 0x39, 0x88, 0x39, 0x68, 0x39, 0x88, 0x41,
    0x67, 0x39, 0x68, 0x39, 0x88, 0x41, 0x67, 0x39, 0x88, 0x39, 0x88, 0x39,
    0x68, 0x41, 0x68, 0x39, 0x88, 0x39, 0x68, 0x41, 0x68, 0x39, 0x88, 0x39,
    0x68, 0x39, 0x67, 0x41, 0x88, 0x39, 0x88, 0x39, 0x68, 0x39, 0x87, 0x39,
    0x88, 0x41, 0x68, 0x39, 0x68, 0x39, 0x88, 0x39, 0x68, 0x39, 0x68, 0x39,
    0x88, 0x39, 0x67, 0x41, 0x88, 0x39, 0x68, 0x39, 0x88, 0x41, 0x68, 0x39,
    0x68, 0x39, 0x87, 0x41, 0x88, 0x39, 0x68, 0x39, 0x87, 0x39, 0x88, 0x39,
    0x68, 0x39, 0x88, 0x39, 0x88, 0x39, 0x68, 0x41, 0x68, 0x39, 0x88, 0x39,
    0x68, 0x41, 0x68, 0x39, 0x87, 0x39, 0x68, 0x39, 0x68, 0x39, 0x87, 0x39,
    0x68, 0x39, 0x88, 0x41, 0x68, 0x39, 0x87, 0x39, 0x68, 0x39, 0x88, 0x41,
    0x88, 0x39, 0x88, 0x39, 0x68, 0x39, 0x88, 0x41, 0x88, 0x39, 0x67, 0x39,
    0x68, 0x39, 0x88, 0x39, 0x87, 0x41, 0x68, 0x39, 0x68, 0x39, 0x87, 0x39,
    0x68, 0x39, 0x88, 0x39, 0x67, 0x39, 0x68, 0x41, 0x88, 0x39, 0x68, 0x39,
    0x88, 0x41, 0x68, 0x39, 0x88, 0x39, 0x68, 0x39, 0x68, 0x39, 0x87, 0x39,
    0x68, 0x41, 0x68, 0x39, 0x87, 0x39, 0x68, 0x39, 0x88, 0x39, 0x88, 0x39,
    0x68, 0x39, 0x87, 0x39, 0x88, 0x41, 0x68, 0x39, 0x67, 0x39, 0x88, 0x39,
    0x88, 0x39, 0x68, 0x41, 0x88, 0x39, 0x88, 0x39, 0x68, 0x39, 0x68, 0x39,
    0x88, 0x39, 0x68, 0x39, 0x68, 0x41, 0x87, 0x39, 0x88, 0x39, 0x68, 0x41,
    0x87, 0x39, 0x88, 0x39, 0x68, 0x39, 0x68, 0x39, 0x88, 0x41, 0x67, 0x39,
    0x68, 0x39, 0x88, 0x41, 0x67, 0x39, 0x88, 0x39, 0x88, 0x39, 0x68, 0x39,
    0x68, 0x39, 0x88, 0x39, 0x68, 0x41, 0x68, 0x39, 0x88, 0x41, 0x68, 0x39,
    0x68, 0x39, 0x88, 0x41, 0x68, 0x39, 0x68, 0x39, 0x88, 0x41, 0x68, 0x39,
    0x68, 0x39, 0x68, 0x41, 0x88, 0x41, 0x88, 0x39, 0x67, 0x39, 0x88, 0x39,
    0x68, 0x41, 0x88, 0x39, 0x68, 0x39, 0x88, 0x39, 0x88, 0x39, 0x68, 0x39,
    0x88, 0x39, 0x88, 0x39, 0x68, 0x39, 0x88, 0x39, 0x68, 0x39, 0x88, 0x41,
    0x68, 0x39, 0x88, 0x39, 0x68, 0x39, 0x88, 0x39, 0x88, 0x39, 0x68, 0x39,
    0x88, 0x39, 0x68, 0x39, 0x88, 0x39, 0x67, 0x39, 0x88, 0x39, 0x88, 0x39,
    0x67, 0x39, 0x88, 0x39, 0x68, 0x39, 0x67, 0x41, 0x88, 0x39, 0x68, 0x39,
    0x67, 0x39, 0x88, 0x39, 0x68, 0x39, 0x88, 0x41, 0x88, 0x39, 0x68, 0x39,
    0x88, 0x41, 0x88, 0x39, 0x68, 0x39, 0x88, 0x39, 0x68, 0x41, 0x88, 0x39,
    0x68, 0x39, 0x88, 0x41, 0x68, 0x39, 0x88, 0x39, 0x68, 0x39, 0x88, 0x41,
    0x88, 0x39, 0x68, 0x39, 0x88, 0x39, 0x68, 0x39, 0x68, 0x39, 0x88, 0x39,
    0x68, 0x41, 0x68, 0x39, 0x88, 0x39, 0x68, 0x39, 0x68, 0x39, 0x88, 0x41,
    0x88, 0x39, 0x68, 0x41, 0x88, 0x39, 0x68, 0x41, 0x68, 0x39, 0x88, 0x39,
    0x68, 0x39, 0x88, 0x41, 0x67, 0x39, 0x68, 0x39, 0x88, 0x39, 0x67, 0x39,
    0x88, 0x41, 0x88, 0x39, 0x68, 0x39, 0x68, 0x39, 0x87, 0x39, 0x68, 0x39,
    0x68, 0x39, 0x87, 0x41, 0x68, 0x39, 0x68, 0x39, 0x88, 0x41, 0x68, 0x39,
    0x88, 0x39, 0x68, 0x41, 0x68, 0x39, 0x88, 0x39, 0x67, 0x39, 0x88, 0x39,
    0x88, 0x39, 0x68, 0x39, 0x88, 0x41, 0x68, 0x39, 0x68, 0x39, 0x88, 0x41,
    0x68, 0x39, 0x68, 0x39, 0x88, 0x41, 0x68, 0x39, 0x88, 0x41, 0x68, 0x39,
    0x68, 0x41, 0x87, 0x41, 0x68, 0x39, 0x88, 0x39, 0x87, 0x41, 0x68, 0x39,
    0x88, 0x39, 0x88, 0x39, 0x68, 0x41, 0x68, 0x39, 0x88, 0x39, 0x68, 0x39,
    0x88, 0x41, 0x88, 0x39, 0x67, 0x39, 0x88, 0x41, 0x88, 0x39, 0x68, 0x39,
    0x88, 0x39, 0x68, 0x39, 0x68, 0x41, 0x88, 0x39, 0x68, 0x39, 0x68, 0x39,
    0x88, 0x39, 0x67, 0x41, 0x88, 0x39, 0x88, 0x41, 0x67, 0x39, 0x88, 0x39,
    0x88, 0x39, 0x68, 0x41, 0x68, 0x39, 0x88, 0x39, 0x67, 0x41, 0x88, 0x39,
    0x68, 0x39, 0x68, 0x41, 0x88, 0x39, 0x68, 0x41, 0x68, 0x39, 0x88, 0x39,
    0x68, 0x41, 0x68, 0x39, 0x88, 0x39, 0x87, 0x39, 0x68, 0x39, 0x88, 0x39,
    0x88, 0x39, 0x68, 0x39, 0x88, 0x41, 0x88, 0x39, 0x68, 0x39, 0x88, 0x41,
    0x68, 0x39, 0x68, 0x39, 0x88, 0x41, 0x68, 0x39, 0x88, 0x39, 0x68, 0x39,
    0x68, 0x41, 0x88, 0x39, 0x68, 0x39, 0x68, 0x39, 0x88, 0x41, 0x88, 0x39,
    0x68, 0x39, 0x68, 0x41, 0x88, 0x39, 0x88, 0x39, 0x68, 0x39, 0x88, 0x39,
    0x88, 0x39, 0x68, 0x39, 0x88, 0x39, 0x88, 0x41, 0x68, 0x39, 0x67, 0x39,
    0x88, 0x41, 0x68, 0x39, 0x88, 0x39, 0x88, 0x41, 0x68, 0x39, 0x88, 0x39,
    0x88, 0x39, 0x68, 0x41, 0x88, 0x39, 0x68, 0x39, 0x68, 0x41, 0x88, 0x41,
    0x68, 0x39, 0x68, 0x39, 0x88, 0x39, 0x88, 0x39, 0x68, 0x41, 0x68, 0x39,
    0x88, 0x39, 0x68, 0x39, 0x68, 0x41, 0x88, 0x39, 0x88, 0x41, 0x67, 0x39,
    0x88, 0x39, 0x68, 0x41, 0x68, 0x39, 0x88, 0x39, 0x68, 0x39, 0x68, 0x39,
    0x88, 0x41, 0x88, 0x39, 0x68, 0x39, 0x88, 0x41, 0x88, 0x39, 0x68, 0x39,
    0x88, 0x41, 0x68, 0x39, 0x68, 0x39, 0x88, 0x41, 0x88, 0x41, 0x67, 0x39,
    0x88, 0x39, 0x88, 0x41, 0x68, 0x39, 0x88, 0x39, 0x88, 0x39, 0x68, 0x41,
    0x88, 0x39, 0x87, 0x39, 0x68, 0x41, 0x88, 0x39, 0x68, 0x39, 0x88, 0x39,
    0x68, 0x39, 0x88, 0x39, 0x68, 0x39, 0x68, 0x41, 0x88, 0x39, 0x88, 0x39,
    0x67, 0x39, 0x68, 0x41, 0x88, 0x39, 0x67, 0x39, 0x68, 0x41, 0x88, 0x39,
    0x67, 0x41, 0x68, 0x39, 0x88, 0x41, 0x67, 0x39, 0x88, 0x39, 0x68, 0x41,
    0x88, 0x39, 0x68, 0x41, 0x67, 0x39, 0x68, 0x41, 0x88, 0x41, 0x88, 0x39,
    0x68, 0x39, 0x88, 0x41, 0x68, 0x39, 0x68, 0x41, 0x88, 0x39, 0x68, 0x41,
    0x68, 0x41, 0x88, 0x39, 0x88, 0x39, 0x68, 0x39, 0x88, 0x41, 0x68, 0x39,
    0x88, 0x39, 0x68, 0x41, 0x67, 0x39, 0x88, 0x39, 0x68, 0x39, 0x68, 0x39,
    0x88, 0x39, 0x67, 0x41, 0x88, 0x39, 0x88, 0x39, 0x68, 0x39, 0x88, 0x39,
    0x88, 0x41, 0x67, 0x39, 0x88, 0x41, 0x68, 0x39, 0x67, 0x39, 0x88, 0x39,
    0x68, 0x41, 0x88, 0x39, 0x87, 0x41, 0x68, 0x39, 0x88, 0x39, 0x88, 0x41,
    0x67, 0x39, 0x88, 0x39, 0x88, 0x41, 0x67, 0x39, 0x68, 0x39, 0x88, 0x39,
    0x68, 0x39, 0x68, 0x39, 0x88, 0x41, 0x88, 0x39, 0x67, 0x39, 0x88, 0x41,
    0x68, 0x39, 0x88, 0x39, 0x88, 0x41, 0x68, 0x39, 0x88, 0x39, 0x68, 0x39,
    0x68, 0x39, 0x88, 0x41, 0x67, 0x39, 0x88, 0x39, 0x88, 0x41, 0x68, 0x39,
    0x88, 0x39, 0x88, 0x41, 0x68, 0x39, 0x88, 0x39, 0x68, 0x39, 0x88, 0x39,
    0x88, 0x39, 0x68, 0x39, 0x88, 0x39, 0x68, 0x41, 0x68, 0x39, 0x88, 0x39,
    0x68, 0x41, 0x87, 0x39, 0x88, 0x39, 0x68, 0x39, 0x88, 0x39, 0x87, 0x39,
    0x68, 0x39, 0x88, 0x41, 0x67, 0x39, 0x88, 0x39, 0x68, 0x39, 0x88, 0x39,
    0x88, 0x39, 0x68, 0x39, 0x68, 0x39, 0x88, 0x41, 0x68, 0x39, 0x68, 0x39,
    0x88, 0x39, 0x88, 0x41, 0x68, 0x39, 0x88, 0x39, 0x68, 0x41, 0x67, 0x39,
    0x88, 0x39, 0x68, 0x39, 0x68, 0x39, 0x88, 0x39, 0x68, 0x41, 0x87, 0x39,
    0x88, 0x39, 0x68, 0x41, 0x88, 0x39, 0x87, 0x39, 0x68, 0x41, 0x88, 0x39,
    0x68, 0x39, 0x88, 0x39, 0x68, 0x39, 0x68, 0x41, 0x88, 0x39, 0x68, 0x39,
    0x88, 0x41, 0x68, 0x39, 0x88, 0x39, 0x88, 0x39, 0x68, 0x39, 0x88, 0x39,
    0x88, 0x39, 0x68, 0x39, 0x88, 0x39, 0x88, 0x39, 0x68, 0x41, 0x87, 0x39,
    0x88, 0x39, 0x68, 0x41, 0x68, 0x39, 0x88, 0x41, 0x68, 0x39, 0x68, 0x41,
    0x87, 0x39, 0x68, 0x39, 0x68, 0x41, 0x88, 0x39, 0x88, 0x39, 0x68, 0x41,
    0x87, 0x39, 0x88, 0x39, 0x68, 0x39, 0x88, 0x41, 0x67, 0x39, 0x88, 0x39,
    0x68, 0x39, 0x87, 0x41, 0x88, 0x39, 0x68, 0x39, 0x67, 0x39, 0x88, 0x41,
    0x88, 0x39, 0x68, 0x39, 0x68, 0x39, 0x88, 0x41, 0x67, 0x39, 0x68, 0x41,
    0x88, 0x41, 0x68, 0x39, 0x68, 0x39, 0x88, 0x39, 0x68, 0x39, 0x88, 0x39,
    0x88, 0x39, 0x68, 0x41, 0x67, 0x39, 0x88, 0x39, 0x68, 0x41, 0x68, 0x39,
    0x88, 0x39, 0x88, 0x39, 0x68, 0x41, 0x88, 0x39, 0x87, 0x39, 0x68, 0x39,
    0x88, 0x41, 0x68, 0x39, 0x68, 0x39, 0x88, 0x41, 0x88, 0x39, 0x68, 0x39,
    0x87, 0x41, 0x88, 0x39, 0x68, 0x39, 0x67, 0x39, 0x88, 0x39, 0x88, 0x41,
    0x68, 0x39, 0x88, 0x39, 0x88, 0x39, 0x68, 0x41, 0x88, 0x39, 0x68, 0x39,
    0x68, 0x39, 0x88, 0x41, 0x67, 0x39, 0x68, 0x39, 0x88, 0x39, 0x68, 0x39,
    0x88, 0x39, 0x88, 0x39, 0x68, 0x39, 0x68, 0x39, 0x88, 0x39, 0x68, 0x39,
    0x68, 0x41, 0x87, 0x39, 0x68, 0x39, 0x68, 0x39, 0x87, 0x39, 0x68, 0x39,
    0x68, 0x39, 0x88, 0x39, 0x88, 0x39, 0x68, 0x41, 0x87, 0x39, 0x68, 0x39,
    0x88, 0x39, 0x88, 0x39, 0x67, 0x39, 0x68, 0x39, 0x88, 0x41, 0x68, 0x39,
    0x88, 0x39, 0x88, 0x39, 0x68, 0x41, 0x88, 0x39, 0x68, 0x39, 0x88, 0x41,
    0x88, 0x39, 0x68, 0x39, 0x88, 0x39, 0x88, 0x41, 0x68, 0x39, 0x88, 0x39,
    0x67, 0x39, 0x88, 0x39, 0x88, 0x39, 0x68, 0x39, 0x68, 0x39, 0x87, 0x39,
    0x68, 0x41, 0x88, 0x39, 0x87, 0x39, 0x68, 0x39, 0x88, 0x39, 0x68, 0x39,
    0x88, 0x39, 0x88, 0x41, 0x68, 0x39, 0x88, 0x39, 0x67, 0x39, 0x88, 0x41,
    0x88, 0x39, 0x68, 0x39, 0x88, 0x41, 0x88, 0x39, 0x68, 0x41, 0x87, 0x39,
    0x68, 0x39, 0x68, 0x39, 0x88, 0x41, 0x68, 0x39, 0x67, 0x39, 0x88, 0x41,
    0x68, 0x39, 0x68, 0x39, 0x88, 0x39, 0x88, 0x41, 0x68, 0x39, 0x68, 0x39,
    0x88, 0x39, 0x68, 0x39, 0x68, 0x39, 0x88, 0x41, 0x68, 0x39, 0x68, 0x39,
    0x88, 0x39, 0x68, 0x39, 0x88, 0x39, 0x88, 0x41, 0x68, 0x39, 0x87, 0x39,
    0x88, 0x41, 0x68, 0x39, 0x87, 0x39, 0x68, 0x39, 0x88, 0x39, 0x68, 0x41,
    0x88, 0x39, 0x67, 0x39, 0x68, 0x39, 0x88, 0x41, 0x88, 0x39, 0x68, 0x39,
    0x88, 0x41, 0x68, 0x39, 0x88, 0x39, 0x68, 0x41, 0x68, 0x39, 0x88, 0x39,
    0x68, 0x39, 0x68, 0x39, 0x87, 0x41, 0x88, 0x39, 0x68, 0x41, 0x67, 0x39,
    0x88, 0x41, 0x88, 0x39, 0x67, 0x39, 0x88, 0x41, 0x88, 0x39, 0x68, 0x39,
    0x68, 0x41, 0x88, 0x39, 0x68, 0x39, 0x68, 0x41, 0x88, 0x39, 0x68, 0x39,
    0x88, 0x41, 0x68, 0x39, 0x88, 0x39, 0x68, 0x41, 0x88, 0x39, 0x67, 0x39,
    0x88, 0x41, 0x88, 0x39, 0x68, 0x39, 0x88, 0x39, 0x68, 0x39, 0x88, 0x41,
    0x67, 0x39, 0x68, 0x39, 0x88, 0x39, 0x87, 0x39, 0x68, 0x39, 0x88, 0x41,
    0x88, 0x39, 0x68, 0x41, 0x88, 0x39, 0x68, 0x39, 0x68, 0x41, 0x88, 0x39,
    0x68, 0x39, 0x68, 0x41, 0x88, 0x39, 0x68, 0x39, 0x88, 0x41, 0x88, 0x39,
    0x68, 0x39, 0x88, 0x41, 0x68, 0x39, 0x88, 0x39, 0x68, 0x39, 0x87, 0x39,
    0x68, 0x41, 0x88, 0x39, 0x67, 0x39, 0x68, 0x41, 0x88, 0x39, 0x68, 0x39,
    0x88, 0x41, 0x67, 0x39, 0x68, 0x39, 0x88, 0x39, 0x68, 0x41, 0x68, 0x39,
    0x88, 0x39, 0x88, 0x39, 0x67, 0x39, 0x88, 0x39, 0x88, 0x41, 0x68, 0x39,
    0x88, 0x39, 0x88, 0x39, 0x68, 0x39, 0x67, 0x39, 0x88, 0x39, 0x68, 0x39,
    0x68, 0x39, 0x88, 0x39, 0x68, 0x39, 0x88, 0x39, 0x88, 0x41, 0x68, 0x39,
    0x88, 0x39, 0x68, 0x39, 0x88, 0x41, 0x88, 0x39, 0x68, 0x39, 0x68, 0x39,
    0x88, 0x39, 0x87, 0x39, 0x68, 0x41, 0x88, 0x39, 0x88, 0x39, 0x68, 0x39,
    0x88, 0x39, 0x87, 0x41, 0x68, 0x39, 0x88, 0x41, 0x67, 0x39, 0x68, 0x39,
    0x88, 0x41, 0x68, 0x39, 0x88, 0x39, 0x88, 0x39, 0x67, 0x41, 0x68, 0x39,
    0x88, 0x39, 0x67, 0x39, 0x68, 0x39, 0x88, 0x41, 0x68, 0x39, 0x88, 0x39,
    0x88, 0x39, 0x87, 0x41, 0x68, 0x39, 0x68, 0x39, 0x87, 0x39, 0x68, 0x39,
    0x68, 0x39, 0x88, 0x41, 0x88, 0x39, 0x68, 0x39, 0x68, 0x39, 0x88, 0x39,
    0x68, 0x41, 0x87, 0x39, 0x68, 0x39, 0x88, 0x41, 0x87, 0x39, 0x68, 0x39,
    0x88, 0x39, 0x88, 0x39, 0x68, 0x41, 0x88, 0x39, 0x67, 0x39, 0x68, 0x41,
    0x88, 0x39, 0x87, 0x41, 0x68, 0x39, 0x88, 0x39, 0x67, 0x39, 0x88, 0x41,
    0x68, 0x39, 0x88, 0x39, 0x88, 0x41, 0x68, 0x41, 0x88, 0x39, 0x88, 0x41,
    0x68, 0x39, 0x68, 0x39, 0x88, 0x41, 0x68, 0x39, 0x68, 0x39, 0x88, 0x39,
    0x68, 0x39, 0x88, 0x41, 0x88, 0x39, 0x68, 0x39, 0x88, 0x39, 0x68, 0x41,
    0x68, 0x39, 0x88, 0x39, 0x67, 0x39, 0x88, 0x39, 0x68, 0x39, 0x68, 0x39,
    0x88, 0x39, 0x67, 0x39, 0x68, 0x39, 0x88, 0x39, 0x68, 0x41, 0x68, 0x39,
    0x88, 0x39, 0x68, 0x41, 0x88, 0x39, 0x88, 0x39, 0x68, 0x39, 0x68, 0x41,
    0x88, 0x39, 0x68, 0x39, 0x68, 0x41, 0x88, 0x39, 0x68, 0x39, 0x87, 0x39,
    0x68, 0x39, 0x68, 0x39, 0x87, 0x41, 0x68, 0x39, 0x68, 0x39, 0x88, 0x39,
    0x68, 0x39, 0x68, 0x39, 0x88, 0x39, 0x68, 0x39, 0x88, 0x39, 0x88, 0x41,
    0x68, 0x39, 0x88, 0x39, 0x88, 0x39, 0x68, 0x41, 0x88, 0x39, 0x68, 0x39,
    0x88, 0x39, 0x68, 0x39, 0x88, 0x39, 0x88, 0x39, 0x68, 0x41, 0x87, 0x39,
    0x88, 0x39, 0x68, 0x41, 0x88, 0x39, 0x87, 0x39, 0x68, 0x39, 0x88, 0x39,
    0x68, 0x41, 0x68, 0x39, 0x87, 0x39, 0x68, 0x39, 0x68, 0x41, 0x88, 0x39,
    0x68, 0x39, 0x88, 0x41, 0x68, 0x39, 0x88, 0x39, 0x68, 0x39, 0x88, 0x39,
    0x68, 0x39, 0x88, 0x39, 0x68, 0x39, 0x68, 0x41, 0x87, 0x39, 0x68, 0x39,
    0x88, 0x39, 0x87, 0x39, 0x68, 0x39, 0x88, 0x39, 0x68, 0x41, 0x87, 0x39,
    0x88, 0x39, 0x68, 0x41, 0x68, 0x39, 0x88, 0x39, 0x68, 0x39, 0x68, 0x39,
    0x88, 0x41, 0x68, 0x39, 0x68, 0x39, 0x88, 0x39, 0x87, 0x39, 0x68, 0x39,
    0x88, 0x39, 0x68, 0x39, 0x88, 0x41, 0x87, 0x39, 0x68, 0x39, 0x68, 0x41,
    0x88, 0x39, 0x68, 0x39, 0x68, 0x39, 0x88, 0x41, 0x68, 0x39, 0x68, 0x39,
    0x88, 0x41, 0x68, 0x39, 0x87, 0x39, 0x68, 0x41, 0x88, 0x39, 0x88, 0x39,
    0x68, 0x41, 0x68, 0x39, 0x88, 0x39, 0x68, 0x41, 0x88, 0x39, 0x68, 0x39,
    0x68, 0x39, 0x87, 0x39, 0x88, 0x41, 0x88, 0x39, 0x67, 0x39, 0x88, 0x39,
    0x88, 0x39, 0x68, 0x39, 0x87, 0x39, 0x68, 0x39, 0x68, 0x39, 0x87, 0x39,
    0x68, 0x41, 0x68, 0x39, 0x87, 0x39, 0x88, 0x41, 0x68, 0x39, 0x88, 0x39,
    0x68, 0x39, 0x88, 0x39, 0x68, 0x41, 0x88, 0x39, 0x68, 0x39, 0x87, 0x41,
    0x68, 0x39, 0x88, 0x41, 0x88, 0x39, 0x68, 0x39, 0x87, 0x39, 0x68, 0x41,
    0x68, 0x39, 0x88, 0x39, 0x68, 0x41, 0x68, 0x39, 0x88, 0x39, 0x68, 0x39,
    0x68, 0x41, 0x88, 0x39, 0x88, 0x41, 0x68, 0x39, 0x88, 0x41, 0x88, 0x39,
    0x68, 0x41, 0x87, 0x41, 0x68, 0x39, 0x68, 0x39, 0x88, 0x39, 0x68, 0x41,
    0x68, 0x39, 0x88, 0x39, 0x68, 0x39, 0x68, 0x41, 0x88, 0x39, 0x68, 0x39,
    0x88, 0x41, 0x68, 0x39, 0x68, 0x39, 0x88, 0x39, 0x68, 0x39, 0x68, 0x39,
    0x88, 0x39, 0x68, 0x39, 0x88, 0x39, 0x88, 0x41, 0x68, 0x39, 0x88, 0x39,
    0x68, 0x41, 0x87, 0x39, 0x68, 0x39, 0x88, 0x39, 0x88, 0x39, 0x68, 0x41,
    0x88, 0x39, 0x88, 0x39, 0x68, 0x41, 0x68, 0x39, 0x88, 0x39, 0x68, 0x39,
    0x68, 0x39, 0x88, 0x39, 0x88, 0x41, 0x68, 0x39, 0x88, 0x41, 0x88, 0x39,
    0x68, 0x39, 0x68, 0x39, 0x88, 0x41, 0x88, 0x39, 0x68, 0x39, 0x68, 0x41,
    0x88, 0x39, 0x68, 0x39, 0x68, 0x39, 0x88, 0x39, 0x68, 0x41, 0x68, 0x39,
    0x87, 0x39, 0x68, 0x41, 0x88, 0x39, 0x88, 0x39, 0x68, 0x41, 0x88, 0x39,
    0x68, 0x39, 0x68, 0x41, 0x88, 0x39, 0x68, 0x41, 0x88, 0x39, 0x88, 0x39,
    0x68, 0x39, 0x68, 0x39, 0x88, 0x39, 0x68, 0x39, 0x68, 0x39, 0x87, 0x41,
    0x88, 0x39, 0x68, 0x39, 0x87, 0x39, 0x88, 0x39, 0x68, 0x41, 0x88, 0x39,
    0x68, 0x39, 0x68, 0x39, 0x88, 0x41, 0x88, 0x39, 0x67, 0x39, 0x88, 0x39,
    0x88, 0x41, 0x68, 0x39, 0x88, 0x41, 0x88, 0x39, 0x68, 0x41, 0x87, 0x39,
    0x88, 0x41, 0x68, 0x41, 0x88, 0x39, 0x68, 0x39, 0x87, 0x39, 0x88, 0x39,
    0x68, 0x41, 0x68, 0x39, 0x88, 0x39, 0x87, 0x41, 0x68, 0x39, 0x88, 0x39,
    0x88, 0x39, 0x68, 0x39, 0x88, 0x41, 0x68, 0x39, 0x88, 0x41, 0x88, 0x41,
    0x68, 0x39, 0x88, 0x39, 0x88, 0x39, 0x68, 0x41, 0x88, 0x39, 0x88, 0x39,
    0x67, 0x41, 0x88, 0x41, 0x68, 0x39, 0x67, 0x39, 0x88, 0x39, 0x68, 0x41,
    0x68, 0x39, 0x88, 0x39, 0x67, 0x39, 0x88, 0x39, 0x68, 0x41, 0x88, 0x39,
    0x67, 0x39, 0x88, 0x41, 0x68, 0x39, 0x67, 0x39, 0x88, 0x39, 0x68, 0x41,
    0x68, 0x39, 0x88, 0x39, 0x68, 0x41, 0x68, 0x39, 0x88, 0x39, 0x87, 0x41,
    0x68, 0x39, 0x88, 0x39, 0x88, 0x41, 0x68, 0x39, 0x88, 0x39, 0x68, 0x39,
    0x88, 0x39, 0x68, 0x39, 0x88, 0x41, 0x68, 0x39, 0x87, 0x41, 0x68, 0x39,
    0x88, 0x41, 0x88, 0x39, 0x68, 0x39, 0x88, 0x39, 0x68, 0x41, 0x68, 0x39,
    0x88, 0x39, 0x68, 0x41, 0x68, 0x39, 0x88, 0x39, 0x88, 0x41, 0x68, 0x39,
    0x88, 0x39, 0x68, 0x39, 0x88, 0x39, 0x88, 0x39, 0x68, 0x39, 0x88, 0x39,
    0x87, 0x39, 0x68, 0x41, 0x68, 0x39, 0x88, 0x39, 0x68, 0x41, 0x68, 0x41,
    0x88, 0x39, 0x67, 0x39, 0x68, 0x39, 0x88, 0x39, 0x88, 0x39, 0x68, 0x39,
    0x87, 0x39, 0x88, 0x39, 0x68, 0x39, 0x87, 0x39, 0x88, 0x39, 0x68, 0x39,
    0x68, 0x39, 0x88, 0x39, 0x68, 0x41, 0x68, 0x39, 0x88, 0x39, 0x67, 0x39,
    0x88, 0x39, 0x88, 0x41, 0x68, 0x39, 0x88, 0x39, 0x68, 0x41, 0x88, 0x39,
    0x68, 0x39, 0x68, 0x39, 0x88, 0x39, 0x68, 0x39, 0x68, 0x41, 0x88, 0x39,
    0x68, 0x41, 0x88, 0x39, 0x88, 0x39, 0x68, 0x41, 0x88, 0x39, 0x68, 0x39,
    0x88, 0x39, 0x88, 0x39, 0x68, 0x39, 0x68, 0x41, 0x88, 0x39, 0x68, 0x39,
    0x88, 0x41, 0x68, 0x39, 0x88, 0x39, 0x88, 0x39, 0x68, 0x39, 0x68, 0x39,
    0x88, 0x39, 0x68, 0x39, 0x88, 0x41, 0x68, 0x39, 0x88, 0x39, 0x88, 0x39,
    0x68, 0x41, 0x88, 0x39, 0x88, 0x39, 0x68, 0x41, 0x87, 0x39, 0x88, 0x39,
    0x68, 0x39, 0x67, 0x41, 0x88, 0x39, 0x68, 0x39, 0x68, 0x39, 0x88, 0x39,
    0x68, 0x39, 0x88, 0x39, 0x88, 0x41, 0x67, 0x39, 0x88, 0x39, 0x88, 0x39,
    0x67, 0x41, 0x88, 0x39, 0x68, 0x39, 0x87, 0x39, 0x88, 0x41, 0x68, 0x39,
    0x87, 0x39, 0x88, 0x41, 0x68, 0x39, 0x87, 0x41, 0x88, 0x41, 0x68, 0x39,
    0x67, 0x41, 0x88, 0x39, 0x68, 0x39, 0x68, 0x39, 0x88, 0x39, 0x88, 0x39,
    0x68, 0x39, 0x68, 0x41, 0x88, 0x39, 0x68, 0x39, 0x68, 0x41, 0x88, 0x39,
    0x68, 0x39, 0x88, 0x41, 0x87, 0x39, 0x68, 0x39, 0x88, 0x41, 0x67, 0x39,
    0x68, 0x39, 0x88, 0x41, 0x68, 0x39, 0x68, 0x39, 0x88, 0x39, 0x88, 0x41,
    0x68, 0x39, 0x67, 0x39, 0x88, 0x39, 0x68, 0x41, 0x87, 0x39, 0x88, 0x39,
    0x68, 0x39, 0x88, 0x41, 0x88, 0x39, 0x67, 0x39, 0x88, 0x39, 0x88, 0x41,
    0x68, 0x39, 0x68, 0x39, 0x88, 0x39, 0x68, 0x39, 0x88, 0x39, 0x88, 0x39,
    0x67, 0x39, 0x88, 0x39, 0x68, 0x39, 0x68, 0x39, 0x88, 0x41, 0x68, 0x39,
    0x87, 0x39, 0x88, 0x41, 0x68, 0x39, 0x87, 0x39, 0x68, 0x39, 0x68, 0x39,
    0x88, 0x41, 0x68, 0x39, 0x68, 0x39, 0x88, 0x41, 0x68, 0x39, 0x68, 0x39,
    0x88, 0x39, 0x68, 0x39, 0x68, 0x39, 0x88, 0x41, 0x68, 0x39, 0x68, 0x39,
    0x87, 0x39, 0x68, 0x39, 0x68, 0x39, 0x88, 0x41, 0x68, 0x39, 0x68, 0x39,
    0x88, 0x39, 0x88, 0x39, 0x68, 0x41, 0x88, 0x39, 0x68, 0x39, 0x88, 0x41,
    0x88, 0x39, 0x68, 0x39, 0x68, 0x39, 0x88, 0x41, 0x68, 0x39, 0x68, 0x39,
    0x87, 0x41, 0x68, 0x39, 0x88, 0x39, 0x67, 0x39, 0x68, 0x39, 0x88, 0x39,
    0x68, 0x41, 0x68, 0x39, 0x88, 0x39, 0x68, 0x39, 0x88, 0x41, 0x68, 0x39,
    0x88, 0x39, 0x88, 0x39, 0x68, 0x41, 0x88, 0x39, 0x88, 0x39, 0x68, 0x39,
    0x88, 0x41, 0x68, 0x39, 0x68, 0x39, 0x88, 0x41, 0x68, 0x39, 0x88, 0x39,
    0x68, 0x41, 0x88, 0x39, 0x68, 0x41, 0x88, 0x39, 0x88, 0x39, 0x68, 0x39,
    0x88, 0x39, 0x87, 0x39, 0x68, 0x39, 0x68, 0x41, 0x88, 0x39, 0x68, 0x39,
    0x68, 0x39, 0x88, 0x39, 0x68, 0x41, 0x88, 0x39, 0x67, 0x39, 0x88, 0x41,
    0x68, 0x39, 0x87, 0x39, 0x68, 0x39, 0x88, 0x39, 0x68, 0x39, 0x68, 0x41,
    0x88, 0x39, 0x67, 0x39, 0x88, 0x41, 0x88, 0x39, 0x68, 0x39, 0x88, 0x41,
    0x88, 0x39, 0x68, 0x39, 0x88, 0x41, 0x67, 0x39, 0x68, 0x39, 0x88, 0x39,
    0x68, 0x41, 0x67, 0x39, 0x88, 0x41, 0x68, 0x41, 0x87, 0x39, 0x68, 0x41,
    0x88, 0x39, 0x88, 0x39, 0x68, 0x39, 0x88, 0x39, 0x68, 0x39, 0x88, 0x39,
    0x88, 0x41, 0x68, 0x39, 0x88, 0x39, 0x68, 0x41, 0x68, 0x41, 0x88, 0x39,
    0x68, 0x41, 0x88, 0x41, 0x68, 0x39, 0x88, 0x39, 0x88, 0x41, 0x67, 0x41,
    0x88, 0x39, 0x88, 0x39, 0x68, 0x39, 0x88, 0x39, 0x68, 0x41, 0x68, 0x39,
    0x88, 0x39, 0x68, 0x39, 0x87, 0x39, 0x68, 0x39, 0x88, 0x39, 0x87, 0x41,
    0x88, 0x39, 0x68, 0x41, 0x88, 0x39, 0x68, 0x39, 0x88, 0x39, 0x68, 0x41,
    0x67, 0x39, 0x88, 0x39, 0x68, 0x41, 0x88, 0x39, 0x68, 0x39, 0x88, 0x41,
    0x68, 0x39, 0x88, 0x39, 0x68, 0x41, 0x87, 0x39, 0x88, 0x39, 0x68, 0x39,
    0x67, 0x41, 0x88, 0x39, 0x68, 0x39, 0x87, 0x41, 0x68, 0x39, 0x88, 0x39,
    0x88, 0x41, 0x68, 0x39, 0x67, 0x39, 0x88, 0x41, 0x68, 0x39, 0x88, 0x39,
    0x67, 0x39, 0x68, 0x39, 0x88, 0x39, 0x68, 0x39, 0x68, 0x41, 0x88, 0x39,
    0x88, 0x39, 0x68, 0x39, 0x88, 0x39, 0x87, 0x41, 0x68, 0x39, 0x68, 0x39,
    0x87, 0x39, 0x68, 0x39, 0x68, 0x39, 0x88, 0x41, 0x68, 0x39, 0x68, 0x39,
    0x88, 0x39, 0x68, 0x41, 0x88, 0x39, 0x68, 0x39, 0x68, 0x39, 0x88, 0x39,
    0x68, 0x39, 0x68, 0x39, 0x88, 0x39, 0x68, 0x39, 0x88, 0x39, 0x88, 0x39,
    0x68, 0x39, 0x88, 0x41, 0x88, 0x39, 0x67, 0x41, 0x68, 0x39, 0x88, 0x39,
    0x87, 0x41, 0x68, 0x39, 0x88, 0x39, 0x88, 0x41, 0x67, 0x39, 0x88, 0x39,
    0x68, 0x39, 0x68, 0x39, 0x88, 0x39, 0x68, 0x39, 0x88, 0x41, 0x88, 0x39,
    0x68, 0x39, 0x88, 0x39, 0x67, 0x39, 0x88, 0x39, 0x68, 0x39, 0x67, 0x39,
    0x88, 0x41, 0x88, 0x39, 0x68, 0x39, 0x68, 0x39, 0x88, 0x41, 0x68, 0x39,
    0x67, 0x39, 0x88, 0x41, 0x68, 0x39, 0x68, 0x39, 0x88, 0x39, 0x88, 0x39,
    0x68, 0x41, 0x88, 0x39, 0x67, 0x39, 0x68, 0x41, 0x88, 0x39, 0x68, 0x41,
    0x88, 0x39, 0x88, 0x39, 0x68, 0x41, 0x87, 0x39, 0x68, 0x39, 0x68, 0x41,
    0x88, 0x39, 0x68, 0x39, 0x88, 0x41, 0x88, 0x39, 0x68, 0x39, 0x88, 0x39,
    0x88, 0x41, 0x68, 0x39, 0x88, 0x39, 0x88, 0x39, 0x68, 0x39, 0x88, 0x39,
    0x68, 0x39, 0x88, 0x39, 0x87, 0x39, 0x68, 0x39, 0x88, 0x41, 0x68, 0x39,
    0x88, 0x39, 0x88, 0x41, 0x68, 0x39, 0x87, 0x39, 0x88, 0x39, 0x68, 0x39,
    0x68, 0x39, 0x88, 0x39, 0x67, 0x39, 0x68, 0x41, 0x88, 0x39, 0x68, 0x39,
    0x87, 0x39, 0x68, 0x39, 0x88, 0x41, 0x88, 0x39, 0x68, 0x39, 0x88, 0x39,
    0x68, 0x41, 0x88, 0x39, 0x88, 0x39, 0x68, 0x41, 0x88, 0x39, 0x88, 0x39,
    0x67, 0x39, 0x88, 0x41, 0x68, 0x39, 0x87, 0x39, 0x68, 0x39, 0x68, 0x39,
    0x88, 0x39, 0x68, 0x39, 0x68, 0x39, 0x88, 0x41, 0x67, 0x39, 0x88, 0x39,
    0x88, 0x41, 0x67, 0x39, 0x88, 0x39, 0x88, 0x39, 0x68, 0x39, 0x67, 0x39,
    0x88, 0x39, 0x68, 0x39, 0x88, 0x39, 0x68, 0x41, 0x68, 0x39, 0x88, 0x41,
    0x68, 0x39, 0x88, 0x39, 0x88, 0x41, 0x68, 0x39, 0x88, 0x39, 0x88, 0x41,
    0x68, 0x39, 0x87, 0x39, 0x68, 0x39, 0x68, 0x39, 0x88, 0x41, 0x68, 0x39,
    0x88, 0x39, 0x68, 0x41, 0x88, 0x39, 0x88, 0x39, 0x68, 0x39, 0x88, 0x39,
    0x68, 0x39, 0x68, 0x39, 0x88, 0x41, 0x67, 0x39, 0x68, 0x39, 0x88, 0x39,
    0x67, 0x39, 0x88, 0x39, 0x88, 0x39, 0x68, 0x41, 0x88, 0x39, 0x88, 0x39,
    0x68, 0x39, 0x88, 0x39, 0x68, 0x39, 0x88, 0x39, 0x68, 0x39, 0x68, 0x39,
    0x88, 0x41, 0x68, 0x39, 0x87, 0x41, 0x68, 0x39, 0x88, 0x39, 0x67, 0x39,
    0x88, 0x39, 0x88, 0x41, 0x68, 0x39, 0x88, 0x39, 0x87, 0x39, 0x68, 0x39,
    0x68, 0x39, 0x88, 0x39, 0x68, 0x39, 0x68, 0x41, 0x88, 0x39, 0x68, 0x39,
    0x88, 0x39, 0x67, 0x41, 0x88, 0x39, 0x88, 0x39, 0x67, 0x41, 0x88, 0x39,
    0x88, 0x39, 0x68, 0x41, 0x68, 0x39, 0x88, 0x39, 0x68, 0x41, 0x68, 0x39,
    0x88, 0x39, 0x68, 0x39, 0x87, 0x41, 0x88, 0x39, 0x68, 0x39, 0x88, 0x39,
    0x88, 0x39, 0x68, 0x39, 0x68, 0x39, 0x87, 0x39, 0x68, 0x41, 0x68, 0x39,
    0x87, 0x39, 0x68, 0x41, 0x88, 0x39, 0x68, 0x39, 0x88, 0x39, 0x68, 0x41,
    0x88, 0x39, 0x88, 0x39, 0x68, 0x39, 0x68, 0x41, 0x88, 0x39, 0x68, 0x39,
    0x88, 0x41, 0x68, 0x39, 0x88, 0x39, 0x88, 0x39, 0x68, 0x41, 0x68, 0x39,
    0x88, 0x39, 0x88, 0x41, 0x67, 0x39, 0x88, 0x39, 0x68, 0x39, 0x68, 0x41,
    0x88, 0x39, 0x68, 0x39, 0x68, 0x41, 0x88, 0x39, 0x88, 0x39, 0x68, 0x41,
    0x88, 0x41, 0x88, 0x39, 0x68, 0x39, 0x88, 0x39, 0x68, 0x41, 0x88, 0x39,
    0x88, 0x39, 0x67, 0x39, 0x88, 0x41, 0x88, 0x39, 0x68, 0x39, 0x88, 0x41,
    0x68, 0x41, 0x88, 0x39, 0x68, 0x39, 0x68, 0x39, 0x88, 0x41, 0x68, 0x39,
    0x68, 0x39, 0x88, 0x39, 0x88, 0x39, 0x68, 0x41, 0x68, 0x39, 0x88, 0x39,
    0x68, 0x39, 0x68, 0x39, 0x88, 0x39, 0x68, 0x39, 0x88, 0x39, 0x68, 0x41,
    0x88, 0x39, 0x67, 0x39, 0x88, 0x41, 0x68, 0x39, 0x68, 0x39, 0x88, 0x41,
    0x88, 0x39, 0x68, 0x39, 0x88, 0x41, 0x88, 0x41, 0x68, 0x39, 0x68, 0x39,
    0x88, 0x39, 0x88, 0x41, 0x68, 0x39, 0x88, 0x39, 0x88, 0x39, 0x68, 0x39,
    0x88, 0x39, 0x88, 0x39, 0x68, 0x41, 0x88, 0x39, 0x68, 0x39, 0x67, 0x41,
    0x88, 0x39, 0x88, 0x39, 0x68, 0x41, 0x88, 0x39, 0x67, 0x39, 0x68, 0x41,
    0x88, 0x39, 0x68, 0x39, 0x88, 0x41, 0x88, 0x39, 0x68, 0x39, 0x88, 0x39,
    0x68, 0x39, 0x68, 0x39, 0x88, 0x39, 0x68, 0x41, 0x68, 0x39, 0x87, 0x39,
    0x68, 0x39, 0x68, 0x41, 0x87, 0x39, 0x68, 0x39, 0x68, 0x41, 0x88, 0x39,
    0x68, 0x39, 0x88, 0x41, 0x68, 0x39, 0x88, 0x39, 0x68, 0x41, 0x88, 0x39,
    0x68, 0x39, 0x68, 0x41, 0x88, 0x39, 0x68, 0x39, 0x88, 0x41, 0x68, 0x41,
    0x88, 0x39, 0x88, 0x39, 0x68, 0x39, 0x88, 0x39, 0x68, 0x41, 0x68, 0x39,
    0x88, 0x39, 0x68, 0x41, 0x67, 0x39, 0x88, 0x39, 0x68, 0x39, 0x87, 0x41,
    0x68, 0x39, 0x68, 0x39, 0x88, 0x39, 0x68, 0x39, 0x68, 0x41, 0x88, 0x39,
    0x68, 0x39, 0x88, 0x39, 0x88, 0x41, 0x68, 0x39, 0x88, 0x39, 0x87, 0x41,
    0x68, 0x41, 0x88, 0x39, 0x87, 0x39, 0x68, 0x39, 0x68, 0x41, 0x88, 0x39,
    0x68, 0x39, 0x68, 0x39, 0x88, 0x41, 0x88, 0x39, 0x68, 0x41, 0x88, 0x39,
    0x88, 0x39, 0x68, 0x41, 0x87, 0x39, 0x68, 0x39, 0x88, 0x39, 0x67, 0x39,
    0x68, 0x41, 0x88, 0x39, 0x68, 0x39, 0x67, 0x39, 0x88, 0x39, 0x68, 0x41,
    0x88, 0x39, 0x88, 0x39, 0x68, 0x41, 0x88, 0x39, 0x88, 0x39, 0x68, 0x39,
    0x88, 0x39, 0x68, 0x41, 0x68, 0x39, 0x87, 0x41, 0x68, 0x41, 0x88, 0x39,
    0x87, 0x39, 0x68, 0x41, 0x88, 0x39, 0x88, 0x39, 0x68, 0x39, 0x88, 0x41,
    0x68, 0x39, 0x68, 0x39, 0x88, 0x41, 0x68, 0x39, 0x68, 0x39, 0x87, 0x41,
    0x68, 0x39, 0x88, 0x39, 0x88, 0x41, 0x68, 0x39, 0x88, 0x39, 0x88, 0x39,
    0x68, 0x39, 0x68, 0x39, 0x88, 0x41, 0x88, 0x39, 0x68, 0x41, 0x68, 0x39,
    0x68, 0x39, 0x88, 0x39, 0x68, 0x39, 0x68, 0x39, 0x88, 0x41, 0x88, 0x39,
    0x68, 0x39, 0x87, 0x39, 0x88, 0x39, 0x68, 0x39, 0x67, 0x39, 0x88, 0x39,
    0x68, 0x39, 0x68, 0x41, 0x88, 0x39, 0x68, 0x39, 0x88, 0x39, 0x68, 0x39,
    0x88, 0x41, 0x68, 0x39, 0x88, 0x39, 0x88, 0x41, 0x68, 0x39, 0x68, 0x39,
    0x88, 0x39, 0x68, 0x39, 0x68, 0x41, 0x88, 0x39, 0x68, 0x39, 0x87, 0x41,
    0x88, 0x39, 0x68, 0x41, 0x88, 0x39, 0x88, 0x39, 0x68, 0x39, 0x88, 0x39,
    0x88, 0x39, 0x68, 0x39, 0x68, 0x39, 0x88, 0x41, 0x68, 0x39, 0x88, 0x39,
    0x68, 0x39, 0x87, 0x39, 0x68, 0x41, 0x88, 0x39, 0x88, 0x39, 0x67, 0x39,
    0x68, 0x39, 0x88, 0x39, 0x68, 0x39, 0x87, 0x39, 0x68, 0x39, 0x88, 0x41,
    0x88, 0x39, 0x68, 0x39, 0x88, 0x41, 0x88, 0x39, 0x67, 0x39, 0x88, 0x39,
    0x88, 0x39, 0x67, 0x41, 0x68, 0x39, 0x88, 0x39, 0x68, 0x39, 0x88, 0x39,
    0x68, 0x39, 0x68, 0x41, 0x87, 0x39, 0x68, 0x39, 0x88, 0x39, 0x67, 0x41,
    0x68, 0x39, 0x88, 0x39, 0x68, 0x39, 0x68, 0x41, 0x87, 0x39, 0x68, 0x39,
    0x88, 0x39, 0x87, 0x41, 0x68, 0x39, 0x88, 0x39, 0x87, 0x41, 0x68, 0x39,
    0x68, 0x39, 0x87, 0x41, 0x68, 0x39, 0x88, 0x39, 0x88, 0x39, 0x68, 0x41,
    0x88, 0x39, 0x88, 0x41, 0x67, 0x39, 0x68, 0x39, 0x88, 0x41, 0x88, 0x39,
    0x68, 0x39, 0x88, 0x41, 0x88, 0x39, 0x68, 0x39, 0x67, 0x39, 0x88, 0x39,
    0x68, 0x41, 0x67, 0x39, 0x88, 0x39, 0x68, 0x39, 0x88, 0x41, 0x88, 0x39,
    0x68, 0x39, 0x67, 0x39, 0x88, 0x41, 0x68, 0x39, 0x67, 0x41, 0x88, 0x39,
    0x68, 0x39, 0x68, 0x41, 0x87, 0x39, 0x88, 0x39, 0x68, 0x41, 0x68, 0x39,
    0x88, 0x39, 0x68, 0x39, 0x88, 0x39, 0x88, 0x39, 0x68, 0x39, 0x88, 0x39,
    0x68, 0x39, 0x67, 0x39, 0x88, 0x39, 0x68, 0x39, 0x88, 0x41, 0x87, 0x39,
    0x68, 0x41, 0x88, 0x39, 0x87, 0x39, 0x68, 0x41, 0x88, 0x39, 0x88, 0x39,
    0x68, 0x39, 0x88, 0x41, 0x88, 0x39, 0x68, 0x39, 0x88, 0x41, 0x68, 0x39,
    0x68, 0x39, 0x88, 0x39, 0x68, 0x41, 0x68, 0x39, 0x87, 0x39, 0x88, 0x39,
    0x68, 0x39, 0x87, 0x39, 0x68, 0x39, 0x68, 0x39, 0x88, 0x39, 0x67, 0x39,
    0x68, 0x41, 0x88, 0x39, 0x68, 0x39, 0x88, 0x41, 0x87, 0x39, 0x68, 0x39,
    0x88, 0x39, 0x88, 0x39, 0x68, 0x39, 0x88, 0x41, 0x68, 0x39, 0x88, 0x39,
    0x88, 0x39, 0x68, 0x41, 0x87, 0x39, 0x88, 0x39, 0x68, 0x39, 0x67, 0x41,
    0x88, 0x39, 0x68, 0x39, 0x68, 0x39, 0x88, 0x41, 0x68, 0x39, 0x68, 0x39,
    0x88, 0x39, 0x68, 0x41, 0x88, 0x39, 0x68, 0x39, 0x88, 0x39, 0x88, 0x39,
    0x68, 0x39, 0x68, 0x41, 0x88, 0x39, 0x67, 0x39, 0x68, 0x39, 0x88, 0x41,
    0x68, 0x39, 0x88, 0x39, 0x68, 0x41, 0x88, 0x39, 0x88, 0x39, 0x68, 0x39,
    0x88, 0x39, 0x88, 0x41, 0x68, 0x39, 0x88, 0x39, 0x68, 0x39, 0x68, 0x39,
    0x87, 0x39, 0x68, 0x41, 0x68, 0x39, 0x87, 0x39, 0x68, 0x41, 0x88, 0x39,
    0x67, 0x39, 0x88, 0x39, 0x68, 0x39, 0x88, 0x39, 0x68, 0x39, 0x68, 0x39,
    0x88, 0x41, 0x68, 0x39, 0x68, 0x39, 0x88, 0x39, 0x88, 0x41, 0x68, 0x39,
    0x88, 0x39, 0x67, 0x41, 0x88, 0x39, 0x88, 0x39, 0x68, 0x39, 0x68, 0x41,
    0x88, 0x39, 0x68, 0x39, 0x67, 0x41, 0x88, 0x39, 0x68, 0x41, 0x87, 0x39,
    0x68, 0x39, 0x88, 0x39, 0x68, 0x39, 0x88, 0x39, 0x88, 0x39, 0x68, 0x41,
    0x87, 0x39, 0x88, 0x41, 0x68, 0x39, 0x67, 0x39, 0x88, 0x41, 0x68, 0x39,
    0x68, 0x41, 0x88, 0x41, 0x88, 0x39, 0x68, 0x41, 0x88, 0x39, 0x88, 0x39,
    0x68, 0x41, 0x88, 0x39, 0x68, 0x39, 0x88, 0x41, 0x68, 0x39, 0x68, 0x39,
    0x87, 0x39, 0x68, 0x39, 0x88, 0x39, 0x67, 0x39, 0x88, 0x39, 0x88, 0x41,
    0x67, 0x39, 0x88, 0x39, 0x88, 0x39, 0x68, 0x39, 0x68, 0x41, 0x68, 0x39,
    0x88, 0x39, 0x68, 0x39, 0x68, 0x41, 0x88, 0x39, 0x68, 0x41, 0x88, 0x41,
    0x68, 0x39, 0x87, 0x39, 0x88, 0x41, 0x68, 0x39, 0x87, 0x39, 0x68, 0x41,
    0x68, 0x39, 0x88, 0x39, 0x68, 0x39, 0x88, 0x39, 0x68, 0x41, 0x88, 0x39,
    0x88, 0x41, 0x68, 0x39, 0x68, 0x41, 0x88, 0x39, 0x68, 0x39, 0x68, 0x39,
    0x87, 0x39, 0x68, 0x39, 0x68, 0x41, 0x88, 0x39, 0x68, 0x39, 0x88, 0x41,
    0x88, 0x39, 0x68, 0x39, 0x88, 0x39, 0x88, 0x41, 0x67, 0x39, 0x88, 0x39,
    0x68, 0x39, 0x88, 0x39, 0x88, 0x41, 0x68, 0x39, 0x88, 0x39, 0x88, 0x39,
    0x68, 0x41, 0x88, 0x39, 0x68, 0x39, 0x88, 0x39, 0x88, 0x39, 0x68, 0x39,
    0x68, 0x39, 0x88, 0x39, 0x68, 0x41, 0x88, 0x39, 0x68, 0x39, 0x88, 0x39,
    0x88, 0x41, 0x68, 0x39, 0x68, 0x39, 0x87, 0x39, 0x68, 0x41, 0x68, 0x39,
    0x87, 0x39, 0x88, 0x39, 0x68, 0x41, 0x88, 0x39, 0x68, 0x39, 0x67, 0x39,
    0x88, 0x39, 0x68, 0x39, 0x88, 0x39, 0x88, 0x41, 0x68, 0x39, 0x88, 0x39,
    0x88, 0x39, 0x68, 0x39, 0x68, 0x39, 0x88, 0x39, 0x67, 0x39, 0x88, 0x41,
    0x68, 0x39, 0x88, 0x39, 0x88, 0x39, 0x68, 0x39, 0x88, 0x41, 0x88, 0x39,
    0x68, 0x39, 0x68, 0x39, 0x88, 0x39, 0x68, 0x39, 0x88, 0x39, 0x88, 0x39,
    0x68, 0x41, 0x67, 0x39, 0x88, 0x39, 0x68, 0x41, 0x88, 0x39, 0x88, 0x41,
    0x68, 0x39, 0x88, 0x41, 0x68, 0x39, 0x68, 0x39, 0x88, 0x39, 0x68, 0x39,
    0x68, 0x41, 0x88, 0x39, 0x68, 0x39, 0x68, 0x39, 0x88, 0x41, 0x68, 0x39,
    0x68, 0x39, 0x88, 0x39, 0x68, 0x39, 0x87, 0x39, 0x88, 0x39, 0x68, 0x39,
    0x88, 0x39, 0x68, 0x39, 0x88, 0x39, 0x68, 0x39, 0x88, 0x41, 0x68, 0x39,
    0x88, 0x41, 0x88, 0x39, 0x68, 0x41, 0x88, 0x39, 0x88, 0x39, 0x68, 0x39,
    0x88, 0x39, 0x67, 0x41, 0x68, 0x39, 0x88, 0x39, 0x68, 0x39, 0x88, 0x41,
    0x68, 0x39, 0x88, 0x39, 0x68, 0x41, 0x88, 0x39, 0x68, 0x39, 0x68, 0x39,
    0x88, 0x41, 0x68, 0x39, 0x68, 0x39, 0x88, 0x39, 0x88, 0x39, 0x68, 0x39,
    0x88, 0x41, 0x88, 0x39, 0x67, 0x39, 0x88, 0x39, 0x68, 0x39, 0x88, 0x39,
    0x68, 0x39, 0x68, 0x39, 0x88, 0x41, 0x68, 0x39, 0x67, 0x39, 0x88, 0x41,
    0x88, 0x39, 0x67, 0x39, 0x88, 0x39, 0x88, 0x39, 0x68, 0x39, 0x68, 0x41,
    0x87, 0x39, 0x68, 0x39, 0x68, 0x39, 0x88, 0x41, 0x68, 0x39, 0x68, 0x39,
    0x87, 0x41, 0x68, 0x39, 0x88, 0x39, 0x88, 0x41, 0x68, 0x41, 0x88, 0x39,
    0x88, 0x39, 0x68, 0x39, 0x88, 0x39, 0x68, 0x39, 0x88, 0x41, 0x68, 0x39,
    0x88, 0x39, 0x68, 0x41, 0x88, 0x39, 0x88, 0x39, 0x68, 0x39, 0x88, 0x39,
    0x88, 0x39, 0x68, 0x39, 0x67, 0x39, 0x88, 0x41, 0x68, 0x39, 0x67, 0x39,
    0x88, 0x39, 0x88, 0x39, 0x68, 0x39, 0x88, 0x39, 0x87, 0x39, 0x68, 0x39,
    0x88, 0x39, 0x88, 0x39, 0x68, 0x39, 0x88, 0x39, 0x68, 0x39, 0x68, 0x41,
    0x88, 0x41, 0x87, 0x39, 0x68, 0x39, 0x68, 0x41, 0x87, 0x39, 0x68, 0x39,
    0x88, 0x39, 0x68, 0x41, 0x88, 0x39, 0x88, 0x39, 0x68, 0x39, 0x88, 0x39,
    0x67, 0x39, 0x68, 0x39, 0x88, 0x39, 0x68, 0x41, 0x68, 0x39, 0x88, 0x39,
    0x88, 0x39, 0x67, 0x39, 0x88, 0x39, 0x88, 0x41, 0x67, 0x39, 0x88, 0x39,
    0x88, 0x41, 0x68, 0x41, 0x68, 0x39, 0x88, 0x39, 0x68, 0x41, 0x88, 0x39,
    0x68, 0x39, 0x68, 0x41, 0x87, 0x39, 0x88, 0x39, 0x68, 0x39, 0x88, 0x39,
    0x88, 0x39, 0x67, 0x41, 0x88, 0x39, 0x68, 0x39, 0x87, 0x39, 0x68, 0x39,
    0x68, 0x39, 0x88, 0x41, 0x68, 0x39, 0x68, 0x39, 0x88, 0x39, 0x88, 0x41,
    0x68, 0x39, 0x88, 0x39, 0x88, 0x41, 0x67, 0x39, 0x68, 0x39, 0x88, 0x39,
    0x87, 0x39, 0x68, 0x41, 0x88, 0x39, 0x88, 0x39, 0x68, 0x41, 0x88, 0x39,
    0x88, 0x39, 0x68, 0x41, 0x88, 0x39, 0x68, 0x39, 0x68, 0x39, 0x68, 0x41,
    0x88, 0x39, 0x68, 0x39, 0x68, 0x39, 0x88, 0x41, 0x68, 0x39, 0x68, 0x41,
    0x88, 0x39, 0x67, 0x39, 0x68, 0x39, 0x88, 0x41, 0x68, 0x39, 0x68, 0x39,
    0x88, 0x39, 0x67, 0x41, 0x88, 0x39, 0x68, 0x39, 0x88, 0x41, 0x68, 0x41,
    0x87, 0x39, 0x68, 0x39, 0x88, 0x39, 0x68, 0x39, 0x68, 0x39, 0x87, 0x41,
    0x88, 0x39, 0x68, 0x39, 0x88, 0x39, 0x88, 0x41, 0x68, 0x39, 0x88, 0x39,
    0x68, 0x39, 0x68, 0x39, 0x88, 0x39, 0x88, 0x41, 0x68, 0x39, 0x88, 0x41,
    0x68, 0x39, 0x68, 0x39, 0x87, 0x41, 0x68, 0x39, 0x68, 0x39, 0x88, 0x41,
    0x88, 0x39, 0x68, 0x41, 0x88, 0x41, 0x88, 0x39, 0x68, 0x39, 0x68, 0x39,
    0x88, 0x41, 0x68, 0x39, 0x68, 0x39, 0x88, 0x39, 0x68, 0x39, 0x88, 0x41,
    0x87, 0x39, 0x88, 0x41, 0x68, 0x39, 0x68, 0x41, 0x87, 0x39, 0x88, 0x39,
    0x68, 0x41, 0x88, 0x39, 0x68, 0x39, 0x68, 0x41, 0x87, 0x39, 0x68, 0x39,
    0x88, 0x39, 0x88, 0x39, 0x68, 0x41, 0x87, 0x39, 0x88, 0x39, 0x68, 0x39,
    0x88, 0x39, 0x88, 0x41, 0x68, 0x39, 0x88, 0x39, 0x87, 0x39, 0x68, 0x41,
    0x88, 0x39, 0x67, 0x41, 0x68, 0x39, 0x88, 0x41, 0x68, 0x39, 0x68, 0x39,
    0x68, 0x39, 0x88, 0x39, 0x87, 0x41, 0x68, 0x39, 0x68, 0x39, 0x88, 0x39,
    0x68, 0x39, 0x68, 0x41, 0x87, 0x39, 0x68, 0x39, 0x88, 0x41, 0x88, 0x39,
    0x68, 0x39, 0x88, 0x39, 0x88, 0x41, 0x68, 0x39, 0x88, 0x39, 0x68, 0x41,
    0x67, 0x39, 0x88, 0x39, 0x68, 0x41, 0x87, 0x39, 0x88, 0x39, 0x68, 0x41,
    0x87, 0x39, 0x88, 0x39, 0x68, 0x41, 0x68, 0x41, 0x88, 0x39, 0x68, 0x39,
    0x68, 0x39, 0x88, 0x41, 0x68, 0x39, 0x88, 0x39, 0x87, 0x41, 0x68, 0x41,
    0x88, 0x39, 0x87, 0x39, 0x68, 0x39, 0x88, 0x41, 0x68, 0x39, 0x88, 0x39,
    0x68, 0x41, 0x68, 0x39, 0x88, 0x41, 0x88, 0x39, 0x68, 0x39, 0x88, 0x39,
    0x88, 0x39, 0x68, 0x39, 0x88, 0x39, 0x87, 0x39, 0x68, 0x41, 0x88, 0x39,
    0x68, 0x39, 0x68, 0x39, 0x87, 0x39, 0x68, 0x39, 0x68, 0x39, 0x87, 0x41,
    0x68, 0x39, 0x88, 0x41, 0x88, 0x39, 0x68, 0x39, 0x68, 0x39, 0x88, 0x39,
    0x68, 0x41, 0x87, 0x39, 0x68, 0x39, 0x68, 0x41, 0x87, 0x41, 0x68, 0x39,
    0x88, 0x41, 0x88, 0x39, 0x68, 0x39, 0x88, 0x39, 0x88, 0x39, 0x68, 0x41,
    0x68, 0x39, 0x88, 0x41, 0x68, 0x41, 0x68, 0x39, 0x88, 0x41, 0x68, 0x39,
    0x68, 0x41, 0x87, 0x39, 0x68, 0x39, 0x88, 0x41, 0x88, 0x39, 0x68, 0x39,
    0x88, 0x39, 0x68, 0x39, 0x68, 0x41, 0x88, 0x39, 0x68, 0x39, 0x88, 0x39,
    0x68, 0x39, 0x68, 0x39, 0x88, 0x41, 0x68, 0x39, 0x88, 0x39, 0x88, 0x41,
    0x88, 0x39, 0x68, 0x39, 0x88, 0x39, 0x87, 0x39, 0x68, 0x41, 0x68, 0x39,
    0x88, 0x41, 0x68, 0x39, 0x68, 0x39, 0x88, 0x39, 0x68, 0x39, 0x68, 0x39,
    0x88, 0x39, 0x88, 0x39, 0x68, 0x41, 0x88, 0x39, 0x67, 0x39, 0x88, 0x39,
    0x88, 0x39, 0x68, 0x41, 0x68, 0x39, 0x88, 0x39, 0x68, 0x41, 0x87, 0x39,
    0x68, 0x39, 0x88, 0x39, 0x68, 0x39, 0x88, 0x39, 0x88, 0x41, 0x68, 0x39,
    0x88, 0x39, 0x88, 0x39, 0x68, 0x39, 0x88, 0x39, 0x68, 0x39, 0x87, 0x39,
    0x68, 0x39, 0x68, 0x41, 0x88, 0x39, 0x68, 0x39, 0x68, 0x41, 0x88, 0x39,
    0x68, 0x39, 0x68, 0x39, 0x87, 0x39, 0x68, 0x39, 0x68, 0x41, 0x87, 0x39,
    0x68, 0x39, 0x88, 0x41, 0x87, 0x39, 0x68, 0x39, 0x88, 0x39, 0x87, 0x39,
    0x68, 0x41, 0x88, 0x39, 0x87, 0x39, 0x68, 0x39, 0x88, 0x39, 0x88, 0x39,
    0x68, 0x41, 0x88, 0x39, 0x88, 0x39, 0x68, 0x39, 0x87, 0x41, 0x88, 0x39,
    0x68, 0x39, 0x88, 0x39, 0x68, 0x41, 0x88, 0x39, 0x67, 0x39, 0x88, 0x39,
    0x88, 0x41, 0x68, 0x39, 0x88, 0x39, 0x87, 0x41, 0x68, 0x39, 0x68, 0x39,
    0x88, 0x39, 0x68, 0x39, 0x68, 0x41, 0x88, 0x39, 0x88, 0x39, 0x68, 0x41,
    0x88, 0x41, 0x68, 0x39, 0x68, 0x39, 0x87, 0x39, 0x68, 0x39, 0x88, 0x39,
    0x88, 0x41, 0x68, 0x39, 0x88, 0x39, 0x68, 0x39, 0x88, 0x39, 0x67, 0x39,
    0x68, 0x39, 0x88, 0x39, 0x67, 0x39, 0x88, 0x41, 0x68, 0x39, 0x88, 0x39,
    0x87, 0x39, 0x68, 0x41, 0x88, 0x39, 0x67, 0x41, 0x68, 0x39, 0x68, 0x39,
    0x88, 0x39, 0x68, 0x39, 0x88, 0x41, 0x68, 0x39, 0x68, 0x39, 0x88, 0x39,
    0x68, 0x39, 0x88, 0x39, 0x88, 0x39, 0x68, 0x39, 0x68, 0x39, 0x88, 0x41,
    0x67, 0x39, 0x68, 0x39, 0x88, 0x41, 0x68, 0x39, 0x68, 0x41, 0x88, 0x39,
    0x67, 0x39, 0x68, 0x39, 0x88, 0x41, 0x68, 0x39, 0x68, 0x39, 0x88, 0x39,
    0x88, 0x39, 0x68, 0x39, 0x88, 0x41, 0x88, 0x39, 0x68, 0x39, 0x88, 0x39,
    0x68, 0x39, 0x68, 0x39, 0x88, 0x41, 0x88, 0x39, 0x68, 0x39, 0x87, 0x41,
    0x68, 0x39, 0x88, 0x39, 0x68, 0x39, 0x68, 0x39, 0x88, 0x41, 0x67, 0x39,
    0x68, 0x39, 0x88, 0x41, 0x68, 0x39, 0x87, 0x39, 0x88, 0x39, 0x68, 0x39,
    0x88, 0x39, 0x88, 0x39, 0x68, 0x39, 0x68, 0x39, 0x88, 0x39, 0x68, 0x39,
    0x68, 0x39, 0x88, 0x39, 0x87, 0x39, 0x68, 0x39, 0x88, 0x41, 0x87, 0x39,
    0x68, 0x39, 0x88, 0x39, 0x68, 0x41, 0x68, 0x39, 0x88, 0x39, 0x68, 0x39,
    0x88, 0x41, 0x68, 0x39, 0x88, 0x39, 0x88, 0x39, 0x68, 0x39, 0x88, 0x39,
    0x88, 0x39, 0x68, 0x39, 0x68, 0x41, 0x87, 0x39, 0x68, 0x39, 0x88, 0x41,
    0x68, 0x41, 0x88, 0x39, 0x68, 0x39, 0x68, 0x41, 0x88, 0x39, 0x88, 0x39,
    0x68, 0x41, 0x88, 0x39, 0x88, 0x39, 0x68, 0x39, 0x88, 0x39, 0x68, 0x39,
    0x68, 0x39, 0x88, 0x39, 0x67, 0x41, 0x88, 0x39, 0x88, 0x39, 0x67, 0x41,
    0x88, 0x39, 0x88, 0x39, 0x68, 0x39, 0x88, 0x39, 0x68, 0x39, 0x68, 0x39,
    0x88, 0x41, 0x67, 0x39, 0x68, 0x41, 0x88, 0x39, 0x88, 0x39, 0x68, 0x39,
    0x88, 0x39, 0x67, 0x39, 0x88, 0x39, 0x68, 0x39, 0x88, 0x39, 0x88, 0x41,
    0x68, 0x39, 0x68, 0x39, 0x88, 0x41, 0x68, 0x39, 0x67, 0x39, 0x88, 0x39,
    0x68, 0x39, 0x88, 0x39, 0x88, 0x39, 0x68, 0x41, 0x88, 0x39, 0x88, 0x41,
    0x67, 0x39, 0x88, 0x39, 0x68, 0x39, 0x67, 0x41, 0x68, 0x39, 0x88, 0x39,
    0x68, 0x41, 0x68, 0x39, 0x88, 0x39, 0x88, 0x39, 0x68, 0x39, 0x88, 0x39,
    0x67, 0x41, 0x88, 0x39, 0x68, 0x39, 0x88, 0x41, 0x88, 0x41, 0x68, 0x39,
    0x67, 0x39, 0x88, 0x39, 0x68, 0x39, 0x68, 0x41, 0x88, 0x39, 0x68, 0x39,
    0x88, 0x41, 0x88, 0x39, 0x68, 0x39, 0x88, 0x41, 0x68, 0x39, 0x68, 0x41,
    0x88, 0x39, 0x68, 0x41, 0x68, 0x39, 0x88, 0x39, 0x68, 0x41, 0x67, 0x39,
    0x88, 0x39, 0x68, 0x41, 0x87, 0x41, 0x68, 0x39, 0x88, 0x41, 0x68, 0x39,
    0x88, 0x39, 0x88, 0x39, 0x67, 0x39, 0x88, 0x39, 0x88, 0x41, 0x68, 0x39,
    0x88, 0x39, 0x88, 0x41, 0x68, 0x39, 0x88, 0x39, 0x88, 0x39, 0x68, 0x39,
    0x68, 0x39, 0x88, 0x39, 0x68, 0x41, 0x68, 0x39, 0x88, 0x39, 0x88, 0x41,
    0x68, 0x39, 0x68, 0x39, 0x88, 0x41, 0x68, 0x39, 0x87, 0x39, 0x68, 0x39,
    0x68, 0x41, 0x88, 0x39, 0x68, 0x39, 0x68, 0x39, 0x88, 0x39, 0x68, 0x41,
    0x88, 0x39, 0x68, 0x39, 0x88, 0x39, 0x68, 0x39, 0x68, 0x39, 0x88, 0x39,
    0x68, 0x39, 0x68, 0x41, 0x88, 0x39, 0x88, 0x39, 0x68, 0x41, 0x88, 0x39,
    0x88, 0x39, 0x67, 0x41, 0x68, 0x39, 0x88, 0x39, 0x67, 0x39, 0x68, 0x39,
    0x88, 0x39, 0x87, 0x39, 0x68, 0x41, 0x88, 0x39, 0x68, 0x39, 0x68, 0x39,
    0x87, 0x39, 0x88, 0x41, 0x68, 0x39, 0x88, 0x41, 0x88, 0x39, 0x68, 0x41,
    0x88, 0x39, 0x68, 0x39, 0x68, 0x39, 0x88, 0x39, 0x68, 0x41, 0x88, 0x39,
    0x68, 0x39, 0x88, 0x39, 0x88, 0x39, 0x88, 0x39, 0x68, 0x41, 0x88, 0x39,
    0x68, 0x39, 0x68, 0x39, 0x87, 0x39, 0x88, 0x39, 0x68, 0x41, 0x88, 0x39,
    0x67, 0x41, 0x68, 0x39, 0x88, 0x41, 0x87, 0x39, 0x68, 0x39, 0x88, 0x41,
    0x68, 0x39, 0x88, 0x39, 0x88, 0x39, 0x68, 0x39, 0x88, 0x39, 0x88, 0x41,
    0x68, 0x39, 0x88, 0x39, 0x87, 0x39, 0x68, 0x41, 0x68, 0x39, 0x88, 0x39,
    0x68, 0x41, 0x88, 0x39, 0x68, 0x39, 0x67, 0x39, 0x88, 0x41, 0x68, 0x39,
    0x88, 0x39, 0x68, 0x39, 0x68, 0x39, 0x88, 0x39, 0x88, 0x39, 0x68, 0x41,
    0x88, 0x39, 0x88, 0x39, 0x68, 0x41, 0x88, 0x39, 0x88, 0x39, 0x68, 0x39,
    0x88, 0x41, 0x68, 0x39, 0x68, 0x39, 0x88, 0x41, 0x68, 0x39, 0x68, 0x41,
    0x88, 0x39, 0x68, 0x41, 0x88, 0x39, 0x68, 0x41, 0x87, 0x39, 0x88, 0x39,
    0x68, 0x41, 0x68, 0x39, 0x88, 0x39, 0x68, 0x39, 0x68, 0x39, 0x88, 0x41,
    0x88, 0x39, 0x67, 0x39, 0x88, 0x39, 0x68, 0x39, 0x88, 0x39, 0x68, 0x39,
    0x68, 0x39, 0x88, 0x41, 0x67, 0x39, 0x68, 0x39, 0x88, 0x41, 0x67, 0x41,
    0x88, 0x39, 0x68, 0x39, 0x88, 0x39, 0x68, 0x39, 0x88, 0x39, 0x68, 0x39,
    0x67, 0x39, 0x88, 0x41, 0x88, 0x39, 0x68, 0x39, 0x87, 0x39, 0x68, 0x39,
    0x68, 0x41, 0x88, 0x39, 0x68, 0x41, 0x88, 0x41, 0x88, 0x39, 0x68, 0x39,
    0x88, 0x41, 0x68, 0x39, 0x68, 0x39, 0x88, 0x41, 0x68, 0x39, 0x68, 0x39,
    0x88, 0x39, 0x68, 0x41, 0x88, 0x39, 0x88, 0x39, 0x68, 0x39, 0x88, 0x39,
    0x88, 0x39, 0x68, 0x39, 0x88, 0x39, 0x68, 0x41, 0x67, 0x39, 0x88, 0x41,
    0x68, 0x39, 0x88, 0x39, 0x68, 0x41, 0x88, 0x39, 0x67, 0x39, 0x88, 0x39,
    0x88, 0x39, 0x68, 0x39, 0x88, 0x39, 0x88, 0x39, 0x68, 0x41, 0x88, 0x41,
    0x67, 0x39, 0x88, 0x39, 0x68, 0x41, 0x67, 0x39, 0x88, 0x39, 0x68, 0x39,
    0x88, 0x41, 0x88, 0x39, 0x88, 0x39, 0x68, 0x39, 0x88, 0x39, 0x67, 0x39,
    0x88, 0x39, 0x68, 0x41, 0x67, 0x39, 0x68, 0x41, 0x88, 0x39, 0x68, 0x39,
    0x88, 0x39, 0x88, 0x39, 0x68, 0x39, 0x67, 0x39, 0x88, 0x39, 0x88, 0x41,
    0x68, 0x39, 0x88, 0x39, 0x88, 0x41, 0x67, 0x39, 0x88, 0x39, 0x68, 0x39,
    0x67, 0x39, 0x88, 0x39, 0x68, 0x39, 0x87, 0x39, 0x88, 0x39, 0x68, 0x39,
    0x88, 0x39, 0x87, 0x41, 0x68, 0x39, 0x88, 0x39, 0x88, 0x39, 0x68, 0x39,
    0x68, 0x39, 0x88, 0x39, 0x68, 0x39, 0x88, 0x39, 0x68, 0x41, 0x88, 0x39,
    0x68, 0x39, 0x68, 0x41, 0x88, 0x39, 0x68, 0x39, 0x88, 0x39, 0x67, 0x39,
    0x68, 0x41, 0x88, 0x39, 0x68, 0x39, 0x68, 0x41, 0x88, 0x41, 0x88, 0x39,
    0x68, 0x39, 0x88, 0x41, 0x68, 0x39, 0x88, 0x39, 0x68, 0x41, 0x68, 0x39,
    0x87, 0x39, 0x68, 0x39, 0x68, 0x41, 0x88, 0x39, 0x68, 0x39, 0x88, 0x41,
    0x88, 0x39, 0x67, 0x39, 0x88, 0x41, 0x88, 0x39, 0x68, 0x39, 0x68, 0x39,
    0x87, 0x41, 0x68, 0x39, 0x88, 0x39, 0x88, 0x41, 0x68, 0x41, 0x88, 0x39,
    0x67, 0x39, 0x68, 0x39, 0x88, 0x39, 0x68, 0x39, 0x68, 0x41, 0x88, 0x39,
    0x68, 0x39, 0x88, 0x39, 0x88, 0x39, 0x68, 0x41, 0x88, 0x39, 0x68, 0x39,
    0x88, 0x39, 0x68, 0x41, 0x88, 0x39, 0x88, 0x41, 0x68, 0x39, 0x68, 0x41,
    0x88, 0x39, 0x68, 0x39, 0x68, 0x39, 0x87, 0x39, 0x68, 0x41, 0x88, 0x39,
    0x88, 0x39, 0x68, 0x41, 0x88, 0x39, 0x87, 0x39, 0x68, 0x39, 0x68, 0x41,
    0x88, 0x39, 0x68, 0x39, 0x68, 0x41, 0x88, 0x39, 0x87, 0x39, 0x68, 0x41,
    0x88, 0x39, 0x88, 0x41, 0x68, 0x39, 0x88, 0x39, 0x88, 0x39, 0x68, 0x41,
    0x88, 0x39, 0x68, 0x39, 0x68, 0x39, 0x88, 0x41, 0x88, 0x39, 0x68, 0x39,
    0x88, 0x39, 0x68, 0x41, 0x67, 0x39, 0x88, 0x39, 0x68, 0x39, 0x67, 0x41,
    0x88, 0x39, 0x68, 0x39, 0x88, 0x39, 0x88, 0x39, 0x88, 0x41, 0x67, 0x39,
    0x88, 0x39, 0x68, 0x41, 0x88, 0x39, 0x88, 0x39, 0x68, 0x39, 0x88, 0x39,
    0x88, 0x39, 0x68, 0x41, 0x67, 0x39, 0x88, 0x39, 0x68, 0x41, 0x68, 0x39,
    0x87, 0x39, 0x68, 0x39, 0x68, 0x39, 0x87, 0x41, 0x68, 0x39, 0x88, 0x39,
    0x88, 0x39, 0x67, 0x39, 0x88, 0x39, 0x88, 0x39, 0x68, 0x39, 0x87, 0x39,
    0x68, 0x41, 0x88, 0x39, 0x67, 0x39, 0x88, 0x39, 0x68, 0x41, 0x88, 0x39,
    0x88, 0x39, 0x68, 0x41, 0x88, 0x39, 0x88, 0x39, 0x68, 0x39, 0x68, 0x39,
    0x88, 0x41, 0x68, 0x39, 0x88, 0x39, 0x88, 0x41, 0x67, 0x41, 0x88, 0x39,
    0x88, 0x39, 0x68, 0x39, 0x88, 0x41, 0x68, 0x39, 0x88, 0x39, 0x68, 0x39,
    0x68, 0x39, 0x88, 0x41, 0x87, 0x39, 0x68, 0x41, 0x88, 0x39, 0x88, 0x39,
    0x68, 0x39, 0x88, 0x39, 0x68, 0x41, 0x88, 0x39, 0x68, 0x39, 0x88, 0x41,
    0x87, 0x39, 0x68, 0x39, 0x68, 0x39, 0x87, 0x39, 0x68, 0x39, 0x88, 0x41,
    0x87, 0x39, 0x68, 0x39, 0x88, 0x39, 0x88, 0x39, 0x68, 0x41, 0x88, 0x39,
    0x68, 0x39, 0x67, 0x41, 0x88, 0x39, 0x68, 0x41, 0x67, 0x41, 0x88, 0x39,
    0x68, 0x39, 0x88, 0x41, 0x88, 0x39, 0x68, 0x39, 0x88, 0x39, 0x68, 0x41,
    0x88, 0x39, 0x68, 0x39, 0x88, 0x41, 0x68, 0x39, 0x68, 0x39, 0x88, 0x41,
    0x68, 0x39, 0x67, 0x41, 0x88, 0x39, 0x68, 0x39, 0x88, 0x39, 0x68, 0x39,
    0x88, 0x41, 0x68, 0x39, 0x88, 0x39, 0x88, 0x39, 0x68, 0x39, 0x68, 0x39,
    0x68, 0x41, 0x88, 0x39, 0x68, 0x39, 0x88, 0x41, 0x88, 0x39, 0x68, 0x39,
    0x88, 0x41, 0x88, 0x39, 0x68, 0x39, 0x88, 0x39, 0x88, 0x41, 0x68, 0x39,
    0x68, 0x41, 0x88, 0x39, 0x68, 0x41, 0x68, 0x39, 0x88, 0x39, 0x68, 0x39,
    0x68, 0x41, 0x88, 0x39, 0x68, 0x39, 0x88, 0x39, 0x88, 0x41, 0x68, 0x39,
    0x88, 0x41, 0x68, 0x39, 0x68, 0x41, 0x88, 0x39, 0x68, 0x39, 0x68, 0x41,
    0x88, 0x39, 0x68, 0x39, 0x68, 0x39, 0x88, 0x41, 0x87, 0x39, 0x68, 0x41,
    0x88, 0x39, 0x88, 0x39, 0x68, 0x39, 0x87, 0x39, 0x68, 0x39, 0x88, 0x39,
    0x87, 0x41, 0x68, 0x39, 0x88, 0x41, 0x68, 0x39, 0x68, 0x39, 0x88, 0x41,
    0x88, 0x39, 0x68, 0x39, 0x87, 0x39, 0x68, 0x39, 0x68, 0x39, 0x87, 0x39,
    0x68, 0x41, 0x88, 0x39, 0x87, 0x39, 0x68, 0x39, 0x88, 0x39, 0x88, 0x39,
    0x68, 0x39, 0x88, 0x39, 0x88, 0x39, 0x68, 0x39, 0x88, 0x41, 0x68, 0x39,
    0x88, 0x39, 0x68, 0x39, 0x68, 0x41, 0x87, 0x39, 0x88, 0x39, 0x68, 0x41,
    0x88, 0x39, 0x68, 0x39, 0x67, 0x39, 0x88, 0x39, 0x88, 0x39, 0x68, 0x41,
    0x88, 0x39, 0x88, 0x39, 0x68, 0x41, 0x87, 0x39, 0x68, 0x39, 0x68, 0x39,
    0x88, 0x41, 0x68, 0x39, 0x88, 0x39, 0x68, 0x41, 0x88, 0x39, 0x88, 0x39,
    0x68, 0x41, 0x68, 0x39, 0x88, 0x39, 0x68, 0x39, 0x87, 0x39, 0x88, 0x39,
    0x68, 0x41, 0x88, 0x39, 0x68, 0x39, 0x68, 0x39, 0x88, 0x39, 0x68, 0x39,
    0x67, 0x39, 0x88, 0x41, 0x68, 0x39, 0x88, 0x39, 0x68, 0x39, 0x87, 0x41,
    0x88, 0x39, 0x68, 0x39, 0x67, 0x41, 0x88, 0x39, 0x68, 0x39, 0x68, 0x39,
    0x88, 0x39, 0x67, 0x39, 0x68, 0x41, 0x68, 0x39, 0x88, 0x39, 0x68, 0x39,
    0x88, 0x39, 0x88, 0x39, 0x68, 0x39, 0x68, 0x39, 0x88, 0x41, 0x68, 0x39,
    0x88, 0x39, 0x68, 0x39, 0x88, 0x41, 0x88, 0x39, 0x68, 0x39, 0x88, 0x39,
    0x68, 0x41, 0x68, 0x39, 0x68, 0x39, 0x88, 0x41, 0x68, 0x39, 0x68, 0x39,
    0x88, 0x39, 0x68, 0x39, 0x67, 0x41, 0x88, 0x39, 0x68, 0x39, 0x68, 0x41,
    0x68, 0x39, 0x88, 0x39, 0x88, 0x41, 0x68, 0x39, 0x88, 0x39, 0x88, 0x39,
    0x68, 0x41, 0x88, 0x39, 0x88, 0x39, 0x68, 0x39, 0x68, 0x41, 0x88, 0x39,
    0x68, 0x39, 0x68, 0x41, 0x88, 0x39, 0x68, 0x39, 0x88, 0x41, 0x68, 0x39,
    0x88, 0x39, 0x68, 0x39, 0x88, 0x39, 0x68, 0x39, 0x68, 0x41, 0x88, 0x39,
    0x67, 0x39, 0x68, 0x41, 0x88, 0x39, 0x87, 0x41, 0x68, 0x39, 0x88, 0x39,
    0x67, 0x41, 0x68, 0x39, 0x88, 0x39, 0x68, 0x39, 0x68, 0x39, 0x88, 0x41,
    0x67, 0x39, 0x88, 0x39, 0x68, 0x39, 0x88, 0x39, 0x88, 0x39, 0x68, 0x39,
    0x88, 0x41, 0x68, 0x39, 0x68, 0x39, 0x88, 0x41, 0x68, 0x39, 0x68, 0x41,
    0x88, 0x39, 0x67, 0x39, 0x68, 0x39, 0x88, 0x41, 0x68, 0x39, 0x68, 0x39,
    0x88, 0x39, 0x88, 0x39, 0x68, 0x39, 0x68, 0x39, 0x88, 0x41, 0x68, 0x39,
    0x68, 0x39, 0x88, 0x41, 0x68, 0x39, 0x67, 0x39, 0x88, 0x39, 0x88, 0x39,
    0x68, 0x39, 0x88, 0x39, 0x88, 0x39, 0x68, 0x39, 0x88, 0x39, 0x68, 0x39,
    0x67, 0x41, 0x88, 0x39, 0x68, 0x39, 0x87, 0x39, 0x68, 0x39, 0x88, 0x39,
    0x68, 0x39, 0x87, 0x39, 0x88, 0x39, 0x68, 0x39, 0x88, 0x41, 0x88, 0x39,
    0x68, 0x39, 0x88, 0x39, 0x68, 0x41, 0x87, 0x39, 0x68, 0x39, 0x88, 0x39,
    0x68, 0x39, 0x88, 0x41, 0x68, 0x39, 0x88, 0x41, 0x87, 0x39, 0x68, 0x39,
    0x88, 0x39, 0x67, 0x39, 0x68, 0x41, 0x88, 0x39, 0x68, 0x39, 0x68, 0x41,
    0x88, 0x39, 0x88, 0x39, 0x68, 0x39, 0x88, 0x39, 0x67, 0x39, 0x88, 0x39,
    0x68, 0x39, 0x87, 0x41, 0x88, 0x39, 0x88, 0x39, 0x68, 0x41, 0x87, 0x39,
    0x88, 0x39, 0x68, 0x41, 0x67, 0x39, 0x88, 0x39, 0x68, 0x39, 0x88, 0x41,
    0x88, 0x39, 0x68, 0x39, 0x88, 0x39, 0x88, 0x41, 0x68, 0x39, 0x87, 0x39,
    0x88, 0x41, 0x68, 0x39, 0x88, 0x39, 0x68, 0x39, 0x68, 0x41, 0x88, 0x39,
    0x68, 0x41, 0x67, 0x41, 0x88, 0x39, 0x68, 0x41, 0x68, 0x39, 0x88, 0x39,
    0x68, 0x39, 0x88, 0x39, 0x88, 0x39, 0x67, 0x41, 0x88, 0x39, 0x88, 0x39,
    0x68, 0x39, 0x88, 0x41, 0x88, 0x39, 0x68, 0x39, 0x88, 0x39, 0x68, 0x41,
    0x68, 0x39, 0x88, 0x39, 0x68, 0x39, 0x68, 0x41, 0x87, 0x39, 0x68, 0x41,
    0x68, 0x41, 0x88, 0x39, 0x87, 0x39, 0x68, 0x41, 0x68, 0x39, 0x87, 0x39,
    0x68, 0x39, 0x88, 0x39, 0x68, 0x39, 0x68, 0x39, 0x88, 0x41, 0x88, 0x39,
    0x68, 0x39, 0x88, 0x41, 0x68, 0x39, 0x68, 0x39, 0x88, 0x39, 0x67, 0x39,
    0x88, 0x41, 0x68, 0x39, 0x88, 0x39, 0x88, 0x41, 0x68, 0x39, 0x87, 0x39,
    0x88, 0x41, 0x68, 0x39, 0x67, 0x39, 0x88, 0x39, 0x68, 0x39, 0x87, 0x41,
    0x68, 0x39, 0x88, 0x39, 0x67, 0x39, 0x68, 0x41, 0x88, 0x39, 0x68, 0x39,
    0x88, 0x39, 0x87, 0x41, 0x68, 0x39, 0x88, 0x41, 0x88, 0x39, 0x68, 0x39,
    0x88, 0x41, 0x68, 0x39, 0x88, 0x39, 0x68, 0x41, 0x88, 0x39, 0x68, 0x39,
    0x88, 0x39, 0x68, 0x39, 0x88, 0x39, 0x88, 0x39, 0x68, 0x41, 0x88, 0x39,
    0x88, 0x39, 0x68, 0x39, 0x88, 0x41, 0x88, 0x39, 0x67, 0x39, 0x68, 0x41,
    0x88, 0x39, 0x87, 0x41, 0x68, 0x39, 0x88, 0x39, 0x67, 0x39, 0x88, 0x41,
    0x68, 0x39, 0x87, 0x39, 0x68, 0x39, 0x68, 0x41, 0x88, 0x39, 0x88, 0x39,
    0x88, 0x39, 0x67, 0x41, 0x88, 0x39, 0x68, 0x39, 0x87, 0x39, 0x88, 0x41,
    0x68, 0x39, 0x88, 0x39, 0x88, 0x39, 0x68, 0x39, 0x88, 0x39, 0x88, 0x39,
    0x68, 0x39, 0x88, 0x39, 0x68, 0x39, 0x68, 0x39, 0x87, 0x39, 0x68, 0x41,
    0x68, 0x39, 0x88, 0x39, 0x88, 0x41, 0x68, 0x39, 0x87, 0x39, 0x68, 0x39,
    0x88, 0x41, 0x88, 0x39, 0x68, 0x39, 0x67, 0x41, 0x88, 0x39, 0x88, 0x39,
    0x68, 0x39, 0x88, 0x41, 0x88, 0x39, 0x68, 0x39, 0x88, 0x39, 0x88, 0x39,
    0x68, 0x39, 0x68, 0x39, 0x88, 0x39, 0x68, 0x39, 0x68, 0x41, 0x88, 0x39,
    0x88, 0x39, 0x68, 0x39, 0x88, 0x41, 0x68, 0x39, 0x88, 0x39, 0x68, 0x39,
    0x88, 0x41, 0x68, 0x39, 0x68, 0x39, 0x87, 0x41, 0x68, 0x41, 0x88, 0x39,
    0x87, 0x39, 0x68, 0x39, 0x88, 0x39, 0x88, 0x39, 0x67, 0x39, 0x88, 0x39,
    0x88, 0x41, 0x68, 0x39, 0x88, 0x39, 0x87, 0x39, 0x68, 0x39, 0x88, 0x41,
    0x68, 0x39, 0x88, 0x41, 0x88, 0x39, 0x68, 0x39, 0x87, 0x41, 0x88, 0x39,
    0x68, 0x39, 0x88, 0x39, 0x88, 0x41, 0x68, 0x39, 0x88, 0x39, 0x68, 0x41,
    0x67, 0x39, 0x88, 0x39, 0x68, 0x41, 0x88, 0x39, 0x88, 0x39, 0x68, 0x39,
    0x88, 0x39, 0x68, 0x41, 0x68, 0x39, 0x88, 0x41, 0x88, 0x41, 0x68, 0x39,
    0x68, 0x41, 0x88, 0x39, 0x68, 0x39, 0x67, 0x41, 0x88, 0x39, 0x68, 0x39,
    0x87, 0x39, 0x68, 0x39, 0x88, 0x41, 0x68, 0x39, 0x88, 0x41, 0x68, 0x39,
    0x87, 0x39, 0x68, 0x39, 0x68, 0x39, 0x88, 0x39, 0x68, 0x41, 0x88, 0x39,
    0x88, 0x39, 0x68, 0x41, 0x88, 0x39, 0x87, 0x39, 0x68, 0x39, 0x68, 0x39,
    0x87, 0x39, 0x68, 0x41, 0x68, 0x41, 0x88, 0x39, 0x68, 0x39, 0x88, 0x41,
    0x88, 0x39, 0x68, 0x39, 0x68, 0x39, 0x88, 0x39, 0x68, 0x39, 0x68, 0x39,
    0x88, 0x39, 0x88, 0x39, 0x68, 0x41, 0x68, 0x39, 0x88, 0x39, 0x67, 0x39,
    0x68, 0x39, 0x88, 0x39, 0x67, 0x39, 0x68, 0x39, 0x88, 0x39, 0x68, 0x39,
    0x68, 0x39, 0x88, 0x41, 0x87, 0x39, 0x68, 0x39, 0x88, 0x39, 0x88, 0x39,
    0x68, 0x39, 0x88, 0x39, 0x88, 0x39, 0x68, 0x39, 0x88, 0x41, 0x68, 0x39,
    0x68, 0x39, 0x88, 0x41, 0x68, 0x39, 0x68, 0x39, 0x88, 0x39, 0x68, 0x39,
    0x67, 0x41, 0x88, 0x39, 0x68, 0x41, 0x88, 0x39, 0x88, 0x39, 0x68, 0x41,
    0x87, 0x39, 0x88, 0x39, 0x68, 0x41, 0x88, 0x39, 0x88, 0x39, 0x68, 0x39,
    0x88, 0x39, 0x68, 0x39, 0x68, 0x41, 0x88, 0x39, 0x88, 0x39, 0x68, 0x41,
    0x88, 0x39, 0x88, 0x41, 0x88, 0x39, 0x68, 0x39, 0x68, 0x39, 0x87, 0x39,
    0x68, 0x39, 0x88, 0x41, 0x88, 0x39, 0x68, 0x41, 0x68, 0x39, 0x88, 0x39,
    0x68, 0x39, 0x68, 0x39, 0x88, 0x39, 0x68, 0x39, 0x68, 0x39, 0x88, 0x39,
    0x68, 0x39, 0x88, 0x41, 0x88, 0x39, 0x68, 0x39, 0x68, 0x41, 0x88, 0x39,
    0x88, 0x39, 0x68, 0x39, 0x88, 0x41, 0x88, 0x39, 0x68, 0x39, 0x68, 0x41,
    0x88, 0x39, 0x68, 0x39, 0x68, 0x39, 0x88, 0x39, 0x67, 0x41, 0x88, 0x39,
    0x68, 0x39, 0x88, 0x39, 0x67, 0x39, 0x88, 0x41, 0x68, 0x39, 0x68, 0x39,
    0x88, 0x41, 0x68, 0x39, 0x68, 0x39, 0x88, 0x41, 0x67, 0x39, 0x68, 0x39,
    0x88, 0x41, 0x68, 0x39, 0x88, 0x39, 0x88, 0x39, 0x68, 0x41, 0x88, 0x39,
    0x68, 0x39, 0x68, 0x41, 0x88, 0x39, 0x88, 0x39, 0x68, 0x39, 0x68, 0x39,
    0x88, 0x41, 0x88, 0x39, 0x68, 0x39, 0x68, 0x39, 0x87, 0x41, 0x68, 0x39,
    0x68, 0x39, 0x88, 0x39, 0x88, 0x41, 0x68, 0x39, 0x68, 0x39, 0x88, 0x39,
    0x68, 0x41, 0x88, 0x39, 0x68, 0x41, 0x68, 0x39, 0x88, 0x39, 0x68, 0x39,
    0x68, 0x39, 0x88, 0x41, 0x88, 0x39, 0x68, 0x39, 0x88, 0x41, 0x68, 0x39,
    0x88, 0x39, 0x67, 0x39, 0x68, 0x39, 0x88, 0x41, 0x68, 0x39, 0x88, 0x39,
    0x67, 0x39, 0x88, 0x39, 0x68, 0x39, 0x88, 0x41, 0x68, 0x39, 0x68, 0x39,
    0x87, 0x41, 0x68, 0x39, 0x68, 0x41, 0x87, 0x39, 0x68, 0x41, 0x88, 0x39,
    0x88, 0x41, 0x68, 0x39, 0x88, 0x39, 0x68, 0x39, 0x88, 0x39, 0x68, 0x41,
    0x88, 0x39, 0x88, 0x39, 0x67, 0x41, 0x88, 0x39, 0x88, 0x39, 0x67, 0x39,
    0x88, 0x39, 0x88, 0x41, 0x68, 0x39, 0x88, 0x39, 0x68, 0x39, 0x68, 0x39,
    0x88, 0x41, 0x68, 0x39, 0x68, 0x39, 0x88, 0x41, 0x68, 0x39, 0x68, 0x39,
    0x88, 0x41, 0x68, 0x39, 0x88, 0x39, 0x68, 0x41, 0x88, 0x39, 0x68, 0x39,
    0x67, 0x39, 0x88, 0x41, 0x68, 0x39, 0x68, 0x39, 0x88, 0x39, 0x68, 0x39,
    0x68, 0x39, 0x87, 0x39, 0x68, 0x41, 0x88, 0x39, 0x68, 0x39, 0x88, 0x41,
    0x88, 0x39, 0x68, 0x39, 0x68, 0x41, 0x87, 0x39, 0x68, 0x41, 0x88, 0x39,
    0x88, 0x39, 0x68, 0x39, 0x88, 0x39, 0x68, 0x39, 0x88, 0x39, 0x67, 0x39,
    0x88, 0x39, 0x88, 0x41, 0x68, 0x39, 0x88, 0x39, 0x68, 0x39, 0x68, 0x41,
    0x88, 0x39, 0x88, 0x39, 0x68, 0x39, 0x88, 0x39, 0x68, 0x39, 0x88, 0x41,
    0x88, 0x39, 0x68, 0x39, 0x87, 0x41, 0x68, 0x39, 0x68, 0x39, 0x88, 0x41,
    0x68, 0x39, 0x68, 0x39, 0x88, 0x39, 0x68, 0x41, 0x88, 0x39, 0x88, 0x39,
    0x68, 0x39, 0x88, 0x39, 0x87, 0x39, 0x68, 0x39, 0x68, 0x41, 0x88, 0x39,
    0x68, 0x39, 0x68, 0x39, 0x87, 0x41, 0x68, 0x39, 0x88, 0x41, 0x68, 0x39,
    0x68, 0x39, 0x88, 0x39, 0x88, 0x39, 0x68, 0x41, 0x88, 0x39, 0x68, 0x39,
    0x88, 0x41, 0x88, 0x41, 0x68, 0x39, 0x88, 0x41, 0x88, 0x39, 0x68, 0x39,
    0x88, 0x39, 0x68, 0x39, 0x68, 0x41, 0x88, 0x39, 0x68, 0x39, 0x67, 0x39,
    0x88, 0x39, 0x68, 0x39, 0x68, 0x41, 0x88, 0x39, 0x87, 0x39, 0x68, 0x41,
    0x88, 0x39, 0x87, 0x39, 0x68, 0x41, 0x88, 0x39, 0x88, 0x39, 0x68, 0x41,
    0x88, 0x39, 0x68, 0x39, 0x68, 0x39, 0x87, 0x39, 0x68, 0x39, 0x68, 0x39,
    0x88, 0x39, 0x68, 0x39, 0x68, 0x39, 0x88, 0x39, 0x68, 0x39, 0x88, 0x41,
    0x87, 0x39, 0x68, 0x39, 0x88, 0x39, 0x68, 0x39, 0x88, 0x39, 0x68, 0x39,
    0x67, 0x41, 0x88, 0x39, 0x68, 0x39, 0x87, 0x41, 0x88, 0x39, 0x68, 0x39,
    0x68, 0x41, 0x88, 0x39, 0x87, 0x39, 0x68, 0x39, 0x88, 0x41, 0x88, 0x39,
    0x68, 0x41, 0x87, 0x39, 0x88, 0x41, 0x68, 0x39, 0x88, 0x41, 0x68, 0x39,
    0x68, 0x39, 0x87, 0x39, 0x88, 0x41, 0x68, 0x39, 0x88, 0x39, 0x68, 0x39,
    0x67, 0x39, 0x88, 0x41, 0x68, 0x39, 0x88, 0x39, 0x88, 0x39, 0x67, 0x39,
    0x88, 0x41, 0x88, 0x39, 0x68, 0x39, 0x88, 0x39, 0x68, 0x39, 0x68, 0x41,
    0x88, 0x39, 0x68, 0x39, 0x88, 0x41, 0x88, 0x39, 0x68, 0x39, 0x87, 0x39,
    0x88, 0x41, 0x68, 0x39, 0x87, 0x39, 0x88, 0x41, 0x68, 0x39, 0x88, 0x39,
    0x68, 0x39, 0x67, 0x41, 0x88, 0x39, 0x68, 0x39, 0x68, 0x39, 0x87, 0x39,
    0x88, 0x39, 0x68, 0x39, 0x68, 0x41, 0x88, 0x39, 0x88, 0x41, 0x67, 0x39,
    0x88, 0x39, 0x68, 0x41, 0x88, 0x39, 0x88, 0x39, 0x68, 0x39, 0x88, 0x41,
    0x68, 0x39, 0x88, 0x39, 0x68, 0x39, 0x88, 0x41, 0x88, 0x39, 0x68, 0x39,
    0x87, 0x39, 0x68, 0x39, 0x88, 0x41, 0x87, 0x39, 0x68, 0x41, 0x68, 0x39,
    0x68, 0x39, 0x88, 0x39, 0x67, 0x41, 0x88, 0x39, 0x68, 0x39, 0x88, 0x39,
    0x88, 0x41, 0x68, 0x39, 0x88, 0x39, 0x68, 0x39, 0x88, 0x41, 0x68, 0x39,
    0x88, 0x41, 0x68, 0x39, 0x88, 0x39, 0x88, 0x39, 0x68, 0x39, 0x88, 0x39,
    0x88, 0x39, 0x68, 0x39, 0x88, 0x39, 0x68, 0x39, 0x68, 0x39, 0x67, 0x41,
    0x88, 0x39, 0x88, 0x39, 0x67, 0x41, 0x88, 0x39, 0x68, 0x39, 0x67, 0x39,
    0x88, 0x39, 0x68, 0x39, 0x68, 0x39, 0x88, 0x41, 0x68, 0x39, 0x68, 0x39,
    0x88, 0x41, 0x68, 0x39, 0x88, 0x39, 0x88, 0x39, 0x67, 0x39, 0x88, 0x41,
    0x68, 0x39, 0x88, 0x39, 0x67, 0x41, 0x88, 0x39, 0x88, 0x39, 0x68, 0x39,
    0x67, 0x39, 0x88, 0x39, 0x68, 0x41, 0x88, 0x39, 0x68, 0x39, 0x88, 0x39,
    0x88, 0x39, 0x68, 0x39, 0x87, 0x41, 0x88, 0x39, 0x68, 0x39, 0x88, 0x41,
    0x88, 0x39, 0x68, 0x39, 0x68, 0x39, 0x88, 0x39, 0x67, 0x39, 0x68, 0x41,
    0x88, 0x39, 0x88, 0x39, 0x68, 0x39, 0x68, 0x39, 0x88, 0x39, 0x68, 0x41,
    0x67, 0x39, 0x88, 0x39, 0x68, 0x41, 0x87, 0x39, 0x68, 0x39, 0x88, 0x39,
    0x68, 0x39, 0x88, 0x41, 0x88, 0x39, 0x68, 0x39, 0x88, 0x41, 0x88, 0x39,
    0x68, 0x39, 0x68, 0x41, 0x87, 0x39, 0x68, 0x39, 0x68, 0x39, 0x87, 0x41,
    0x68, 0x39, 0x88, 0x39, 0x88, 0x41, 0x68, 0x39, 0x88, 0x39, 0x87, 0x39,
    0x68, 0x41, 0x88, 0x39, 0x67, 0x39, 0x68, 0x41, 0x88, 0x39, 0x68, 0x41,
    0x68, 0x41, 0x88, 0x39, 0x88, 0x39, 0x68, 0x39, 0x87, 0x39, 0x68, 0x41,
    0x88, 0x39, 0x88, 0x39, 0x68, 0x41, 0x88, 0x39, 0x87, 0x39, 0x88, 0x41,
    0x68, 0x41, 0x67, 0x39, 0x88, 0x39, 0x88, 0x39, 0x67, 0x41, 0x88, 0x39,
    0x68, 0x39, 0x68, 0x39, 0x88, 0x39, 0x67, 0x41, 0x68, 0x39, 0x88, 0x41,
    0x87, 0x39, 0x68, 0x39, 0x88, 0x39, 0x88, 0x41, 0x68, 0x39, 0x88, 0x41,
    0x88, 0x39, 0x68, 0x41, 0x68, 0x39, 0x88, 0x39, 0x68, 0x39, 0x88, 0x39,
    0x68, 0x39, 0x68, 0x39, 0x88, 0x39, 0x68, 0x41, 0x67, 0x39, 0x88, 0x39,
    0x88, 0x39, 0x68, 0x39, 0x88, 0x41, 0x88, 0x39, 0x68, 0x41, 0x88, 0x39,
    0x88, 0x41, 0x68, 0x39, 0x87, 0x41, 0x68, 0x39, 0x68, 0x39, 0x88, 0x41,
    0x68, 0x39, 0x88, 0x39, 0x68, 0x41, 0x87, 0x39, 0x68, 0x39, 0x88, 0x39,
    0x68, 0x39, 0x68, 0x39, 0x88, 0x39, 0x68, 0x41, 0x88, 0x39, 0x68, 0x39,
    0x88, 0x39, 0x68, 0x39, 0x68, 0x39, 0x88, 0x39, 0x67, 0x39, 0x88, 0x41,
    0x68, 0x39, 0x68, 0x39, 0x88, 0x39, 0x87, 0x41, 0x68, 0x39, 0x88, 0x39,
    0x88, 0x41, 0x68, 0x39, 0x68, 0x39, 0x87, 0x39, 0x88, 0x41, 0x68, 0x39,
    0x88, 0x39, 0x68, 0x39, 0x68, 0x39, 0x88, 0x41, 0x68, 0x39, 0x68, 0x39,
    0x88, 0x39, 0x68, 0x41, 0x87, 0x39, 0x88, 0x39, 0x68, 0x41, 0x88, 0x39,
    0x87, 0x39, 0x68, 0x39, 0x68, 0x39, 0x88, 0x39, 0x68, 0x39, 0x88, 0x41,
    0x68, 0x39, 0x68, 0x39, 0x88, 0x39, 0x68, 0x39, 0x88, 0x39, 0x88, 0x39,
    0x68, 0x41, 0x88, 0x39, 0x88, 0x39, 0x68, 0x41, 0x88, 0x39, 0x68, 0x41,
    0x88, 0x39, 0x88, 0x39, 0x67, 0x39, 0x68, 0x39, 0x88, 0x39, 0x68, 0x39,
    0x68, 0x39, 0x88, 0x39, 0x67, 0x41, 0x88, 0x39, 0x68, 0x39, 0x88, 0x39,
    0x87, 0x41, 0x68, 0x39, 0x68, 0x39, 0x87, 0x39, 0x68, 0x41, 0x68, 0x39,
    0x88, 0x39, 0x68, 0x39, 0x68, 0x39, 0x88, 0x39, 0x88, 0x39, 0x68, 0x39,
    0x88, 0x39, 0x68, 0x39, 0x68, 0x39, 0x88, 0x39, 0x68, 0x39, 0x67, 0x41,
    0x88, 0x39, 0x68, 0x39, 0x88, 0x41, 0x87, 0x39, 0x68, 0x39, 0x88, 0x39,
    0x68, 0x39, 0x68, 0x41, 0x87, 0x39, 0x68, 0x41, 0x68, 0x39, 0x87, 0x41,
    0x68, 0x39, 0x88, 0x39, 0x88, 0x41, 0x68, 0x39, 0x88, 0x39, 0x88, 0x39,
    0x68, 0x39, 0x68, 0x39, 0x88, 0x41, 0x88, 0x39, 0x68, 0x41, 0x88, 0x39,
    0x88, 0x41, 0x68, 0x39, 0x88, 0x39, 0x68, 0x39, 0x88, 0x41, 0x88, 0x39,
    0x68, 0x39, 0x67, 0x39, 0x88, 0x41, 0x68, 0x39, 0x88, 0x39, 0x68, 0x41,
    0x88, 0x39, 0x88, 0x39, 0x68, 0x39, 0x68, 0x39, 0x88, 0x41, 0x88, 0x39,
    0x68, 0x39, 0x88, 0x41, 0x88, 0x39, 0x67, 0x39, 0x68, 0x41, 0x88, 0x41,
    0x68, 0x39, 0x68, 0x39, 0x88, 0x39, 0x68, 0x41, 0x68, 0x39, 0x87, 0x39,
    0x88, 0x41, 0x68, 0x39, 0x88, 0x41, 0x88, 0x39, 0x68, 0x39, 0x68, 0x39,
    0x88, 0x41, 0x87, 0x39, 0x68, 0x39, 0x88, 0x41, 0x88, 0x39, 0x68, 0x39,
    0x88, 0x41, 0x88, 0x39, 0x68, 0x39, 0x68, 0x41, 0x88, 0x39, 0x68, 0x41,
    0x68, 0x39, 0x88, 0x41, 0x68, 0x39, 0x87, 0x39, 0x68, 0x39, 0x88, 0x39,
    0x67, 0x39, 0x88, 0x41, 0x88, 0x39, 0x68, 0x39, 0x88, 0x41, 0x68, 0x39,
    0x68, 0x39, 0x88, 0x39, 0x68, 0x39, 0x68, 0x39, 0x88, 0x39, 0x68, 0x39,
    0x88, 0x39, 0x88, 0x39, 0x68, 0x39, 0x88, 0x39, 0x88, 0x39, 0x67, 0x39,
    0x88, 0x39, 0x68, 0x41, 0x68, 0x39, 0x88, 0x39, 0x68, 0x41, 0x88, 0x39,
    0x68, 0x39, 0x87, 0x39, 0x68, 0x39, 0x68, 0x39, 0x88, 0x39, 0x68, 0x39,
    0x88, 0x39, 0x68, 0x41, 0x68, 0x39, 0x88, 0x39, 0x68, 0x39, 0x88, 0x39,
    0x68, 0x39, 0x88, 0x39, 0x88, 0x39, 0x68, 0x39, 0x68, 0x39, 0x88, 0x39,
    0x68, 0x41, 0x68, 0x39, 0x88, 0x39, 0x67, 0x39, 0x68, 0x41, 0x88, 0x39,
    0x88, 0x39, 0x67, 0x39, 0x88, 0x39, 0x88, 0x41, 0x68, 0x39, 0x88, 0x41,
    0x67, 0x39, 0x88, 0x39, 0x88, 0x41, 0x68, 0x39, 0x68, 0x39, 0x88, 0x41,
    0x68, 0x39, 0x67, 0x39, 0x88, 0x41, 0x68, 0x39, 0x68, 0x39, 0x87, 0x41,
    0x68, 0x39, 0x88, 0x39, 0x88, 0x39, 0x68, 0x41, 0x88, 0x39, 0x67, 0x39,
    0x68, 0x39, 0x88, 0x41, 0x68, 0x39, 0x88, 0x41, 0x88, 0x39, 0x68, 0x41,
    0x88, 0x39, 0x88, 0x39, 0x68, 0x41, 0x68, 0x39, 0x88, 0x39, 0x87, 0x41,
    0x68, 0x39, 0x88, 0x41, 0x68, 0x41, 0x88, 0x39, 0x68, 0x39, 0x88, 0x39,
    0x88, 0x39, 0x68, 0x39, 0x68, 0x39, 0x88, 0x39, 0x68, 0x39, 0x68, 0x39,
    0x87, 0x41, 0x68, 0x39, 0x68, 0x39, 0x88, 0x39, 0x68, 0x41, 0x88, 0x39,
    0x88, 0x39, 0x68, 0x41, 0x87, 0x39, 0x88, 0x39, 0x68, 0x41, 0x88, 0x39,
    0x68, 0x39, 0x68, 0x39, 0x88, 0x41, 0x68, 0x39, 0x68, 0x39, 0x88, 0x39,
    0x88, 0x41, 0x68, 0x39, 0x88, 0x41, 0x67, 0x39, 0x88, 0x39, 0x68, 0x39,
    0x88, 0x39, 0x88, 0x41, 0x68, 0x39, 0x68, 0x39, 0x88, 0x41, 0x67, 0x39,
    0x68, 0x39, 0x88, 0x39, 0x68, 0x39, 0x87, 0x39, 0x68, 0x41, 0x68, 0x39,
    0x88, 0x39, 0x68, 0x41, 0x88, 0x39, 0x88, 0x39, 0x68, 0x41, 0x88, 0x41,
    0x88, 0x39, 0x68, 0x39, 0x88, 0x39, 0x68, 0x41, 0x68, 0x39, 0x88, 0x39,
    0x68, 0x39, 0x68, 0x41, 0x88, 0x39, 0x88, 0x39, 0x68, 0x39, 0x88, 0x41,
    0x88, 0x39, 0x68, 0x41, 0x67, 0x39, 0x88, 0x39, 0x68, 0x41, 0x88, 0x39,
    0x68, 0x39, 0x88, 0x39, 0x88, 0x41, 0x68, 0x39, 0x88, 0x39, 0x88, 0x41,
    0x68, 0x39, 0x68, 0x39, 0x88, 0x39, 0x68, 0x41, 0x68, 0x39, 0x88, 0x39,
    0x88, 0x39, 0x68, 0x39, 0x88, 0x41, 0x68, 0x39, 0x88, 0x39, 0x68, 0x41,
    0x68, 0x39, 0x88, 0x39, 0x67, 0x41, 0x68, 0x39, 0x88, 0x39, 0x88, 0x41,
    0x68, 0x39, 0x67, 0x39, 0x88, 0x39, 0x68, 0x39, 0x68, 0x39, 0x88, 0x41,
    0x67, 0x39, 0x88, 0x39, 0x68, 0x41, 0x87, 0x39, 0x68, 0x39, 0x88, 0x39,
    0x68, 0x39, 0x88, 0x41, 0x68, 0x39, 0x68, 0x39, 0x88, 0x39, 0x68, 0x39,
    0x67, 0x39, 0x88, 0x41, 0x68, 0x39, 0x88, 0x39, 0x67, 0x41, 0x68, 0x39,
    0x88, 0x39, 0x68, 0x39, 0x88, 0x39, 0x68, 0x39, 0x88, 0x39, 0x87, 0x39,
    0x68, 0x41, 0x88, 0x39, 0x88, 0x39, 0x68, 0x39, 0x68, 0x39, 0x88, 0x39,
    0x68, 0x39, 0x68, 0x41, 0x87, 0x39, 0x88, 0x39, 0x68, 0x41, 0x88, 0x39,
    0x68, 0x39, 0x68, 0x39, 0x88, 0x41, 0x68, 0x39, 0x67, 0x39, 0x88, 0x39,
    0x68, 0x39, 0x88, 0x39, 0x68, 0x39, 0x88, 0x39, 0x88, 0x39, 0x68, 0x39,
    0x88, 0x41, 0x88, 0x41, 0x88, 0x39, 0x68, 0x39, 0x88, 0x41, 0x68, 0x39,
    0x68, 0x39, 0x88, 0x39, 0x68, 0x41, 0x88, 0x39, 0x88, 0x39, 0x68, 0x39,
    0x88, 0x41, 0x88, 0x39, 0x67, 0x39, 0x88, 0x41, 0x68, 0x41, 0x68, 0x39,
    0x88, 0x41, 0x68, 0x39, 0x68, 0x41, 0x88, 0x39, 0x68, 0x39, 0x88, 0x39,
    0x88, 0x39, 0x68, 0x39, 0x87, 0x41, 0x68, 0x39, 0x88, 0x39, 0x68, 0x39,
    0x88, 0x41, 0x68, 0x39, 0x88, 0x39, 0x68, 0x41, 0x68, 0x39, 0x88, 0x39,
    0x88, 0x39, 0x68, 0x39, 0x88, 0x41, 0x68, 0x39, 0x88, 0x41, 0x68, 0x39,
    0x87, 0x41, 0x68, 0x41, 0x88, 0x39, 0x88, 0x39, 0x88, 0x41, 0x68, 0x39,
    0x88, 0x39, 0x88, 0x41, 0x68, 0x39, 0x88, 0x39, 0x68, 0x39, 0x68, 0x39,
    0x88, 0x41, 0x88, 0x39, 0x68, 0x39, 0x67, 0x39, 0x88, 0x41, 0x68, 0x39,
    0x88, 0x39, 0x68, 0x41, 0x88, 0x39, 0x88, 0x39, 0x68, 0x39, 0x88, 0x39,
    0x88, 0x41, 0x68, 0x39, 0x88, 0x39, 0x68, 0x39, 0x88, 0x39, 0x68, 0x39,
    0x68, 0x39, 0x88, 0x39, 0x68, 0x39, 0x88, 0x39, 0x88, 0x41, 0x68, 0x39,
    0x88, 0x39, 0x88, 0x39, 0x67, 0x39, 0x68, 0x39, 0x88, 0x39, 0x67, 0x41,
    0x68, 0x39, 0x88, 0x39, 0x87, 0x41, 0x68, 0x39, 0x68, 0x39, 0x88, 0x39,
    0x68, 0x39, 0x88, 0x39, 0x87, 0x39, 0x68, 0x41, 0x68, 0x39, 0x88, 0x39,
    0x87, 0x41, 0x68, 0x41, 0x88, 0x39, 0x68, 0x39, 0x88, 0x41, 0x88, 0x39,
    0x68, 0x39, 0x88, 0x39, 0x88, 0x41, 0x68, 0x39, 0x68, 0x39, 0x87, 0x39,
    0x68, 0x41, 0x68, 0x39, 0x88, 0x39, 0x68, 0x39, 0x87, 0x39, 0x88, 0x41,
    0x68, 0x39, 0x87, 0x39, 0x88, 0x39, 0x68, 0x41, 0x68, 0x39, 0x87, 0x39,
    0x68, 0x39, 0x68, 0x41, 0x88, 0x39, 0x88, 0x39, 0x68, 0x41, 0x67, 0x39,
    0x88, 0x39, 0x88, 0x41, 0x67, 0x39, 0x88, 0x39, 0x88, 0x41, 0x68, 0x39,
    0x88, 0x39, 0x68, 0x41, 0x88, 0x39, 0x68, 0x39, 0x88, 0x39, 0x88, 0x39,
    0x67, 0x39, 0x68, 0x41, 0x88, 0x39, 0x68, 0x39, 0x67, 0x39, 0x88, 0x39,
    0x68, 0x41, 0x67, 0x39, 0x88, 0x39, 0x88, 0x39, 0x68, 0x41, 0x87, 0x39,
    0x88, 0x39, 0x68, 0x39, 0x88, 0x41, 0x68, 0x39, 0x67, 0x39, 0x88, 0x39,
    0x88, 0x39, 0x68, 0x41, 0x88, 0x39, 0x88, 0x39, 0x68, 0x41, 0x68, 0x39,
    0x68, 0x39, 0x88, 0x39, 0x67, 0x41, 0x68, 0x39, 0x88, 0x39, 0x88, 0x39,
    0x67, 0x39, 0x88, 0x39, 0x88, 0x39, 0x68, 0x39, 0x67, 0x41, 0x88, 0x39,
    0x68, 0x39, 0x87, 0x39, 0x68, 0x39, 0x88, 0x39, 0x88, 0x39, 0x68, 0x39,
    0x88, 0x39, 0x88, 0x39, 0x68, 0x39, 0x68, 0x39, 0x87, 0x41, 0x68, 0x39,
    0x88, 0x39, 0x88, 0x41, 0x68, 0x39, 0x88, 0x39, 0x87, 0x39, 0x68, 0x39,
    0x68, 0x39, 0x88, 0x39, 0x68, 0x41, 0x68, 0x39, 0x88, 0x39, 0x67, 0x41,
    0x88, 0x39, 0x88, 0x39, 0x68, 0x39, 0x87, 0x41, 0x88, 0x41, 0x68, 0x39,
    0x88, 0x39, 0x68, 0x41, 0x88, 0x39, 0x88, 0x39, 0x68, 0x39, 0x88, 0x41,
    0x68, 0x39, 0x87, 0x41, 0x68, 0x39, 0x88, 0x39, 0x68, 0x39, 0x68, 0x39,
    0x88, 0x39, 0x68, 0x41, 0x87, 0x39, 0x88, 0x41, 0x68, 0x39, 0x88, 0x39,
    0x68, 0x41, 0x68, 0x39, 0x88, 0x39, 0x68, 0x39, 0x88, 0x39, 0x87, 0x41,
    0x68, 0x39, 0x88, 0x39, 0x88, 0x39, 0x68, 0x39, 0x88, 0x41, 0x68, 0x39,
    0x67, 0x41, 0x88, 0x39, 0x68, 0x41, 0x87, 0x39, 0x68, 0x39, 0x88, 0x39,
    0x88, 0x41, 0xa8, 0x41, 0x68, 0x39, 0x88, 0x39, 0x88, 0x41, 0x68, 0x39,
    0x88, 0x39, 0x68, 0x41, 0x68, 0x39, 0x87, 0x39, 0x68, 0x39, 0x68, 0x41,
    0x88, 0x39, 0x68, 0x39, 0x88, 0x39, 0x88, 0x39, 0x67, 0x39, 0x88, 0x39,
    0x88, 0x39, 0x67, 0x41, 0x88, 0x39, 0x68, 0x39, 0x67, 0x41, 0x88, 0x41,
    0x68, 0x39, 0x88, 0x39, 0x68, 0x39, 0x88, 0x41, 0x68, 0x39, 0x87, 0x39,
    0x68, 0x41, 0x88, 0x39, 0x88, 0x39, 0x68, 0x41, 0x87, 0x39, 0x68, 0x41,
    0x68, 0x39, 0x87, 0x39, 0x88, 0x39, 0x68, 0x39, 0x67, 0x39, 0x88, 0x39,
    0x68, 0x39, 0x68, 0x39, 0x67, 0x39, 0x88, 0x41, 0x68, 0x39, 0x67, 0x39,
    0x88, 0x39, 0x68, 0x39, 0x87, 0x41, 0x88, 0x39, 0x68, 0x39, 0x88, 0x41,
    0x88, 0x41, 0x88, 0x41, 0x68, 0x39, 0x88, 0x39, 0x88, 0x39, 0x68, 0x39,
    0x68, 0x39, 0x88, 0x39, 0x67, 0x39, 0x68, 0x41, 0x88, 0x39, 0x67, 0x39,
    0x68, 0x39, 0x88, 0x39, 0x68, 0x41, 0x87, 0x39, 0x88, 0x39, 0x68, 0x41,
    0x88, 0x39, 0x67, 0x41, 0x68, 0x39, 0x88, 0x39, 0x67, 0x39, 0x68, 0x41,
    0x88, 0x39, 0x68, 0x39, 0x88, 0x41, 0x68, 0x39, 0x88, 0x39, 0x88, 0x39,
    0x68, 0x39, 0x68, 0x39, 0x88, 0x39, 0x88, 0x39, 0x68, 0x41, 0x68, 0x39,
    0x88, 0x39, 0x68, 0x39, 0x88, 0x39, 0x68, 0x39, 0x88, 0x41, 0x68, 0x39,
    0x68, 0x39, 0x88, 0x39, 0x68, 0x39, 0x87, 0x41, 0x68, 0x39, 0x88, 0x39,
    0x68, 0x39, 0x88, 0x41, 0x87, 0x39, 0x68, 0x39, 0x88, 0x39, 0x68, 0x41,
    0x88, 0x39, 0x88, 0x39, 0x68, 0x41, 0x68, 0x39, 0x88, 0x39, 0x68, 0x39,
    0x68, 0x41, 0x88, 0x39, 0x68, 0x39, 0x88, 0x39, 0x88, 0x41, 0x68, 0x39,
    0x88, 0x39, 0x68, 0x39, 0x68, 0x39, 0x88, 0x39, 0x68, 0x41, 0x88, 0x39,
    0x68, 0x39, 0x68, 0x39, 0x88, 0x39, 0x68, 0x39, 0x68, 0x39, 0x88, 0x39,
    0x88, 0x41, 0x67, 0x39, 0x68, 0x39, 0x88, 0x41, 0x68, 0x39, 0x88, 0x39,
    0x68, 0x41, 0x88, 0x39, 0x88, 0x39, 0x68, 0x41, 0x88, 0x39, 0x88, 0x39,
    0x68, 0x39, 0x88, 0x41, 0x68, 0x39, 0x88, 0x39, 0x68, 0x39, 0x68, 0x41,
    0x88, 0x39, 0x68, 0x39, 0x88, 0x39, 0x88, 0x41, 0x68, 0x39, 0x68, 0x39,
    0x88, 0x41, 0x67, 0x39, 0x88, 0x39, 0x68, 0x39, 0x88, 0x39, 0x68, 0x39,
    0x68, 0x39, 0x88, 0x39, 0x88, 0x39, 0x68, 0x41, 0x68, 0x39, 0x88, 0x39,
    0x68, 0x41, 0x68, 0x41, 0x88, 0x39, 0x88, 0x39, 0x68, 0x39, 0x88, 0x41,
    0x68, 0x41, 0x68, 0x39, 0x88, 0x39, 0x68, 0x41, 0x67, 0x39, 0x88, 0x39,
    0x68, 0x41, 0x87, 0x41, 0x88, 0x39, 0x68, 0x39, 0x88, 0x39, 0x68, 0x39,
    0x68, 0x41, 0x88, 0x39, 0x68, 0x41, 0x68, 0x39, 0x88, 0x41, 0x88, 0x39,
    0x68, 0x39, 0x88, 0x41, 0x88, 0x39, 0x68, 0x39, 0x88, 0x39, 0x68, 0x41,
    0x68, 0x39, 0x88, 0x39, 0x68, 0x39, 0x88, 0x39, 0x68, 0x39, 0x88, 0x39,
    0x88, 0x39, 0x68, 0x39, 0x67, 0x41, 0x88, 0x39, 0x88, 0x39, 0x68, 0x39,
    0x88, 0x39, 0x68, 0x41, 0x88, 0x39, 0x68, 0x41, 0x88, 0x41, 0x88, 0x39,
    0x68, 0x39, 0x68, 0x39, 0x88, 0x39, 0x68, 0x41, 0x87, 0x39, 0x88, 0x39,
    0x88, 0x39, 0x67, 0x39, 0x88, 0x41, 0x68, 0x39, 0x68, 0x39, 0x88, 0x39,
    0x68, 0x41, 0x68, 0x39, 0x87, 0x39, 0x68, 0x41, 0x88, 0x39, 0x88, 0x39,
    0x68, 0x39, 0x88, 0x41, 0x88, 0x41, 0x88, 0x41, 0x88, 0x41, 0x88, 0x41,
    0xa8, 0x41, 0xa9, 0x41, 0x88, 0x41, 0x88, 0x41, 0x88, 0x41, 0x88, 0x41,
    0x88, 0x39, 0x88, 0x39, 0x68, 0x39, 0x88, 0x39, 0x88, 0x41, 0x67, 0x39,
    0x68, 0x39, 0x88, 0x41, 0x68, 0x39, 0x68, 0x39, 0x88, 0x41, 0x68, 0x39,
    0x68, 0x39, 0x88, 0x39, 0x88, 0x39, 0x68, 0x39, 0x88, 0x39, 0x68, 0x39,
    0x68, 0x41, 0x88, 0x39, 0x88, 0x39, 0x68, 0x39, 0x88, 0x39, 0x68, 0x39,
    0x68, 0x39, 0x88, 0x39, 0x67, 0x39, 0x88, 0x39, 0x88, 0x39, 0x68, 0x39,
    0x88, 0x41, 0x68, 0x39, 0x88, 0x39, 0x88, 0x41, 0x68, 0x39, 0x88, 0x39,
    0x88, 0x41, 0x88, 0x39, 0x68, 0x39, 0x88, 0x39, 0x68, 0x39, 0x88, 0x41,
    0x68, 0x39, 0x68, 0x39, 0x88, 0x39, 0x68, 0x41, 0x68, 0x39, 0x87, 0x39,
    0x88, 0x41, 0xa9, 0x41, 0x88, 0x39, 0x88, 0x41, 0x68, 0x39, 0x87, 0x41,
    0x88, 0x39, 0x68, 0x39, 0x88, 0x41, 0x68, 0x39, 0x88, 0x39, 0x88, 0x41,
    0x68, 0x39, 0x88, 0x39, 0x68, 0x41, 0x68, 0x39, 0x88, 0x39, 0x88, 0x39,
    0x68, 0x41, 0x88, 0x39, 0x88, 0x39, 0x68, 0x41, 0x88, 0x39, 0x88, 0x39,
    0x68, 0x39, 0x88, 0x41, 0x68, 0x39, 0x88, 0x39, 0x68, 0x41, 0x88, 0x39,
    0x88, 0x41, 0x68, 0x39, 0x68, 0x39, 0x87, 0x41, 0x88, 0x39, 0x68, 0x39,
    0x87, 0x41, 0x68, 0x41, 0x68, 0x39, 0x88, 0x39, 0x87, 0x39, 0x68, 0x39,
    0x88, 0x39, 0x68, 0x39, 0x88, 0x41, 0x68, 0x39, 0x68, 0x39, 0x87, 0x39,
    0x68, 0x41, 0x68, 0x39, 0x68, 0x39, 0x88, 0x39, 0x68, 0x41, 0x88, 0x39,
    0x68, 0x39, 0x87, 0x39, 0x68, 0x39, 0x88, 0x41, 0x88, 0x39, 0x68, 0x39,
    0x88, 0x39, 0x68, 0x41, 0x68, 0x39, 0x87, 0x39, 0x68, 0x39, 0x88, 0x41,
    0x88, 0x39, 0x67, 0x39, 0x88, 0x41, 0x68, 0x39, 0x88, 0x39, 0x88, 0x41,
    0x68, 0x39, 0x88, 0x41, 0x88, 0x39, 0x67, 0x41, 0x68, 0x39, 0x88, 0x39,
    0x68, 0x39, 0x88, 0x39, 0x88, 0x41, 0x68, 0x39, 0x87, 0x39, 0x68, 0x41,
    0x88, 0x39, 0x68, 0x39, 0x67, 0x39, 0x88, 0x39, 0x68, 0x41, 0x68, 0x39,
    0x88, 0x39, 0x68, 0x39, 0x88, 0x41, 0x67, 0x39, 0x88, 0x39, 0x88, 0x39,
    0x68, 0x41, 0x67, 0x39, 0x88, 0x39, 0x88, 0x39, 0x68, 0x41, 0x88, 0x39,
    0x68, 0x39, 0x88, 0x39, 0x68, 0x41, 0x88, 0x39, 0x67, 0x39, 0x88, 0x39,
    0x68, 0x39, 0x88, 0x39, 0x88, 0x39, 0x68, 0x41, 0x87, 0x39, 0x68, 0x39,
    0x88, 0x39, 0x68, 0x39, 0x67, 0x41, 0x88, 0x39, 0x88, 0x39, 0x68, 0x39,
    0x88, 0x39, 0x88, 0x41, 0x68, 0x39, 0x88, 0x39, 0x88, 0x41, 0x68, 0x39,
    0x68, 0x39, 0x88, 0x39, 0x68, 0x41, 0x88, 0x39, 0x88, 0x39, 0x68, 0x41,
    0x87, 0x39, 0x88, 0x39, 0x68, 0x39, 0x67, 0x39, 0x88, 0x41, 0x68, 0x39,
    0x68, 0x39, 0x87, 0x39, 0x68, 0x39, 0x88, 0x39, 0x87, 0x41, 0x68, 0x39,
    0x88, 0x39, 0x68, 0x41, 0x87, 0x39, 0x68, 0x39, 0x68, 0x41, 0x87, 0x39,
    0x68, 0x39, 0x88, 0x39, 0x68, 0x39, 0x68, 0x41, 0x88, 0x39, 0x67, 0x39,
    0x68, 0x39, 0x88, 0x39, 0x68, 0x39, 0x87, 0x39, 0x68, 0x39, 0x88, 0x41,
    0x67, 0x39, 0x88, 0x39, 0x88, 0x41, 0x87, 0x41, 0x87, 0x41, 0xa7, 0x41,
    0x87, 0x41, 0x88, 0x39, 0x68, 0x39, 0x88, 0x41, 0x68, 0x39, 0x88, 0x39,
    0x88, 0x39, 0x68, 0x41, 0x68, 0x39, 0x88, 0x39, 0x68, 0x39, 0x88, 0x39,
    0x68, 0x39, 0x68, 0x39, 0x68, 0x39, 0x88, 0x39, 0x88, 0x41, 0x88, 0x41,
    0x89, 0x41, 0xa9, 0x41, 0x89, 0x41, 0x88, 0x41, 0x88, 0x39, 0x88, 0x41,
    0x88, 0x39, 0x68, 0x39, 0x88, 0x41, 0x68, 0x39, 0x88, 0x39, 0x88, 0x39,
    0x68, 0x39, 0x87, 0x41, 0x68, 0x39, 0x88, 0x39, 0x88, 0x41, 0x68, 0x39,
    0x68, 0x39, 0x88, 0x41, 0x68, 0x39, 0x88, 0x41, 0x88, 0x39, 0x67, 0x39,
    0x88, 0x39, 0x68, 0x41, 0x67, 0x39, 0x88, 0x39, 0x88, 0x41, 0x68, 0x41,
    0x88, 0x39, 0x68, 0x41, 0x68, 0x39, 0x88, 0x41, 0x68, 0x39, 0x88, 0x39,
    0x68, 0x41, 0x68, 0x39, 0x87, 0x39, 0x68, 0x41, 0x68, 0x39, 0x88, 0x39,
    0x68, 0x41, 0x68, 0x39, 0x88, 0x39, 0x68, 0x41, 0x88, 0x39, 0x88, 0x39,
    0x67, 0x41, 0x88, 0x39, 0x88, 0x39, 0x68, 0x39, 0x88, 0x39, 0x68, 0x39,
    0xa9, 0x41, 0xc9, 0x49, 0x88, 0x41, 0x68, 0x39, 0x68, 0x39, 0x88, 0x39,
    0x68, 0x41, 0x88, 0x39, 0x68, 0x39, 0x88, 0x39, 0x68, 0x39, 0x88, 0x41,
    0x87, 0x39, 0x68, 0x39, 0x88, 0x39, 0x68, 0x41, 0x67, 0x39, 0x88, 0x39,
    0x68, 0x39, 0x88, 0x39, 0x68, 0x39, 0x68, 0x41, 0x88, 0x39, 0x68, 0x39,
    0x67, 0x39, 0x88, 0x39, 0x88, 0x39, 0x67, 0x39, 0x68, 0x39, 0x68, 0x41,
    0x87, 0x39, 0x88, 0x39, 0x68, 0x41, 0x68, 0x39, 0x88, 0x39, 0x88, 0x39,
    0x68, 0x39, 0x88, 0x39, 0x68, 0x41, 0x88, 0x39, 0x68, 0x39, 0x88, 0x41,
    0x68, 0x41, 0x87, 0x39, 0x88, 0x39, 0x68, 0x39, 0x88, 0x41, 0x88, 0x39,
    0x68, 0x39, 0x88, 0x39, 0x88, 0x39, 0x68, 0x41, 0x87, 0x39, 0x68, 0x39,
    0x68, 0x39, 0x88, 0x41, 0x68, 0x39, 0x68, 0x39, 0x87, 0x41, 0x68, 0x39,
    0x88, 0x39, 0x87, 0x39, 0x68, 0x41, 0x88, 0x39, 0x68, 0x39, 0x68, 0x39,
    0x88, 0x41, 0x88, 0x39, 0x68, 0x39, 0x87, 0x39, 0x68, 0x39, 0x68, 0x39,
    0x87, 0x39, 0x68, 0x39, 0x88, 0x41, 0x88, 0x39, 0x68, 0x39, 0x88, 0x41,
    0x67, 0x39, 0x68, 0x39, 0x88, 0x39, 0x68, 0x39, 0x68, 0x39, 0x88, 0x39,
    0x88, 0x39, 0x68, 0x41, 0x88, 0x39, 0x88, 0x39, 0x67, 0x39, 0x88, 0x41,
    0x88, 0x39, 0x67, 0x39, 0x68, 0x39, 0x88, 0x41, 0x68, 0x39, 0x88, 0x39,
    0x68, 0x39, 0x88, 0x41, 0x68, 0x39, 0x67, 0x39, 0x88, 0x39, 0x68, 0x41,
    0x87, 0x39, 0x68, 0x39, 0x88, 0x41, 0x68, 0x39, 0x88, 0x39, 0x68, 0x41,
    0x68, 0x39, 0x68, 0x41, 0x68, 0x39, 0x88, 0x39, 0x88, 0x39, 0x68, 0x41,
    0x88, 0x39, 0x88, 0x39, 0x68, 0x39, 0x68, 0x41, 0x88, 0x39, 0x67, 0x39,
    0x88, 0x39, 0x68, 0x39, 0x67, 0x39, 0x88, 0x39, 0x88, 0x39, 0x68, 0x41,
    0x88, 0x39, 0x68, 0x39, 0x68, 0x39, 0x87, 0x39, 0x68, 0x41, 0x68, 0x39,
    0x88, 0x39, 0x68, 0x39, 0x88, 0x39, 0x88, 0x39, 0x68, 0x39, 0x88, 0x41,
    0x88, 0x39, 0x68, 0x39, 0x68, 0x41, 0x88, 0x39, 0x68, 0x39, 0x88, 0x39,
    0x68, 0x39, 0x88, 0x41, 0x88, 0x39, 0x68, 0x39, 0x88, 0x41, 0x68, 0x39,
    0x68, 0x41, 0x88, 0x39, 0x88, 0x39, 0x68, 0x39, 0x88, 0x41, 0x88, 0x39,
    0x68, 0x41, 0x88, 0x39, 0x88, 0x39, 0x68, 0x39, 0x87, 0x41, 0x87, 0x41,
    0xa7, 0x41, 0xa7, 0x49, 0xa7, 0x49, 0xc8, 0x49, 0xe8, 0x51, 0xe8, 0x51,
    0xc7, 0x49, 0x88, 0x41, 0x68, 0x39, 0x88, 0x39, 0x67, 0x41, 0x68, 0x39,
    0x88, 0x39, 0x87, 0x39, 0x68, 0x41, 0x88, 0x39, 0x67, 0x41, 0x88, 0x39,
    0x88, 0x39, 0x68, 0x39, 0x88, 0x39, 0x68, 0x39, 0x68, 0x39, 0x88, 0x39,
    0x88, 0x41, 0xa9, 0x41, 0x88, 0x39, 0x68, 0x39, 0x88, 0x39, 0x68, 0x39,
    0x68, 0x39, 0x88, 0x41, 0x67, 0x39, 0x68, 0x39, 0x88, 0x41, 0x68, 0x39,
    0x88, 0x39, 0x68, 0x39, 0x88, 0x39, 0x68, 0x39, 0x87, 0x39, 0x88, 0x39,
    0x68, 0x41, 0x87, 0x39, 0x68, 0x39, 0x68, 0x39, 0x88, 0x41, 0x88, 0x39,
    0x68, 0x39, 0x88, 0x39, 0x68, 0x41, 0x68, 0x39, 0x87, 0x39, 0x68, 0x39,
    0x88, 0x39, 0x87, 0x39, 0x68, 0x41, 0x68, 0x39, 0x88, 0x39, 0x87, 0x39,
    0x68, 0x39, 0x88, 0x39, 0x88, 0x39, 0x68, 0x39, 0x88, 0x39, 0x87, 0x39,
    0x68, 0x39, 0x88, 0x41, 0x87, 0x39, 0x68, 0x39, 0x68, 0x39, 0x88, 0x39,
    0x68, 0x41, 0x88, 0x39, 0x68, 0x39, 0x87, 0x41, 0x68, 0x39, 0x88, 0x39,
    0xa9, 0x41, 0xca, 0x49, 0x88, 0x41, 0x88, 0x39, 0x68, 0x39, 0x68, 0x39,
    0x88, 0x39, 0x67, 0x41, 0x88, 0x39, 0x68, 0x39, 0x67, 0x41, 0x68, 0x39,
    0x88, 0x39, 0x68, 0x39, 0x88, 0x39, 0x88, 0x39, 0x68, 0x41, 0x88, 0x39,
    0x67, 0x39, 0x88, 0x41, 0x68, 0x39, 0x87, 0x39, 0x88, 0x41, 0x68, 0x39,
    0x88, 0x41, 0x68, 0x39, 0x68, 0x41, 0x88, 0x39, 0x88, 0x39, 0x68, 0x39,
    0x68, 0x39, 0x88, 0x39, 0x88, 0x39, 0x68, 0x39, 0x68, 0x41, 0x88, 0x39,
    0x68, 0x39, 0x88, 0x39, 0x87, 0x39, 0x68, 0x41, 0x68, 0x39, 0x88, 0x39,
    0x68, 0x39, 0x68, 0x39, 0x88, 0x39, 0x68, 0x41, 0x88, 0x39, 0x68, 0x39,
    0x68, 0x41, 0x87, 0x39, 0x88, 0x39, 0x68, 0x39, 0x88, 0x39, 0x88, 0x41,
    0x68, 0x39, 0x88, 0x39, 0x88, 0x39, 0x68, 0x39, 0x88, 0x39, 0x68, 0x41,
    0x68, 0x39, 0x88, 0x39, 0x88, 0x39, 0x68, 0x41, 0x88, 0x39, 0x68, 0x39,
    0x67, 0x39, 0x88, 0x41, 0x68, 0x39, 0x88, 0x41, 0x68, 0x39, 0x88, 0x39,
    0x68, 0x41, 0x68, 0x39, 0x68, 0x39, 0x88, 0x39, 0x68, 0x39, 0x88, 0x41,
    0x88, 0x39, 0x68, 0x41, 0x88, 0x39, 0x88, 0x41, 0x68, 0x39, 0x87, 0x39,
    0x68, 0x41, 0x68, 0x39, 0x88, 0x39, 0x68, 0x41, 0x68, 0x39, 0x88, 0x39,
    0x68, 0x41, 0x88, 0x39, 0x88, 0x39, 0x68, 0x39, 0x88, 0x41, 0x67, 0x39,
    0x88, 0x39, 0x88, 0x39, 0x68, 0x41, 0x88, 0x39, 0x68, 0x39, 0x88, 0x39,
    0x68, 0x39, 0x88, 0x39, 0x68, 0x39, 0x88, 0x39, 0x68, 0x41, 0x88, 0x39,
    0x88, 0x39, 0x88, 0x39, 0x67, 0x41, 0x68, 0x39, 0x88, 0x39, 0x68, 0x41,
    0x67, 0x39, 0x88, 0x39, 0x88, 0x39, 0x68, 0x39, 0x68, 0x41, 0x88, 0x39,
    0x68, 0x41, 0x88, 0x39, 0x68, 0x41, 0x68, 0x39, 0x87, 0x39, 0x68, 0x39,
    0x88, 0x41, 0x87, 0x39, 0x68, 0x39, 0x88, 0x41, 0x68, 0x39, 0x88, 0x39,
    0x68, 0x41, 0x68, 0x39, 0x88, 0x41, 0x68, 0x39, 0x68, 0x39, 0x87, 0x39,
    0x88, 0x41, 0x68, 0x39, 0x88, 0x39, 0x68, 0x41, 0x68, 0x39, 0x88, 0x39,
    0x67, 0x41, 0x68, 0x39, 0x88, 0x39, 0x68, 0x39, 0x88, 0x39, 0x88, 0x39,
    0x68, 0x41, 0x87, 0x39, 0x68, 0x39, 0x68, 0x41, 0x87, 0x39, 0x68, 0x39,
    0x68, 0x39, 0x87, 0x41, 0x68, 0x39, 0x88, 0x41, 0xc7, 0x49, 0xe8, 0x51,
    0xe8, 0x51, 0x08, 0x5a, 0x08, 0x5a, 0x08, 0x5a, 0x08, 0x5a, 0x09, 0x5a,
    0x08, 0x52, 0xa7, 0x49, 0x88, 0x41, 0x88, 0x39, 0x68, 0x39, 0x88, 0x41,
    0x68, 0x39, 0x68, 0x39, 0x88, 0x39, 0x68, 0x39, 0x88, 0x39, 0x68, 0x41,
    0x87, 0x41, 0x88, 0x39, 0x68, 0x41, 0x88, 0x39, 0x88, 0x39, 0x68, 0x39,
    0x88, 0x39, 0x89, 0x41, 0x88, 0x39, 0x88, 0x39, 0x68, 0x39, 0x88, 0x39,
    0x88, 0x39, 0x68, 0x39, 0x88, 0x39, 0x88, 0x39, 0x68, 0x41, 0x67, 0x39,
    0x88, 0x39, 0x88, 0x41, 0x68, 0x41, 0x68, 0x39, 0x88, 0x39, 0x68, 0x41,
    0x88, 0x39, 0x88, 0x39, 0x67, 0x39, 0x68, 0x39, 0x88, 0x39, 0x68, 0x41,
    0x88, 0x39, 0x88, 0x39, 0x68, 0x39, 0x88, 0x39, 0x68, 0x39, 0x68, 0x41,
    0x88, 0x39, 0x88, 0x39, 0x68, 0x39, 0x88, 0x39, 0x68, 0x41, 0x68, 0x39,
    0x88, 0x41, 0x68, 0x39, 0x68, 0x41, 0x88, 0x39, 0x68, 0x41, 0x68, 0x39,
    0x88, 0x39, 0x68, 0x39, 0x88, 0x41, 0x68, 0x39, 0x87, 0x39, 0x68, 0x41,
    0x88, 0x39, 0x68, 0x39, 0x68, 0x41, 0x88, 0x39, 0x68, 0x39, 0x68, 0x41,
    0xca, 0x49, 0xea, 0x51, 0x88, 0x41, 0x88, 0x39, 0x88, 0x41, 0x68, 0x39,
    0x88, 0x39, 0x88, 0x39, 0x68, 0x41, 0x88, 0x39, 0x88, 0x39, 0x68, 0x39,
    0x88, 0x41, 0x68, 0x41, 0x67, 0x39, 0x88, 0x39, 0x88, 0x39, 0x68, 0x41,
    0x88, 0x39, 0x68, 0x39, 0x88, 0x39, 0x68, 0x39, 0x68, 0x39, 0x88, 0x39,
    0x88, 0x39, 0x68, 0x41, 0x88, 0x39, 0x88, 0x39, 0x68, 0x41, 0x88, 0x39,
    0x68, 0x41, 0x67, 0x39, 0x88, 0x39, 0x88, 0x41, 0x67, 0x39, 0x68, 0x39,
    0x88, 0x41, 0x68, 0x39, 0x88, 0x39, 0x68, 0x39, 0x88, 0x41, 0x87, 0x39,
    0x68, 0x39, 0x88, 0x41, 0x68, 0x39, 0x87, 0x39, 0x68, 0x39, 0x88, 0x39,
    0x68, 0x41, 0x68, 0x39, 0x88, 0x41, 0x68, 0x39, 0x68, 0x39, 0x88, 0x41,
    0x67, 0x39, 0x68, 0x39, 0x88, 0x41, 0x87, 0x39, 0x68, 0x39, 0x88, 0x39,
    0x68, 0x41, 0x68, 0x39, 0x88, 0x39, 0x67, 0x39, 0x88, 0x41, 0x88, 0x39,
    0x68, 0x39, 0x68, 0x39, 0x88, 0x39, 0x68, 0x41, 0x88, 0x39, 0x88, 0x39,
    0x88, 0x41, 0x67, 0x39, 0x88, 0x39, 0x68, 0x41, 0x67, 0x39, 0x88, 0x39,
    0x68, 0x39, 0x68, 0x39, 0x87, 0x41, 0x68, 0x39, 0x88, 0x39, 0x68, 0x41,
    0x88, 0x39, 0x88, 0x39, 0x67, 0x39, 0x88, 0x39, 0x88, 0x39, 0x68, 0x39,
    0x68, 0x39, 0x88, 0x41, 0x68, 0x39, 0x88, 0x39, 0x68, 0x39, 0x68, 0x41,
    0x88, 0x39, 0x68, 0x39, 0x88, 0x39, 0x68, 0x41, 0x88, 0x39, 0x68, 0x39,
    0x88, 0x41, 0x68, 0x39, 0x87, 0x39, 0x68, 0x41, 0x68, 0x39, 0x88, 0x39,
    0x68, 0x39, 0x88, 0x39, 0x88, 0x39, 0x68, 0x39, 0x88, 0x39, 0x88, 0x39,
    0x68, 0x41, 0x68, 0x39, 0x88, 0x39, 0x87, 0x41, 0x68, 0x39, 0x88, 0x39,
    0x88, 0x39, 0x68, 0x39, 0x88, 0x41, 0x88, 0x39, 0x68, 0x39, 0x68, 0x39,
    0x88, 0x39, 0x68, 0x39, 0x88, 0x41, 0x68, 0x39, 0x88, 0x39, 0x88, 0x39,
    0x67, 0x39, 0x88, 0x39, 0x88, 0x41, 0x67, 0x39, 0x88, 0x39, 0x68, 0x41,
    0x68, 0x39, 0x88, 0x39, 0x87, 0x39, 0x68, 0x39, 0x88, 0x41, 0x88, 0x39,
    0x68, 0x39, 0x88, 0x39, 0x68, 0x41, 0x67, 0x39, 0x88, 0x39, 0x68, 0x39,
    0x88, 0x39, 0x68, 0x39, 0x88, 0x41, 0x88, 0x39, 0x68, 0x39, 0x88, 0x39,
    0x88, 0x39, 0x68, 0x39, 0x68, 0x39, 0x87, 0x41, 0xe8, 0x51, 0x28, 0x5a,
    0x09, 0x5a, 0x28, 0x5a, 0x29, 0x5a, 0x08, 0x5a, 0x28, 0x5a, 0x08, 0x5a,
    0x08, 0x5a, 0xe8, 0x51, 0xa7, 0x41, 0x68, 0x39, 0x88, 0x39, 0x88, 0x39,
    0x68, 0x41, 0x88, 0x39, 0x88, 0x39, 0x68, 0x41, 0x68, 0x39, 0x88, 0x39,
    0x68, 0x39, 0x68, 0x39, 0x88, 0x39, 0x68, 0x41, 0x88, 0x39, 0x68, 0x39,
    0x68, 0x41, 0x88, 0x41, 0x68, 0x39, 0x88, 0x39, 0x68, 0x41, 0x88, 0x41,
    0x68, 0x39, 0x68, 0x41, 0x88, 0x39, 0x88, 0x39, 0x68, 0x39, 0x88, 0x39,
    0x68, 0x39, 0x88, 0x39, 0x67, 0x39, 0x88, 0x41, 0x68, 0x39, 0x68, 0x39,
    0x88, 0x39, 0x68, 0x41, 0x88, 0x41, 0x88, 0x39, 0x68, 0x39, 0x67, 0x39,
    0x88, 0x41, 0x68, 0x39, 0x87, 0x39, 0x88, 0x41, 0x68, 0x39, 0x88, 0x39,
    0x68, 0x41, 0x68, 0x39, 0x88, 0x39, 0x87, 0x41, 0x68, 0x39, 0x88, 0x39,
    0x88, 0x39, 0x67, 0x41, 0x88, 0x39, 0x88, 0x39, 0x67, 0x41, 0x88, 0x39,
    0x68, 0x39, 0x68, 0x41, 0x88, 0x39, 0x88, 0x39, 0x68, 0x41, 0x88, 0x39,
    0x88, 0x39, 0x67, 0x39, 0x88, 0x39, 0x88, 0x39, 0x88, 0x39, 0x68, 0x39,
    0xea, 0x49, 0x0b, 0x52, 0xa9, 0x41, 0x68, 0x39, 0x88, 0x39, 0x68, 0x41,
    0x68, 0x39, 0x88, 0x39, 0x68, 0x39, 0x88, 0x39, 0x88, 0x39, 0x68, 0x39,
    0x88, 0x39, 0x88, 0x39, 0x68, 0x41, 0x68, 0x39, 0x88, 0x39, 0x68, 0x39,
    0x68, 0x41, 0x88, 0x39, 0x88, 0x41, 0x68, 0x39, 0x67, 0x39, 0x88, 0x41,
    0x68, 0x39, 0x67, 0x39, 0x88, 0x39, 0x68, 0x39, 0x67, 0x39, 0x88, 0x41,
    0x88, 0x39, 0x68, 0x39, 0x68, 0x41, 0x88, 0x39, 0x88, 0x39, 0x68, 0x39,
    0x87, 0x41, 0x68, 0x39, 0x68, 0x39, 0x88, 0x39, 0x68, 0x39, 0x68, 0x41,
    0x88, 0x39, 0x88, 0x39, 0x68, 0x41, 0x68, 0x39, 0x88, 0x39, 0x88, 0x41,
    0x87, 0x39, 0x68, 0x39, 0x88, 0x39, 0x68, 0x41, 0x88, 0x39, 0x88, 0x39,
    0x68, 0x39, 0x68, 0x41, 0x88, 0x39, 0x68, 0x39, 0x68, 0x41, 0x88, 0x39,
    0x87, 0x39, 0x68, 0x41, 0x88, 0x39, 0x68, 0x39, 0x68, 0x39, 0x88, 0x41,
    0x88, 0x39, 0x68, 0x39, 0x87, 0x39, 0x68, 0x39, 0x68, 0x39, 0x87, 0x39,
    0x68, 0x39, 0x88, 0x39, 0x88, 0x39, 0x68, 0x41, 0x88, 0x39, 0x88, 0x39,
    0x68, 0x39, 0x88, 0x39, 0x68, 0x39, 0x88, 0x39, 0x68, 0x39, 0x68, 0x39,
    0x88, 0x39, 0x68, 0x41, 0x68, 0x39, 0x88, 0x41, 0x88, 0x39, 0x67, 0x39,
    0x88, 0x39, 0x68, 0x39, 0x67, 0x41, 0x88, 0x39, 0x88, 0x39, 0x68, 0x39,
    0x68, 0x41, 0x87, 0x39, 0x68, 0x39, 0x88, 0x39, 0x67, 0x41, 0x88, 0x39,
    0x68, 0x39, 0x88, 0x41, 0x88, 0x39, 0x68, 0x39, 0x88, 0x39, 0x68, 0x39,
    0x68, 0x39, 0x68, 0x39, 0x88, 0x41, 0x68, 0x39, 0x67, 0x39, 0x88, 0x41,
    0x88, 0x39, 0x68, 0x39, 0x68, 0x41, 0x88, 0x39, 0x68, 0x39, 0x67, 0x39,
    0x88, 0x39, 0x68, 0x39, 0x87, 0x39, 0x88, 0x41, 0x68, 0x39, 0x88, 0x41,
    0x68, 0x39, 0x88, 0x39, 0x68, 0x39, 0x68, 0x39, 0x88, 0x41, 0x68, 0x39,
    0x88, 0x39, 0x68, 0x39, 0x68, 0x39, 0x88, 0x39, 0x88, 0x41, 0x68, 0x39,
    0x68, 0x39, 0x88, 0x41, 0x68, 0x39, 0x88, 0x39, 0x67, 0x39, 0x68, 0x39,
    0x88, 0x39, 0x88, 0x41, 0x68, 0x39, 0x88, 0x39, 0x68, 0x41, 0x88, 0x41,
    0x67, 0x39, 0x68, 0x39, 0x88, 0x39, 0x68, 0x39, 0x68, 0x41, 0x88, 0x41,
    0x88, 0x39, 0x68, 0x39, 0x88, 0x41, 0xa7, 0x41, 0x08, 0x52, 0x08, 0x5a,
    0x28, 0x5a, 0x09, 0x5a, 0x08, 0x5a, 0x29, 0x5a, 0x29, 0x5a, 0x28, 0x5a,
    0x29, 0x5a, 0x08, 0x5a, 0xc8, 0x51, 0x87, 0x41, 0x88, 0x39, 0x68, 0x39,
    0x67, 0x39, 0x88, 0x41, 0x88, 0x39, 0x67, 0x39, 0x88, 0x39, 0x88, 0x39,
    0x68, 0x41, 0x88, 0x39, 0x67, 0x39, 0x68, 0x39, 0x88, 0x39, 0x88, 0x39,
    0x88, 0x39, 0x88, 0x41, 0x88, 0x39, 0x68, 0x39, 0x68, 0x39, 0x88, 0x39,
    0x87, 0x39, 0x68, 0x39, 0x68, 0x41, 0x87, 0x39, 0x68, 0x41, 0x68, 0x41,
    0x88, 0x39, 0x68, 0x39, 0x88, 0x39, 0x88, 0x39, 0x68, 0x41, 0x87, 0x39,
    0x68, 0x39, 0x68, 0x39, 0x88, 0x39, 0x88, 0x41, 0x68, 0x39, 0x88, 0x39,
    0x68, 0x39, 0x68, 0x41, 0x88, 0x39, 0x68, 0x39, 0x88, 0x41, 0x87, 0x39,
    0x68, 0x39, 0x68, 0x39, 0x88, 0x39, 0x68, 0x39, 0x68, 0x39, 0x88, 0x39,
    0x68, 0x39, 0x68, 0x39, 0x88, 0x39, 0x68, 0x39, 0x88, 0x39, 0x88, 0x39,
    0x68, 0x41, 0x87, 0x39, 0x68, 0x39, 0x68, 0x39, 0x88, 0x39, 0x68, 0x39,
    0x88, 0x41, 0x88, 0x41, 0xa9, 0x41, 0xa9, 0x49, 0xc9, 0x49, 0xea, 0x49,
    0xeb, 0x51, 0x2b, 0x52, 0xea, 0x51, 0xca, 0x49, 0xca, 0x49, 0xc9, 0x49,
    0xa9, 0x41, 0x88, 0x41, 0x88, 0x41, 0x68, 0x39, 0x67, 0x41, 0x88, 0x41,
    0x68, 0x39, 0x87, 0x39, 0x88, 0x39, 0x68, 0x41, 0x87, 0x39, 0x88, 0x39,
    0x68, 0x39, 0x87, 0x39, 0x68, 0x41, 0x88, 0x39, 0x88, 0x39, 0x68, 0x41,
    0x88, 0x39, 0x88, 0x39, 0x68, 0x41, 0x88, 0x39, 0x68, 0x39, 0x88, 0x39,
    0x88, 0x39, 0x68, 0x39, 0x88, 0x39, 0x68, 0x39, 0x68, 0x39, 0x88, 0x41,
    0x88, 0x39, 0x68, 0x39, 0x88, 0x41, 0x87, 0x39, 0x68, 0x39, 0x88, 0x39,
    0x68, 0x39, 0x87, 0x39, 0x88, 0x39, 0x68, 0x41, 0x68, 0x39, 0x88, 0x39,
    0x68, 0x39, 0x88, 0x39, 0x68, 0x39, 0x87, 0x39, 0x68, 0x39, 0x88, 0x39,
    0x88, 0x41, 0x68, 0x39, 0x88, 0x39, 0x88, 0x39, 0x68, 0x41, 0x88, 0x39,
    0x68, 0x39, 0x88, 0x39, 0x88, 0x41, 0x68, 0x39, 0x68, 0x39, 0x87, 0x39,
    0x68, 0x41, 0x88, 0x39, 0x88, 0x41, 0x68, 0x39, 0x88, 0x41, 0x68, 0x39,
    0x68, 0x41, 0x88, 0x39, 0x68, 0x39, 0x88, 0x39, 0x68, 0x41, 0x67, 0x39,
    0x88, 0x41, 0x88, 0x41, 0x68, 0x39, 0x88, 0x39, 0x87, 0x41, 0x68, 0x39,
    0x88, 0x39, 0x67, 0x39, 0x68, 0x41, 0x88, 0x39, 0x68, 0x41, 0x68, 0x39,
    0x88, 0x41, 0x88, 0x39, 0x68, 0x39, 0x88, 0x41, 0x87, 0x39, 0x68, 0x39,
    0x88, 0x39, 0x88, 0x41, 0x68, 0x39, 0x68, 0x39, 0x88, 0x39, 0x68, 0x39,
    0x67, 0x39, 0x88, 0x41, 0x68, 0x39, 0x87, 0x39, 0x68, 0x41, 0x88, 0x39,
    0x88, 0x39, 0x68, 0x39, 0x88, 0x41, 0x88, 0x39, 0x68, 0x39, 0x68, 0x39,
    0x88, 0x39, 0x87, 0x39, 0x68, 0x39, 0x88, 0x39, 0x88, 0x41, 0x68, 0x41,
    0x88, 0x39, 0x68, 0x41, 0x68, 0x39, 0x68, 0x39, 0x88, 0x39, 0x87, 0x41,
    0x68, 0x39, 0x88, 0x39, 0x87, 0x41, 0x68, 0x39, 0x88, 0x39, 0x67, 0x41,
    0x88, 0x39, 0x88, 0x41, 0x68, 0x39, 0x88, 0x39, 0x68, 0x39, 0x88, 0x39,
    0x87, 0x39, 0x68, 0x41, 0x88, 0x39, 0x68, 0x39, 0x88, 0x41, 0x68, 0x39,
    0x88, 0x39, 0x67, 0x41, 0x88, 0x39, 0x88, 0x39, 0x68, 0x39, 0x88, 0x39,
    0x88, 0x41, 0x68, 0x39, 0x88, 0x39, 0x87, 0x39, 0x68, 0x39, 0x68, 0x39,
    0x87, 0x39, 0x68, 0x41, 0x88, 0x39, 0xc7, 0x49, 0x08, 0x5a, 0x09, 0x5a,
    0x28, 0x5a, 0x49, 0x5a, 0x49, 0x62, 0x49, 0x62, 0x49, 0x62, 0x29, 0x5a,
    0x08, 0x5a, 0x28, 0x5a, 0x08, 0x52, 0xc7, 0x49, 0x88, 0x41, 0x68, 0x39,
    0x88, 0x39, 0x68, 0x39, 0x68, 0x41, 0x88, 0x39, 0x68, 0x39, 0x68, 0x41,
    0x87, 0x39, 0x88, 0x39, 0x68, 0x41, 0x88, 0x39, 0x68, 0x41, 0x67, 0x39,
    0x88, 0x39, 0x68, 0x41, 0x88, 0x39, 0x88, 0x39, 0x68, 0x41, 0x68, 0x39,
    0x88, 0x39, 0x88, 0x39, 0x68, 0x39, 0x88, 0x39, 0x88, 0x39, 0x68, 0x39,
    0x87, 0x41, 0x68, 0x39, 0x68, 0x39, 0x88, 0x41, 0x88, 0x39, 0x68, 0x39,
    0x88, 0x41, 0x88, 0x39, 0x67, 0x39, 0x68, 0x39, 0x88, 0x41, 0x88, 0x39,
    0x67, 0x39, 0x88, 0x39, 0x68, 0x39, 0x68, 0x39, 0x88, 0x39, 0x68, 0x41,
    0x88, 0x39, 0x88, 0x41, 0x67, 0x39, 0x88, 0x41, 0x88, 0x41, 0x68, 0x39,
    0x87, 0x41, 0x88, 0x39, 0x68, 0x39, 0x68, 0x41, 0x88, 0x39, 0x68, 0x39,
    0x88, 0x39, 0x88, 0x39, 0x68, 0x41, 0x87, 0x39, 0x68, 0x39, 0x68, 0x41,
    0x88, 0x41, 0xa9, 0x41, 0xc9, 0x49, 0xca, 0x49, 0xea, 0x51, 0x0b, 0x52,
    0x0b, 0x52, 0x2c, 0x5a, 0x2b, 0x5a, 0x0b, 0x52, 0xea, 0x51, 0xea, 0x49,
    0xc9, 0x49, 0xa8, 0x41, 0x88, 0x41, 0x68, 0x39, 0x88, 0x39, 0x68, 0x39,
    0x68, 0x39, 0x68, 0x39, 0x88, 0x39, 0x68, 0x39, 0x68, 0x41, 0x88, 0x39,
    0x68, 0x39, 0x68, 0x39, 0x88, 0x39, 0x68, 0x39, 0x88, 0x39, 0x68, 0x39,
    0x88, 0x39, 0x68, 0x39, 0x87, 0x41, 0x68, 0x39, 0x88, 0x39, 0x68, 0x41,
    0x67, 0x39, 0x88, 0x41, 0x88, 0x39, 0x67, 0x39, 0x88, 0x41, 0x68, 0x39,
    0x68, 0x39, 0x88, 0x39, 0x68, 0x41, 0x88, 0x39, 0x88, 0x41, 0x68, 0x39,
    0x68, 0x41, 0x68, 0x39, 0x88, 0x39, 0x88, 0x39, 0x67, 0x39, 0x68, 0x41,
    0x88, 0x39, 0x68, 0x41, 0x88, 0x39, 0x68, 0x41, 0x68, 0x39, 0x87, 0x39,
    0x68, 0x39, 0x68, 0x39, 0x87, 0x39, 0x68, 0x41, 0x88, 0x39, 0x67, 0x39,
    0x68, 0x39, 0x88, 0x39, 0x67, 0x39, 0x88, 0x41, 0x88, 0x39, 0x68, 0x39,
    0x68, 0x39, 0x88, 0x39, 0x68, 0x39, 0x88, 0x41, 0x88, 0x39, 0x68, 0x39,
    0x88, 0x39, 0x67, 0x41, 0x88, 0x39, 0x68, 0x39, 0x88, 0x39, 0x68, 0x39,
    0x88, 0x39, 0x67, 0x39, 0x68, 0x39, 0x88, 0x41, 0x68, 0x39, 0x88, 0x41,
    0x88, 0x39, 0x88, 0x39, 0x68, 0x39, 0x88, 0x39, 0x88, 0x39, 0x68, 0x39,
    0x88, 0x39, 0x68, 0x39, 0x68, 0x39, 0x88, 0x39, 0x68, 0x41, 0x68, 0x39,
    0x88, 0x39, 0x68, 0x39, 0x88, 0x41, 0x87, 0x39, 0x88, 0x41, 0x68, 0x39,
    0x88, 0x39, 0x68, 0x39, 0x68, 0x39, 0x88, 0x41, 0x68, 0x39, 0x68, 0x39,
    0x68, 0x39, 0x88, 0x39, 0x67, 0x39, 0x88, 0x41, 0x88, 0x39, 0x68, 0x41,
    0x68, 0x39, 0x88, 0x41, 0x68, 0x39, 0x68, 0x39, 0x88, 0x39, 0x88, 0x39,
    0x68, 0x39, 0x88, 0x39, 0x88, 0x41, 0x68, 0x39, 0x68, 0x39, 0x88, 0x39,
    0x68, 0x39, 0x68, 0x41, 0x88, 0x39, 0x88, 0x39, 0x68, 0x39, 0x68, 0x39,
    0x88, 0x39, 0x68, 0x41, 0x87, 0x39, 0x68, 0x39, 0x68, 0x41, 0x88, 0x39,
    0x68, 0x39, 0x88, 0x39, 0x68, 0x39, 0x88, 0x41, 0x88, 0x39, 0x68, 0x39,
    0x68, 0x39, 0x88, 0x39, 0x68, 0x39, 0x68, 0x41, 0x87, 0x39, 0x68, 0x39,
    0x68, 0x39, 0x88, 0x41, 0x68, 0x39, 0x88, 0x41, 0x88, 0x39, 0x68, 0x39,
    0x68, 0x41, 0x88, 0x39, 0x88, 0x41, 0xc8, 0x51, 0x28, 0x5a, 0x09, 0x5a,
    0x08, 0x5a, 0x49, 0x62, 0x49, 0x62, 0x49, 0x62, 0x49, 0x62, 0x49, 0x62,
    0x29, 0x5a, 0x28, 0x5a, 0x29, 0x5a, 0xe8, 0x51, 0xa7, 0x49, 0x88, 0x39,
    0x88, 0x39, 0x68, 0x39, 0x88, 0x39, 0x88, 0x41, 0x68, 0x39, 0x68, 0x39,
    0x88, 0x39, 0x68, 0x39, 0x88, 0x39, 0x88, 0x41, 0x68, 0x39, 0x68, 0x39,
    0x88, 0x39, 0x68, 0x39, 0x68, 0x39, 0x87, 0x41, 0x88, 0x39, 0x68, 0x39,
    0x68, 0x41, 0x88, 0x41, 0x68, 0x39, 0x68, 0x39, 0x88, 0x39, 0x88, 0x39,
    0x68, 0x39, 0x88, 0x41, 0x68, 0x39, 0x67, 0x39, 0x88, 0x39, 0x68, 0x39,
    0x68, 0x39, 0x88, 0x41, 0x68, 0x39, 0x68, 0x39, 0x88, 0x39, 0x68, 0x41,
    0x88, 0x39, 0x88, 0x41, 0x68, 0x39, 0x87, 0x39, 0x68, 0x41, 0x68, 0x39,
    0x88, 0x39, 0x68, 0x39, 0x68, 0x39, 0x88, 0x39, 0x68, 0x39, 0x68, 0x39,
    0x88, 0x39, 0x88, 0x41, 0x68, 0x39, 0x87, 0x39, 0x68, 0x41, 0x68, 0x39,
    0x87, 0x39, 0x68, 0x41, 0x88, 0x39, 0x88, 0x39, 0x68, 0x39, 0x88, 0x39,
    0x88, 0x39, 0x68, 0x39, 0x68, 0x39, 0x88, 0x39, 0x68, 0x39, 0x88, 0x39,
    0xea, 0x51, 0x0b, 0x52, 0xa9, 0x41, 0x88, 0x39, 0x68, 0x39, 0x88, 0x39,
    0x68, 0x39, 0x68, 0x39, 0x88, 0x39, 0x88, 0x39, 0x88, 0x39, 0x88, 0x41,
    0x68, 0x39, 0x88, 0x41, 0x88, 0x39, 0x68, 0x39, 0x88, 0x39, 0x88, 0x41,
    0x68, 0x39, 0x88, 0x41, 0x87, 0x39, 0x68, 0x41, 0x68, 0x39, 0x87, 0x41,
    0x68, 0x39, 0x68, 0x39, 0x88, 0x39, 0x88, 0x41, 0x68, 0x39, 0x88, 0x39,
    0x68, 0x41, 0x88, 0x39, 0x68, 0x39, 0x88, 0x41, 0x88, 0x39, 0x67, 0x39,
    0x88, 0x39, 0x68, 0x41, 0x67, 0x39, 0x88, 0x39, 0x68, 0x39, 0x88, 0x39,
    0x87, 0x39, 0x68, 0x41, 0x68, 0x39, 0x88, 0x39, 0x88, 0x41, 0x68, 0x39,
    0x88, 0x39, 0x67, 0x39, 0x88, 0x39, 0x88, 0x41, 0x68, 0x39, 0x88, 0x39,
    0x68, 0x41, 0x88, 0x39, 0x68, 0x39, 0x88, 0x39, 0x68, 0x39, 0x88, 0x41,
    0x88, 0x39, 0x68, 0x39, 0x68, 0x41, 0x88, 0x39, 0x88, 0x39, 0x68, 0x41,
    0x88, 0x39, 0x67, 0x39, 0x68, 0x39, 0x88, 0x39, 0x67, 0x39, 0x88, 0x39,
    0x68, 0x39, 0x88, 0x41, 0x68, 0x39, 0x88, 0x39, 0x87, 0x41, 0x68, 0x39,
    0x88, 0x39, 0x68, 0x39, 0x88, 0x41, 0x68, 0x39, 0x68, 0x39, 0x68, 0x39,
    0x88, 0x41, 0x68, 0x39, 0x68, 0x39, 0x87, 0x41, 0x68, 0x39, 0x88, 0x39,
    0x67, 0x41, 0x88, 0x39, 0x88, 0x39, 0x67, 0x41, 0x88, 0x39, 0x88, 0x39,
    0x67, 0x39, 0x68, 0x41, 0x88, 0x39, 0x68, 0x39, 0x68, 0x39, 0x88, 0x41,
    0x88, 0x39, 0x68, 0x39, 0x88, 0x41, 0x88, 0x39, 0x68, 0x39, 0x88, 0x39,
    0x68, 0x39, 0x88, 0x39, 0x68, 0x41, 0x68, 0x39, 0x88, 0x39, 0x87, 0x39,
    0x68, 0x39, 0x88, 0x41, 0x88, 0x39, 0x67, 0x39, 0x68, 0x41, 0x88, 0x39,
    0x67, 0x39, 0x68, 0x39, 0x88, 0x39, 0x87, 0x41, 0x68, 0x39, 0x88, 0x39,
    0x88, 0x41, 0x68, 0x39, 0x68, 0x39, 0x88, 0x41, 0x67, 0x39, 0x88, 0x39,
    0x68, 0x39, 0x68, 0x39, 0x88, 0x41, 0x88, 0x39, 0x68, 0x39, 0x87, 0x41,
    0x68, 0x39, 0x68, 0x39, 0x87, 0x41, 0x68, 0x39, 0x68, 0x39, 0x87, 0x41,
    0x88, 0x39, 0x68, 0x39, 0x88, 0x41, 0x68, 0x39, 0x88, 0x39, 0x88, 0x39,
    0x68, 0x39, 0x87, 0x39, 0x68, 0x41, 0x68, 0x39, 0x88, 0x39, 0x88, 0x39,
    0x68, 0x39, 0x88, 0x39, 0x87, 0x41, 0xe8, 0x51, 0x28, 0x5a, 0x28, 0x5a,
    0x09, 0x5a, 0x49, 0x62, 0x49, 0x62, 0x49, 0x62, 0x49, 0x62, 0x49, 0x62,
    0x29, 0x5a, 0x08, 0x5a, 0x08, 0x5a, 0xe8, 0x51, 0x87, 0x41, 0x68, 0x39,
    0x68, 0x41, 0x87, 0x39, 0x68, 0x39, 0x88, 0x39, 0x87, 0x41, 0x68, 0x39,
    0x88, 0x41, 0x68, 0x39, 0x67, 0x39, 0x88, 0x39, 0x88, 0x39, 0x88, 0x41,
    0x68, 0x39, 0x88, 0x39, 0x68, 0x41, 0x68, 0x39, 0x88, 0x39, 0x87, 0x39,
    0x68, 0x39, 0x88, 0x39, 0x87, 0x41, 0x68, 0x41, 0x68, 0x39, 0x87, 0x39,
    0x68, 0x41, 0x88, 0x39, 0x88, 0x39, 0x68, 0x41, 0x88, 0x39, 0x88, 0x39,
    0x67, 0x39, 0x88, 0x39, 0x88, 0x41, 0x67, 0x39, 0x88, 0x39, 0x68, 0x39,
    0x68, 0x39, 0x88, 0x41, 0x88, 0x39, 0x68, 0x39, 0x88, 0x39, 0x88, 0x39,
    0x67, 0x39, 0x88, 0x41, 0x88, 0x39, 0x68, 0x39, 0x87, 0x41, 0x68, 0x39,
    0x68, 0x39, 0x88, 0x39, 0x68, 0x39, 0x88, 0x39, 0x88, 0x41, 0x68, 0x39,
    0x68, 0x39, 0x88, 0x39, 0x68, 0x41, 0x68, 0x39, 0x88, 0x39, 0x68, 0x41,
    0x88, 0x39, 0x68, 0x39, 0x88, 0x41, 0x88, 0x39, 0x68, 0x39, 0x68, 0x39,
    0xea, 0x49, 0x0b, 0x52, 0x88, 0x41, 0x68, 0x39, 0x88, 0x39, 0x88, 0x41,
    0x68, 0x39, 0x68, 0x39, 0x88, 0x41, 0x68, 0x39, 0x68, 0x39, 0x87, 0x39,
    0x68, 0x41, 0x88, 0x39, 0x67, 0x39, 0x68, 0x41, 0x88, 0x39, 0x67, 0x39,
    0x68, 0x39, 0x88, 0x39, 0x68, 0x41, 0x88, 0x39, 0x88, 0x39, 0x68, 0x39,
    0x88, 0x41, 0x88, 0x39, 0x68, 0x39, 0x67, 0x39, 0x88, 0x39, 0x68, 0x39,
    0x88, 0x39, 0x67, 0x39, 0x68, 0x39, 0x88, 0x39, 0x68, 0x41, 0x88, 0x39,
    0x88, 0x39, 0x68, 0x39, 0x88, 0x39, 0x68, 0x39, 0x68, 0x41, 0x88, 0x39,
    0x88, 0x39, 0x68, 0x41, 0x88, 0x39, 0x68, 0x39, 0x68, 0x39, 0x88, 0x39,
    0x68, 0x41, 0x88, 0x39, 0x68, 0x39, 0x68, 0x39, 0x88, 0x39, 0x68, 0x41,
    0x88, 0x39, 0x87, 0x41, 0x68, 0x39, 0x88, 0x39, 0x68, 0x41, 0x68, 0x39,
    0x88, 0x39, 0x88, 0x41, 0x68, 0x39, 0x68, 0x39, 0x87, 0x39, 0x68, 0x41,
    0x88, 0x39, 0x88, 0x41, 0x68, 0x41, 0x68, 0x39, 0x88, 0x41, 0x68, 0x39,
    0x88, 0x39, 0x68, 0x39, 0x68, 0x39, 0x88, 0x41, 0x68, 0x39, 0x68, 0x39,
    0x88, 0x41, 0x88, 0x39, 0x68, 0x39, 0x87, 0x39, 0x88, 0x39, 0x68, 0x39,
    0x87, 0x39, 0x68, 0x41, 0x88, 0x39, 0x68, 0x39, 0x88, 0x41, 0x68, 0x39,
    0x68, 0x39, 0x88, 0x41, 0x68, 0x39, 0x68, 0x39, 0x88, 0x39, 0x88, 0x41,
    0x68, 0x39, 0x88, 0x39, 0x68, 0x39, 0x88, 0x39, 0x68, 0x39, 0x87, 0x41,
    0x68, 0x39, 0x88, 0x39, 0x67, 0x39, 0x88, 0x39, 0x68, 0x39, 0x88, 0x41,
    0x88, 0x39, 0x68, 0x39, 0x88, 0x39, 0x68, 0x39, 0x68, 0x41, 0x88, 0x39,
    0x68, 0x39, 0x68, 0x39, 0x88, 0x39, 0x88, 0x41, 0x68, 0x39, 0x88, 0x39,
    0x88, 0x41, 0x68, 0x39, 0x68, 0x39, 0x88, 0x39, 0x68, 0x41, 0x67, 0x39,
    0x88, 0x39, 0x88, 0x39, 0x67, 0x39, 0x68, 0x41, 0x88, 0x39, 0x88, 0x41,
    0x68, 0x39, 0x88, 0x39, 0x68, 0x39, 0x88, 0x39, 0x68, 0x39, 0x88, 0x41,
    0x88, 0x39, 0x68, 0x39, 0x88, 0x39, 0x88, 0x39, 0x68, 0x39, 0x88, 0x41,
    0x68, 0x39, 0x88, 0x39, 0x87, 0x41, 0x68, 0x39, 0x68, 0x39, 0x88, 0x41,
    0x68, 0x39, 0x88, 0x39, 0x88, 0x39, 0x68, 0x39, 0x67, 0x41, 0x88, 0x39,
    0x68, 0x39, 0x88, 0x41, 0xc7, 0x49, 0x08, 0x52, 0x08, 0x5a, 0x28, 0x5a,
    0x28, 0x5a, 0x49, 0x62, 0x49, 0x62, 0x49, 0x62, 0x49, 0x62, 0x28, 0x5a,
    0x28, 0x5a, 0x29, 0x5a, 0xe8, 0x51, 0xa7, 0x41, 0x88, 0x39, 0x68, 0x39,
    0x88, 0x39, 0x68, 0x41, 0x68, 0x39, 0x88, 0x39, 0x68, 0x39, 0x88, 0x39,
    0x88, 0x39, 0x68, 0x41, 0x68, 0x39, 0x88, 0x39, 0x68, 0x41, 0x67, 0x39,
    0x88, 0x39, 0x88, 0x41, 0x88, 0x39, 0x68, 0x39, 0x68, 0x41, 0x88, 0x39,
    0x68, 0x39, 0x68, 0x39, 0x88, 0x39, 0x88, 0x39, 0x68, 0x39, 0x68, 0x41,
    0x88, 0x39, 0x68, 0x39, 0x88, 0x39, 0x68, 0x41, 0x68, 0x39, 0x88, 0x41,
    0x68, 0x39, 0x68, 0x39, 0x88, 0x39, 0x88, 0x41, 0x68, 0x39, 0x87, 0x39,
    0x68, 0x39, 0x68, 0x39, 0x87, 0x41, 0x68, 0x39, 0x88, 0x39, 0x68, 0x41,
    0x68, 0x39, 0x88, 0x39, 0x68, 0x41, 0x88, 0x39, 0x88, 0x39, 0x88, 0x41,
    0x68, 0x39, 0x67, 0x41, 0x88, 0x39, 0x68, 0x39, 0x88, 0x39, 0x88, 0x41,
    0x68, 0x39, 0x88, 0x39, 0x67, 0x39, 0x88, 0x41, 0x68, 0x39, 0x87, 0x39,
    0x68, 0x41, 0x88, 0x39, 0x68, 0x39, 0x88, 0x41, 0x68, 0x39, 0x68, 0x39,
    0xc9, 0x49, 0xea, 0x51, 0x88, 0x41, 0x88, 0x39, 0x68, 0x39, 0x88, 0x41,
    0x88, 0x39, 0x68, 0x39, 0x88, 0x41, 0x68, 0x39, 0x68, 0x39, 0x88, 0x39,
    0x68, 0x39, 0x88, 0x39, 0x68, 0x39, 0x88, 0x41, 0x88, 0x39, 0x68, 0x39,
    0x88, 0x41, 0x68, 0x39, 0x68, 0x39, 0x88, 0x39, 0x68, 0x39, 0x68, 0x39,
    0x87, 0x41, 0x68, 0x39, 0x68, 0x39, 0x88, 0x41, 0x88, 0x39, 0x68, 0x41,
    0x88, 0x39, 0x88, 0x41, 0x68, 0x39, 0x68, 0x39, 0x88, 0x39, 0x68, 0x41,
    0x68, 0x39, 0x88, 0x39, 0x88, 0x41, 0x68, 0x39, 0x87, 0x39, 0x68, 0x41,
    0x68, 0x39, 0x88, 0x39, 0x87, 0x39, 0x68, 0x41, 0x88, 0x39, 0x87, 0x39,
    0x68, 0x41, 0x88, 0x39, 0x68, 0x39, 0x87, 0x41, 0x88, 0x39, 0x68, 0x39,
    0x68, 0x39, 0x88, 0x39, 0x68, 0x41, 0x88, 0x39, 0x87, 0x39, 0x68, 0x39,
    0x68, 0x39, 0x87, 0x39, 0x88, 0x39, 0x68, 0x39, 0x68, 0x41, 0x88, 0x39,
    0x68, 0x39, 0x88, 0x39, 0x88, 0x39, 0x68, 0x39, 0x88, 0x39, 0x88, 0x41,
    0x67, 0x39, 0x88, 0x39, 0x88, 0x41, 0x68, 0x39, 0x88, 0x39, 0x68, 0x39,
    0x88, 0x41, 0x68, 0x39, 0x68, 0x39, 0x88, 0x41, 0x88, 0x39, 0x68, 0x39,
    0x88, 0x41, 0x88, 0x39, 0x68, 0x39, 0x88, 0x39, 0x88, 0x39, 0x67, 0x39,
    0x88, 0x39, 0x88, 0x41, 0x68, 0x39, 0x68, 0x39, 0x88, 0x41, 0x68, 0x39,
    0x68, 0x39, 0x88, 0x41, 0x87, 0x39, 0x68, 0x39, 0x88, 0x41, 0x68, 0x39,
    0x68, 0x39, 0x88, 0x41, 0x68, 0x39, 0x68, 0x39, 0x88, 0x41, 0x68, 0x39,
    0x68, 0x39, 0x88, 0x41, 0x87, 0x39, 0x68, 0x39, 0x88, 0x41, 0x88, 0x39,
    0x67, 0x39, 0x68, 0x41, 0x88, 0x39, 0x68, 0x39, 0x68, 0x39, 0x87, 0x39,
    0x88, 0x41, 0x68, 0x39, 0x88, 0x39, 0x88, 0x41, 0x68, 0x39, 0x68, 0x39,
    0x88, 0x39, 0x68, 0x41, 0x88, 0x39, 0x88, 0x39, 0x68, 0x39, 0x68, 0x39,
    0x87, 0x41, 0x88, 0x39, 0x68, 0x41, 0x67, 0x39, 0x88, 0x39, 0x68, 0x39,
    0x88, 0x41, 0x68, 0x39, 0x68, 0x39, 0x88, 0x41, 0x68, 0x39, 0x68, 0x39,
    0x88, 0x39, 0x68, 0x39, 0x68, 0x39, 0x88, 0x39, 0x88, 0x41, 0x67, 0x39,
    0x68, 0x41, 0x88, 0x39, 0x88, 0x39, 0x68, 0x41, 0x88, 0x39, 0x68, 0x39,
    0x68, 0x39, 0x88, 0x39, 0xa7, 0x49, 0xe8, 0x51, 0x09, 0x5a, 0x08, 0x5a,
    0x29, 0x5a, 0x08, 0x5a, 0x49, 0x5a, 0x49, 0x62, 0x28, 0x5a, 0x08, 0x5a,
    0x29, 0x5a, 0x08, 0x5a, 0xc7, 0x49, 0x88, 0x41, 0x88, 0x39, 0x88, 0x39,
    0x88, 0x39, 0x68, 0x41, 0x88, 0x39, 0x68, 0x39, 0x68, 0x41, 0x87, 0x39,
    0x68, 0x39, 0x88, 0x39, 0x88, 0x41, 0x68, 0x39, 0x68, 0x39, 0x88, 0x39,
    0x68, 0x39, 0x67, 0x39, 0x88, 0x39, 0x88, 0x39, 0x68, 0x39, 0x88, 0x41,
    0x88, 0x39, 0x67, 0x41, 0x68, 0x39, 0x88, 0x39, 0x88, 0x39, 0x68, 0x39,
    0x88, 0x39, 0x67, 0x39, 0x68, 0x39, 0x88, 0x39, 0x87, 0x39, 0x68, 0x39,
    0x88, 0x41, 0x68, 0x39, 0x68, 0x39, 0x88, 0x39, 0x68, 0x41, 0x88, 0x39,
    0x88, 0x39, 0x68, 0x41, 0x68, 0x39, 0x88, 0x39, 0x68, 0x41, 0x88, 0x39,
    0x88, 0x39, 0x67, 0x39, 0x68, 0x39, 0x68, 0x39, 0x88, 0x39, 0x68, 0x39,
    0x88, 0x39, 0x88, 0x41, 0x68, 0x39, 0x68, 0x39, 0x87, 0x39, 0x68, 0x39,
    0x88, 0x41, 0x68, 0x39, 0x88, 0x39, 0x88, 0x39, 0x68, 0x39, 0x88, 0x39,
    0x68, 0x39, 0x68, 0x39, 0x87, 0x39, 0x68, 0x39, 0x88, 0x41, 0x88, 0x39,
    0xa9, 0x41, 0xca, 0x49, 0x88, 0x39, 0x68, 0x39, 0x68, 0x39, 0x88, 0x39,
    0x68, 0x39, 0x88, 0x39, 0x88, 0x39, 0x68, 0x41, 0x88, 0x39, 0x88, 0x41,
    0x68, 0x39, 0x68, 0x39, 0x88, 0x41, 0x68, 0x39, 0x68, 0x39, 0x88, 0x39,
    0x87, 0x41, 0x68, 0x39, 0x88, 0x39, 0x87, 0x41, 0x68, 0x39, 0x88, 0x39,
    0x88, 0x39, 0x68, 0x39, 0x88, 0x41, 0x88, 0x39, 0x68, 0x39, 0x67, 0x39,
    0x88, 0x41, 0x68, 0x39, 0x88, 0x39, 0x87, 0x41, 0x68, 0x39, 0x88, 0x39,
    0x67, 0x41, 0x88, 0x39, 0x68, 0x39, 0x88, 0x39, 0x88, 0x39, 0x68, 0x39,
    0x68, 0x39, 0x88, 0x39, 0x68, 0x41, 0x68, 0x39, 0x88, 0x39, 0x68, 0x39,
    0x88, 0x39, 0x68, 0x39, 0x88, 0x41, 0x68, 0x39, 0x88, 0x39, 0x67, 0x39,
    0x88, 0x41, 0x68, 0x39, 0x68, 0x39, 0x88, 0x39, 0x88, 0x41, 0x68, 0x39,
    0x88, 0x41, 0x68, 0x39, 0x88, 0x39, 0x88, 0x41, 0x68, 0x39, 0x88, 0x39,
    0x67, 0x39, 0x68, 0x39, 0x88, 0x39, 0x67, 0x39, 0x68, 0x41, 0x88, 0x39,
    0x68, 0x39, 0x68, 0x41, 0x87, 0x39, 0x68, 0x39, 0x88, 0x39, 0x87, 0x41,
    0x68, 0x39, 0x88, 0x39, 0x67, 0x39, 0x68, 0x41, 0x88, 0x39, 0x68, 0x39,
    0x68, 0x39, 0x87, 0x39, 0x68, 0x41, 0x68, 0x39, 0x88, 0x39, 0x68, 0x41,
    0x68, 0x39, 0x88, 0x39, 0x87, 0x39, 0x68, 0x39, 0x88, 0x39, 0x67, 0x39,
    0x88, 0x39, 0x68, 0x41, 0x68, 0x39, 0x88, 0x39, 0x88, 0x39, 0x68, 0x39,
    0x88, 0x39, 0x88, 0x41, 0x68, 0x39, 0x87, 0x39, 0x88, 0x39, 0x68, 0x39,
    0x68, 0x39, 0x68, 0x39, 0x88, 0x41, 0x68, 0x39, 0x68, 0x39, 0x88, 0x39,
    0x88, 0x39, 0x68, 0x41, 0x87, 0x39, 0x88, 0x39, 0x68, 0x41, 0x68, 0x39,
    0x68, 0x39, 0x88, 0x39, 0x67, 0x39, 0x88, 0x39, 0x88, 0x39, 0x68, 0x41,
    0x88, 0x39, 0x68, 0x39, 0x68, 0x41, 0x88, 0x39, 0x68, 0x39, 0x88, 0x39,
    0x68, 0x39, 0x88, 0x41, 0x68, 0x39, 0x88, 0x39, 0x88, 0x41, 0x68, 0x39,
    0x67, 0x39, 0x88, 0x41, 0x88, 0x39, 0x67, 0x39, 0x88, 0x41, 0x88, 0x39,
    0x67, 0x41, 0x88, 0x39, 0x68, 0x39, 0x88, 0x41, 0x88, 0x39, 0x68, 0x39,
    0x88, 0x39, 0x68, 0x41, 0x67, 0x39, 0x88, 0x39, 0x88, 0x39, 0x67, 0x41,
    0x88, 0x39, 0x68, 0x39, 0x87, 0x41, 0xc7, 0x49, 0x08, 0x52, 0x09, 0x5a,
    0x08, 0x5a, 0x28, 0x5a, 0x08, 0x5a, 0x28, 0x5a, 0x09, 0x5a, 0x08, 0x5a,
    0x28, 0x5a, 0xe8, 0x51, 0x87, 0x41, 0x88, 0x39, 0x68, 0x39, 0x68, 0x41,
    0x68, 0x39, 0x88, 0x39, 0x87, 0x39, 0x68, 0x41, 0x88, 0x39, 0x68, 0x39,
    0x68, 0x41, 0x88, 0x39, 0x87, 0x39, 0x68, 0x39, 0x88, 0x41, 0x88, 0x39,
    0x68, 0x41, 0x68, 0x39, 0x88, 0x41, 0x67, 0x39, 0x68, 0x39, 0x88, 0x39,
    0x88, 0x39, 0x68, 0x39, 0x68, 0x41, 0x88, 0x39, 0x67, 0x41, 0x88, 0x39,
    0x88, 0x41, 0x68, 0x41, 0x88, 0x39, 0x88, 0x39, 0x68, 0x41, 0x88, 0x39,
    0x88, 0x39, 0x67, 0x41, 0x88, 0x39, 0x68, 0x39, 0x68, 0x39, 0x88, 0x41,
    0x88, 0x39, 0x68, 0x39, 0x88, 0x39, 0x88, 0x39, 0x67, 0x39, 0x68, 0x41,
    0x88, 0x39, 0x88, 0x41, 0x88, 0x39, 0x68, 0x41, 0x67, 0x39, 0x88, 0x39,
    0x68, 0x39, 0x88, 0x39, 0x68, 0x41, 0x88, 0x39, 0x68, 0x41, 0x68, 0x39,
    0x88, 0x39, 0x67, 0x41, 0x68, 0x39, 0x88, 0x39, 0x68, 0x41, 0x88, 0x41,
    0x88, 0x39, 0x68, 0x41, 0x88, 0x39, 0x68, 0x39, 0x68, 0x39, 0x87, 0x39,
    0x88, 0x41, 0xca, 0x49, 0x88, 0x39, 0x68, 0x41, 0x88, 0x39, 0x68, 0x41,
    0x68, 0x39, 0x87, 0x39, 0x68, 0x41, 0x68, 0x39, 0x87, 0x39, 0x88, 0x39,
    0x68, 0x41, 0x87, 0x39, 0x88, 0x39, 0x68, 0x39, 0x87, 0x39, 0x68, 0x39,
    0x68, 0x39, 0x88, 0x39, 0x68, 0x39, 0x68, 0x41, 0x88, 0x39, 0x68, 0x41,
    0x68, 0x39, 0x88, 0x39, 0x67, 0x39, 0x68, 0x39, 0x88, 0x39, 0x68, 0x39,
    0x68, 0x39, 0x88, 0x39, 0x68, 0x39, 0x88, 0x41, 0x68, 0x39, 0x88, 0x39,
    0x88, 0x39, 0x68, 0x41, 0x67, 0x39, 0x88, 0x41, 0x68, 0x39, 0x88, 0x41,
    0x87, 0x39, 0x68, 0x39, 0x88, 0x41, 0x88, 0x39, 0x68, 0x39, 0x68, 0x41,
    0x87, 0x39, 0x68, 0x39, 0x68, 0x39, 0x88, 0x39, 0x68, 0x41, 0x88, 0x39,
    0x88, 0x39, 0x68, 0x41, 0x87, 0x39, 0x68, 0x39, 0x68, 0x39, 0x88, 0x41,
    0x68, 0x39, 0x68, 0x39, 0x88, 0x41, 0x67, 0x39, 0x88, 0x39, 0x88, 0x41,
    0x68, 0x39, 0x88, 0x41, 0x88, 0x41, 0x68, 0x39, 0x88, 0x39, 0x88, 0x39,
    0x68, 0x39, 0x88, 0x39, 0x68, 0x39, 0x68, 0x41, 0x88, 0x39, 0x68, 0x39,
    0x68, 0x39, 0x88, 0x39, 0x88, 0x41, 0x68, 0x39, 0x88, 0x39, 0x87, 0x41,
    0x68, 0x39, 0x88, 0x39, 0x68, 0x41, 0x88, 0x39, 0x87, 0x39, 0x68, 0x41,
    0x68, 0x39, 0x88, 0x39, 0x68, 0x41, 0x88, 0x39, 0x68, 0x41, 0x88, 0x39,
    0x88, 0x39, 0x68, 0x39, 0x68, 0x41, 0x88, 0x39, 0x67, 0x41, 0x68, 0x39,
    0x88, 0x39, 0x67, 0x39, 0x88, 0x41, 0x68, 0x39, 0x68, 0x39, 0x88, 0x39,
    0x88, 0x39, 0x68, 0x39, 0x88, 0x39, 0x88, 0x39, 0x67, 0x41, 0x68, 0x39,
    0x88, 0x39, 0x68, 0x39, 0x68, 0x39, 0x88, 0x41, 0x88, 0x39, 0x68, 0x39,
    0x88, 0x41, 0x68, 0x39, 0x68, 0x41, 0x88, 0x39, 0x67, 0x39, 0x88, 0x41,
    0x88, 0x39, 0x67, 0x39, 0x88, 0x39, 0x88, 0x41, 0x67, 0x39, 0x88, 0x39,
    0x68, 0x39, 0x68, 0x39, 0x88, 0x39, 0x68, 0x39, 0x88, 0x41, 0x68, 0x39,
    0x88, 0x39, 0x88, 0x39, 0x68, 0x39, 0x68, 0x39, 0x88, 0x39, 0x68, 0x39,
    0x88, 0x39, 0x68, 0x41, 0x88, 0x39, 0x67, 0x39, 0x68, 0x39, 0x88, 0x39,
    0x88, 0x39, 0x68, 0x39, 0x68, 0x41, 0x88, 0x39, 0x68, 0x39, 0x88, 0x41,
    0x88, 0x39, 0x68, 0x39, 0x88, 0x39, 0x88, 0x41, 0xc7, 0x49, 0x08, 0x52,
    0x08, 0x5a, 0x29, 0x5a, 0x08, 0x5a, 0x09, 0x5a, 0x28, 0x5a, 0x29, 0x5a,
    0x08, 0x52, 0xa7, 0x49, 0x88, 0x39, 0x88, 0x39, 0x68, 0x39, 0x88, 0x39,
    0x68, 0x41, 0x88, 0x39, 0x68, 0x39, 0x88, 0x39, 0x88, 0x39, 0x68, 0x39,
    0x88, 0x41, 0x68, 0x39, 0x68, 0x39, 0x88, 0x41, 0x67, 0x39, 0x88, 0x39,
    0x88, 0x39, 0x68, 0x41, 0x88, 0x39, 0x88, 0x39, 0x68, 0x41, 0x68, 0x39,
    0x87, 0x39, 0x88, 0x39, 0x68, 0x39, 0x88, 0x39, 0x68, 0x39, 0x68, 0x39,
    0x88, 0x39, 0x68, 0x39, 0x68, 0x39, 0x87, 0x41, 0x68, 0x39, 0x68, 0x39,
    0x88, 0x39, 0x88, 0x39, 0x68, 0x41, 0x87, 0x39, 0x88, 0x39, 0x68, 0x39,
    0x67, 0x41, 0x88, 0x39, 0x68, 0x39, 0x88, 0x41, 0x68, 0x39, 0x68, 0x39,
    0x88, 0x39, 0x68, 0x39, 0x88, 0x41, 0x88, 0x39, 0x68, 0x39, 0x88, 0x41,
    0x67, 0x39, 0x68, 0x39, 0x88, 0x39, 0x87, 0x39, 0x68, 0x39, 0x88, 0x39,
    0x88, 0x39, 0x68, 0x39, 0x88, 0x41, 0x68, 0x39, 0x67, 0x39, 0x88, 0x39,
    0x68, 0x39, 0x87, 0x39, 0x88, 0x41, 0x68, 0x39, 0x88, 0x39, 0x68, 0x41,
    0x88, 0x41, 0xa9, 0x41, 0x68, 0x39, 0x88, 0x39, 0x88, 0x39, 0x68, 0x41,
    0x88, 0x39, 0x88, 0x39, 0x68, 0x39, 0x88, 0x39, 0x68, 0x39, 0x68, 0x39,
    0x88, 0x39, 0x68, 0x41, 0x68, 0x39, 0x88, 0x41, 0x88, 0x41, 0x68, 0x39,
    0x88, 0x39, 0x88, 0x41, 0x68, 0x39, 0x88, 0x39, 0x87, 0x39, 0x68, 0x39,
    0x88, 0x41, 0x88, 0x39, 0x68, 0x41, 0x88, 0x41, 0x88, 0x39, 0x88, 0x41,
    0x68, 0x39, 0x87, 0x39, 0x68, 0x41, 0x68, 0x39, 0x88, 0x39, 0x68, 0x39,
    0x68, 0x39, 0x88, 0x39, 0x88, 0x39, 0x68, 0x39, 0x68, 0x41, 0x88, 0x39,
    0x68, 0x39, 0x68, 0x39, 0x87, 0x39, 0x88, 0x39, 0x68, 0x41, 0x88, 0x39,
    0x88, 0x39, 0x68, 0x41, 0x87, 0x39, 0x88, 0x39, 0x68, 0x41, 0x68, 0x39,
    0x88, 0x39, 0x88, 0x39, 0x68, 0x41, 0x88, 0x39, 0x68, 0x39, 0x87, 0x39,
    0x88, 0x39, 0x68, 0x39, 0x68, 0x39, 0x88, 0x39, 0x68, 0x39, 0x68, 0x39,
    0x88, 0x39, 0x68, 0x39, 0x68, 0x39, 0x88, 0x39, 0x67, 0x41, 0x68, 0x39,
    0x88, 0x41, 0x88, 0x39, 0x68, 0x39, 0x88, 0x41, 0x88, 0x39, 0x68, 0x39,
    0x87, 0x41, 0x68, 0x39, 0x88, 0x39, 0x68, 0x39, 0x68, 0x39, 0x88, 0x41,
    0x68, 0x39, 0x88, 0x39, 0x68, 0x39, 0x68, 0x39, 0x88, 0x39, 0x88, 0x39,
    0x88, 0x39, 0x68, 0x41, 0x88, 0x39, 0x68, 0x39, 0x88, 0x39, 0x68, 0x41,
    0x88, 0x39, 0x87, 0x39, 0x68, 0x39, 0x88, 0x39, 0x88, 0x41, 0x68, 0x39,
    0x88, 0x39, 0x68, 0x39, 0x88, 0x41, 0x88, 0x39, 0x68, 0x39, 0x68, 0x41,
    0x68, 0x39, 0x88, 0x39, 0x68, 0x41, 0x88, 0x39, 0x88, 0x39, 0x68, 0x41,
    0x88, 0x39, 0x88, 0x39, 0x68, 0x41, 0x68, 0x39, 0x87, 0x39, 0x88, 0x39,
    0x88, 0x39, 0x67, 0x41, 0x88, 0x39, 0x68, 0x39, 0x68, 0x39, 0x88, 0x39,
    0x68, 0x39, 0x68, 0x39, 0x88, 0x39, 0x68, 0x39, 0x88, 0x41, 0x68, 0x41,
    0x88, 0x39, 0x87, 0x41, 0x68, 0x39, 0x88, 0x39, 0x67, 0x39, 0x88, 0x39,
    0x68, 0x41, 0x68, 0x39, 0x88, 0x41, 0x88, 0x39, 0x67, 0x39, 0x68, 0x41,
    0x88, 0x39, 0x88, 0x39, 0x68, 0x39, 0x88, 0x41, 0x68, 0x39, 0x68, 0x41,
    0x87, 0x39, 0x88, 0x39, 0x68, 0x39, 0x88, 0x39, 0x68, 0x39, 0x68, 0x39,
    0x88, 0x41, 0x68, 0x39, 0x68, 0x39, 0x68, 0x39, 0x88, 0x41, 0xc7, 0x49,
    0xe8, 0x51, 0x29, 0x5a, 0x28, 0x5a, 0x08, 0x5a, 0x29, 0x5a, 0x08, 0x5a,
    0xc8, 0x49, 0x88, 0x41, 0x88, 0x39, 0x68, 0x39, 0x88, 0x41, 0x88, 0x39,
    0x68, 0x39, 0x68, 0x41, 0x88, 0x39, 0x68, 0x39, 0x67, 0x41, 0x88, 0x39,
    0x88, 0x39, 0x67, 0x39, 0x88, 0x39, 0x68, 0x39, 0x68, 0x39, 0x88, 0x39,
    0x68, 0x39, 0x67, 0x39, 0x88, 0x39, 0x88, 0x39, 0x68, 0x41, 0x68, 0x39,
    0x88, 0x41, 0x68, 0x41, 0x88, 0x39, 0x88, 0x39, 0x68, 0x41, 0x87, 0x39,
    0x88, 0x39, 0x68, 0x39, 0x88, 0x41, 0x68, 0x39, 0x88, 0x39, 0x68, 0x41,
    0x67, 0x39, 0x88, 0x39, 0x68, 0x39, 0x88, 0x41, 0x68, 0x39, 0x68, 0x39,
    0x88, 0x39, 0x68, 0x41, 0x87, 0x39, 0x68, 0x39, 0x88, 0x41, 0x88, 0x39,
    0x67, 0x39, 0x68, 0x39, 0x68, 0x39, 0x87, 0x39, 0x88, 0x39, 0x68, 0x41,
    0x88, 0x39, 0x88, 0x41, 0x68, 0x39, 0x68, 0x39, 0x88, 0x41, 0x88, 0x41,
    0x68, 0x39, 0x88, 0x39, 0x88, 0x39, 0x68, 0x39, 0x88, 0x39, 0x68, 0x41,
    0x68, 0x39, 0x88, 0x39, 0x68, 0x39, 0x88, 0x41, 0x88, 0x39, 0x68, 0x39,
    0x88, 0x39, 0x88, 0x41, 0x68, 0x39, 0x88, 0x39, 0x67, 0x39, 0x68, 0x39,
    0x88, 0x41, 0x68, 0x39, 0x88, 0x41, 0x88, 0x39, 0x68, 0x41, 0x88, 0x39,
    0x87, 0x39, 0x68, 0x39, 0x68, 0x39, 0x88, 0x39, 0x68, 0x39, 0x88, 0x39,
    0x67, 0x41, 0x68, 0x39, 0x88, 0x39, 0x68, 0x41, 0x68, 0x39, 0x88, 0x39,
    0x68, 0x39, 0x67, 0x39, 0x88, 0x39, 0x68, 0x39, 0x67, 0x39, 0x88, 0x41,
    0x88, 0x39, 0x68, 0x39, 0x88, 0x39, 0x88, 0x39, 0x67, 0x41, 0x88, 0x39,
    0x68, 0x41, 0x87, 0x39, 0x68, 0x39, 0x88, 0x39, 0x88, 0x39, 0x67, 0x39,
    0x88, 0x41, 0x68, 0x39, 0x68, 0x39, 0x88, 0x41, 0x68, 0x39, 0x67, 0x39,
    0x88, 0x39, 0x68, 0x41, 0x88, 0x39, 0x68, 0x39, 0x88, 0x39, 0x67, 0x39,
    0x68, 0x39, 0x88, 0x39, 0x68, 0x39, 0x88, 0x41, 0x68, 0x39, 0x68, 0x39,
    0x88, 0x41, 0x87, 0x39, 0x68, 0x41, 0x88, 0x39, 0x68, 0x41, 0x87, 0x39,
    0x88, 0x39, 0x68, 0x41, 0x87, 0x39, 0x88, 0x39, 0x68, 0x39, 0x68, 0x39,
    0x88, 0x41, 0x67, 0x39, 0x88, 0x39, 0x68, 0x39, 0x67, 0x39, 0x88, 0x41,
    0x88, 0x39, 0x68, 0x39, 0x88, 0x41, 0x87, 0x39, 0x68, 0x39, 0x68, 0x39,
    0x88, 0x41, 0x88, 0x39, 0x67, 0x39, 0x68, 0x41, 0x88, 0x41, 0x68, 0x39,
    0x67, 0x39, 0x88, 0x39, 0x68, 0x39, 0x87, 0x39, 0x68, 0x39, 0x68, 0x41,
    0x88, 0x39, 0x68, 0x39, 0x68, 0x41, 0x88, 0x39, 0x68, 0x39, 0x88, 0x41,
    0x68, 0x39, 0x68, 0x39, 0x88, 0x39, 0x87, 0x39, 0x68, 0x39, 0x88, 0x39,
    0x68, 0x39, 0x88, 0x39, 0x67, 0x41, 0x68, 0x39, 0x88, 0x39, 0x68, 0x39,
    0x67, 0x41, 0x88, 0x39, 0x88, 0x39, 0x68, 0x39, 0x68, 0x41, 0x88, 0x39,
    0x68, 0x39, 0x88, 0x39, 0x88, 0x39, 0x68, 0x41, 0x88, 0x39, 0x88, 0x41,
    0x68, 0x39, 0x88, 0x41, 0x68, 0x39, 0x87, 0x39, 0x68, 0x39, 0x88, 0x39,
    0x68, 0x39, 0x88, 0x39, 0x68, 0x41, 0x68, 0x39, 0x88, 0x39, 0x88, 0x41,
    0x67, 0x39, 0x68, 0x39, 0x88, 0x39, 0x88, 0x41, 0x68, 0x39, 0x88, 0x39,
    0x68, 0x41, 0x67, 0x39, 0x88, 0x39, 0x88, 0x39, 0x68, 0x39, 0x68, 0x41,
    0x88, 0x39, 0x68, 0x39, 0x88, 0x41, 0x87, 0x39, 0x68, 0x39, 0x88, 0x41,
    0x87, 0x39, 0x68, 0x39, 0x88, 0x39, 0x88, 0x39, 0x68, 0x39, 0x88, 0x41,
    0xa7, 0x49, 0xe8, 0x49, 0xe8, 0x51, 0x08, 0x52, 0x08, 0x52, 0xe8, 0x51,
    0xa7, 0x41, 0x88, 0x39, 0x68, 0x39, 0x68, 0x39, 0x88, 0x41, 0x68, 0x39,
    0x87, 0x39, 0x88, 0x39, 0x68, 0x39, 0x88, 0x41, 0x68, 0x39, 0x88, 0x39,
    0x68, 0x41, 0x88, 0x39, 0x88, 0x41, 0x68, 0x39, 0x88, 0x41, 0x88, 0x41,
    0x68, 0x39, 0x68, 0x39, 0x88, 0x41, 0x68, 0x39, 0x87, 0x39, 0x88, 0x39,
    0x68, 0x39, 0x68, 0x39, 0x87, 0x39, 0x68, 0x41, 0x68, 0x39, 0x88, 0x41,
    0x68, 0x39, 0x88, 0x39, 0x67, 0x41, 0x88, 0x39, 0x88, 0x39, 0x68, 0x39,
    0x88, 0x41, 0x68, 0x39, 0x88, 0x39, 0x68, 0x39, 0x88, 0x41, 0x88, 0x39,
    0x68, 0x39, 0x88, 0x39, 0x68, 0x39, 0x88, 0x39, 0x68, 0x39, 0x88, 0x41,
    0x88, 0x39, 0x68, 0x41, 0x88, 0x39, 0x68, 0x39, 0x68, 0x41, 0x88, 0x39,
    0x68, 0x39, 0x88, 0x39, 0x68, 0x41, 0x88, 0x39, 0x67, 0x39, 0x68, 0x39,
    0x68, 0x41, 0x87, 0x39, 0x68, 0x39, 0x88, 0x41, 0x88, 0x39, 0x68, 0x39,
    0x88, 0x41, 0x68, 0x39, 0x68, 0x39, 0x87, 0x39, 0x68, 0x39, 0x68, 0x39,
    0x88, 0x39, 0x68, 0x39, 0x88, 0x41, 0x68, 0x39, 0x88, 0x39, 0x88, 0x41,
    0x68, 0x39, 0x67, 0x39, 0x88, 0x39, 0x68, 0x41, 0x67, 0x39, 0x88, 0x39,
    0x68, 0x41, 0x88, 0x39, 0x88, 0x39, 0x67, 0x41, 0x88, 0x39, 0x68, 0x39,
    0x88, 0x39, 0x88, 0x39, 0x68, 0x39, 0x87, 0x41, 0x88, 0x39, 0x68, 0x39,
    0x88, 0x41, 0x88, 0x39, 0x68, 0x39, 0x88, 0x39, 0x68, 0x39, 0x68, 0x39,
    0x88, 0x41, 0x68, 0x39, 0x68, 0x39, 0x88, 0x41, 0x68, 0x39, 0x88, 0x39,
    0x88, 0x39, 0x68, 0x41, 0x68, 0x41, 0x88, 0x39, 0x68, 0x39, 0x88, 0x41,
    0x88, 0x39, 0x68, 0x39, 0x88, 0x41, 0x88, 0x39, 0x68, 0x39, 0x88, 0x39,
    0x68, 0x41, 0x88, 0x39, 0x68, 0x39, 0x88, 0x41, 0x88, 0x39, 0x68, 0x41,
    0x88, 0x41, 0x67, 0x39, 0x88, 0x39, 0x68, 0x39, 0x87, 0x41, 0x68, 0x39,
    0x88, 0x39, 0x68, 0x41, 0x88, 0x39, 0x68, 0x39, 0x88, 0x39, 0x68, 0x41,
    0x68, 0x39, 0x88, 0x39, 0x68, 0x41, 0x88, 0x39, 0x88, 0x39, 0x68, 0x39,
    0x88, 0x39, 0x68, 0x41, 0x88, 0x39, 0x88, 0x39, 0x68, 0x39, 0x68, 0x39,
    0x88, 0x39, 0x68, 0x39, 0x68, 0x41, 0x88, 0x39, 0x88, 0x39, 0x68, 0x39,
    0x88, 0x39, 0x68, 0x41, 0x88, 0x39, 0x88, 0x39, 0x68, 0x39, 0x68, 0x41,
    0x88, 0x39, 0x88, 0x39, 0x68, 0x41, 0x88, 0x39, 0x88, 0x39, 0x67, 0x39,
    0x88, 0x39, 0x68, 0x41, 0x88, 0x39, 0x67, 0x39, 0x88, 0x39, 0x88, 0x39,
    0x67, 0x41, 0x88, 0x39, 0x68, 0x41, 0x68, 0x39, 0x88, 0x41, 0x68, 0x39,
    0x88, 0x39, 0x68, 0x39, 0x88, 0x39, 0x68, 0x39, 0x88, 0x39, 0x88, 0x39,
    0x68, 0x39, 0x68, 0x41, 0x88, 0x39, 0x87, 0x39, 0x68, 0x39, 0x68, 0x41,
    0x68, 0x39, 0x88, 0x39, 0x68, 0x41, 0x68, 0x39, 0x87, 0x39, 0x68, 0x39,
    0x88, 0x41, 0x67, 0x39, 0x88, 0x39, 0x68, 0x41, 0x88, 0x39, 0x68, 0x39,
    0x68, 0x39, 0x88, 0x39, 0x87, 0x41, 0x68, 0x39, 0x88, 0x39, 0x68, 0x39,
    0x88, 0x39, 0x88, 0x39, 0x68, 0x39, 0x67, 0x39, 0x88, 0x39, 0x88, 0x39,
    0x68, 0x39, 0x68, 0x41, 0x88, 0x39, 0x68, 0x39, 0x87, 0x39, 0x88, 0x39,
    0x68, 0x39, 0x68, 0x41, 0x88, 0x39, 0x68, 0x39, 0x68, 0x41, 0x88, 0x39,
    0x68, 0x39, 0x88, 0x41, 0x88, 0x39, 0x68, 0x39, 0x88, 0x39, 0x88, 0x39,
    0x88, 0x41, 0x88, 0x41, 0x87, 0x41, 0xa7, 0x41, 0xa8, 0x41, 0xa7, 0x49,
    0x88, 0x41, 0x88, 0x39, 0x68, 0x39, 0x88, 0x39, 0x68, 0x39, 0x68, 0x39,
    0x88, 0x41, 0x68, 0x39, 0x87, 0x39, 0x68, 0x39, 0x88, 0x39, 0x68, 0x39,
    0x68, 0x39, 0x88, 0x41, 0x68, 0x39, 0x67, 0x39, 0x88, 0x39, 0x88, 0x39,
    0x68, 0x39, 0x88, 0x41, 0x68, 0x39, 0x68, 0x39, 0x88, 0x39, 0x88, 0x41,
    0x68, 0x39, 0x88, 0x39, 0x68, 0x39, 0x88, 0x39, 0x88, 0x39, 0x68, 0x39,
    0x68, 0x41, 0x88, 0x39, 0x68, 0x39, 0x68, 0x39, 0x88, 0x39, 0x68, 0x39,
    0x88, 0x39, 0x88, 0x41, 0x68, 0x39, 0x67, 0x39, 0x88, 0x39, 0x68, 0x41,
    0x87, 0x39, 0x68, 0x39, 0x88, 0x41, 0x68, 0x39, 0x67, 0x39, 0x88, 0x39,
    0x68, 0x39, 0x88, 0x41, 0x88, 0x39, 0x68, 0x39, 0x88, 0x39, 0x67, 0x39,
    0x68, 0x39, 0x88, 0x39, 0x87, 0x39, 0x68, 0x41, 0x88, 0x39, 0x88, 0x39,
    0x68, 0x39, 0x68, 0x41, 0x88, 0x39, 0x67, 0x39, 0x68, 0x39, 0x88, 0x39,
    0x87, 0x39, 0x68, 0x41, 0x88, 0x39, 0x88, 0x39, 0x68, 0x41, 0x88, 0x41,
    0x68, 0x39, 0x88, 0x39, 0x68, 0x41, 0x88, 0x39, 0x68, 0x39, 0x88, 0x39,
    0x68, 0x39, 0x88, 0x39, 0x68, 0x39, 0x88, 0x39, 0x88, 0x39, 0x68, 0x39,
    0x68, 0x41, 0x88, 0x39, 0x68, 0x39, 0x88, 0x41, 0x68, 0x39, 0x68, 0x39,
    0x88, 0x41, 0x68, 0x39, 0x68, 0x39, 0x88, 0x39, 0x68, 0x39, 0x68, 0x41,
    0x88, 0x39, 0x68, 0x39, 0x88, 0x41, 0x88, 0x41, 0x68, 0x39, 0x88, 0x39,
    0x67, 0x39, 0x88, 0x41, 0x88, 0x39, 0x67, 0x39, 0x68, 0x39, 0x88, 0x39,
    0x68, 0x39, 0x68, 0x39, 0x88, 0x39, 0x67, 0x39, 0x68, 0x41, 0x88, 0x39,
    0x68, 0x39, 0x68, 0x39, 0x87, 0x39, 0x68, 0x39, 0x88, 0x41, 0x68, 0x39,
    0x88, 0x39, 0x67, 0x39, 0x68, 0x39, 0x88, 0x39, 0x67, 0x39, 0x88, 0x39,
    0x68, 0x39, 0x88, 0x41, 0x68, 0x39, 0x88, 0x39, 0x88, 0x39, 0x68, 0x39,
    0x68, 0x39, 0x88, 0x39, 0x68, 0x39, 0x87, 0x39, 0x88, 0x39, 0x68, 0x39,
    0x88, 0x39, 0x68, 0x39, 0x68, 0x39, 0x88, 0x41, 0x67, 0x41, 0x88, 0x39,
    0x68, 0x39, 0x88, 0x39, 0x68, 0x41, 0x87, 0x39, 0x88, 0x41, 0x68, 0x39,
    0x88, 0x39, 0x87, 0x41, 0x68, 0x39, 0x68, 0x39, 0x88, 0x41, 0x67, 0x39,
    0x68, 0x39, 0x88, 0x39, 0x68, 0x39, 0x88, 0x39, 0x87, 0x39, 0x68, 0x39,
    0x88, 0x41, 0x68, 0x39, 0x68, 0x41, 0x88, 0x39, 0x68, 0x41, 0x88, 0x39,
    0x68, 0x39, 0x88, 0x39, 0x88, 0x39, 0x68, 0x41, 0x68, 0x39, 0x88, 0x39,
    0x68, 0x39, 0x88, 0x39, 0x88, 0x39, 0x68, 0x41, 0x88, 0x39, 0x68, 0x39,
    0x68, 0x39, 0x88, 0x41, 0x68, 0x39, 0x88, 0x41, 0x67, 0x41, 0x88, 0x39,
    0x88, 0x39, 0x68, 0x39, 0x68, 0x41, 0x88, 0x39, 0x88, 0x39, 0x68, 0x39,
    0x87, 0x41, 0x88, 0x39, 0x68, 0x39, 0x88, 0x39, 0x68, 0x39, 0x88, 0x39,
    0x68, 0x39, 0x88, 0x39, 0x68, 0x39, 0x88, 0x41, 0x88, 0x39, 0x67, 0x41,
    0x88, 0x39, 0x68, 0x39, 0x88, 0x39, 0x68, 0x41, 0x68, 0x39, 0x88, 0x39,
    0x68, 0x41, 0x88, 0x41, 0x68, 0x39, 0x68, 0x41, 0x88, 0x39, 0x68, 0x39,
    0x88, 0x41, 0x88, 0x39, 0x68, 0x39, 0x68, 0x41, 0x88, 0x41, 0x88, 0x39,
    0x68, 0x39, 0x87, 0x39, 0x68, 0x39, 0x88, 0x39, 0x88, 0x39, 0x68, 0x39,
    0x68, 0x39, 0x68, 0x41, 0x67, 0x39, 0x68, 0x41, 0x88, 0x39, 0x68, 0x39,
    0x88, 0x39, 0x88, 0x39, 0x68, 0x39, 0x88, 0x39, 0x68, 0x39, 0x88, 0x39,
    0x68, 0x39, 0x68, 0x39, 0x88, 0x41, 0x88, 0x41, 0x68, 0x39, 0x87, 0x39,
    0x68, 0x39, 0x88, 0x41, 0x68, 0x39, 0x88, 0x41, 0x88, 0x39, 0x67, 0x39,
    0x88, 0x39, 0x88, 0x39, 0x68, 0x39, 0x68, 0x39, 0x88, 0x39, 0x68, 0x39,
    0x87, 0x41, 0x88, 0x39, 0x68, 0x39, 0x87, 0x39, 0x68, 0x41, 0x68, 0x39,
    0x88, 0x39, 0x67, 0x41, 0x88, 0x41, 0x68, 0x39, 0x87, 0x39, 0x68, 0x39,
    0x88, 0x39, 0x87, 0x41, 0x68, 0x39, 0x88, 0x39, 0x67, 0x41, 0x68, 0x39,
    0x88, 0x39, 0x67, 0x41, 0x88, 0x39, 0x88, 0x39, 0x68, 0x39, 0x88, 0x41,
    0x68, 0x39, 0x88, 0x39, 0x88, 0x41, 0x68, 0x39, 0x88, 0x39, 0x68, 0x41,
    0x68, 0x39, 0x87, 0x39, 0x68, 0x39, 0x88, 0x41, 0x88, 0x39, 0x68, 0x41,
    0x88, 0x41, 0x68, 0x39, 0x68, 0x39, 0x88, 0x39, 0x68, 0x41, 0x88, 0x39,
    0x88, 0x39, 0x68, 0x39, 0x88, 0x41, 0x88, 0x39, 0x68, 0x41, 0x88, 0x39,
    0x68, 0x39, 0x68, 0x41, 0x88, 0x39, 0x68, 0x39, 0x88, 0x39, 0x67, 0x39,
    0x88, 0x39, 0x68, 0x39, 0x87, 0x39, 0x68, 0x41, 0x68, 0x39, 0x87, 0x39,
    0x88, 0x41, 0x68, 0x41, 0x68, 0x39, 0x88, 0x39, 0x88, 0x41, 0x68, 0x39,
    0x87, 0x39, 0x68, 0x39, 0x88, 0x39, 0x88, 0x39, 0x68, 0x39, 0x87, 0x41,
    0x88, 0x39, 0x68, 0x39, 0x87, 0x41, 0x88, 0x39, 0x68, 0x39, 0x87, 0x39,
    0x68, 0x39, 0x68, 0x39, 0x87, 0x39, 0x68, 0x39, 0x88, 0x41, 0x68, 0x39,
    0x88, 0x39, 0x68, 0x39, 0x88, 0x39, 0x68, 0x41, 0x88, 0x39, 0x88, 0x41,
    0x67, 0x39, 0x88, 0x39, 0x88, 0x39, 0x68, 0x41, 0x88, 0x39, 0x88, 0x39,
    0x68, 0x41, 0x88, 0x39, 0x68, 0x39, 0x88, 0x41, 0x67, 0x39, 0x88, 0x39,
    0x88, 0x41, 0x68, 0x39, 0x88, 0x41, 0x68, 0x39, 0x68, 0x39, 0x88, 0x39,
    0x88, 0x39, 0x68, 0x39, 0x68, 0x41, 0x88, 0x39, 0x68, 0x39, 0x88, 0x41,
    0x87, 0x39, 0x68, 0x41, 0x68, 0x39, 0x88, 0x41, 0x68, 0x41, 0x88, 0x39,
    0x87, 0x41, 0x68, 0x39, 0x88, 0x39, 0x68, 0x39, 0x88, 0x39, 0x68, 0x41,
    0x87, 0x39, 0x68, 0x39, 0x68, 0x39, 0x68, 0x39, 0x88, 0x41, 0x68, 0x39,
    0x68, 0x39, 0x88, 0x39, 0x88, 0x39, 0x68, 0x39, 0x88, 0x41, 0x88, 0x39,
    0x68, 0x41, 0x87, 0x39, 0x68, 0x41, 0x68, 0x41, 0x88, 0x39, 0x68, 0x39,
    0x88, 0x39, 0x67, 0x39, 0x88, 0x39, 0x68, 0x39, 0x67, 0x39, 0x88, 0x41,
    0x68, 0x39, 0x68, 0x39, 0x87, 0x41, 0x68, 0x39, 0x88, 0x39, 0x68, 0x41,
    0x68, 0x39, 0x88, 0x39, 0x67, 0x39, 0x88, 0x39, 0x68, 0x39, 0x88, 0x39,
    0x68, 0x39, 0x88, 0x39, 0x68, 0x39, 0x68, 0x39, 0x88, 0x39, 0x68, 0x41,
    0x88, 0x39, 0x67, 0x39, 0x88, 0x39, 0x68, 0x41, 0x88, 0x39, 0x68, 0x39,
    0x88, 0x39, 0x68, 0x41, 0x88, 0x39, 0x67, 0x41, 0x88, 0x41, 0x68, 0x39,
    0x88, 0x39, 0x68, 0x41, 0x68, 0x39, 0x88, 0x39, 0x68, 0x39, 0x88, 0x39,
    0x68, 0x41, 0x88, 0x39, 0x68, 0x39, 0x88, 0x39, 0x87, 0x41, 0x68, 0x39,
    0x68, 0x39, 0x87, 0x39, 0x88, 0x39, 0x68, 0x41, 0x88, 0x39, 0x67, 0x39,
    0x68, 0x41, 0x88, 0x39, 0x87, 0x39, 0x68, 0x39, 0x68, 0x39, 0x88, 0x41,
    0x68, 0x39, 0x88, 0x41, 0x68, 0x41, 0x68, 0x39, 0x87, 0x41, 0x88, 0x39,
    0x88, 0x39, 0x88, 0x39, 0x88, 0x39, 0x68, 0x39, 0x68, 0x41, 0x87, 0x39,
    0x68, 0x39, 0x68, 0x39, 0x88, 0x39, 0x68, 0x41, 0x88, 0x39, 0x88, 0x39,
    0x68, 0x39, 0x88, 0x39, 0x68, 0x39, 0x68, 0x39, 0x88, 0x41, 0x88, 0x39,
    0x68, 0x39, 0x68, 0x39, 0x88, 0x39, 0x68, 0x41, 0x68, 0x39, 0x88, 0x41,
    0x68, 0x41, 0x88, 0x39, 0x87, 0x41, 0x68, 0x41, 0x88, 0x39, 0x68, 0x39,
    0x68, 0x39, 0x88, 0x41, 0x88, 0x39, 0x68, 0x39, 0x88, 0x41, 0x68, 0x39,
    0x88, 0x39, 0x88, 0x39, 0x68, 0x39, 0x68, 0x41, 0x88, 0x39, 0x68, 0x39,
    0x88, 0x41, 0x68, 0x39, 0x88, 0x39, 0x88, 0x41, 0x68, 0x39, 0x88, 0x39,
    0x68, 0x39, 0x68, 0x39, 0x88, 0x41, 0x68, 0x39, 0x68, 0x39, 0x88, 0x39,
    0x68, 0x39, 0x68, 0x39, 0x87, 0x39, 0x88, 0x41, 0x68, 0x39, 0x88, 0x39,
    0x88, 0x41, 0x68, 0x39, 0x68, 0x39, 0x87, 0x39, 0x68, 0x39, 0x88, 0x39,
    0x88, 0x39, 0x68, 0x41, 0x88, 0x39, 0x68, 0x39, 0x67, 0x39, 0x88, 0x39,
    0x68, 0x39, 0x67, 0x39, 0x88, 0x39, 0x68, 0x39, 0x88, 0x41, 0x68, 0x39,
    0x88, 0x39, 0x87, 0x39, 0x68, 0x41, 0x68, 0x39, 0x88, 0x39, 0x88, 0x41,
    0x68, 0x39, 0x88, 0x39, 0x88, 0x41, 0x68, 0x39, 0x88, 0x39, 0x68, 0x39,
    0x88, 0x39, 0x67, 0x39, 0x88, 0x41, 0x68, 0x39, 0x67, 0x39, 0x88, 0x41,
    0x68, 0x39, 0x88, 0x41, 0x68, 0x39, 0x67, 0x39, 0x88, 0x41, 0x68, 0x39,
    0x68, 0x39, 0x88, 0x39, 0x68, 0x41, 0x68, 0x39, 0x88, 0x39, 0x88, 0x41,
    0x68, 0x41, 0x88, 0x39, 0x68, 0x39, 0x68, 0x39, 0x88, 0x39, 0x87, 0x41,
    0x68, 0x39, 0x68, 0x39, 0x88, 0x41, 0x68, 0x39, 0x88, 0x39, 0x68, 0x41,
    0x68, 0x39, 0x88, 0x39, 0x88, 0x41, 0x68, 0x39, 0x68, 0x39, 0x87, 0x39,
    0x88, 0x41, 0x68, 0x39, 0x88, 0x39, 0x68, 0x39, 0x68, 0x39, 0x88, 0x39,
    0x68, 0x39, 0x88, 0x39, 0x88, 0x41, 0x68, 0x39, 0x88, 0x41, 0x68, 0x41,
    0x88, 0x39, 0x67, 0x39, 0x88, 0x39, 0x68, 0x41, 0x67, 0x39, 0x88, 0x39,
    0x88, 0x41, 0x68, 0x39, 0x88, 0x39, 0x68, 0x39, 0x68, 0x39, 0x88, 0x39,
    0x68, 0x39, 0x88, 0x41, 0x68, 0x39, 0x87, 0x39, 0x68, 0x39, 0x88, 0x39,
    0x88, 0x41, 0x68, 0x39, 0x88, 0x39, 0x88, 0x39, 0x68, 0x39, 0x87, 0x41,
    0x68, 0x39, 0x68, 0x41, 0x88, 0x39, 0x67, 0x39, 0x68, 0x39, 0x88, 0x39,
    0x88, 0x39, 0x68, 0x39, 0x88, 0x39, 0x88, 0x39, 0x68, 0x39, 0x88, 0x41,
    0x68, 0x39, 0x88, 0x39, 0x88, 0x41, 0x68, 0x39, 0x88, 0x39, 0x88, 0x41,
    0x68, 0x39, 0x88, 0x39, 0x68, 0x39, 0x88, 0x39, 0x88, 0x39, 0x67, 0x41,
    0x88, 0x39, 0x68, 0x41, 0x68, 0x41, 0x88, 0x39, 0x68, 0x39, 0x68, 0x41,
    0x88, 0x39, 0x68, 0x39, 0x87, 0x41, 0x88, 0x39, 0x68, 0x39, 0x68, 0x39,
    0x88, 0x41, 0x88, 0x39, 0x68, 0x39, 0x88, 0x39, 0x67, 0x41, 0x88, 0x39,
    0x68, 0x39, 0x68, 0x39, 0x88, 0x39, 0x88, 0x39, 0x68, 0x39, 0x88, 0x39,
    0x87, 0x41, 0x68, 0x39, 0x88, 0x39, 0x67, 0x41, 0x68, 0x39, 0x88, 0x39,
    0x88, 0x41, 0x67, 0x39, 0x68, 0x39, 0x88, 0x41, 0x88, 0x39, 0x68, 0x39,
    0x88, 0x39, 0x68, 0x39, 0x88, 0x39, 0x88, 0x39, 0x68, 0x39, 0x88, 0x39,
    0x68, 0x39, 0x88, 0x39, 0x88, 0x41, 0x68, 0x39, 0x87, 0x39, 0x68, 0x39,
    0x88, 0x39, 0x68, 0x39, 0x88, 0x39, 0x68, 0x39, 0x68, 0x39, 0x68, 0x41,
    0x67, 0x39, 0x88, 0x39, 0x88, 0x41, 0x68, 0x39, 0x88, 0x39, 0x88, 0x41,
    0x68, 0x39, 0x88, 0x39, 0x88, 0x41, 0x68, 0x39, 0x68, 0x39, 0x88, 0x41,
    0x88, 0x41, 0x68, 0x39, 0x87, 0x39, 0x68, 0x39, 0x88, 0x39, 0x68, 0x41,
    0x88, 0x39, 0x87, 0x39, 0x68, 0x39, 0x88, 0x39, 0x67, 0x39, 0x88, 0x39,
    0x68, 0x39, 0x68, 0x39, 0x88, 0x39, 0x68, 0x39, 0x88, 0x41, 0x87, 0x39,
    0x68, 0x39, 0x68, 0x39, 0x88, 0x39, 0x68, 0x39, 0x88, 0x39, 0x67, 0x39,
    0x68, 0x41, 0x88, 0x39, 0x68, 0x39, 0x88, 0x39, 0x88, 0x41, 0x68, 0x39,
    0x68, 0x39, 0x88, 0x39, 0x68, 0x39, 0x68, 0x39, 0x88, 0x41, 0x88, 0x39,
    0x68, 0x39, 0x88, 0x41, 0x88, 0x39, 0x67, 0x39, 0x88, 0x41, 0x88, 0x39,
    0x67, 0x41, 0x68, 0x39, 0x88, 0x39, 0x68, 0x39, 0x68, 0x39, 0x87, 0x39,
    0x88, 0x39, 0x68, 0x41, 0x88, 0x39, 0x68, 0x39, 0x68, 0x41, 0x88, 0x39,
    0x67, 0x39, 0x88, 0x39, 0x88, 0x41, 0x68, 0x39, 0x88, 0x39, 0x88, 0x41,
    0x68, 0x41, 0x88, 0x39, 0x68, 0x39, 0x88, 0x39, 0x67, 0x39, 0x68, 0x41,
    0x88, 0x39, 0x88, 0x39, 0x68, 0x39, 0x88, 0x41, 0x67, 0x39, 0x68, 0x39,
    0x88, 0x41, 0x68, 0x39, 0x68, 0x39, 0x88, 0x39, 0x68, 0x41, 0x88, 0x39,
    0x68, 0x39, 0x88, 0x39, 0x88, 0x39, 0x68, 0x39, 0x88, 0x39, 0x68, 0x39,
    0x88, 0x39, 0x68, 0x41, 0x88, 0x39, 0x68, 0x39, 0x88, 0x39, 0x88, 0x39,
    0x68, 0x41, 0x88, 0x39, 0x88, 0x39, 0x68, 0x39, 0x88, 0x39, 0x68, 0x39,
    0x88, 0x39, 0x88, 0x41, 0x68, 0x39, 0x88, 0x39, 0x68, 0x41, 0x88, 0x39,
    0x68, 0x39, 0x88, 0x41, 0x87, 0x39, 0x68, 0x39, 0x68, 0x39, 0x87, 0x39,
    0x68, 0x39, 0x68, 0x41, 0x87, 0x39, 0x68, 0x39, 0x68, 0x39, 0x88, 0x39,
    0x68, 0x39, 0x67, 0x41, 0x88, 0x39, 0x88, 0x39, 0x68, 0x41, 0x68, 0x41,
    0x87, 0x39, 0x68, 0x39, 0x68, 0x39, 0x87, 0x39, 0x68, 0x39, 0x88, 0x39,
    0x68, 0x41, 0x88, 0x39, 0x88, 0x39, 0x68, 0x39, 0x88, 0x39, 0x68, 0x39,
    0x68, 0x39, 0x88, 0x39, 0x88, 0x39, 0x67, 0x39, 0x88, 0x41, 0x68, 0x39,
    0x88, 0x39, 0x68, 0x39, 0x88, 0x41, 0x68, 0x39, 0x68, 0x39, 0x88, 0x39,
    0x68, 0x39, 0x68, 0x41, 0x87, 0x39, 0x88, 0x41, 0x68, 0x39, 0x88, 0x39,
    0x88, 0x39, 0x68, 0x39, 0x88, 0x41, 0x88, 0x39, 0x68, 0x39, 0x68, 0x41,
    0x88, 0x39, 0x68, 0x39, 0x68, 0x41, 0x87, 0x39, 0x68, 0x39, 0x68, 0x41,
    0x87, 0x39, 0x68, 0x39, 0x68, 0x41, 0x88, 0x39, 0x68, 0x39, 0x88, 0x39,
    0x87, 0x41, 0x68, 0x39, 0x88, 0x41, 0x68, 0x39, 0x68, 0x39, 0x88, 0x39,
    0x88, 0x39, 0x68, 0x39, 0x88, 0x39, 0x87, 0x39, 0x68, 0x39, 0x88, 0x39,
    0x68, 0x39, 0x88, 0x39, 0x68, 0x41, 0x88, 0x39, 0x68, 0x39, 0x87, 0x39,
    0x68, 0x39, 0x68, 0x41, 0x88, 0x39, 0x68, 0x39, 0x88, 0x39, 0x88, 0x41,
    0x68, 0x39, 0x87, 0x39, 0x68, 0x41, 0x68, 0x39, 0x88, 0x39, 0x68, 0x39,
    0x68, 0x39, 0x88, 0x39, 0x88, 0x39, 0x68, 0x41, 0x88, 0x39, 0x68, 0x39,
    0x88, 0x39, 0x68, 0x39, 0x88, 0x39, 0x68, 0x39, 0x68, 0x39, 0x88, 0x41,
    0x68, 0x41, 0x68, 0x39, 0x87, 0x41, 0x68, 0x39, 0x68, 0x41, 0x88, 0x39,
    0x88, 0x39, 0x67, 0x41, 0x68, 0x39, 0x88, 0x39, 0x68, 0x41, 0x88, 0x39,
    0x68, 0x39, 0x87, 0x39, 0x88, 0x41, 0x88, 0x39, 0x88, 0x39, 0x68, 0x39,
    0x68, 0x41, 0x88, 0x39, 0x68, 0x39, 0x67, 0x39, 0x88, 0x39, 0x68, 0x39,
    0x68, 0x41, 0x87, 0x39, 0x68, 0x39, 0x88, 0x39, 0x68, 0x39, 0x67, 0x39,
    0x88, 0x39, 0x68, 0x41, 0x88, 0x39, 0x88, 0x39, 0x68, 0x39, 0x67, 0x39,
    0x88, 0x41, 0x68, 0x39, 0x88, 0x41, 0x88, 0x39, 0x68, 0x39, 0x88, 0x41,
    0x88, 0x39, 0x68, 0x39, 0x68, 0x39, 0x88, 0x39, 0x68, 0x39, 0x88, 0x41,
    0x68, 0x39, 0x88, 0x41, 0x67, 0x39, 0x88, 0x41, 0x68, 0x39, 0x88, 0x39,
    0x88, 0x39, 0x68, 0x41, 0x87, 0x39, 0x68, 0x39, 0x88, 0x39, 0x67, 0x41,
    0x88, 0x39, 0x88, 0x39, 0x67, 0x41, 0x68, 0x39, 0x88, 0x39, 0x67, 0x41,
    0x88, 0x39, 0x68, 0x39, 0x68, 0x39, 0x88, 0x39, 0x68, 0x39, 0x88, 0x41,
    0x88, 0x39, 0x68, 0x39, 0x88, 0x41, 0x88, 0x39, 0x68, 0x41, 0x68, 0x39,
    0x88, 0x39, 0x68, 0x39, 0x88, 0x41, 0x88, 0x39, 0x68, 0x39, 0x68, 0x41,
    0x88, 0x39, 0x68, 0x39, 0x68, 0x39, 0x87, 0x41, 0x68, 0x39, 0x68, 0x39,
    0x88, 0x39, 0x88, 0x41, 0x68, 0x39, 0x88, 0x41, 0x88, 0x39, 0x68, 0x39,
    0x68, 0x41, 0x88, 0x39, 0x68, 0x39, 0x88, 0x39, 0x88, 0x39, 0x68, 0x39,
    0x88, 0x39, 0x67, 0x41, 0x88, 0x39, 0x88, 0x39, 0x67, 0x41, 0x68, 0x39,
    0x88, 0x41, 0x68, 0x41, 0x68, 0x39, 0x88, 0x41, 0x68, 0x39, 0x88, 0x39,
    0x67, 0x39, 0x88, 0x39, 0x88, 0x41, 0x68, 0x39, 0x68, 0x39, 0x87, 0x41,
    0x68, 0x39, 0x68, 0x39, 0x87, 0x41, 0x68, 0x39, 0x68, 0x41, 0x87, 0x39,
    0x68, 0x39, 0x68, 0x39, 0x87, 0x41, 0x88, 0x39, 0x68, 0x39, 0x68, 0x39,
    0x88, 0x39, 0x68, 0x39, 0x88, 0x39, 0x68, 0x41, 0x88, 0x39, 0x88, 0x39,
    0x88, 0x41, 0x68, 0x39, 0x88, 0x39, 0x88, 0x41, 0x88, 0x39, 0x68, 0x39,
    0x88, 0x41, 0x68, 0x39, 0x88, 0x39, 0x88, 0x39, 0x68, 0x39, 0x88, 0x39,
    0x88, 0x41, 0x68, 0x39, 0x88, 0x39, 0x88, 0x41, 0x68, 0x39, 0x68, 0x39,
    0x87, 0x39, 0x68, 0x41, 0x68, 0x39, 0x88, 0x39, 0x88, 0x41, 0x68, 0x39,
    0x67, 0x41, 0x88, 0x39, 0x68, 0x41, 0x88, 0x39, 0x88, 0x39, 0x67, 0x41,
    0x68, 0x39, 0x88, 0x39, 0x87, 0x39, 0x68, 0x41, 0x88, 0x41, 0x88, 0x39,
    0x68, 0x39, 0x88, 0x39, 0x68, 0x39, 0x68, 0x39, 0x88, 0x41, 0x68, 0x39,
    0x68, 0x39, 0x87, 0x39, 0x68, 0x41, 0x88, 0x39, 0x88, 0x39, 0x67, 0x41,
    0x88, 0x39, 0x88, 0x39, 0x68, 0x41, 0x88, 0x39, 0x88, 0x39, 0x68, 0x39,
    0x88, 0x39, 0x88, 0x39, 0x68, 0x39, 0x87, 0x41, 0x68, 0x39, 0x68, 0x39,
    0x88, 0x39, 0x68, 0x39, 0x88, 0x39, 0x87, 0x41, 0x68, 0x39, 0x88, 0x39,
    0x68, 0x41, 0x88, 0x39, 0x68, 0x39, 0x88, 0x41, 0x68, 0x39, 0x88, 0x39,
    0x68, 0x39, 0x88, 0x39, 0x68, 0x39, 0x68, 0x39, 0x88, 0x41, 0x88, 0x39,
    0x68, 0x39, 0x88, 0x39, 0x67, 0x41, 0x68, 0x39, 0x88, 0x39, 0x68, 0x39,
    0x88, 0x41, 0x88, 0x39, 0x68, 0x39, 0x88, 0x41, 0x87, 0x39, 0x68, 0x41,
    0x68, 0x39, 0x88, 0x39, 0x68, 0x41, 0x88, 0x39, 0x67, 0x39, 0x88, 0x41,
    0x68, 0x39, 0x88, 0x41, 0x88, 0x39, 0x67, 0x39, 0x88, 0x39, 0x88, 0x39,
    0x67, 0x39, 0x88, 0x39, 0x88, 0x39, 0x68, 0x41, 0x88, 0x39, 0x67, 0x39,
    0x68, 0x41, 0x88, 0x39, 0x68, 0x39, 0x88, 0x39, 0x88, 0x39, 0x68, 0x41,
    0x68, 0x39, 0x88, 0x39, 0x68, 0x41, 0x67, 0x39, 0x88, 0x39, 0x88, 0x41,
    0x88, 0x39, 0x68, 0x39, 0x88, 0x41, 0x88, 0x39, 0x68, 0x39, 0x88, 0x41,
    0x88, 0x39, 0x68, 0x39, 0x68, 0x41, 0x88, 0x39, 0x88, 0x39, 0x68, 0x39,
    0x68, 0x39, 0x88, 0x39, 0x68, 0x41, 0x88, 0x39, 0x68, 0x41, 0x88, 0x39,
    0x68, 0x39, 0x68, 0x39, 0x88, 0x41, 0x68, 0x39, 0x68, 0x39, 0x88, 0x41,
    0x67, 0x39, 0x88, 0x41, 0x88, 0x41, 0x67, 0x39, 0x68, 0x39, 0x88, 0x39,
    0x88, 0x39, 0x68, 0x39, 0x88, 0x41, 0x68, 0x39, 0x88, 0x39, 0x68, 0x41,
    0x68, 0x39, 0x88, 0x39, 0x68, 0x41, 0x68, 0x39, 0x88, 0x39, 0x68, 0x39,
    0x68, 0x39, 0x88, 0x41, 0x88, 0x39, 0x88, 0x39, 0x68, 0x39, 0x88, 0x39,
    0x68, 0x41, 0x88, 0x39, 0x87, 0x41, 0x68, 0x39, 0x68, 0x39, 0x88, 0x39,
    0x68, 0x39, 0x68, 0x39, 0x87, 0x41, 0x88, 0x39, 0x68, 0x39, 0x88, 0x41,
    0x68, 0x39, 0x67, 0x39, 0x88, 0x39, 0x88, 0x39, 0x67, 0x39, 0x88, 0x39,
    0x88, 0x41, 0x68, 0x39, 0x88, 0x39, 0x88, 0x39, 0x68, 0x39, 0x68, 0x39,
    0x87, 0x39, 0x68, 0x39, 0x68, 0x39, 0x87, 0x39, 0x88, 0x39, 0x68, 0x39,
    0x87, 0x39, 0x68, 0x41, 0x68, 0x39, 0x87, 0x39, 0x68, 0x41, 0x88, 0x39,
    0x68, 0x39, 0x88, 0x39, 0x68, 0x39, 0x88, 0x39, 0x68, 0x39, 0x88, 0x39,
    0x87, 0x39, 0x68, 0x39, 0x88, 0x39, 0x87, 0x39, 0x68, 0x41, 0x88, 0x41,
    0x68, 0x39, 0x68, 0x39, 0x88, 0x39, 0x68, 0x41, 0x88, 0x39, 0x88, 0x39,
    0x68, 0x39, 0x88, 0x39, 0x88, 0x39, 0x68, 0x41, 0x88, 0x39, 0x88, 0x39,
    0x68, 0x41, 0x68, 0x39, 0x88, 0x39, 0x68, 0x39, 0x87, 0x41, 0x88, 0x39,
    0x68, 0x41, 0x67, 0x39, 0x88, 0x39, 0x88, 0x41, 0x68, 0x39, 0x68, 0x39,
    0x88, 0x39, 0x68, 0x39, 0x68, 0x39, 0x88, 0x41, 0x67, 0x39, 0x88, 0x39,
    0x68, 0x39, 0x88, 0x39, 0x68, 0x41, 0x67, 0x39, 0x88, 0x39, 0x68, 0x39,
    0x68, 0x39, 0x88, 0x39, 0x68, 0x41, 0x88, 0x39, 0x88, 0x39, 0x68, 0x39,
    0x88, 0x39, 0x88, 0x39, 0x68, 0x41, 0x87, 0x39, 0x68, 0x39, 0x88, 0x41,
    0x88, 0x39, 0x68, 0x39, 0x68, 0x39, 0x88, 0x39, 0x68, 0x39, 0x88, 0x39,
    0x68, 0x41, 0x88, 0x39, 0x68, 0x39, 0x68, 0x39, 0x88, 0x39, 0x67, 0x41,
    0x88, 0x39, 0x88, 0x39, 0x68, 0x41, 0x88, 0x39, 0x87, 0x39, 0x68, 0x41,
    0x88, 0x39, 0x68, 0x39, 0x68, 0x39, 0x88, 0x39, 0x68, 0x39, 0x68, 0x39,
    0x88, 0x39, 0x68, 0x39, 0x67, 0x39, 0x88, 0x39, 0x68, 0x41, 0x68, 0x39,
    0x88, 0x41, 0x68, 0x39, 0x88, 0x39, 0x88, 0x39, 0x68, 0x41, 0x88, 0x39,
    0x68, 0x39, 0x68, 0x41, 0x88, 0x39, 0x68, 0x39, 0x68, 0x41, 0x88, 0x39,
    0x67, 0x39, 0x68, 0x41, 0x88, 0x39, 0x68, 0x39, 0x88, 0x41, 0x68, 0x39,
    0x88, 0x39, 0x68, 0x41, 0x87, 0x39, 0x88, 0x39, 0x68, 0x41, 0x68, 0x39,
    0x88, 0x39, 0x88, 0x39, 0x68, 0x39, 0x88, 0x41, 0x68, 0x39, 0x67, 0x39,
    0x88, 0x39, 0x68, 0x39, 0x68, 0x39, 0x88, 0x39, 0x68, 0x39, 0x88, 0x41,
    0x88, 0x39, 0x67, 0x39, 0x88, 0x39, 0x68, 0x39, 0x88, 0x39, 0x68, 0x39,
    0x68, 0x39, 0x87, 0x41, 0x68, 0x39, 0x68, 0x41, 0x88, 0x41, 0x68, 0x39,
    0x68, 0x39, 0x88, 0x39, 0x68, 0x39, 0x88, 0x39, 0x88, 0x39, 0x68, 0x39,
    0x88, 0x39, 0x88, 0x39, 0x68, 0x41, 0x68, 0x39, 0x87, 0x39, 0x68, 0x41,
    0x88, 0x39, 0x68, 0x39, 0x68, 0x39, 0x88, 0x39, 0x68, 0x39, 0x68, 0x39,
    0x87, 0x39, 0x68, 0x39, 0x68, 0x41, 0x88, 0x39, 0x68, 0x39, 0x67, 0x39,
    0x88, 0x39, 0x88, 0x39, 0x68, 0x41, 0x87, 0x39, 0x88, 0x41, 0x68, 0x41,
    0x88, 0x39, 0x87, 0x39, 0x68, 0x39, 0x68, 0x39, 0x88, 0x39, 0x88, 0x41,
    0x68, 0x39, 0x88, 0x39, 0x87, 0x39, 0x68, 0x39, 0x88, 0x39, 0x68, 0x39,
    0x68, 0x39, 0x88, 0x39, 0x88, 0x39, 0x68, 0x39, 0x88, 0x41, 0x68, 0x39,
    0x67, 0x39, 0x88, 0x39, 0x68, 0x39, 0x88, 0x39, 0x67, 0x39, 0x88, 0x41,
    0x88, 0x39, 0x67, 0x39, 0x88, 0x39, 0x88, 0x41, 0x68, 0x39, 0x88, 0x39,
    0x68, 0x41, 0x67, 0x39, 0x88, 0x39, 0x68, 0x41, 0x68, 0x39, 0x88, 0x39,
    0x68, 0x39, 0x88, 0x39, 0x88, 0x39, 0x68, 0x41, 0x88, 0x39, 0x87, 0x41,
    0x68, 0x39, 0x68, 0x39, 0x88, 0x39, 0x68, 0x39, 0x68, 0x39, 0x87, 0x39,
    0x88, 0x41, 0x68, 0x39, 0x68, 0x41, 0x88, 0x39, 0x68, 0x39, 0x68, 0x41,
    0x88, 0x39, 0x67, 0x39, 0x68, 0x41, 0x88, 0x39, 0x88, 0x41, 0x88, 0x41,
    0x68, 0x39, 0x88, 0x39, 0x68, 0x41, 0x68, 0x39, 0x88, 0x41, 0x68, 0x39,
    0x88, 0x39, 0x88, 0x39, 0x68, 0x41, 0x88, 0x39, 0x68, 0x39, 0x68, 0x41,
    0x88, 0x39, 0x68, 0x41, 0x87, 0x39, 0x68, 0x41, 0x88, 0x39, 0x68, 0x39,
    0x68, 0x41, 0x88, 0x39, 0x68, 0x39, 0x68, 0x39, 0x88, 0x39, 0x88, 0x39,
    0x68, 0x41, 0x88, 0x39, 0x67, 0x39, 0x88, 0x39, 0x68, 0x41, 0x68, 0x39,
    0x88, 0x39, 0x68, 0x41, 0x68, 0x39, 0x88, 0x39, 0x68, 0x39, 0x88, 0x39,
    0x87, 0x39, 0x68, 0x41, 0x88, 0x39, 0x68, 0x39, 0x68, 0x39, 0x88, 0x39,
    0x88, 0x41, 0x68, 0x39, 0x68, 0x39, 0x88, 0x39, 0x67, 0x39, 0x88, 0x41,
    0x68, 0x39, 0x87, 0x39, 0x68, 0x41, 0x68, 0x39, 0x88, 0x39, 0x68, 0x41,
    0x88, 0x39, 0x67, 0x39, 0x88, 0x41, 0x68, 0x39, 0x88, 0x41, 0x87, 0x41,
    0x68, 0x39, 0x88, 0x41, 0x87, 0x41, 0x87, 0x41, 0xa7, 0x41, 0x87, 0x41,
    0x68, 0x41, 0x88, 0x39, 0x68, 0x39, 0x68, 0x39, 0x88, 0x39, 0x68, 0x39,
    0x88, 0x39, 0x88, 0x41, 0x67, 0x39, 0x68, 0x41, 0x88, 0x39, 0x68, 0x39,
    0x88, 0x39, 0x88, 0x41, 0x68, 0x39, 0x88, 0x39, 0x68, 0x39, 0x68, 0x39,
    0x88, 0x41, 0x67, 0x39, 0x68, 0x39, 0x88, 0x39, 0x68, 0x39, 0x88, 0x39,
    0x88, 0x41, 0x68, 0x39, 0x88, 0x41, 0x87, 0x39, 0x68, 0x41, 0x88, 0x39,
    0x68, 0x41, 0x88, 0x41, 0x88, 0x39, 0x68, 0x39, 0x88, 0x39, 0x87, 0x41,
    0x68, 0x39, 0x68, 0x39, 0x87, 0x41, 0x68, 0x39, 0x88, 0x39, 0x87, 0x39,
    0x68, 0x41, 0x88, 0x39, 0x87, 0x39, 0x68, 0x39, 0x88, 0x39, 0x88, 0x39,
    0x68, 0x39, 0x88, 0x39, 0x87, 0x39, 0x68, 0x39, 0x68, 0x39, 0x88, 0x39,
    0x68, 0x39, 0x68, 0x39, 0x88, 0x39, 0x88, 0x39, 0x68, 0x39, 0x67, 0x41,
    0x88, 0x39, 0x68, 0x39, 0x88, 0x41, 0x88, 0x39, 0x68, 0x39, 0x88, 0x41,
    0x68, 0x39, 0x88, 0x41, 0x87, 0x39, 0x68, 0x39, 0x68, 0x39, 0x88, 0x39,
    0x68, 0x41, 0x68, 0x39, 0x88, 0x39, 0x88, 0x41, 0x68, 0x39, 0x88, 0x39,
    0x88, 0x39, 0x68, 0x39, 0x88, 0x39, 0x88, 0x39, 0x68, 0x39, 0x88, 0x41,
    0x88, 0x39, 0x68, 0x41, 0x67, 0x41, 0x88, 0x39, 0x68, 0x41, 0x68, 0x39,
    0x88, 0x39, 0x68, 0x41, 0x88, 0x39, 0x68, 0x39, 0x88, 0x39, 0x88, 0x39,
    0x68, 0x41, 0x87, 0x39, 0x88, 0x39, 0x88, 0x41, 0x68, 0x41, 0x68, 0x39,
    0x88, 0x39, 0x88, 0x41, 0x67, 0x39, 0x88, 0x39, 0x88, 0x41, 0x68, 0x39,
    0x68, 0x39, 0x88, 0x41, 0x68, 0x39, 0x68, 0x39, 0x88, 0x39, 0x68, 0x39,
    0x68, 0x41, 0x88, 0x39, 0x88, 0x39, 0x67, 0x41, 0x88, 0x39, 0x68, 0x39,
    0x67, 0x41, 0x88, 0x39, 0x68, 0x39, 0x88, 0x41, 0x88, 0x39, 0x67, 0x39,
    0x88, 0x41, 0x68, 0x39, 0x68, 0x39, 0x88, 0x39, 0x88, 0x41, 0x68, 0x39,
    0x88, 0x41, 0x68, 0x41, 0x88, 0x39, 0x68, 0x39, 0x68, 0x41, 0x88, 0x39,
    0x68, 0x39, 0x68, 0x39, 0x88, 0x39, 0x68, 0x39, 0x87, 0x41, 0x88, 0x39,
    0x88, 0x39, 0x68, 0x39, 0x88, 0x39, 0x68, 0x41, 0x87, 0x39, 0x88, 0x39,
    0x68, 0x41, 0x67, 0x39, 0x68, 0x39, 0x88, 0x39, 0x68, 0x39, 0x88, 0x41,
    0x88, 0x39, 0x68, 0x39, 0x88, 0x41, 0x88, 0x39, 0x68, 0x39, 0x88, 0x41,
    0x88, 0x39, 0x68, 0x39, 0x88, 0x39, 0x68, 0x41, 0x88, 0x39, 0x88, 0x39,
    0x68, 0x39, 0x88, 0x39, 0x68, 0x39, 0x68, 0x39, 0x87, 0x39, 0x68, 0x39,
    0x88, 0x39, 0x88, 0x41, 0x68, 0x39, 0x88, 0x39, 0x68, 0x41, 0x68, 0x39,
    0x88, 0x39, 0x68, 0x39, 0x88, 0x39, 0x88, 0x39, 0x68, 0x39, 0x87, 0x39,
    0x88, 0x41, 0x68, 0x39, 0x68, 0x39, 0x88, 0x41, 0x88, 0x39, 0x68, 0x39,
    0x88, 0x41, 0x88, 0x39, 0x68, 0x39, 0x68, 0x41, 0x87, 0x39, 0x68, 0x39,
    0x88, 0x39, 0x68, 0x41, 0x88, 0x39, 0x88, 0x39, 0x67, 0x39, 0x88, 0x41,
    0x88, 0x39, 0x67, 0x39, 0x88, 0x41, 0x68, 0x39, 0x67, 0x39, 0x88, 0x41,
    0x68, 0x39, 0x88, 0x39, 0x88, 0x41, 0x68, 0x39, 0x68, 0x39, 0x88, 0x39,
    0x88, 0x39, 0x68, 0x39, 0x88, 0x41, 0x68, 0x39, 0x88, 0x39, 0x68, 0x41,
    0x88, 0x39, 0x88, 0x39, 0x88, 0x39, 0x68, 0x39, 0x88, 0x39, 0x88, 0x41,
    0x68, 0x39, 0x88, 0x39, 0x87, 0x41, 0x88, 0x41, 0x87, 0x41, 0xa7, 0x41,
    0xa7, 0x49, 0xa7, 0x49, 0xc7, 0x49, 0xe8, 0x51, 0xe8, 0x51, 0xc7, 0x51,
    0x87, 0x41, 0x88, 0x39, 0x88, 0x39, 0x68, 0x41, 0x88, 0x39, 0x67, 0x39,
    0x68, 0x41, 0x88, 0x39, 0x88, 0x39, 0x68, 0x39, 0x88, 0x41, 0x67, 0x39,
    0x68, 0x39, 0x88, 0x39, 0x87, 0x41, 0x68, 0x39, 0x88, 0x39, 0x88, 0x41,
    0x68, 0x39, 0x88, 0x39, 0x68, 0x41, 0x68, 0x39, 0x88, 0x39, 0x68, 0x41,
    0x67, 0x39, 0x88, 0x39, 0x68, 0x39, 0x68, 0x41, 0x88, 0x39, 0x68, 0x39,
    0x87, 0x39, 0x68, 0x39, 0x68, 0x41, 0x88, 0x39, 0x68, 0x39, 0x88, 0x39,
    0x68, 0x39, 0x88, 0x39, 0x68, 0x39, 0x68, 0x41, 0x88, 0x39, 0x68, 0x39,
    0x68, 0x39, 0x88, 0x39, 0x68, 0x41, 0x68, 0x39, 0x88, 0x39, 0x67, 0x41,
    0x68, 0x41, 0x88, 0x39, 0x88, 0x41, 0x68, 0x39, 0x88, 0x39, 0x68, 0x41,
    0x68, 0x39, 0x88, 0x39, 0x68, 0x41, 0x68, 0x39, 0x88, 0x39, 0x88, 0x41,
    0x68, 0x39, 0x67, 0x39, 0x88, 0x39, 0x68, 0x39, 0x87, 0x39, 0x68, 0x39,
    0x88, 0x41, 0x68, 0x39, 0x88, 0x39, 0x68, 0x41, 0x88, 0x39, 0x87, 0x39,
    0x68, 0x41, 0x88, 0x39, 0x68, 0x39, 0x67, 0x41, 0x88, 0x39, 0x68, 0x41,
    0x67, 0x41, 0x88, 0x39, 0x68, 0x39, 0x68, 0x39, 0x87, 0x39, 0x68, 0x39,
    0x88, 0x39, 0x68, 0x39, 0x88, 0x39, 0x68, 0x39, 0x88, 0x39, 0x87, 0x41,
    0x68, 0x39, 0x68, 0x39, 0x87, 0x39, 0x88, 0x41, 0x68, 0x39, 0x68, 0x39,
    0x88, 0x39, 0x68, 0x41, 0x68, 0x39, 0x88, 0x39, 0x87, 0x39, 0x68, 0x39,
    0x88, 0x41, 0x68, 0x39, 0x68, 0x39, 0x88, 0x39, 0x88, 0x41, 0x68, 0x39,
    0x88, 0x39, 0x87, 0x39, 0x68, 0x39, 0x88, 0x39, 0x68, 0x39, 0x87, 0x39,
    0x68, 0x39, 0x68, 0x41, 0x88, 0x39, 0x68, 0x39, 0x88, 0x39, 0x88, 0x39,
    0x68, 0x39, 0x88, 0x41, 0x68, 0x39, 0x68, 0x39, 0x88, 0x41, 0x68, 0x39,
    0x88, 0x39, 0x88, 0x41, 0x67, 0x39, 0x68, 0x39, 0x88, 0x39, 0x67, 0x39,
    0x88, 0x39, 0x88, 0x39, 0x67, 0x39, 0x88, 0x41, 0x88, 0x39, 0x68, 0x39,
    0x88, 0x41, 0x88, 0x39, 0x68, 0x39, 0x68, 0x39, 0x68, 0x39, 0x88, 0x41,
    0x68, 0x39, 0x88, 0x39, 0x68, 0x39, 0x88, 0x39, 0x68, 0x39, 0x88, 0x41,
    0x88, 0x39, 0x68, 0x39, 0x88, 0x41, 0x68, 0x39, 0x68, 0x39, 0x68, 0x39,
    0x88, 0x39, 0x67, 0x41, 0x68, 0x39, 0x88, 0x39, 0x68, 0x41, 0x68, 0x39,
    0x68, 0x39, 0x87, 0x39, 0x88, 0x39, 0x68, 0x39, 0x67, 0x41, 0x88, 0x39,
    0x68, 0x39, 0x88, 0x41, 0x88, 0x39, 0x68, 0x39, 0x68, 0x41, 0x88, 0x39,
    0x68, 0x39, 0x67, 0x39, 0x88, 0x39, 0x88, 0x39, 0x67, 0x39, 0x88, 0x41,
    0x68, 0x39, 0x67, 0x41, 0x88, 0x39, 0x68, 0x41, 0x68, 0x39, 0x88, 0x39,
    0x68, 0x39, 0x88, 0x39, 0x68, 0x39, 0x88, 0x39, 0x67, 0x39, 0x68, 0x39,
    0x88, 0x39, 0x87, 0x39, 0x68, 0x41, 0x88, 0x39, 0x68, 0x39, 0x88, 0x39,
    0x68, 0x39, 0x67, 0x39, 0x88, 0x41, 0x68, 0x39, 0x68, 0x39, 0x88, 0x39,
    0x68, 0x39, 0x88, 0x39, 0x88, 0x39, 0x68, 0x41, 0x88, 0x39, 0x68, 0x39,
    0x68, 0x39, 0x88, 0x39, 0x67, 0x39, 0x88, 0x41, 0x88, 0x39, 0x67, 0x41,
    0x68, 0x39, 0x88, 0x39, 0x87, 0x41, 0x68, 0x39, 0x88, 0x39, 0x68, 0x39,
    0x68, 0x41, 0x88, 0x39, 0x67, 0x39, 0x68, 0x41, 0x88, 0x39, 0x87, 0x41,
    0xa7, 0x49, 0xa7, 0x49, 0xc7, 0x49, 0xc8, 0x49, 0xe8, 0x51, 0x08, 0x52,
    0x08, 0x52, 0x08, 0x5a, 0x28, 0x5a, 0x29, 0x5a, 0x29, 0x5a, 0x08, 0x52,
    0xc7, 0x49, 0x88, 0x39, 0x68, 0x39, 0x88, 0x41, 0x88, 0x39, 0x68, 0x39,
    0x68, 0x39, 0x88, 0x39, 0x68, 0x39, 0x88, 0x39, 0x88, 0x41, 0x68, 0x39,
    0x68, 0x39, 0x88, 0x41, 0x68, 0x39, 0x68, 0x39, 0x87, 0x41, 0x68, 0x39,
    0x88, 0x39, 0x88, 0x39, 0x68, 0x41, 0x87, 0x39, 0x88, 0x39, 0x68, 0x39,
    0x88, 0x39, 0x88, 0x39, 0x68, 0x39, 0x88, 0x39, 0x68, 0x39, 0x88, 0x39,
    0x88, 0x39, 0x68, 0x39, 0x88, 0x39, 0x67, 0x41, 0x88, 0x39, 0x68, 0x39,
    0x88, 0x41, 0x88, 0x39, 0x68, 0x39, 0x88, 0x39, 0x68, 0x41, 0x88, 0x39,
    0x88, 0x39, 0x68, 0x41, 0x88, 0x39, 0x88, 0x39, 0x68, 0x41, 0x88, 0x39,
    0x68, 0x39, 0x68, 0x39, 0x88, 0x39, 0x68, 0x41, 0x87, 0x39, 0x68, 0x39,
    0x88, 0x39, 0x88, 0x39, 0x67, 0x41, 0x88, 0x39, 0x88, 0x39, 0x68, 0x39,
    0x88, 0x41, 0x88, 0x39, 0x68, 0x41, 0x68, 0x39, 0x88, 0x39, 0x88, 0x39,
    0x68, 0x39, 0x68, 0x39, 0x88, 0x39, 0x68, 0x41, 0x68, 0x39, 0x88, 0x39,
    0x88, 0x39, 0x68, 0x39, 0x88, 0x39, 0x68, 0x39, 0x88, 0x39, 0x88, 0x39,
    0x68, 0x39, 0x88, 0x41, 0x68, 0x39, 0x88, 0x41, 0x68, 0x41, 0x88, 0x39,
    0x68, 0x39, 0x87, 0x41, 0x68, 0x39, 0x88, 0x39, 0x68, 0x39, 0x88, 0x39,
    0x68, 0x41, 0x88, 0x39, 0x68, 0x39, 0x68, 0x41, 0x87, 0x39, 0x68, 0x39,
    0x88, 0x39, 0x68, 0x39, 0x68, 0x41, 0x88, 0x39, 0x68, 0x39, 0x88, 0x39,
    0x68, 0x39, 0x88, 0x39, 0x68, 0x39, 0x68, 0x39, 0x87, 0x39, 0x68, 0x41,
    0x68, 0x39, 0x88, 0x39, 0x68, 0x41, 0x88, 0x41, 0x88, 0x39, 0x68, 0x39,
    0x88, 0x39, 0x88, 0x39, 0x68, 0x41, 0x68, 0x39, 0x88, 0x41, 0x68, 0x39,
    0x88, 0x39, 0x68, 0x39, 0x87, 0x39, 0x68, 0x39, 0x68, 0x41, 0x88, 0x39,
    0x68, 0x39, 0x88, 0x39, 0x68, 0x41, 0x88, 0x39, 0x68, 0x39, 0x68, 0x41,
    0x88, 0x39, 0x68, 0x39, 0x68, 0x39, 0x88, 0x39, 0x68, 0x39, 0x67, 0x39,
    0x88, 0x39, 0x88, 0x41, 0x67, 0x41, 0x88, 0x39, 0x88, 0x39, 0x68, 0x39,
    0x67, 0x41, 0x88, 0x39, 0x68, 0x41, 0x67, 0x39, 0x88, 0x39, 0x68, 0x39,
    0x68, 0x39, 0x88, 0x39, 0x88, 0x41, 0x87, 0x39, 0x68, 0x39, 0x88, 0x41,
    0x88, 0x39, 0x68, 0x39, 0x88, 0x39, 0x87, 0x39, 0x68, 0x39, 0x88, 0x39,
    0x68, 0x41, 0x88, 0x41, 0x68, 0x39, 0x88, 0x39, 0x68, 0x39, 0x88, 0x41,
    0x67, 0x39, 0x68, 0x39, 0x88, 0x41, 0x87, 0x39, 0x68, 0x39, 0x88, 0x41,
    0x68, 0x39, 0x68, 0x41, 0x88, 0x39, 0x68, 0x39, 0x88, 0x39, 0x88, 0x39,
    0x68, 0x39, 0x88, 0x39, 0x88, 0x41, 0x67, 0x39, 0x88, 0x39, 0x68, 0x41,
    0x88, 0x39, 0x67, 0x41, 0x88, 0x39, 0x68, 0x39, 0x88, 0x41, 0x68, 0x41,
    0x68, 0x39, 0x88, 0x39, 0x68, 0x39, 0x88, 0x41, 0x88, 0x39, 0x68, 0x41,
    0x88, 0x39, 0x88, 0x39, 0x68, 0x39, 0x88, 0x41, 0x88, 0x39, 0x68, 0x39,
    0x68, 0x41, 0x88, 0x39, 0x67, 0x39, 0x88, 0x39, 0x88, 0x41, 0x68, 0x39,
    0x88, 0x41, 0x68, 0x39, 0x68, 0x39, 0x88, 0x39, 0x88, 0x39, 0x68, 0x41,
    0x68, 0x39, 0x88, 0x39, 0x68, 0x39, 0x68, 0x39, 0x87, 0x39, 0x88, 0x39,
    0x68, 0x41, 0x88, 0x39, 0x68, 0x39, 0x88, 0x41, 0x87, 0x41, 0xc7, 0x49,
    0x08, 0x52, 0x08, 0x5a, 0x08, 0x5a, 0x28, 0x5a, 0x09, 0x5a, 0x28, 0x5a,
    0x09, 0x5a, 0x09, 0x5a, 0x28, 0x5a, 0x08, 0x5a, 0x08, 0x5a, 0x28, 0x5a,
    0xe8, 0x51, 0xa7, 0x41, 0x68, 0x39, 0x68, 0x39, 0x88, 0x41, 0x88, 0x39,
    0x68, 0x41, 0x87, 0x39, 0x68, 0x41, 0x68, 0x39, 0x87, 0x39, 0x88, 0x39,
    0x88, 0x39, 0x68, 0x41, 0x88, 0x39, 0x88, 0x39, 0x68, 0x39, 0x68, 0x39,
    0x88, 0x39, 0x67, 0x39, 0x68, 0x39, 0x88, 0x41, 0x68, 0x39, 0x68, 0x39,
    0x88, 0x41, 0x68, 0x41, 0x87, 0x39, 0x68, 0x39, 0x88, 0x41, 0x67, 0x41,
    0x68, 0x39, 0x88, 0x39, 0x88, 0x39, 0x68, 0x39, 0x68, 0x41, 0x88, 0x39,
    0x67, 0x39, 0x68, 0x41, 0x88, 0x39, 0x87, 0x39, 0x68, 0x39, 0x68, 0x41,
    0x87, 0x39, 0x68, 0x39, 0x68, 0x39, 0x87, 0x39, 0x68, 0x39, 0x88, 0x39,
    0x88, 0x39, 0x68, 0x39, 0x88, 0x39, 0x68, 0x39, 0x88, 0x39, 0x88, 0x39,
    0x68, 0x39, 0x68, 0x39, 0x88, 0x39, 0x68, 0x41, 0x68, 0x39, 0x67, 0x39,
    0x88, 0x39, 0x88, 0x39, 0x68, 0x41, 0x88, 0x39, 0x68, 0x41, 0x88, 0x41,
    0x67, 0x39, 0x88, 0x39, 0x88, 0x41, 0x67, 0x39, 0x68, 0x39, 0x88, 0x41,
    0x68, 0x39, 0x67, 0x41, 0x88, 0x39, 0x88, 0x41, 0x68, 0x39, 0x68, 0x39,
    0x88, 0x39, 0x68, 0x39, 0x87, 0x39, 0x88, 0x39, 0x68, 0x39, 0x68, 0x39,
    0x88, 0x41, 0x68, 0x39, 0x88, 0x39, 0x68, 0x41, 0x68, 0x39, 0x88, 0x39,
    0x88, 0x39, 0x67, 0x39, 0x88, 0x39, 0x88, 0x39, 0x68, 0x41, 0x88, 0x39,
    0x88, 0x39, 0x87, 0x41, 0x68, 0x39, 0x88, 0x39, 0x68, 0x41, 0x67, 0x41,
    0x88, 0x39, 0x88, 0x41, 0x67, 0x41, 0x88, 0x39, 0x88, 0x39, 0x68, 0x39,
    0x88, 0x41, 0x68, 0x39, 0x68, 0x39, 0x87, 0x39, 0x68, 0x41, 0x68, 0x39,
    0x88, 0x41, 0x87, 0x39, 0x68, 0x39, 0x88, 0x39, 0x67, 0x39, 0x68, 0x41,
    0x88, 0x39, 0x88, 0x41, 0x68, 0x39, 0x88, 0x39, 0x88, 0x39, 0x67, 0x39,
    0x88, 0x39, 0x68, 0x39, 0x88, 0x41, 0x88, 0x39, 0x68, 0x39, 0x88, 0x41,
    0x88, 0x39, 0x68, 0x41, 0x88, 0x39, 0x88, 0x39, 0x68, 0x41, 0x88, 0x39,
    0x68, 0x39, 0x68, 0x39, 0x88, 0x39, 0x88, 0x41, 0x68, 0x39, 0x88, 0x39,
    0x88, 0x39, 0x68, 0x39, 0x88, 0x41, 0x88, 0x39, 0x68, 0x39, 0x88, 0x41,
    0x67, 0x39, 0x68, 0x39, 0x88, 0x39, 0x68, 0x39, 0x88, 0x41, 0x68, 0x39,
    0x67, 0x39, 0x88, 0x41, 0x68, 0x39, 0x68, 0x41, 0x88, 0x39, 0x88, 0x39,
    0x67, 0x39, 0x68, 0x39, 0x88, 0x41, 0x68, 0x39, 0x88, 0x39, 0x88, 0x39,
    0x68, 0x39, 0x88, 0x39, 0x68, 0x41, 0x68, 0x39, 0x88, 0x39, 0x88, 0x39,
    0x88, 0x39, 0x68, 0x41, 0x88, 0x39, 0x68, 0x41, 0x68, 0x41, 0x87, 0x39,
    0x68, 0x39, 0x88, 0x39, 0x68, 0x39, 0x88, 0x39, 0x68, 0x39, 0x88, 0x39,
    0x68, 0x41, 0x88, 0x39, 0x68, 0x39, 0x88, 0x39, 0x88, 0x39, 0x68, 0x39,
    0x88, 0x41, 0x68, 0x39, 0x67, 0x39, 0x88, 0x39, 0x68, 0x39, 0x67, 0x41,
    0x88, 0x39, 0x68, 0x39, 0x68, 0x41, 0x88, 0x39, 0x87, 0x39, 0x68, 0x41,
    0x88, 0x39, 0x68, 0x39, 0x68, 0x41, 0x88, 0x39, 0x68, 0x39, 0x87, 0x39,
    0x88, 0x39, 0x68, 0x41, 0x88, 0x39, 0x68, 0x39, 0x67, 0x39, 0x88, 0x39,
    0x88, 0x41, 0x68, 0x39, 0x88, 0x39, 0x68, 0x41, 0x88, 0x39, 0x68, 0x39,
    0x88, 0x39, 0x67, 0x39, 0x88, 0x39, 0x68, 0x39, 0x87, 0x41, 0xe8, 0x51,
    0x29, 0x5a, 0x09, 0x5a, 0x28, 0x5a, 0x08, 0x5a, 0x28, 0x5a, 0x08, 0x5a,
    0x28, 0x5a, 0x29, 0x5a, 0x08, 0x5a, 0x08, 0x5a, 0x29, 0x5a, 0x09, 0x5a,
    0x28, 0x5a, 0xe8, 0x51, 0x87, 0x41, 0x88, 0x39, 0x68, 0x39, 0x67, 0x39,
    0x88, 0x39, 0x88, 0x41, 0x68, 0x39, 0x68, 0x39, 0x88, 0x41, 0x68, 0x39,
    0x68, 0x39, 0x87, 0x39, 0x68, 0x39, 0x88, 0x41, 0x68, 0x39, 0x88, 0x41,
    0x88, 0x41, 0x68, 0x39, 0x88, 0x39, 0x88, 0x39, 0x68, 0x41, 0x87, 0x39,
    0x68, 0x39, 0x68, 0x39, 0x88, 0x39, 0x88, 0x41, 0x68, 0x39, 0x88, 0x39,
    0x68, 0x41, 0x68, 0x39, 0x88, 0x41, 0x88, 0x39, 0x68, 0x39, 0x88, 0x39,
    0x88, 0x39, 0x68, 0x41, 0x68, 0x39, 0x88, 0x39, 0x68, 0x39, 0x88, 0x39,
    0x88, 0x41, 0x68, 0x39, 0x88, 0x41, 0x68, 0x39, 0x68, 0x39, 0x88, 0x41,
    0x67, 0x41, 0x88, 0x39, 0x68, 0x41, 0x67, 0x39, 0x88, 0x41, 0x68, 0x39,
    0x68, 0x39, 0x88, 0x39, 0x88, 0x39, 0x68, 0x41, 0x88, 0x39, 0x88, 0x39,
    0x68, 0x41, 0x68, 0x39, 0x87, 0x39, 0x68, 0x39, 0x88, 0x39, 0x68, 0x39,
    0x68, 0x39, 0x88, 0x41, 0x88, 0x39, 0x68, 0x39, 0x88, 0x39, 0x88, 0x39,
    0x68, 0x41, 0x88, 0x39, 0x68, 0x39, 0x87, 0x39, 0x68, 0x41, 0x88, 0x39,
    0x87, 0x41, 0x68, 0x39, 0x68, 0x39, 0x88, 0x41, 0x88, 0x39, 0x67, 0x39,
    0x88, 0x39, 0x88, 0x39, 0x68, 0x39, 0x87, 0x41, 0x88, 0x39, 0x68, 0x41,
    0x68, 0x39, 0x88, 0x41, 0x68, 0x39, 0x88, 0x39, 0x68, 0x41, 0x68, 0x39,
    0x88, 0x39, 0x68, 0x39, 0x88, 0x39, 0x88, 0x39, 0x68, 0x39, 0x88, 0x39,
    0x88, 0x39, 0x68, 0x39, 0x68, 0x39, 0x88, 0x41, 0x68, 0x39, 0x88, 0x39,
    0x87, 0x39, 0x68, 0x39, 0x88, 0x39, 0x88, 0x39, 0x68, 0x39, 0x68, 0x39,
    0x88, 0x39, 0x68, 0x41, 0x88, 0x39, 0x88, 0x39, 0x68, 0x39, 0x88, 0x39,
    0x68, 0x39, 0x67, 0x41, 0x88, 0x39, 0x68, 0x39, 0x88, 0x41, 0x68, 0x41,
    0x68, 0x39, 0x87, 0x39, 0x68, 0x39, 0x68, 0x39, 0x87, 0x39, 0x68, 0x39,
    0x68, 0x39, 0x87, 0x39, 0x68, 0x41, 0x68, 0x39, 0x87, 0x39, 0x88, 0x41,
    0x68, 0x39, 0x68, 0x39, 0x88, 0x39, 0x67, 0x39, 0x68, 0x41, 0x88, 0x39,
    0x68, 0x39, 0x68, 0x39, 0x88, 0x39, 0x68, 0x39, 0x88, 0x41, 0x88, 0x39,
    0x68, 0x41, 0x88, 0x39, 0x68, 0x39, 0x68, 0x41, 0x88, 0x39, 0x88, 0x39,
    0x68, 0x39, 0x88, 0x39, 0x88, 0x41, 0x68, 0x39, 0x88, 0x39, 0x68, 0x41,
    0x88, 0x39, 0x88, 0x39, 0x68, 0x39, 0x67, 0x41, 0x88, 0x39, 0x68, 0x39,
    0x88, 0x41, 0x88, 0x39, 0x68, 0x39, 0x88, 0x39, 0x68, 0x41, 0x67, 0x39,
    0x88, 0x39, 0x88, 0x39, 0x67, 0x39, 0x88, 0x39, 0x88, 0x39, 0x68, 0x41,
    0x88, 0x39, 0x68, 0x41, 0x68, 0x39, 0x88, 0x41, 0x87, 0x39, 0x68, 0x39,
    0x88, 0x39, 0x68, 0x39, 0x88, 0x41, 0x67, 0x39, 0x68, 0x39, 0x88, 0x39,
    0x87, 0x39, 0x68, 0x41, 0x88, 0x39, 0x88, 0x39, 0x68, 0x39, 0x88, 0x39,
    0x88, 0x39, 0x68, 0x41, 0x67, 0x39, 0x88, 0x39, 0x68, 0x39, 0x68, 0x39,
    0x88, 0x39, 0x87, 0x39, 0x68, 0x41, 0x88, 0x39, 0x68, 0x39, 0x68, 0x39,
    0x88, 0x39, 0x87, 0x41, 0x68, 0x39, 0x88, 0x41, 0x68, 0x39, 0x88, 0x39,
    0x68, 0x39, 0x87, 0x41, 0x68, 0x39, 0x88, 0x39, 0x68, 0x41, 0x88, 0x39,
    0x68, 0x41, 0x88, 0x39, 0x68, 0x39, 0x88, 0x39, 0xa7, 0x41, 0x08, 0x5a,
    0x09, 0x5a, 0x28, 0x5a, 0x09, 0x5a, 0x29, 0x5a, 0x09, 0x5a, 0x08, 0x5a,
    0x28, 0x5a, 0x29, 0x5a, 0x08, 0x5a, 0x28, 0x5a, 0x29, 0x5a, 0x08, 0x5a,
    0x08, 0x5a, 0x08, 0x5a, 0xc8, 0x49, 0x87, 0x41, 0x68, 0x39, 0x88, 0x39,
    0x68, 0x39, 0x88, 0x39, 0x88, 0x39, 0x68, 0x39, 0x88, 0x41, 0x68, 0x39,
    0x88, 0x39, 0x68, 0x41, 0x68, 0x39, 0x88, 0x39, 0x67, 0x39, 0x68, 0x39,
    0x88, 0x39, 0x68, 0x41, 0x68, 0x39, 0x88, 0x39, 0x88, 0x39, 0x68, 0x39,
    0x88, 0x39, 0x88, 0x41, 0x68, 0x39, 0x68, 0x39, 0x88, 0x39, 0x88, 0x39,
    0x68, 0x39, 0x87, 0x39, 0x68, 0x39, 0x68, 0x41, 0x87, 0x39, 0x68, 0x39,
    0x88, 0x41, 0x88, 0x39, 0x68, 0x39, 0x88, 0x41, 0x67, 0x39, 0x88, 0x39,
    0x68, 0x39, 0x88, 0x39, 0x88, 0x39, 0x68, 0x41, 0x88, 0x39, 0x68, 0x39,
    0x88, 0x39, 0x88, 0x39, 0x68, 0x39, 0x88, 0x41, 0x68, 0x39, 0x68, 0x39,
    0x68, 0x39, 0x88, 0x41, 0x67, 0x39, 0x68, 0x39, 0x88, 0x39, 0x88, 0x39,
    0x68, 0x41, 0x68, 0x39, 0x88, 0x39, 0x68, 0x41, 0x87, 0x39, 0x88, 0x39,
    0x68, 0x39, 0x68, 0x39, 0x88, 0x39, 0x68, 0x41, 0x87, 0x39, 0x68, 0x39,
    0x88, 0x39, 0x68, 0x39, 0x88, 0x39, 0x68, 0x39, 0x68, 0x39, 0x88, 0x39,
    0x68, 0x41, 0x88, 0x39, 0x68, 0x39, 0x68, 0x41, 0x88, 0x39, 0x68, 0x39,
    0x68, 0x41, 0x88, 0x39, 0x68, 0x39, 0x68, 0x39, 0x88, 0x39, 0x67, 0x39,
    0x88, 0x41, 0x68, 0x39, 0x68, 0x39, 0x88, 0x39, 0x87, 0x39, 0x68, 0x41,
    0x68, 0x39, 0x68, 0x39, 0x87, 0x41, 0x68, 0x39, 0x68, 0x39, 0x88, 0x39,
    0x68, 0x41, 0x68, 0x39, 0x88, 0x39, 0x68, 0x39, 0x68, 0x41, 0x88, 0x39,
    0x68, 0x39, 0x68, 0x41, 0x88, 0x41, 0x88, 0x39, 0x68, 0x39, 0x87, 0x41,
    0x68, 0x39, 0x68, 0x39, 0x88, 0x41, 0x68, 0x39, 0x88, 0x41, 0x88, 0x39,
    0x68, 0x39, 0x88, 0x39, 0x68, 0x39, 0x88, 0x39, 0x68, 0x39, 0x88, 0x39,
    0x88, 0x41, 0x68, 0x39, 0x88, 0x41, 0x88, 0x39, 0x68, 0x41, 0x88, 0x39,
    0x88, 0x39, 0x68, 0x39, 0x88, 0x39, 0x68, 0x39, 0x88, 0x39, 0x68, 0x41,
    0x88, 0x39, 0x87, 0x39, 0x68, 0x41, 0x88, 0x39, 0x68, 0x39, 0x88, 0x41,
    0x87, 0x39, 0x68, 0x41, 0x88, 0x39, 0x67, 0x39, 0x68, 0x39, 0x88, 0x39,
    0x68, 0x39, 0x87, 0x41, 0x88, 0x39, 0x68, 0x39, 0x87, 0x39, 0x68, 0x41,
    0x68, 0x39, 0x88, 0x39, 0x67, 0x39, 0x88, 0x39, 0x68, 0x39, 0x67, 0x41,
    0x88, 0x39, 0x88, 0x39, 0x68, 0x39, 0x88, 0x39, 0x68, 0x41, 0x67, 0x39,
    0x88, 0x39, 0x68, 0x41, 0x87, 0x39, 0x88, 0x39, 0x68, 0x39, 0x68, 0x41,
    0x88, 0x39, 0x68, 0x39, 0x68, 0x41, 0x88, 0x39, 0x68, 0x39, 0x68, 0x39,
    0x88, 0x39, 0x87, 0x39, 0x68, 0x41, 0x68, 0x39, 0x88, 0x39, 0x68, 0x41,
    0x67, 0x39, 0x88, 0x39, 0x88, 0x41, 0x68, 0x39, 0x68, 0x41, 0x88, 0x39,
    0x68, 0x39, 0x88, 0x39, 0x68, 0x41, 0x68, 0x39, 0x88, 0x41, 0x68, 0x39,
    0x88, 0x39, 0x88, 0x39, 0x68, 0x39, 0x88, 0x41, 0x88, 0x39, 0x68, 0x41,
    0x88, 0x39, 0x68, 0x39, 0x88, 0x39, 0x88, 0x41, 0x68, 0x39, 0x68, 0x41,
    0x88, 0x39, 0x68, 0x39, 0x68, 0x39, 0x88, 0x39, 0x88, 0x41, 0x68, 0x39,
    0x68, 0x39, 0x88, 0x39, 0x88, 0x39, 0x67, 0x39, 0x88, 0x39, 0x68, 0x41,
    0x87, 0x39, 0x68, 0x41, 0x88, 0x39, 0x88, 0x41, 0xc7, 0x49, 0x08, 0x5a,
    0x28, 0x5a, 0x08, 0x5a, 0x28, 0x5a, 0x28, 0x52, 0x09, 0x5a, 0x28, 0x5a,
    0x29, 0x5a, 0x29, 0x5a, 0x29, 0x5a, 0x28, 0x5a, 0x08, 0x5a, 0x29, 0x5a,
    0x28, 0x5a, 0x09, 0x5a, 0x08, 0x52, 0xa7, 0x49, 0x88, 0x41, 0x88, 0x39,
    0x68, 0x41, 0x68, 0x39, 0x87, 0x39, 0x88, 0x41, 0x68, 0x39, 0x87, 0x39,
    0x88, 0x39, 0x68, 0x41, 0x88, 0x39, 0x88, 0x39, 0x68, 0x41, 0x88, 0x39,
    0x87, 0x39, 0x68, 0x39, 0x68, 0x41, 0x87, 0x39, 0x68, 0x39, 0x68, 0x41,
    0x88, 0x39, 0x87, 0x39, 0x68, 0x41, 0x68, 0x39, 0x87, 0x39, 0x68, 0x41,
    0x88, 0x39, 0x88, 0x39, 0x68, 0x39, 0x88, 0x41, 0x68, 0x39, 0x68, 0x39,
    0x87, 0x39, 0x68, 0x39, 0x88, 0x39, 0x68, 0x41, 0x88, 0x39, 0x68, 0x39,
    0x68, 0x41, 0x87, 0x39, 0x68, 0x39, 0x88, 0x39, 0x87, 0x41, 0x68, 0x39,
    0x68, 0x39, 0x88, 0x39, 0x88, 0x39, 0x68, 0x39, 0x88, 0x39, 0x88, 0x39,
    0x88, 0x39, 0x68, 0x39, 0x88, 0x41, 0x68, 0x39, 0x68, 0x39, 0x87, 0x41,
    0x68, 0x39, 0x88, 0x39, 0x88, 0x39, 0x68, 0x39, 0x68, 0x41, 0x88, 0x39,
    0x87, 0x41, 0x68, 0x39, 0x68, 0x39, 0x88, 0x41, 0x68, 0x39, 0x68, 0x39,
    0x87, 0x41, 0x68, 0x39, 0x88, 0x41, 0x88, 0x41, 0x68, 0x39, 0x68, 0x39,
    0x88, 0x39, 0x88, 0x39, 0x67, 0x39, 0x88, 0x39, 0x88, 0x39, 0x68, 0x41,
    0x88, 0x39, 0x87, 0x39, 0x68, 0x41, 0x88, 0x39, 0x68, 0x39, 0x88, 0x39,
    0x88, 0x39, 0x68, 0x39, 0x88, 0x41, 0x68, 0x39, 0x88, 0x39, 0x88, 0x39,
    0x68, 0x41, 0x88, 0x39, 0x88, 0x39, 0x68, 0x41, 0x87, 0x39, 0x88, 0x39,
    0x68, 0x41, 0x87, 0x39, 0x88, 0x39, 0x68, 0x39, 0x87, 0x39, 0x88, 0x41,
    0x68, 0x39, 0x68, 0x39, 0x87, 0x39, 0x68, 0x39, 0x88, 0x41, 0x88, 0x39,
    0x68, 0x39, 0x88, 0x39, 0x67, 0x39, 0x68, 0x39, 0x88, 0x41, 0x67, 0x39,
    0x88, 0x39, 0x68, 0x41, 0x88, 0x41, 0x67, 0x39, 0x88, 0x39, 0x68, 0x39,
    0x87, 0x39, 0x68, 0x39, 0x68, 0x39, 0x88, 0x41, 0x68, 0x39, 0x67, 0x39,
    0x88, 0x41, 0x68, 0x41, 0x88, 0x39, 0x88, 0x39, 0x68, 0x41, 0x68, 0x39,
    0x88, 0x39, 0x68, 0x41, 0x88, 0x39, 0x68, 0x39, 0x88, 0x39, 0x68, 0x39,
    0x68, 0x39, 0x88, 0x41, 0x88, 0x39, 0x68, 0x39, 0x88, 0x41, 0x68, 0x39,
    0x68, 0x39, 0x88, 0x39, 0x68, 0x41, 0x88, 0x39, 0x68, 0x39, 0x88, 0x41,
    0x88, 0x39, 0x68, 0x39, 0x68, 0x41, 0x88, 0x39, 0x88, 0x39, 0x68, 0x39,
    0x68, 0x41, 0x88, 0x39, 0x68, 0x39, 0x88, 0x39, 0x88, 0x39, 0x68, 0x39,
    0x68, 0x39, 0x88, 0x39, 0x68, 0x41, 0x68, 0x39, 0x88, 0x39, 0x88, 0x39,
    0x68, 0x41, 0x87, 0x39, 0x88, 0x39, 0x68, 0x41, 0x87, 0x39, 0x68, 0x39,
    0x88, 0x41, 0x88, 0x39, 0x68, 0x39, 0x88, 0x39, 0x88, 0x39, 0x68, 0x41,
    0x88, 0x39, 0x68, 0x39, 0x88, 0x39, 0x88, 0x39, 0x68, 0x39, 0x88, 0x41,
    0x68, 0x39, 0x88, 0x39, 0x87, 0x39, 0x68, 0x41, 0x88, 0x39, 0x67, 0x39,
    0x68, 0x41, 0x88, 0x39, 0x68, 0x39, 0x68, 0x39, 0x87, 0x41, 0x68, 0x39,
    0x68, 0x39, 0x88, 0x41, 0x68, 0x39, 0x67, 0x39, 0x88, 0x39, 0x88, 0x39,
    0x68, 0x41, 0x88, 0x39, 0x68, 0x39, 0x87, 0x39, 0x68, 0x41, 0x88, 0x39,
    0x67, 0x39, 0x68, 0x41, 0x88, 0x41, 0x68, 0x39, 0x68, 0x39, 0x88, 0x39,
    0x68, 0x39, 0x68, 0x39, 0x88, 0x39, 0x87, 0x41, 0xe8, 0x51, 0x09, 0x5a,
    0x08, 0x5a, 0x29, 0x5a, 0x08, 0x5a, 0x29, 0x5a, 0x49, 0x62, 0x49, 0x62,
    0x49, 0x5a, 0x49, 0x62, 0x49, 0x62, 0x49, 0x62, 0x28, 0x5a, 0x09, 0x52,
    0x28, 0x5a, 0x28, 0x5a, 0x09, 0x5a, 0x08, 0x52, 0x87, 0x41, 0x88, 0x39,
    0x68, 0x39, 0x68, 0x41, 0x88, 0x39, 0x68, 0x39, 0x68, 0x39, 0x88, 0x39,
    0x68, 0x41, 0x68, 0x39, 0x87, 0x39, 0x68, 0x39, 0x88, 0x41, 0x68, 0x39,
    0x88, 0x39, 0x88, 0x39, 0x68, 0x39, 0x88, 0x41, 0x88, 0x39, 0x68, 0x39,
    0x68, 0x41, 0x88, 0x39, 0x68, 0x39, 0x88, 0x39, 0x68, 0x41, 0x68, 0x39,
    0x88, 0x39, 0x68, 0x41, 0x88, 0x39, 0x87, 0x39, 0x68, 0x39, 0x88, 0x41,
    0x68, 0x39, 0x68, 0x39, 0x88, 0x41, 0x67, 0x39, 0x88, 0x39, 0x88, 0x41,
    0x68, 0x39, 0x68, 0x39, 0x88, 0x41, 0x68, 0x39, 0x68, 0x39, 0x88, 0x41,
    0x67, 0x39, 0x68, 0x41, 0x88, 0x41, 0x67, 0x39, 0x68, 0x39, 0x88, 0x41,
    0x68, 0x39, 0x88, 0x39, 0x88, 0x39, 0x68, 0x39, 0x88, 0x41, 0x88, 0x39,
    0x68, 0x39, 0x87, 0x39, 0x68, 0x41, 0x88, 0x39, 0x68, 0x39, 0x68, 0x39,
    0x88, 0x39, 0x88, 0x41, 0x68, 0x39, 0x87, 0x39, 0x88, 0x39, 0x68, 0x41,
    0x88, 0x39, 0x68, 0x39, 0x68, 0x39, 0x87, 0x39, 0x88, 0x41, 0x68, 0x39,
    0x87, 0x39, 0x68, 0x41, 0x68, 0x39, 0x88, 0x39, 0x68, 0x41, 0x67, 0x39,
    0x88, 0x39, 0x68, 0x39, 0x88, 0x41, 0x88, 0x39, 0x68, 0x41, 0x68, 0x41,
    0x87, 0x39, 0x88, 0x39, 0x68, 0x41, 0x67, 0x39, 0x88, 0x39, 0x68, 0x39,
    0x87, 0x39, 0x68, 0x39, 0x68, 0x39, 0x88, 0x41, 0x68, 0x39, 0x68, 0x39,
    0x88, 0x39, 0x68, 0x41, 0x88, 0x39, 0x68, 0x39, 0x88, 0x39, 0x68, 0x39,
    0x88, 0x41, 0x88, 0x39, 0x68, 0x39, 0x68, 0x39, 0x88, 0x39, 0x68, 0x41,
    0x88, 0x39, 0x88, 0x39, 0x68, 0x41, 0x88, 0x39, 0x68, 0x39, 0x68, 0x39,
    0x88, 0x39, 0x88, 0x39, 0x68, 0x39, 0x88, 0x41, 0x68, 0x39, 0x68, 0x41,
    0x88, 0x39, 0x88, 0x39, 0x68, 0x39, 0x87, 0x39, 0x88, 0x39, 0x68, 0x39,
    0x68, 0x39, 0x88, 0x39, 0x67, 0x41, 0x88, 0x39, 0x68, 0x39, 0x87, 0x39,
    0x68, 0x39, 0x88, 0x39, 0x68, 0x39, 0x88, 0x41, 0x67, 0x39, 0x88, 0x39,
    0x68, 0x39, 0x68, 0x39, 0x87, 0x41, 0x68, 0x39, 0x88, 0x39, 0x87, 0x41,
    0x68, 0x39, 0x88, 0x39, 0x68, 0x39, 0x68, 0x39, 0x88, 0x39, 0x67, 0x39,
    0x88, 0x39, 0x88, 0x41, 0x68, 0x39, 0x88, 0x39, 0x88, 0x41, 0x68, 0x39,
    0x88, 0x39, 0x67, 0x41, 0x68, 0x39, 0x88, 0x41, 0x88, 0x39, 0x68, 0x41,
    0x88, 0x39, 0x88, 0x39, 0x68, 0x39, 0x67, 0x41, 0x88, 0x39, 0x68, 0x39,
    0x68, 0x39, 0x88, 0x39, 0x68, 0x39, 0x88, 0x39, 0x68, 0x39, 0x88, 0x41,
    0x68, 0x39, 0x68, 0x39, 0x88, 0x39, 0x67, 0x41, 0x68, 0x39, 0x88, 0x39,
    0x68, 0x39, 0x68, 0x41, 0x87, 0x39, 0x68, 0x39, 0x88, 0x39, 0x67, 0x41,
    0x88, 0x39, 0x68, 0x39, 0x68, 0x39, 0x88, 0x39, 0x88, 0x39, 0x68, 0x39,
    0x88, 0x41, 0x87, 0x39, 0x68, 0x39, 0x88, 0x39, 0x88, 0x39, 0x68, 0x39,
    0x88, 0x39, 0x87, 0x41, 0x68, 0x39, 0x88, 0x39, 0x88, 0x39, 0x67, 0x39,
    0x88, 0x39, 0x68, 0x41, 0x88, 0x39, 0x68, 0x39, 0x88, 0x39, 0x88, 0x39,
    0x68, 0x39, 0x88, 0x39, 0x88, 0x39, 0x68, 0x41, 0x88, 0x39, 0x88, 0x39,
    0x68, 0x41, 0x88, 0x39, 0x68, 0x39, 0x87, 0x41, 0x08, 0x52, 0x29, 0x5a,
    0x08, 0x5a, 0x29, 0x5a, 0x08, 0x5a, 0x49, 0x5a, 0x49, 0x62, 0x49, 0x62,
    0x49, 0x62, 0x49, 0x62, 0x49, 0x62, 0x49, 0x62, 0x49, 0x62, 0x08, 0x5a,
    0x08, 0x5a, 0x28, 0x5a, 0x08, 0x5a, 0x28, 0x5a, 0xc8, 0x51, 0x87, 0x41,
    0x88, 0x39, 0x88, 0x39, 0x68, 0x39, 0x88, 0x41, 0x68, 0x39, 0x88, 0x39,
    0x88, 0x39, 0x68, 0x39, 0x88, 0x39, 0x68, 0x39, 0x68, 0x39, 0x88, 0x41,
    0x68, 0x39, 0x68, 0x39, 0x88, 0x39, 0x68, 0x39, 0x88, 0x39, 0x87, 0x39,
    0x68, 0x39, 0x68, 0x39, 0x88, 0x39, 0x88, 0x41, 0x68, 0x39, 0x87, 0x39,
    0x68, 0x39, 0x68, 0x41, 0x88, 0x39, 0x68, 0x39, 0x88, 0x41, 0x88, 0x39,
    0x68, 0x39, 0x88, 0x41, 0x88, 0x39, 0x68, 0x39, 0x68, 0x39, 0x88, 0x39,
    0x87, 0x39, 0x68, 0x39, 0x88, 0x41, 0x68, 0x39, 0x88, 0x39, 0x88, 0x39,
    0x68, 0x39, 0x88, 0x39, 0x88, 0x39, 0x68, 0x39, 0x68, 0x39, 0x88, 0x39,
    0x68, 0x39, 0x68, 0x39, 0x87, 0x41, 0x68, 0x39, 0x88, 0x39, 0x68, 0x39,
    0x68, 0x39, 0x88, 0x41, 0x68, 0x39, 0x88, 0x39, 0x87, 0x39, 0x68, 0x41,
    0x68, 0x39, 0x88, 0x39, 0x68, 0x39, 0x88, 0x39, 0x68, 0x41, 0x88, 0x39,
    0x88, 0x39, 0x68, 0x39, 0x88, 0x39, 0x68, 0x39, 0x68, 0x39, 0x88, 0x41,
    0x88, 0x39, 0x68, 0x39, 0x88, 0x41, 0x88, 0x39, 0x68, 0x39, 0x88, 0x39,
    0x68, 0x39, 0x68, 0x41, 0x88, 0x39, 0x67, 0x39, 0x88, 0x39, 0x68, 0x39,
    0x68, 0x39, 0x88, 0x39, 0x68, 0x39, 0x88, 0x41, 0x68, 0x39, 0x88, 0x41,
    0x68, 0x39, 0x88, 0x41, 0x88, 0x39, 0x68, 0x39, 0x88, 0x41, 0x88, 0x39,
    0x68, 0x39, 0x88, 0x39, 0x68, 0x41, 0x88, 0x39, 0x68, 0x41, 0x67, 0x39,
    0x88, 0x39, 0x88, 0x41, 0x68, 0x39, 0x88, 0x39, 0x67, 0x41, 0x68, 0x39,
    0x88, 0x39, 0x67, 0x41, 0x88, 0x39, 0x88, 0x39, 0x68, 0x41, 0x88, 0x39,
    0x67, 0x41, 0x68, 0x39, 0x88, 0x39, 0x88, 0x39, 0x68, 0x39, 0x88, 0x41,
    0x68, 0x39, 0x88, 0x41, 0x68, 0x41, 0x68, 0x39, 0x88, 0x41, 0x88, 0x39,
    0x68, 0x39, 0x88, 0x39, 0x68, 0x39, 0x68, 0x41, 0x88, 0x39, 0x88, 0x39,
    0x68, 0x41, 0x68, 0x39, 0x88, 0x39, 0x68, 0x41, 0x88, 0x39, 0x88, 0x41,
    0x88, 0x39, 0x68, 0x39, 0x88, 0x39, 0x68, 0x39, 0x68, 0x39, 0x88, 0x41,
    0x88, 0x39, 0x68, 0x39, 0x87, 0x41, 0x88, 0x39, 0x68, 0x41, 0x68, 0x39,
    0x88, 0x39, 0x68, 0x39, 0x67, 0x39, 0x68, 0x39, 0x88, 0x41, 0x67, 0x39,
    0x88, 0x39, 0x88, 0x39, 0x68, 0x39, 0x67, 0x39, 0x88, 0x41, 0x68, 0x39,
    0x87, 0x39, 0x68, 0x41, 0x88, 0x39, 0x88, 0x39, 0x68, 0x41, 0x88, 0x39,
    0x87, 0x39, 0x68, 0x41, 0x68, 0x39, 0x88, 0x39, 0x68, 0x41, 0x88, 0x39,
    0x67, 0x39, 0x88, 0x39, 0x88, 0x41, 0x68, 0x39, 0x88, 0x39, 0x88, 0x39,
    0x68, 0x41, 0x88, 0x39, 0x68, 0x41, 0x88, 0x39, 0x68, 0x39, 0x88, 0x39,
    0x68, 0x41, 0x88, 0x39, 0x68, 0x41, 0x68, 0x39, 0x88, 0x39, 0x68, 0x41,
    0x68, 0x39, 0x88, 0x39, 0x68, 0x41, 0x68, 0x41, 0x88, 0x39, 0x68, 0x39,
    0x88, 0x41, 0x68, 0x39, 0x68, 0x39, 0x88, 0x41, 0x68, 0x41, 0x68, 0x39,
    0x88, 0x39, 0x88, 0x39, 0x67, 0x41, 0x68, 0x39, 0x88, 0x41, 0x68, 0x41,
    0x68, 0x39, 0x88, 0x39, 0x67, 0x39, 0x68, 0x39, 0x88, 0x41, 0x67, 0x39,
    0x88, 0x39, 0x88, 0x41, 0x68, 0x39, 0xa7, 0x49, 0x08, 0x5a, 0x28, 0x5a,
    0x08, 0x5a, 0x28, 0x5a, 0x29, 0x5a, 0x49, 0x62, 0x49, 0x62, 0x49, 0x62,
    0x49, 0x62, 0x49, 0x62, 0x49, 0x62, 0x49, 0x62, 0x49, 0x62, 0x49, 0x5a,
    0x09, 0x5a, 0x09, 0x5a, 0x28, 0x5a, 0x28, 0x5a, 0x08, 0x52, 0xa7, 0x49,
    0x88, 0x39, 0x68, 0x39, 0x87, 0x41, 0x68, 0x39, 0x88, 0x39, 0x67, 0x41,
    0x68, 0x39, 0x88, 0x41, 0x88, 0x41, 0x67, 0x39, 0x88, 0x39, 0x88, 0x39,
    0x67, 0x41, 0x88, 0x39, 0x68, 0x41, 0x67, 0x39, 0x88, 0x41, 0x68, 0x41,
    0x88, 0x39, 0x88, 0x39, 0x67, 0x41, 0x68, 0x39, 0x88, 0x39, 0x88, 0x39,
    0x68, 0x41, 0x88, 0x39, 0x67, 0x39, 0x68, 0x39, 0x88, 0x39, 0x68, 0x39,
    0x67, 0x39, 0x88, 0x39, 0x68, 0x39, 0x88, 0x41, 0x68, 0x39, 0x68, 0x39,
    0x88, 0x41, 0x88, 0x39, 0x68, 0x39, 0x87, 0x39, 0x68, 0x41, 0x88, 0x39,
    0x68, 0x39, 0x88, 0x41, 0x68, 0x39, 0x88, 0x39, 0x88, 0x41, 0x68, 0x39,
    0x88, 0x39, 0x68, 0x39, 0x88, 0x41, 0x68, 0x39, 0x68, 0x39, 0x87, 0x41,
    0x88, 0x39, 0x68, 0x39, 0x68, 0x39, 0x88, 0x41, 0x88, 0x39, 0x68, 0x39,
    0x88, 0x41, 0x67, 0x39, 0x88, 0x39, 0x68, 0x41, 0x68, 0x39, 0x88, 0x39,
    0x67, 0x41, 0x88, 0x41, 0x88, 0x39, 0x68, 0x39, 0x68, 0x39, 0x88, 0x39,
    0x68, 0x39, 0x68, 0x39, 0x88, 0x41, 0x67, 0x39, 0x88, 0x39, 0x88, 0x41,
    0x68, 0x39, 0x88, 0x39, 0x68, 0x39, 0x88, 0x39, 0x88, 0x39, 0x68, 0x41,
    0x88, 0x39, 0x68, 0x39, 0x88, 0x41, 0x88, 0x39, 0x68, 0x39, 0x68, 0x39,
    0x88, 0x41, 0x68, 0x39, 0x87, 0x39, 0x68, 0x39, 0x68, 0x39, 0x87, 0x41,
    0x68, 0x39, 0x68, 0x39, 0x87, 0x39, 0x88, 0x39, 0x68, 0x39, 0x88, 0x39,
    0x68, 0x39, 0x68, 0x39, 0x87, 0x41, 0x88, 0x39, 0x68, 0x39, 0x88, 0x39,
    0x68, 0x39, 0x68, 0x39, 0x88, 0x39, 0x68, 0x39, 0x87, 0x39, 0x88, 0x39,
    0x68, 0x41, 0x68, 0x39, 0x87, 0x39, 0x68, 0x41, 0x88, 0x39, 0x67, 0x39,
    0x88, 0x39, 0x68, 0x39, 0x87, 0x39, 0x68, 0x39, 0x68, 0x39, 0x88, 0x41,
    0x87, 0x39, 0x68, 0x39, 0x88, 0x41, 0x68, 0x39, 0x88, 0x39, 0x68, 0x41,
    0x87, 0x39, 0x88, 0x39, 0x68, 0x39, 0x67, 0x39, 0x88, 0x39, 0x68, 0x39,
    0x67, 0x41, 0x88, 0x39, 0x88, 0x41, 0x68, 0x39, 0x68, 0x39, 0x88, 0x39,
    0x68, 0x39, 0x68, 0x41, 0x88, 0x39, 0x88, 0x39, 0x68, 0x41, 0x88, 0x39,
    0x88, 0x39, 0x68, 0x41, 0x88, 0x39, 0x88, 0x39, 0x68, 0x39, 0x68, 0x39,
    0x88, 0x41, 0x88, 0x39, 0x68, 0x39, 0x88, 0x39, 0x68, 0x39, 0x88, 0x39,
    0x68, 0x39, 0x68, 0x41, 0x88, 0x39, 0x88, 0x39, 0x68, 0x39, 0x88, 0x41,
    0x88, 0x39, 0x68, 0x39, 0x88, 0x41, 0x87, 0x39, 0x68, 0x39, 0x68, 0x39,
    0x88, 0x41, 0x68, 0x39, 0x68, 0x39, 0x88, 0x39, 0x68, 0x41, 0x67, 0x39,
    0x88, 0x39, 0x88, 0x39, 0x68, 0x39, 0x68, 0x41, 0x87, 0x39, 0x68, 0x39,
    0x88, 0x39, 0x87, 0x39, 0x68, 0x41, 0x88, 0x39, 0x87, 0x39, 0x68, 0x41,
    0x88, 0x39, 0x88, 0x39, 0x68, 0x39, 0x87, 0x39, 0x68, 0x39, 0x88, 0x41,
    0x68, 0x39, 0x88, 0x39, 0x88, 0x39, 0x68, 0x39, 0x88, 0x39, 0x68, 0x41,
    0x68, 0x39, 0x88, 0x39, 0x68, 0x39, 0x88, 0x39, 0x88, 0x39, 0x67, 0x39,
    0x88, 0x41, 0x88, 0x39, 0x68, 0x39, 0x88, 0x41, 0x68, 0x39, 0x68, 0x39,
    0x88, 0x39, 0x68, 0x39, 0x87, 0x41, 0xc8, 0x49, 0x29, 0x5a, 0x29, 0x5a,
    0x08, 0x5a, 0x08, 0x5a, 0x29, 0x5a, 0x49, 0x5a, 0x49, 0x62, 0x49, 0x62,
    0x49, 0x62, 0x49, 0x62, 0x49, 0x62, 0x49, 0x62, 0x49, 0x62, 0x49, 0x62,
    0x28, 0x5a, 0x29, 0x5a, 0x09, 0x5a, 0x08, 0x5a, 0x08, 0x52, 0xa8, 0x41,
    0x68, 0x39, 0x88, 0x39, 0x68, 0x39, 0x88, 0x39, 0x88, 0x39, 0x68, 0x41,
    0x68, 0x39, 0x88, 0x39, 0x68, 0x39, 0x68, 0x41, 0x88, 0x39, 0x68, 0x39,
    0x88, 0x39, 0x88, 0x41, 0x68, 0x39, 0x88, 0x39, 0x68, 0x39, 0x68, 0x39,
    0x88, 0x39, 0x88, 0x41, 0x68, 0x39, 0x88, 0x39, 0x68, 0x39, 0x68, 0x41,
    0x88, 0x39, 0x88, 0x39, 0x68, 0x41, 0x88, 0x39, 0x88, 0x39, 0x68, 0x41,
    0x88, 0x41, 0x68, 0x39, 0x87, 0x39, 0x88, 0x41, 0x68, 0x39, 0x87, 0x39,
    0x68, 0x41, 0x68, 0x39, 0x88, 0x39, 0x68, 0x39, 0x88, 0x41, 0x68, 0x39,
    0x87, 0x39, 0x68, 0x41, 0x68, 0x39, 0x87, 0x39, 0x68, 0x41, 0x68, 0x39,
    0x68, 0x39, 0x88, 0x39, 0x88, 0x39, 0x68, 0x39, 0x88, 0x41, 0x88, 0x39,
    0x68, 0x39, 0x88, 0x39, 0x67, 0x41, 0x68, 0x39, 0x88, 0x39, 0x68, 0x39,
    0x88, 0x39, 0x88, 0x41, 0x68, 0x39, 0x88, 0x39, 0x87, 0x39, 0x68, 0x39,
    0x68, 0x39, 0x88, 0x39, 0x68, 0x41, 0x87, 0x39, 0x88, 0x41, 0x68, 0x39,
    0x87, 0x39, 0x88, 0x41, 0x68, 0x39, 0x68, 0x39, 0x88, 0x39, 0x68, 0x41,
    0x87, 0x39, 0x88, 0x39, 0x68, 0x41, 0x68, 0x39, 0x88, 0x39, 0x67, 0x41,
    0x88, 0x39, 0x68, 0x39, 0x67, 0x39, 0x88, 0x39, 0x88, 0x39, 0x67, 0x39,
    0x88, 0x39, 0x68, 0x39, 0x68, 0x41, 0x88, 0x39, 0x88, 0x39, 0x68, 0x39,
    0x88, 0x41, 0x68, 0x39, 0x88, 0x39, 0x68, 0x41, 0x88, 0x39, 0x88, 0x41,
    0x68, 0x39, 0x68, 0x39, 0x88, 0x39, 0x68, 0x41, 0x88, 0x39, 0x88, 0x39,
    0x68, 0x41, 0x88, 0x39, 0x68, 0x41, 0x68, 0x39, 0x88, 0x39, 0x68, 0x39,
    0x88, 0x39, 0x88, 0x39, 0x68, 0x41, 0x68, 0x39, 0x88, 0x39, 0x88, 0x39,
    0x68, 0x41, 0x88, 0x39, 0x88, 0x39, 0x68, 0x39, 0x88, 0x39, 0x68, 0x41,
    0x68, 0x39, 0x88, 0x39, 0x88, 0x39, 0x67, 0x39, 0x68, 0x39, 0x88, 0x39,
    0x68, 0x41, 0x88, 0x39, 0x88, 0x41, 0x68, 0x39, 0x88, 0x39, 0x68, 0x41,
    0x68, 0x39, 0x88, 0x39, 0x68, 0x39, 0x87, 0x41, 0x88, 0x39, 0x68, 0x39,
    0x87, 0x41, 0x68, 0x39, 0x68, 0x39, 0x88, 0x39, 0x67, 0x39, 0x68, 0x39,
    0x88, 0x41, 0x67, 0x39, 0x88, 0x41, 0x88, 0x39, 0x68, 0x39, 0x68, 0x41,
    0x88, 0x39, 0x68, 0x39, 0x88, 0x41, 0x68, 0x41, 0x88, 0x39, 0x88, 0x39,
    0x68, 0x41, 0x87, 0x39, 0x68, 0x39, 0x68, 0x39, 0x67, 0x39, 0x68, 0x39,
    0x88, 0x39, 0x68, 0x39, 0x68, 0x41, 0x88, 0x39, 0x88, 0x39, 0x68, 0x41,
    0x88, 0x39, 0x88, 0x39, 0x67, 0x39, 0x88, 0x41, 0x88, 0x39, 0x68, 0x39,
    0x88, 0x39, 0x67, 0x41, 0x88, 0x39, 0x88, 0x39, 0x68, 0x41, 0x68, 0x39,
    0x88, 0x39, 0x68, 0x39, 0x68, 0x39, 0x88, 0x39, 0x68, 0x39, 0x68, 0x39,
    0x88, 0x39, 0x67, 0x41, 0x88, 0x39, 0x68, 0x39, 0x88, 0x39, 0x68, 0x39,
    0x67, 0x39, 0x88, 0x41, 0x68, 0x39, 0x67, 0x39, 0x88, 0x39, 0x88, 0x39,
    0x67, 0x41, 0x88, 0x39, 0x68, 0x39, 0x88, 0x41, 0x68, 0x39, 0x68, 0x39,
    0x88, 0x39, 0x68, 0x41, 0x88, 0x39, 0x88, 0x39, 0x68, 0x39, 0x88, 0x41,
    0x88, 0x41, 0x68, 0x39, 0x87, 0x41, 0xe8, 0x51, 0x29, 0x5a, 0x49, 0x5a,
    0x29, 0x5a, 0x08, 0x5a, 0x08, 0x5a, 0x49, 0x62, 0x49, 0x62, 0x49, 0x62,
    0x49, 0x62, 0x49, 0x62, 0x49, 0x62, 0x49, 0x62, 0x49, 0x62, 0x28, 0x5a,
    0x08, 0x5a, 0x28, 0x5a, 0x08, 0x5a, 0x08, 0x52, 0xc8, 0x49, 0x88, 0x41,
    0x68, 0x39, 0x88, 0x41, 0x68, 0x39, 0x68, 0x39, 0x88, 0x41, 0x88, 0x39,
    0x87, 0x39, 0x68, 0x39, 0x88, 0x39, 0x88, 0x39, 0x68, 0x41, 0x68, 0x39,
    0x88, 0x39, 0x68, 0x39, 0x88, 0x39, 0x88, 0x39, 0x68, 0x41, 0x87, 0x39,
    0x68, 0x39, 0x68, 0x39, 0x88, 0x39, 0x88, 0x39, 0x67, 0x41, 0x88, 0x39,
    0x68, 0x39, 0x67, 0x39, 0x88, 0x39, 0x68, 0x41, 0x68, 0x39, 0x87, 0x39,
    0x88, 0x39, 0x68, 0x39, 0x68, 0x39, 0x88, 0x39, 0x68, 0x39, 0x88, 0x39,
    0x88, 0x39, 0x68, 0x41, 0x88, 0x39, 0x68, 0x39, 0x68, 0x39, 0x88, 0x39,
    0x88, 0x39, 0x68, 0x39, 0x88, 0x39, 0x88, 0x39, 0x68, 0x39, 0x88, 0x39,
    0x68, 0x39, 0x88, 0x41, 0x67, 0x39, 0x68, 0x39, 0x88, 0x39, 0x68, 0x39,
    0x68, 0x41, 0x88, 0x39, 0x88, 0x39, 0x68, 0x39, 0x88, 0x41, 0x67, 0x39,
    0x68, 0x39, 0x88, 0x39, 0x68, 0x39, 0x68, 0x41, 0x88, 0x39, 0x68, 0x39,
    0x88, 0x39, 0x68, 0x39, 0x68, 0x39, 0x88, 0x41, 0x68, 0x39, 0x68, 0x39,
    0x88, 0x41, 0x88, 0x39, 0x68, 0x39, 0x88, 0x39, 0x68, 0x41, 0x68, 0x39,
    0x88, 0x39, 0x68, 0x39, 0x68, 0x41, 0x87, 0x39, 0x68, 0x39, 0x88, 0x39,
    0x88, 0x41, 0x68, 0x39, 0x68, 0x39, 0x88, 0x41, 0x68, 0x41, 0x88, 0x39,
    0x88, 0x39, 0x68, 0x41, 0x88, 0x39, 0x88, 0x39, 0x67, 0x41, 0x88, 0x39,
    0x68, 0x39, 0x88, 0x41, 0x68, 0x39, 0x67, 0x39, 0x88, 0x41, 0x68, 0x39,
    0x87, 0x39, 0x88, 0x41, 0x68, 0x39, 0x68, 0x39, 0x88, 0x39, 0x67, 0x41,
    0x88, 0x39, 0x88, 0x39, 0x67, 0x41, 0x88, 0x39, 0x68, 0x41, 0x68, 0x41,
    0x88, 0x39, 0x88, 0x39, 0x68, 0x39, 0x88, 0x39, 0x68, 0x39, 0x68, 0x41,
    0x68, 0x39, 0x88, 0x39, 0x68, 0x41, 0x88, 0x39, 0x87, 0x39, 0x68, 0x39,
    0x68, 0x41, 0x88, 0x39, 0x68, 0x39, 0x88, 0x41, 0x88, 0x39, 0x68, 0x39,
    0x68, 0x39, 0x88, 0x39, 0x68, 0x41, 0x88, 0x39, 0x88, 0x39, 0x68, 0x39,
    0x88, 0x39, 0x88, 0x39, 0x68, 0x39, 0x68, 0x41, 0x88, 0x39, 0x88, 0x39,
    0x68, 0x39, 0x88, 0x39, 0x88, 0x41, 0x68, 0x39, 0x88, 0x39, 0x68, 0x41,
    0x88, 0x39, 0x68, 0x39, 0x68, 0x39, 0x88, 0x41, 0x67, 0x39, 0x88, 0x39,
    0x68, 0x39, 0x67, 0x39, 0x88, 0x39, 0x68, 0x39, 0x67, 0x39, 0x88, 0x41,
    0x68, 0x39, 0x88, 0x39, 0x88, 0x41, 0x68, 0x39, 0x88, 0x41, 0x88, 0x39,
    0x68, 0x39, 0x87, 0x41, 0x68, 0x39, 0x68, 0x39, 0x88, 0x39, 0x67, 0x39,
    0x88, 0x39, 0x68, 0x41, 0x68, 0x39, 0x88, 0x39, 0x68, 0x39, 0x88, 0x41,
    0x68, 0x39, 0x68, 0x39, 0x88, 0x39, 0x88, 0x39, 0x68, 0x39, 0x88, 0x41,
    0x88, 0x41, 0x68, 0x39, 0x88, 0x41, 0x88, 0x39, 0x68, 0x41, 0x88, 0x39,
    0x68, 0x39, 0x68, 0x39, 0x88, 0x41, 0x88, 0x39, 0x68, 0x41, 0x88, 0x39,
    0x88, 0x39, 0x68, 0x41, 0x88, 0x39, 0x68, 0x39, 0x88, 0x41, 0x68, 0x39,
    0x88, 0x39, 0x68, 0x41, 0x88, 0x39, 0x67, 0x39, 0x88, 0x41, 0x88, 0x39,
    0x68, 0x39, 0x67, 0x39, 0x88, 0x41, 0x68, 0x39, 0x67, 0x39, 0x88, 0x39,
    0x88, 0x41, 0x88, 0x39, 0xa7, 0x49, 0x08, 0x5a, 0x49, 0x5a, 0x4a, 0x62,
    0x29, 0x5a, 0x29, 0x5a, 0x28, 0x5a, 0x29, 0x5a, 0x49, 0x62, 0x49, 0x62,
    0x49, 0x62, 0x49, 0x62, 0x49, 0x62, 0x49, 0x62, 0x28, 0x5a, 0x08, 0x5a,
    0x29, 0x5a, 0x29, 0x5a, 0x08, 0x5a, 0xe8, 0x51, 0x87, 0x41, 0x88, 0x39,
    0x68, 0x39, 0x88, 0x39, 0x87, 0x41, 0x68, 0x39, 0x68, 0x39, 0x88, 0x39,
    0x68, 0x41, 0x68, 0x39, 0x87, 0x39, 0x88, 0x39, 0x68, 0x39, 0x87, 0x41,
    0x68, 0x39, 0x68, 0x39, 0x87, 0x41, 0x68, 0x39, 0x88, 0x39, 0x88, 0x41,
    0x68, 0x39, 0x68, 0x39, 0x87, 0x41, 0x68, 0x39, 0x88, 0x39, 0x88, 0x39,
    0x68, 0x41, 0x88, 0x39, 0x88, 0x39, 0x68, 0x39, 0x68, 0x39, 0x88, 0x39,
    0x68, 0x41, 0x88, 0x39, 0x68, 0x41, 0x88, 0x39, 0x68, 0x41, 0x68, 0x39,
    0x88, 0x39, 0x67, 0x39, 0x88, 0x41, 0x88, 0x39, 0x67, 0x39, 0x88, 0x41,
    0x68, 0x39, 0x68, 0x41, 0x87, 0x39, 0x68, 0x41, 0x88, 0x39, 0x68, 0x39,
    0x68, 0x39, 0x88, 0x39, 0x68, 0x41, 0x88, 0x39, 0x88, 0x39, 0x67, 0x41,
    0x88, 0x39, 0x68, 0x39, 0x88, 0x39, 0x88, 0x41, 0x68, 0x39, 0x88, 0x39,
    0x68, 0x41, 0x88, 0x39, 0x87, 0x39, 0x68, 0x41, 0x88, 0x39, 0x88, 0x41,
    0x68, 0x41, 0x87, 0x39, 0x88, 0x39, 0x68, 0x39, 0x88, 0x39, 0x68, 0x39,
    0x68, 0x39, 0x87, 0x39, 0x68, 0x41, 0x88, 0x39, 0x87, 0x39, 0x68, 0x39,
    0x88, 0x39, 0x88, 0x41, 0x68, 0x39, 0x88, 0x39, 0x68, 0x39, 0x68, 0x41,
    0x88, 0x39, 0x88, 0x39, 0x88, 0x39, 0x68, 0x39, 0x67, 0x39, 0x88, 0x39,
    0x68, 0x41, 0x67, 0x39, 0x88, 0x39, 0x68, 0x39, 0x68, 0x39, 0x88, 0x39,
    0x88, 0x39, 0x67, 0x39, 0x88, 0x39, 0x88, 0x39, 0x68, 0x39, 0x68, 0x39,
    0x88, 0x39, 0x88, 0x41, 0x68, 0x39, 0x88, 0x39, 0x68, 0x39, 0x68, 0x39,
    0x88, 0x39, 0x68, 0x39, 0x88, 0x39, 0x88, 0x39, 0x68, 0x39, 0x87, 0x39,
    0x68, 0x41, 0x68, 0x39, 0x87, 0x39, 0x88, 0x41, 0x68, 0x39, 0x87, 0x39,
    0x88, 0x39, 0x68, 0x39, 0x67, 0x41, 0x88, 0x39, 0x68, 0x39, 0x88, 0x41,
    0x88, 0x39, 0x67, 0x39, 0x68, 0x41, 0x88, 0x39, 0x88, 0x39, 0x67, 0x41,
    0x88, 0x39, 0x68, 0x39, 0x67, 0x39, 0x88, 0x41, 0x68, 0x39, 0x67, 0x39,
    0x88, 0x41, 0x68, 0x39, 0x87, 0x39, 0x68, 0x39, 0x68, 0x41, 0x88, 0x39,
    0x68, 0x39, 0x87, 0x41, 0x68, 0x39, 0x88, 0x39, 0x68, 0x39, 0x88, 0x39,
    0x88, 0x39, 0x68, 0x39, 0x88, 0x39, 0x68, 0x39, 0x88, 0x41, 0x88, 0x39,
    0x68, 0x39, 0x88, 0x41, 0x88, 0x39, 0x68, 0x39, 0x88, 0x41, 0x68, 0x39,
    0x68, 0x39, 0x88, 0x39, 0x68, 0x39, 0x88, 0x39, 0x88, 0x41, 0x68, 0x39,
    0x88, 0x39, 0x88, 0x39, 0x68, 0x39, 0x88, 0x41, 0x68, 0x39, 0x88, 0x39,
    0x68, 0x41, 0x88, 0x39, 0x88, 0x39, 0x68, 0x39, 0x67, 0x41, 0x88, 0x39,
    0x88, 0x39, 0x68, 0x41, 0x68, 0x39, 0x87, 0x39, 0x68, 0x39, 0x88, 0x39,
    0x67, 0x39, 0x68, 0x39, 0x88, 0x39, 0x67, 0x41, 0x88, 0x39, 0x88, 0x39,
    0x67, 0x41, 0x88, 0x39, 0x68, 0x39, 0x68, 0x39, 0x87, 0x39, 0x68, 0x41,
    0x88, 0x39, 0x68, 0x39, 0x88, 0x39, 0x88, 0x41, 0x67, 0x39, 0x88, 0x39,
    0x68, 0x39, 0x88, 0x39, 0x68, 0x39, 0x68, 0x39, 0x88, 0x39, 0x88, 0x41,
    0x68, 0x39, 0x88, 0x39, 0x88, 0x39, 0x68, 0x41, 0x88, 0x39, 0x88, 0x41,
    0x88, 0x41, 0x88, 0x41, 0xe8, 0x49, 0x29, 0x5a, 0x6a, 0x62, 0x6a, 0x6a,
    0x4a, 0x62, 0x49, 0x62, 0x29, 0x5a, 0x28, 0x5a, 0x49, 0x5a, 0x49, 0x62,
    0x49, 0x62, 0x49, 0x62, 0x49, 0x5a, 0x08, 0x5a, 0x28, 0x5a, 0x09, 0x5a,
    0x08, 0x5a, 0x28, 0x5a, 0x08, 0x52, 0xa7, 0x41, 0x88, 0x39, 0x68, 0x39,
    0x68, 0x39, 0x88, 0x39, 0x88, 0x39, 0x68, 0x41, 0x88, 0x39, 0x67, 0x39,
    0x88, 0x39, 0x68, 0x41, 0x68, 0x39, 0x88, 0x39, 0x68, 0x41, 0x88, 0x39,
    0x88, 0x39, 0x68, 0x41, 0x68, 0x39, 0x88, 0x39, 0x68, 0x39, 0x68, 0x39,
    0x88, 0x41, 0x88, 0x39, 0x68, 0x39, 0x68, 0x41, 0x88, 0x39, 0x68, 0x39,
    0x68, 0x39, 0x88, 0x41, 0x88, 0x39, 0x67, 0x41, 0x88, 0x39, 0x88, 0x39,
    0x68, 0x41, 0x88, 0x39, 0x87, 0x39, 0x68, 0x39, 0x88, 0x41, 0x87, 0x39,
    0x68, 0x39, 0x68, 0x41, 0x88, 0x39, 0x68, 0x39, 0x88, 0x41, 0x68, 0x39,
    0x88, 0x39, 0x88, 0x39, 0x68, 0x41, 0x68, 0x39, 0x88, 0x39, 0x68, 0x39,
    0x88, 0x39, 0x68, 0x39, 0x88, 0x39, 0x68, 0x41, 0x68, 0x39, 0x88, 0x39,
    0x68, 0x39, 0x67, 0x41, 0x88, 0x39, 0x68, 0x39, 0x67, 0x39, 0x88, 0x39,
    0x88, 0x41, 0x68, 0x39, 0x68, 0x39, 0x88, 0x39, 0x68, 0x39, 0x68, 0x39,
    0x88, 0x39, 0x68, 0x39, 0x88, 0x41, 0x67, 0x39, 0x88, 0x41, 0x88, 0x39,
    0x68, 0x39, 0x88, 0x41, 0x68, 0x39, 0x68, 0x39, 0x88, 0x41, 0x68, 0x39,
    0x68, 0x39, 0x87, 0x39, 0x88, 0x39, 0x68, 0x41, 0x88, 0x39, 0x68, 0x39,
    0x67, 0x39, 0x88, 0x41, 0x68, 0x39, 0x88, 0x39, 0x88, 0x41, 0x68, 0x39,
    0x88, 0x39, 0x88, 0x39, 0x68, 0x41, 0x88, 0x39, 0x68, 0x39, 0x68, 0x41,
    0x88, 0x39, 0x68, 0x41, 0x68, 0x39, 0x88, 0x41, 0x68, 0x39, 0x88, 0x39,
    0x68, 0x41, 0x67, 0x39, 0x88, 0x39, 0x88, 0x41, 0x67, 0x41, 0x88, 0x39,
    0x68, 0x41, 0x68, 0x39, 0x88, 0x39, 0x68, 0x41, 0x88, 0x39, 0x88, 0x39,
    0x68, 0x39, 0x68, 0x41, 0x88, 0x39, 0x68, 0x39, 0x88, 0x41, 0x68, 0x39,
    0x88, 0x39, 0x68, 0x41, 0x88, 0x39, 0x68, 0x39, 0x68, 0x39, 0x88, 0x41,
    0x88, 0x39, 0x68, 0x39, 0x88, 0x39, 0x68, 0x39, 0x68, 0x41, 0x88, 0x39,
    0x88, 0x39, 0x68, 0x41, 0x88, 0x39, 0x88, 0x39, 0x68, 0x41, 0x88, 0x39,
    0x68, 0x39, 0x88, 0x41, 0x88, 0x39, 0x68, 0x39, 0x88, 0x39, 0x67, 0x41,
    0x88, 0x39, 0x68, 0x39, 0x68, 0x39, 0x88, 0x41, 0x67, 0x39, 0x68, 0x41,
    0x88, 0x39, 0x67, 0x41, 0x88, 0x39, 0x68, 0x39, 0x68, 0x39, 0x88, 0x41,
    0x68, 0x39, 0x88, 0x39, 0x67, 0x41, 0x88, 0x39, 0x88, 0x39, 0x68, 0x39,
    0x87, 0x41, 0x68, 0x39, 0x68, 0x39, 0x87, 0x39, 0x68, 0x39, 0x68, 0x41,
    0x87, 0x39, 0x68, 0x39, 0x88, 0x41, 0x88, 0x39, 0x67, 0x39, 0x68, 0x41,
    0x88, 0x39, 0x67, 0x39, 0x88, 0x39, 0x68, 0x41, 0x88, 0x39, 0x68, 0x39,
    0x88, 0x39, 0x87, 0x41, 0x68, 0x39, 0x68, 0x41, 0x88, 0x39, 0x68, 0x39,
    0x88, 0x41, 0x88, 0x39, 0x68, 0x39, 0x68, 0x39, 0x88, 0x39, 0x68, 0x39,
    0x88, 0x41, 0x88, 0x39, 0x68, 0x39, 0x88, 0x41, 0x68, 0x39, 0x88, 0x39,
    0x67, 0x39, 0x68, 0x39, 0x88, 0x41, 0x68, 0x39, 0x68, 0x39, 0x88, 0x41,
    0x68, 0x39, 0x87, 0x39, 0x88, 0x41, 0x68, 0x39, 0x68, 0x39, 0x87, 0x39,
    0x68, 0x41, 0x68, 0x39, 0x88, 0x39, 0x68, 0x39, 0x88, 0x39, 0x88, 0x39,
    0x88, 0x41, 0x88, 0x39, 0x88, 0x41, 0xc8, 0x51, 0x28, 0x5a, 0x6a, 0x62,
    0x08, 0x5a, 0x28, 0x5a, 0x08, 0x5a, 0x08, 0x5a, 0x28, 0x5a, 0x29, 0x5a,
    0x49, 0x62, 0x28, 0x5a, 0x28, 0x5a, 0x08, 0x5a, 0x29, 0x5a, 0x28, 0x5a,
    0x08, 0x5a, 0x08, 0x52, 0xc8, 0x49, 0x88, 0x41, 0x88, 0x39, 0x68, 0x39,
    0x88, 0x41, 0x68, 0x39, 0x68, 0x39, 0x88, 0x39, 0x68, 0x41, 0x88, 0x39,
    0x88, 0x39, 0x68, 0x41, 0x88, 0x39, 0x68, 0x39, 0x68, 0x39, 0x88, 0x39,
    0x87, 0x39, 0x68, 0x39, 0x88, 0x39, 0x88, 0x41, 0x67, 0x39, 0x88, 0x39,
    0x88, 0x39, 0x68, 0x39, 0x88, 0x39, 0x88, 0x39, 0x67, 0x41, 0x88, 0x39,
    0x68, 0x39, 0x67, 0x39, 0x88, 0x39, 0x68, 0x41, 0x88, 0x39, 0x68, 0x39,
    0x68, 0x39, 0x88, 0x39, 0x68, 0x39, 0x68, 0x39, 0x88, 0x39, 0x88, 0x39,
    0x68, 0x39, 0x88, 0x41, 0x68, 0x39, 0x68, 0x39, 0x88, 0x39, 0x67, 0x39,
    0x68, 0x39, 0x88, 0x39, 0x88, 0x39, 0x68, 0x39, 0x87, 0x41, 0x88, 0x39,
    0x68, 0x39, 0x88, 0x39, 0x67, 0x39, 0x88, 0x39, 0x88, 0x41, 0x68, 0x39,
    0x88, 0x39, 0x88, 0x39, 0x68, 0x41, 0x88, 0x39, 0x68, 0x39, 0x88, 0x41,
    0x68, 0x39, 0x68, 0x39, 0x88, 0x41, 0x88, 0x39, 0x67, 0x39, 0x88, 0x39,
    0x68, 0x39, 0x88, 0x41, 0x68, 0x39, 0x68, 0x39, 0x88, 0x39, 0x68, 0x41,
    0x87, 0x39, 0x88, 0x39, 0x68, 0x39, 0x88, 0x39, 0x88, 0x41, 0x68, 0x39,
    0x68, 0x39, 0x88, 0x41, 0x68, 0x39, 0x88, 0x39, 0x88, 0x41, 0x68, 0x39,
    0x88, 0x39, 0x68, 0x41, 0x67, 0x39, 0x88, 0x39, 0x68, 0x41, 0x68, 0x39,
    0x88, 0x39, 0x68, 0x41, 0x88, 0x39, 0x87, 0x39, 0x68, 0x41, 0x88, 0x39,
    0x87, 0x39, 0x68, 0x39, 0x88, 0x41, 0x68, 0x39, 0x87, 0x39, 0x88, 0x41,
    0x68, 0x39, 0x68, 0x39, 0x88, 0x39, 0x68, 0x39, 0x88, 0x39, 0x88, 0x39,
    0x68, 0x39, 0x87, 0x41, 0x68, 0x39, 0x68, 0x39, 0x87, 0x41, 0x68, 0x39,
    0x88, 0x39, 0x88, 0x39, 0x68, 0x39, 0x67, 0x39, 0x88, 0x41, 0x68, 0x39,
    0x68, 0x39, 0x88, 0x39, 0x88, 0x39, 0x68, 0x41, 0x87, 0x39, 0x68, 0x39,
    0x68, 0x39, 0x88, 0x41, 0x88, 0x39, 0x67, 0x39, 0x68, 0x39, 0x88, 0x39,
    0x68, 0x39, 0x68, 0x41, 0x88, 0x39, 0x67, 0x39, 0x88, 0x39, 0x68, 0x39,
    0x88, 0x39, 0x68, 0x41, 0x68, 0x39, 0x88, 0x39, 0x88, 0x41, 0x68, 0x39,
    0x88, 0x39, 0x88, 0x39, 0x68, 0x41, 0x88, 0x39, 0x88, 0x39, 0x68, 0x39,
    0x88, 0x41, 0x68, 0x39, 0x88, 0x39, 0x87, 0x41, 0x68, 0x39, 0x88, 0x39,
    0x67, 0x39, 0x68, 0x39, 0x88, 0x39, 0x68, 0x41, 0x68, 0x39, 0x88, 0x39,
    0x88, 0x39, 0x68, 0x41, 0x88, 0x39, 0x88, 0x41, 0x68, 0x39, 0x88, 0x39,
    0x68, 0x41, 0x68, 0x39, 0x88, 0x39, 0x68, 0x39, 0x88, 0x39, 0x88, 0x39,
    0x68, 0x39, 0x88, 0x41, 0x68, 0x39, 0x88, 0x39, 0x68, 0x39, 0x68, 0x39,
    0x88, 0x41, 0x68, 0x39, 0x88, 0x39, 0x88, 0x39, 0x68, 0x41, 0x68, 0x39,
    0x88, 0x39, 0x88, 0x41, 0x67, 0x39, 0x88, 0x39, 0x68, 0x41, 0x68, 0x39,
    0x88, 0x39, 0x68, 0x39, 0x87, 0x39, 0x68, 0x41, 0x88, 0x39, 0x88, 0x39,
    0x68, 0x41, 0x88, 0x39, 0x88, 0x39, 0x67, 0x39, 0x88, 0x39, 0x68, 0x41,
    0x88, 0x39, 0x68, 0x39, 0x88, 0x41, 0x88, 0x39, 0x68, 0x39, 0x88, 0x41,
    0x68, 0x39, 0x88, 0x39, 0x67, 0x41, 0x68, 0x39, 0x88, 0x39, 0x68, 0x39,
    0x88, 0x41, 0x88, 0x39, 0x68, 0x39, 0x87, 0x41, 0xe8, 0x51, 0x49, 0x62,
    0x08, 0x5a, 0x29, 0x5a, 0x29, 0x5a, 0x08, 0x5a, 0x08, 0x5a, 0x28, 0x5a,
    0x08, 0x5a, 0x29, 0x5a, 0x08, 0x5a, 0x09, 0x5a, 0x28, 0x5a, 0x09, 0x5a,
    0x29, 0x5a, 0x08, 0x52, 0x87, 0x41, 0x68, 0x39, 0x88, 0x39, 0x68, 0x41,
    0x88, 0x39, 0x87, 0x39, 0x68, 0x41, 0x88, 0x39, 0x67, 0x39, 0x68, 0x39,
    0x88, 0x39, 0x88, 0x39, 0x67, 0x41, 0x88, 0x39, 0x68, 0x41, 0x68, 0x39,
    0x88, 0x41, 0x68, 0x39, 0x68, 0x39, 0x88, 0x41, 0x68, 0x39, 0x68, 0x39,
    0x87, 0x41, 0x68, 0x41, 0x68, 0x39, 0x88, 0x39, 0x68, 0x39, 0x88, 0x41,
    0x88, 0x39, 0x68, 0x39, 0x88, 0x39, 0x68, 0x39, 0x68, 0x41, 0x87, 0x39,
    0x88, 0x39, 0x68, 0x41, 0x88, 0x41, 0x68, 0x39, 0x68, 0x41, 0x68, 0x39,
    0x88, 0x39, 0x87, 0x39, 0x68, 0x39, 0x88, 0x41, 0x88, 0x39, 0x68, 0x41,
    0x68, 0x41, 0x87, 0x39, 0x68, 0x39, 0x68, 0x41, 0x88, 0x39, 0x68, 0x39,
    0x68, 0x39, 0x88, 0x41, 0x68, 0x39, 0x88, 0x39, 0x68, 0x39, 0x67, 0x41,
    0x88, 0x39, 0x68, 0x39, 0x88, 0x39, 0x68, 0x41, 0x88, 0x39, 0x68, 0x39,
    0x87, 0x39, 0x88, 0x39, 0x68, 0x41, 0x68, 0x39, 0x88, 0x41, 0x88, 0x39,
    0x67, 0x39, 0x88, 0x41, 0x88, 0x39, 0x68, 0x39, 0x88, 0x39, 0x68, 0x39,
    0x68, 0x41, 0x88, 0x39, 0x68, 0x39, 0x67, 0x41, 0x88, 0x39, 0x88, 0x39,
    0x67, 0x41, 0x88, 0x39, 0x68, 0x39, 0x67, 0x39, 0x88, 0x39, 0x88, 0x39,
    0x68, 0x39, 0x88, 0x39, 0x88, 0x39, 0x68, 0x39, 0x88, 0x39, 0x87, 0x39,
    0x68, 0x39, 0x68, 0x39, 0x88, 0x39, 0x68, 0x39, 0x68, 0x39, 0x88, 0x41,
    0x68, 0x39, 0x88, 0x39, 0x88, 0x39, 0x68, 0x39, 0x68, 0x39, 0x88, 0x39,
    0x88, 0x39, 0x68, 0x41, 0x88, 0x39, 0x68, 0x39, 0x68, 0x39, 0x88, 0x39,
    0x68, 0x39, 0x88, 0x39, 0x88, 0x39, 0x68, 0x39, 0x68, 0x39, 0x88, 0x41,
    0x68, 0x39, 0x87, 0x39, 0x88, 0x41, 0x68, 0x39, 0x88, 0x39, 0x88, 0x39,
    0x67, 0x41, 0x88, 0x39, 0x68, 0x39, 0x88, 0x41, 0x88, 0x39, 0x68, 0x39,
    0x68, 0x39, 0x88, 0x41, 0x68, 0x39, 0x88, 0x39, 0x88, 0x41, 0x67, 0x39,
    0x88, 0x39, 0x88, 0x39, 0x68, 0x39, 0x68, 0x41, 0x88, 0x39, 0x88, 0x39,
    0x67, 0x41, 0x88, 0x39, 0x68, 0x39, 0x87, 0x39, 0x68, 0x39, 0x68, 0x39,
    0x88, 0x41, 0x68, 0x39, 0x67, 0x39, 0x88, 0x39, 0x68, 0x39, 0x88, 0x39,
    0x67, 0x39, 0x88, 0x39, 0x68, 0x39, 0x68, 0x41, 0x88, 0x39, 0x88, 0x39,
    0x68, 0x41, 0x88, 0x39, 0x88, 0x39, 0x68, 0x39, 0x67, 0x41, 0x88, 0x39,
    0x68, 0x39, 0x88, 0x39, 0x68, 0x39, 0x68, 0x39, 0x87, 0x39, 0x88, 0x39,
    0x68, 0x39, 0x88, 0x41, 0x67, 0x39, 0x68, 0x41, 0x88, 0x39, 0x68, 0x39,
    0x68, 0x41, 0x88, 0x39, 0x88, 0x39, 0x67, 0x41, 0x88, 0x39, 0x88, 0x39,
    0x67, 0x39, 0x68, 0x39, 0x88, 0x39, 0x88, 0x39, 0x67, 0x39, 0x88, 0x39,
    0x68, 0x39, 0x68, 0x39, 0x88, 0x41, 0x88, 0x39, 0x68, 0x39, 0x87, 0x41,
    0x68, 0x39, 0x68, 0x39, 0x88, 0x39, 0x68, 0x39, 0x68, 0x39, 0x88, 0x41,
    0x68, 0x39, 0x68, 0x39, 0x88, 0x41, 0x68, 0x39, 0x88, 0x39, 0x88, 0x39,
    0x68, 0x39, 0x68, 0x39, 0x67, 0x39, 0x88, 0x41, 0x68, 0x39, 0x88, 0x39,
    0x88, 0x39, 0x68, 0x39, 0x88, 0x41, 0x88, 0x39, 0x68, 0x39, 0x68, 0x41,
    0x88, 0x39, 0x88, 0x39, 0x68, 0x39, 0x88, 0x39, 0xa8, 0x41, 0xe8, 0x51,
    0x08, 0x5a, 0x09, 0x5a, 0x28, 0x5a, 0x29, 0x5a, 0x09, 0x5a, 0x08, 0x5a,
    0x28, 0x5a, 0x09, 0x5a, 0x28, 0x5a, 0x28, 0x5a, 0x08, 0x5a, 0x08, 0x5a,
    0x08, 0x52, 0xc8, 0x49, 0x88, 0x39, 0x68, 0x39, 0x88, 0x39, 0x68, 0x39,
    0x68, 0x39, 0x88, 0x39, 0x68, 0x41, 0x88, 0x39, 0x88, 0x39, 0x68, 0x41,
    0x68, 0x39, 0x88, 0x39, 0x68, 0x39, 0x88, 0x39, 0x87, 0x39, 0x68, 0x41,
    0x88, 0x39, 0x88, 0x39, 0x67, 0x39, 0x88, 0x39, 0x88, 0x41, 0x68, 0x39,
    0x88, 0x39, 0x68, 0x39, 0x88, 0x41, 0x67, 0x39, 0x68, 0x39, 0x88, 0x39,
    0x68, 0x41, 0x88, 0x39, 0x88, 0x39, 0x68, 0x41, 0x88, 0x39, 0x88, 0x39,
    0x68, 0x39, 0x67, 0x39, 0x88, 0x39, 0x88, 0x39, 0x67, 0x39, 0x88, 0x41,
    0x68, 0x39, 0x68, 0x39, 0x88, 0x41, 0x68, 0x39, 0x87, 0x39, 0x88, 0x39,
    0x88, 0x39, 0x68, 0x39, 0x88, 0x41, 0x88, 0x39, 0x68, 0x39, 0x68, 0x39,
    0x88, 0x39, 0x68, 0x39, 0x88, 0x41, 0x68, 0x39, 0x88, 0x39, 0x88, 0x39,
    0x68, 0x41, 0x88, 0x39, 0x67, 0x39, 0x88, 0x39, 0x68, 0x39, 0x88, 0x41,
    0x68, 0x39, 0x88, 0x39, 0x67, 0x39, 0x68, 0x39, 0x88, 0x39, 0x68, 0x41,
    0x68, 0x39, 0x88, 0x39, 0x68, 0x39, 0x87, 0x41, 0x88, 0x39, 0x68, 0x39,
    0x88, 0x39, 0x88, 0x41, 0x68, 0x39, 0x68, 0x39, 0x88, 0x39, 0x68, 0x39,
    0x88, 0x39, 0x88, 0x39, 0x68, 0x41, 0x68, 0x39, 0x88, 0x41, 0x67, 0x39,
    0x68, 0x41, 0x88, 0x39, 0x68, 0x41, 0x68, 0x41, 0x88, 0x39, 0x88, 0x41,
    0x68, 0x39, 0x88, 0x41, 0x67, 0x39, 0x88, 0x39, 0x88, 0x41, 0x68, 0x39,
    0x68, 0x39, 0x88, 0x41, 0x67, 0x39, 0x88, 0x39, 0x68, 0x41, 0x68, 0x39,
    0x87, 0x39, 0x88, 0x41, 0x68, 0x39, 0x87, 0x41, 0x68, 0x41, 0x88, 0x39,
    0x67, 0x41, 0x68, 0x39, 0x88, 0x41, 0x88, 0x39, 0x68, 0x39, 0x88, 0x39,
    0x68, 0x41, 0x68, 0x39, 0x88, 0x39, 0x68, 0x41, 0x68, 0x39, 0x88, 0x39,
    0x88, 0x41, 0x68, 0x39, 0x67, 0x39, 0x88, 0x39, 0x68, 0x39, 0x88, 0x41,
    0x87, 0x39, 0x68, 0x39, 0x68, 0x39, 0x88, 0x41, 0x68, 0x39, 0x68, 0x39,
    0x88, 0x41, 0x88, 0x39, 0x67, 0x39, 0x88, 0x41, 0x68, 0x39, 0x68, 0x39,
    0x88, 0x39, 0x68, 0x39, 0x88, 0x41, 0x68, 0x39, 0x88, 0x39, 0x88, 0x41,
    0x68, 0x39, 0x88, 0x39, 0x88, 0x41, 0x68, 0x39, 0x68, 0x41, 0x88, 0x41,
    0x88, 0x39, 0x68, 0x39, 0x88, 0x41, 0x68, 0x39, 0x88, 0x39, 0x68, 0x39,
    0x68, 0x41, 0x88, 0x39, 0x88, 0x39, 0x68, 0x39, 0x88, 0x39, 0x88, 0x41,
    0x68, 0x39, 0x87, 0x39, 0x88, 0x41, 0x68, 0x39, 0x68, 0x41, 0x88, 0x39,
    0x68, 0x39, 0x88, 0x39, 0x88, 0x39, 0x68, 0x39, 0x88, 0x41, 0x87, 0x39,
    0x68, 0x39, 0x68, 0x39, 0x88, 0x39, 0x68, 0x41, 0x68, 0x39, 0x88, 0x39,
    0x88, 0x41, 0x68, 0x39, 0x68, 0x41, 0x88, 0x41, 0x68, 0x39, 0x88, 0x41,
    0x88, 0x39, 0x67, 0x39, 0x68, 0x39, 0x88, 0x39, 0x88, 0x39, 0x68, 0x39,
    0x88, 0x41, 0x88, 0x39, 0x68, 0x41, 0x88, 0x39, 0x87, 0x39, 0x68, 0x39,
    0x88, 0x39, 0x67, 0x39, 0x88, 0x41, 0x68, 0x39, 0x68, 0x39, 0x87, 0x41,
    0x88, 0x39, 0x68, 0x39, 0x88, 0x41, 0x68, 0x39, 0x68, 0x39, 0x87, 0x39,
    0x68, 0x41, 0x68, 0x39, 0x88, 0x39, 0x88, 0x39, 0x68, 0x41, 0x88, 0x39,
    0x68, 0x39, 0x68, 0x41, 0x88, 0x39, 0x68, 0x39, 0x68, 0x39, 0xa7, 0x41,
    0xe8, 0x51, 0x08, 0x5a, 0x08, 0x5a, 0x28, 0x5a, 0x29, 0x5a, 0x08, 0x5a,
    0x29, 0x5a, 0x08, 0x5a, 0x29, 0x5a, 0x29, 0x5a, 0x08, 0x52, 0x28, 0x5a,
    0xc8, 0x49, 0x88, 0x41, 0x68, 0x39, 0x88, 0x41, 0x88, 0x39, 0x68, 0x41,
    0x88, 0x39, 0x68, 0x39, 0x68, 0x39, 0x88, 0x39, 0x88, 0x41, 0x68, 0x39,
    0x87, 0x39, 0x68, 0x41, 0x68, 0x39, 0x88, 0x39, 0x68, 0x39, 0x88, 0x39,
    0x68, 0x39, 0x68, 0x41, 0x88, 0x39, 0x68, 0x39, 0x68, 0x39, 0x88, 0x39,
    0x68, 0x39, 0x88, 0x39, 0x88, 0x39, 0x68, 0x41, 0x88, 0x39, 0x68, 0x39,
    0x67, 0x41, 0x88, 0x39, 0x68, 0x39, 0x67, 0x39, 0x88, 0x39, 0x68, 0x41,
    0x68, 0x39, 0x88, 0x39, 0x88, 0x41, 0x68, 0x39, 0x88, 0x39, 0x88, 0x39,
    0x68, 0x41, 0x88, 0x39, 0x88, 0x39, 0x68, 0x39, 0x68, 0x39, 0x88, 0x41,
    0x68, 0x39, 0x68, 0x39, 0x88, 0x39, 0x87, 0x39, 0x68, 0x39, 0x88, 0x41,
    0x68, 0x39, 0x88, 0x39, 0x67, 0x39, 0x68, 0x41, 0x88, 0x39, 0x68, 0x39,
    0x68, 0x39, 0x88, 0x41, 0x88, 0x39, 0x68, 0x39, 0x88, 0x41, 0x67, 0x39,
    0x68, 0x39, 0x88, 0x41, 0x88, 0x39, 0x88, 0x39, 0x68, 0x39, 0x88, 0x39,
    0x88, 0x41, 0x68, 0x39, 0x68, 0x39, 0x88, 0x41, 0x68, 0x39, 0x67, 0x39,
    0x88, 0x39, 0x68, 0x39, 0x87, 0x41, 0x88, 0x39, 0x68, 0x39, 0x68, 0x41,
    0x88, 0x39, 0x68, 0x39, 0x88, 0x39, 0x88, 0x41, 0x68, 0x39, 0x88, 0x39,
    0x88, 0x39, 0x68, 0x39, 0x87, 0x39, 0x68, 0x39, 0x68, 0x39, 0x68, 0x39,
    0x88, 0x41, 0x68, 0x39, 0x88, 0x39, 0x68, 0x41, 0x88, 0x39, 0x67, 0x39,
    0x88, 0x39, 0x68, 0x39, 0x68, 0x41, 0x88, 0x39, 0x88, 0x39, 0x68, 0x41,
    0x68, 0x39, 0x88, 0x39, 0x68, 0x39, 0x88, 0x39, 0x88, 0x39, 0x68, 0x39,
    0x88, 0x39, 0x68, 0x41, 0x88, 0x39, 0x67, 0x39, 0x88, 0x41, 0x88, 0x39,
    0x67, 0x39, 0x88, 0x39, 0x88, 0x39, 0x68, 0x39, 0x67, 0x39, 0x88, 0x39,
    0x68, 0x39, 0x88, 0x41, 0x88, 0x39, 0x68, 0x39, 0x68, 0x41, 0x88, 0x39,
    0x88, 0x39, 0x68, 0x39, 0x87, 0x41, 0x88, 0x39, 0x68, 0x39, 0x88, 0x39,
    0x68, 0x41, 0x68, 0x39, 0x88, 0x39, 0x88, 0x39, 0x68, 0x41, 0x87, 0x39,
    0x68, 0x39, 0x88, 0x41, 0x68, 0x39, 0x68, 0x39, 0x87, 0x41, 0x68, 0x39,
    0x68, 0x39, 0x87, 0x39, 0x88, 0x39, 0x68, 0x39, 0x87, 0x39, 0x68, 0x39,
    0x68, 0x39, 0x88, 0x41, 0x67, 0x39, 0x88, 0x39, 0x68, 0x39, 0x87, 0x39,
    0x68, 0x39, 0x68, 0x41, 0x87, 0x39, 0x68, 0x41, 0x88, 0x39, 0x68, 0x39,
    0x68, 0x41, 0x88, 0x39, 0x68, 0x39, 0x88, 0x41, 0x88, 0x39, 0x68, 0x39,
    0x67, 0x41, 0x88, 0x39, 0x68, 0x39, 0x68, 0x39, 0x88, 0x39, 0x88, 0x41,
    0x68, 0x39, 0x88, 0x39, 0x87, 0x41, 0x68, 0x39, 0x68, 0x39, 0x88, 0x41,
    0x88, 0x39, 0x68, 0x39, 0x87, 0x39, 0x68, 0x39, 0x68, 0x39, 0x88, 0x39,
    0x68, 0x41, 0x88, 0x39, 0x68, 0x41, 0x68, 0x39, 0x88, 0x39, 0x68, 0x41,
    0x87, 0x39, 0x68, 0x39, 0x68, 0x39, 0x88, 0x41, 0x68, 0x39, 0x88, 0x41,
    0x68, 0x39, 0x88, 0x39, 0x88, 0x39, 0x68, 0x39, 0x68, 0x41, 0x88, 0x39,
    0x68, 0x39, 0x88, 0x41, 0x88, 0x39, 0x68, 0x39, 0x88, 0x39, 0x88, 0x41,
    0x68, 0x39, 0x67, 0x39, 0x88, 0x39, 0x68, 0x41, 0x87, 0x39, 0x88, 0x39,
    0x68, 0x39, 0x88, 0x41, 0x88, 0x39, 0x68, 0x39, 0x88, 0x41, 0x68, 0x39,
    0xa8, 0x41, 0xe8, 0x51, 0x08, 0x5a, 0x28, 0x5a, 0x08, 0x5a, 0x29, 0x52,
    0x08, 0x5a, 0x08, 0x5a, 0x08, 0x5a, 0x29, 0x5a, 0x09, 0x5a, 0x08, 0x52,
    0xa7, 0x41, 0x68, 0x39, 0x88, 0x39, 0x68, 0x39, 0x67, 0x41, 0x88, 0x39,
    0x88, 0x39, 0x67, 0x41, 0x88, 0x39, 0x68, 0x39, 0x67, 0x39, 0x88, 0x39,
    0x88, 0x41, 0x68, 0x39, 0x88, 0x41, 0x68, 0x39, 0x88, 0x41, 0x68, 0x39,
    0x87, 0x39, 0x88, 0x41, 0x68, 0x39, 0x88, 0x39, 0x87, 0x41, 0x68, 0x41,
    0x68, 0x39, 0x87, 0x39, 0x68, 0x39, 0x88, 0x39, 0x88, 0x39, 0x68, 0x39,
    0x88, 0x39, 0x88, 0x41, 0x68, 0x39, 0x88, 0x39, 0x88, 0x41, 0x68, 0x39,
    0x88, 0x39, 0x88, 0x41, 0x68, 0x39, 0x68, 0x39, 0x88, 0x41, 0x67, 0x39,
    0x68, 0x39, 0x88, 0x39, 0x67, 0x41, 0x88, 0x39, 0x68, 0x39, 0x68, 0x41,
    0x88, 0x39, 0x68, 0x39, 0x68, 0x41, 0x88, 0x39, 0x68, 0x39, 0x68, 0x39,
    0x68, 0x39, 0x88, 0x39, 0x88, 0x39, 0x68, 0x39, 0x88, 0x41, 0x87, 0x39,
    0x68, 0x39, 0x68, 0x39, 0x88, 0x41, 0x68, 0x39, 0x88, 0x39, 0x88, 0x39,
    0x68, 0x39, 0x68, 0x41, 0x88, 0x39, 0x68, 0x41, 0x67, 0x39, 0x88, 0x39,
    0x88, 0x39, 0x67, 0x39, 0x88, 0x39, 0x68, 0x39, 0x88, 0x41, 0x88, 0x39,
    0x68, 0x39, 0x68, 0x41, 0x88, 0x39, 0x88, 0x39, 0x68, 0x41, 0x87, 0x39,
    0x68, 0x39, 0x68, 0x41, 0x87, 0x39, 0x68, 0x39, 0x68, 0x39, 0x88, 0x39,
    0x68, 0x41, 0x88, 0x39, 0x88, 0x39, 0x88, 0x41, 0x67, 0x39, 0x88, 0x39,
    0x88, 0x39, 0x67, 0x39, 0x68, 0x39, 0x88, 0x39, 0x68, 0x39, 0x88, 0x41,
    0x88, 0x39, 0x68, 0x39, 0x88, 0x39, 0x68, 0x39, 0x87, 0x39, 0x88, 0x39,
    0x68, 0x39, 0x68, 0x39, 0x88, 0x41, 0x68, 0x39, 0x67, 0x39, 0x88, 0x39,
    0x88, 0x39, 0x68, 0x39, 0x68, 0x39, 0x88, 0x39, 0x68, 0x41, 0x68, 0x39,
    0x88, 0x39, 0x68, 0x41, 0x88, 0x39, 0x88, 0x41, 0x68, 0x39, 0x88, 0x39,
    0x68, 0x41, 0x68, 0x39, 0x88, 0x39, 0x68, 0x39, 0x87, 0x39, 0x68, 0x39,
    0x68, 0x41, 0x88, 0x39, 0x68, 0x39, 0x68, 0x39, 0x88, 0x39, 0x87, 0x41,
    0x68, 0x39, 0x68, 0x39, 0x88, 0x39, 0x68, 0x39, 0x88, 0x39, 0x68, 0x41,
    0x88, 0x39, 0x88, 0x39, 0x67, 0x39, 0x88, 0x39, 0x88, 0x39, 0x68, 0x39,
    0x68, 0x41, 0x88, 0x39, 0x68, 0x39, 0x68, 0x41, 0x88, 0x39, 0x88, 0x39,
    0x68, 0x39, 0x88, 0x39, 0x68, 0x39, 0x88, 0x41, 0x88, 0x41, 0x68, 0x39,
    0x88, 0x39, 0x88, 0x39, 0x68, 0x39, 0x88, 0x39, 0x68, 0x39, 0x87, 0x39,
    0x68, 0x39, 0x68, 0x39, 0x88, 0x39, 0x67, 0x39, 0x88, 0x39, 0x68, 0x39,
    0x88, 0x41, 0x88, 0x39, 0x68, 0x41, 0x67, 0x39, 0x88, 0x39, 0x68, 0x41,
    0x68, 0x39, 0x88, 0x39, 0x68, 0x39, 0x88, 0x39, 0x88, 0x39, 0x67, 0x39,
    0x68, 0x39, 0x88, 0x39, 0x88, 0x41, 0x68, 0x39, 0x88, 0x39, 0x67, 0x39,
    0x88, 0x39, 0x88, 0x39, 0x68, 0x41, 0x87, 0x39, 0x68, 0x39, 0x88, 0x39,
    0x68, 0x39, 0x88, 0x39, 0x88, 0x39, 0x67, 0x39, 0x68, 0x39, 0x88, 0x41,
    0x68, 0x39, 0x68, 0x39, 0x87, 0x41, 0x88, 0x39, 0x68, 0x39, 0x88, 0x39,
    0x67, 0x39, 0x68, 0x39, 0x88, 0x39, 0x67, 0x41, 0x88, 0x39, 0x88, 0x39,
    0x68, 0x39, 0x88, 0x41, 0x68, 0x39, 0x68, 0x39, 0x88, 0x39, 0x68, 0x39,
    0x68, 0x39, 0x87, 0x39, 0x68, 0x41, 0x88, 0x39, 0x68, 0x39, 0x88, 0x39,
    0x68, 0x39, 0xa7, 0x41, 0xe8, 0x51, 0x08, 0x52, 0x29, 0x5a, 0x09, 0x5a,
    0x28, 0x5a, 0x28, 0x5a, 0x08, 0x5a, 0x29, 0x5a, 0x08, 0x5a, 0xc7, 0x49,
    0x88, 0x41, 0x88, 0x39, 0x68, 0x39, 0x88, 0x39, 0x68, 0x39, 0x88, 0x39,
    0x68, 0x39, 0x88, 0x41, 0x88, 0x39, 0x68, 0x39, 0x68, 0x41, 0x88, 0x39,
    0x68, 0x39, 0x88, 0x39, 0x87, 0x39, 0x68, 0x39, 0x88, 0x41, 0x68, 0x39,
    0x68, 0x39, 0x88, 0x39, 0x68, 0x39, 0x68, 0x39, 0x88, 0x39, 0x88, 0x39,
    0x68, 0x41, 0x88, 0x39, 0x68, 0x41, 0x68, 0x39, 0x87, 0x41, 0x68, 0x39,
    0x88, 0x39, 0x68, 0x39, 0x68, 0x41, 0x88, 0x39, 0x68, 0x39, 0x67, 0x39,
    0x88, 0x39, 0x68, 0x39, 0x67, 0x39, 0x88, 0x39, 0x88, 0x41, 0x68, 0x39,
    0x88, 0x39, 0x68, 0x41, 0x88, 0x39, 0x88, 0x39, 0x68, 0x39, 0x87, 0x39,
    0x88, 0x39, 0x88, 0x41, 0x67, 0x39, 0x88, 0x39, 0x88, 0x41, 0x68, 0x39,
    0x68, 0x39, 0x88, 0x41, 0x68, 0x39, 0x68, 0x39, 0x88, 0x41, 0x88, 0x39,
    0x68, 0x39, 0x87, 0x39, 0x68, 0x39, 0x68, 0x41, 0x87, 0x39, 0x88, 0x39,
    0x68, 0x41, 0x88, 0x39, 0x68, 0x39, 0x88, 0x39, 0x68, 0x41, 0x68, 0x39,
    0x68, 0x41, 0x88, 0x39, 0x68, 0x39, 0x88, 0x41, 0x68, 0x39, 0x88, 0x39,
    0x68, 0x41, 0x88, 0x39, 0x68, 0x39, 0x68, 0x39, 0x88, 0x39, 0x88, 0x39,
    0x68, 0x39, 0x88, 0x41, 0x88, 0x39, 0x68, 0x39, 0x88, 0x41, 0x67, 0x39,
    0x68, 0x39, 0x68, 0x41, 0x88, 0x39, 0x68, 0x39, 0x88, 0x41, 0x68, 0x39,
    0x88, 0x39, 0x88, 0x41, 0x68, 0x39, 0x88, 0x39, 0x68, 0x41, 0x68, 0x39,
    0x88, 0x39, 0x87, 0x41, 0x68, 0x39, 0x68, 0x41, 0x88, 0x41, 0x88, 0x39,
    0x68, 0x39, 0x87, 0x41, 0x88, 0x39, 0x68, 0x39, 0x68, 0x41, 0x88, 0x41,
    0x68, 0x39, 0x87, 0x41, 0x88, 0x39, 0x68, 0x39, 0x88, 0x39, 0x68, 0x39,
    0x88, 0x41, 0x68, 0x39, 0x67, 0x39, 0x88, 0x41, 0x88, 0x39, 0x68, 0x39,
    0x87, 0x39, 0x88, 0x39, 0x68, 0x41, 0x88, 0x39, 0x88, 0x39, 0x68, 0x41,
    0x88, 0x39, 0x88, 0x39, 0x68, 0x41, 0x68, 0x39, 0x88, 0x39, 0x68, 0x39,
    0x88, 0x39, 0x87, 0x41, 0x68, 0x41, 0x68, 0x39, 0x87, 0x39, 0x68, 0x39,
    0x68, 0x41, 0x88, 0x39, 0x68, 0x41, 0x88, 0x39, 0x88, 0x39, 0x68, 0x41,
    0x88, 0x39, 0x88, 0x39, 0x68, 0x41, 0x88, 0x39, 0x68, 0x41, 0x88, 0x39,
    0x67, 0x41, 0x88, 0x39, 0x68, 0x39, 0x68, 0x39, 0x88, 0x39, 0x68, 0x41,
    0x88, 0x39, 0x67, 0x39, 0x68, 0x41, 0x88, 0x39, 0x88, 0x41, 0x68, 0x39,
    0x88, 0x41, 0x88, 0x39, 0x68, 0x41, 0x68, 0x39, 0x88, 0x39, 0x68, 0x41,
    0x88, 0x39, 0x68, 0x39, 0x88, 0x39, 0x88, 0x41, 0x68, 0x39, 0x88, 0x39,
    0x87, 0x39, 0x68, 0x41, 0x68, 0x39, 0x88, 0x41, 0x68, 0x39, 0x68, 0x39,
    0x88, 0x41, 0x68, 0x39, 0x68, 0x39, 0x88, 0x41, 0x88, 0x39, 0x68, 0x41,
    0x68, 0x39, 0x88, 0x39, 0x68, 0x39, 0x88, 0x41, 0x88, 0x39, 0x68, 0x39,
    0x68, 0x41, 0x88, 0x41, 0x88, 0x39, 0x68, 0x39, 0x88, 0x39, 0x88, 0x39,
    0x67, 0x39, 0x88, 0x41, 0x68, 0x39, 0x68, 0x39, 0x88, 0x41, 0x88, 0x39,
    0x68, 0x41, 0x88, 0x39, 0x68, 0x39, 0x68, 0x41, 0x88, 0x39, 0x68, 0x39,
    0x88, 0x41, 0x88, 0x39, 0x68, 0x39, 0x88, 0x41, 0x88, 0x39, 0x68, 0x41,
    0x88, 0x39, 0x68, 0x39, 0x88, 0x39, 0x68, 0x41, 0x88, 0x39, 0x68, 0x39,
    0x88, 0x39, 0x88, 0x39, 0xa8, 0x41, 0xc8, 0x49, 0xc7, 0x49, 0xe8, 0x51,
    0xe8, 0x51, 0x08, 0x52, 0x08, 0x52, 0x08, 0x52, 0xe8, 0x51, 0x88, 0x41,
    0x88, 0x39, 0x68, 0x39, 0x88, 0x41, 0x68, 0x41, 0x88, 0x39, 0x68, 0x39,
    0x68, 0x41, 0x88, 0x39, 0x68, 0x39, 0x88, 0x41, 0x88, 0x39, 0x68, 0x39,
    0x68, 0x39, 0x88, 0x41, 0x68, 0x39, 0x68, 0x39, 0x88, 0x39, 0x87, 0x39,
    0x68, 0x41, 0x88, 0x39, 0x87, 0x41, 0x68, 0x39, 0x68, 0x39, 0x88, 0x39,
    0x88, 0x39, 0x68, 0x41, 0x88, 0x39, 0x68, 0x39, 0x88, 0x41, 0x68, 0x39,
    0x88, 0x39, 0x67, 0x41, 0x88, 0x39, 0x88, 0x39, 0x68, 0x41, 0x88, 0x39,
    0x88, 0x41, 0x68, 0x39, 0x88, 0x39, 0x68, 0x41, 0x68, 0x39, 0x88, 0x39,
    0x88, 0x39, 0x68, 0x39, 0x68, 0x39, 0x88, 0x41, 0x68, 0x39, 0x68, 0x39,
    0x88, 0x41, 0x68, 0x39, 0x68, 0x39, 0x88, 0x39, 0x68, 0x39, 0x88, 0x39,
    0x68, 0x39, 0x88, 0x39, 0x87, 0x41, 0x68, 0x39, 0x68, 0x39, 0x88, 0x41,
    0x68, 0x39, 0x88, 0x39, 0x88, 0x41, 0x68, 0x39, 0x68, 0x39, 0x68, 0x39,
    0x88, 0x39, 0x87, 0x39, 0x68, 0x39, 0x88, 0x39, 0x88, 0x39, 0x68, 0x39,
    0x87, 0x41, 0x88, 0x39, 0x68, 0x39, 0x67, 0x39, 0x88, 0x39, 0x68, 0x39,
    0x87, 0x39, 0x88, 0x39, 0x68, 0x41, 0x67, 0x39, 0x88, 0x39, 0x68, 0x41,
    0x88, 0x39, 0x68, 0x39, 0x68, 0x39, 0x88, 0x39, 0x88, 0x41, 0x88, 0x39,
    0x68, 0x39, 0x87, 0x39, 0x68, 0x39, 0x68, 0x39, 0x88, 0x39, 0x68, 0x41,
    0x68, 0x39, 0x88, 0x39, 0x68, 0x41, 0x87, 0x39, 0x88, 0x39, 0x68, 0x39,
    0x68, 0x39, 0x88, 0x39, 0x68, 0x39, 0x88, 0x39, 0x68, 0x39, 0x68, 0x39,
    0x88, 0x41, 0x68, 0x39, 0x88, 0x39, 0x88, 0x39, 0x68, 0x39, 0x88, 0x39,
    0x68, 0x39, 0x68, 0x39, 0x88, 0x41, 0x68, 0x39, 0x87, 0x39, 0x88, 0x41,
    0x68, 0x39, 0x88, 0x39, 0x68, 0x39, 0x68, 0x39, 0x88, 0x41, 0x68, 0x39,
    0x68, 0x39, 0x88, 0x41, 0x68, 0x39, 0x67, 0x39, 0x88, 0x41, 0x68, 0x39,
    0x67, 0x39, 0x88, 0x39, 0x88, 0x41, 0x87, 0x39, 0x68, 0x39, 0x68, 0x41,
    0x88, 0x39, 0x88, 0x39, 0x68, 0x39, 0x88, 0x41, 0x88, 0x39, 0x68, 0x39,
    0x88, 0x39, 0x68, 0x39, 0x68, 0x39, 0x88, 0x41, 0x67, 0x39, 0x68, 0x39,
    0x88, 0x39, 0x67, 0x39, 0x88, 0x39, 0x68, 0x39, 0x87, 0x39, 0x68, 0x39,
    0x88, 0x39, 0x68, 0x41, 0x88, 0x39, 0x87, 0x39, 0x68, 0x39, 0x68, 0x39,
    0x88, 0x41, 0x88, 0x39, 0x68, 0x39, 0x68, 0x41, 0x88, 0x39, 0x68, 0x39,
    0x87, 0x39, 0x88, 0x41, 0x68, 0x39, 0x88, 0x39, 0x87, 0x41, 0x68, 0x39,
    0x68, 0x39, 0x87, 0x39, 0x68, 0x39, 0x88, 0x39, 0x68, 0x41, 0x68, 0x39,
    0x88, 0x39, 0x88, 0x39, 0x68, 0x39, 0x87, 0x41, 0x88, 0x39, 0x68, 0x39,
    0x88, 0x41, 0x87, 0x39, 0x68, 0x39, 0x68, 0x39, 0x87, 0x39, 0x68, 0x41,
    0x88, 0x39, 0x67, 0x39, 0x68, 0x39, 0x88, 0x39, 0x68, 0x41, 0x87, 0x39,
    0x68, 0x39, 0x68, 0x39, 0x87, 0x41, 0x68, 0x41, 0x68, 0x39, 0x88, 0x39,
    0x88, 0x41, 0x68, 0x39, 0x88, 0x39, 0x68, 0x39, 0x87, 0x39, 0x68, 0x41,
    0x88, 0x39, 0x88, 0x39, 0x68, 0x39, 0x88, 0x39, 0x67, 0x39, 0x68, 0x39,
    0x88, 0x39, 0x67, 0x39, 0x68, 0x39, 0x88, 0x39, 0x67, 0x41, 0x88, 0x39,
    0x68, 0x39, 0x88, 0x41, 0x68, 0x39, 0x87, 0x39, 0x68, 0x41, 0x68, 0x39,
    0x88, 0x39, 0x68, 0x41, 0x68, 0x39, 0x88, 0x41, 0x87, 0x41, 0x88, 0x41,
    0xa8, 0x41, 0xa7, 0x41, 0xa8, 0x49, 0xc7, 0x49, 0xa7, 0x41, 0x68, 0x39,
    0x68, 0x39, 0x88, 0x39, 0x68, 0x39, 0x87, 0x39, 0x88, 0x39, 0x68, 0x41,
    0x87, 0x39, 0x68, 0x39, 0x68, 0x39, 0x87, 0x39, 0x88, 0x39, 0x68, 0x41,
    0x87, 0x39, 0x68, 0x39, 0x88, 0x41, 0x68, 0x39, 0x88, 0x39, 0x68, 0x41,
    0x68, 0x39, 0x88, 0x39, 0x88, 0x41, 0x68, 0x39, 0x68, 0x41, 0x87, 0x39,
    0x68, 0x39, 0x68, 0x39, 0x87, 0x39, 0x88, 0x39, 0x68, 0x39, 0x88, 0x39,
    0x68, 0x39, 0x88, 0x41, 0x68, 0x39, 0x67, 0x39, 0x88, 0x39, 0x68, 0x39,
    0x68, 0x41, 0x88, 0x39, 0x88, 0x39, 0x67, 0x39, 0x68, 0x39, 0x88, 0x41,
    0x67, 0x39, 0x88, 0x39, 0x68, 0x41, 0x87, 0x39, 0x88, 0x39, 0x68, 0x41,
    0x88, 0x39, 0x68, 0x39, 0x88, 0x41, 0x68, 0x39, 0x68, 0x39, 0x88, 0x41,
    0x68, 0x39, 0x88, 0x39, 0x88, 0x39, 0x68, 0x39, 0x88, 0x39, 0x67, 0x39,
    0x68, 0x41, 0x88, 0x39, 0x88, 0x39, 0x68, 0x39, 0x88, 0x41, 0x88, 0x39,
    0x68, 0x41, 0x68, 0x39, 0x88, 0x41, 0x67, 0x41, 0x88, 0x39, 0x88, 0x39,
    0x68, 0x39, 0x88, 0x41, 0x68, 0x39, 0x88, 0x41, 0x88, 0x39, 0x68, 0x41,
    0x68, 0x39, 0x88, 0x39, 0x88, 0x41, 0x68, 0x39, 0x88, 0x39, 0x68, 0x41,
    0x87, 0x39, 0x88, 0x39, 0x68, 0x41, 0x67, 0x39, 0x88, 0x39, 0x68, 0x39,
    0x88, 0x41, 0x88, 0x39, 0x68, 0x41, 0x88, 0x39, 0x87, 0x39, 0x68, 0x39,
    0x88, 0x39, 0x67, 0x39, 0x68, 0x39, 0x88, 0x41, 0x88, 0x39, 0x68, 0x41,
    0x87, 0x39, 0x68, 0x41, 0x88, 0x39, 0x87, 0x39, 0x68, 0x39, 0x88, 0x41,
    0x67, 0x39, 0x68, 0x39, 0x88, 0x41, 0x67, 0x39, 0x88, 0x39, 0x88, 0x41,
    0x67, 0x39, 0x88, 0x39, 0x68, 0x39, 0x68, 0x41, 0x88, 0x39, 0x68, 0x39,
    0x68, 0x39, 0x87, 0x39, 0x88, 0x41, 0x68, 0x39, 0x88, 0x39, 0x87, 0x39,
    0x68, 0x41, 0x88, 0x39, 0x88, 0x39, 0x68, 0x39, 0x88, 0x39, 0x88, 0x39,
    0x68, 0x39, 0x68, 0x41, 0x88, 0x39, 0x68, 0x39, 0x88, 0x41, 0x68, 0x39,
    0x68, 0x39, 0x88, 0x39, 0x68, 0x39, 0x88, 0x39, 0x68, 0x41, 0x88, 0x39,
    0x87, 0x39, 0x68, 0x41, 0x88, 0x39, 0x88, 0x39, 0x68, 0x41, 0x88, 0x39,
    0x68, 0x41, 0x68, 0x39, 0x88, 0x39, 0x68, 0x41, 0x68, 0x39, 0x88, 0x39,
    0x68, 0x39, 0x88, 0x41, 0x68, 0x39, 0x88, 0x41, 0x68, 0x39, 0x87, 0x39,
    0x68, 0x39, 0x88, 0x39, 0x88, 0x39, 0x67, 0x39, 0x68, 0x39, 0x88, 0x39,
    0x68, 0x39, 0x68, 0x39, 0x88, 0x39, 0x68, 0x39, 0x88, 0x39, 0x68, 0x39,
    0x88, 0x41, 0x88, 0x39, 0x68, 0x39, 0x68, 0x39, 0x87, 0x39, 0x68, 0x41,
    0x68, 0x39, 0x88, 0x39, 0x68, 0x39, 0x68, 0x39, 0x88, 0x39, 0x68, 0x39,
    0x88, 0x39, 0x88, 0x41, 0x68, 0x39, 0x88, 0x39, 0x68, 0x39, 0x88, 0x39,
    0x88, 0x41, 0x68, 0x39, 0x88, 0x39, 0x68, 0x41, 0x88, 0x39, 0x88, 0x39,
    0x68, 0x39, 0x88, 0x39, 0x88, 0x39, 0x68, 0x39, 0x68, 0x39, 0x88, 0x41,
    0x68, 0x39, 0x68, 0x39, 0x88, 0x41, 0x88, 0x39, 0x68, 0x39, 0x68, 0x39,
    0x88, 0x39, 0x67, 0x41, 0x88, 0x39, 0x88, 0x41, 0x68, 0x39, 0x88, 0x41,
    0x88, 0x39, 0x68, 0x41, 0x88, 0x39, 0x68, 0x39, 0x88, 0x39, 0x68, 0x39,
    0x87, 0x39, 0x68, 0x41, 0x88, 0x39, 0x88, 0x39, 0x68, 0x39, 0x88, 0x39,
    0x67, 0x41, 0x68, 0x39, 0x88, 0x39, 0x88, 0x39, 0x68, 0x39, 0x68, 0x39,
    0x88, 0x39, 0x68, 0x39, 0x68, 0x39, 0x88, 0x39, 0x88, 0x39, 0x68, 0x41,
    0x88, 0x39, 0x88, 0x39, 0x68, 0x41, 0x68, 0x39, 0x88, 0x39, 0x88, 0x39,
    0x68, 0x39, 0x88, 0x41, 0x68, 0x39, 0x68, 0x39, 0x88, 0x41, 0x68, 0x39,
    0x88, 0x39, 0x88, 0x39, 0x68, 0x39, 0x87, 0x41, 0x68, 0x39, 0x88, 0x39,
    0x68, 0x39, 0x68, 0x39, 0x88, 0x39, 0x88, 0x39, 0x68, 0x39, 0x88, 0x41,
    0x88, 0x39, 0x68, 0x39, 0x68, 0x41, 0x88, 0x39, 0x67, 0x41, 0x68, 0x39,
    0x88, 0x39, 0x88, 0x39, 0x68, 0x39, 0x88, 0x41, 0x88, 0x39, 0x68, 0x39,
    0x67, 0x39, 0x88, 0x41, 0x68, 0x39, 0x88, 0x39, 0x88, 0x41, 0x68, 0x39,
    0x88, 0x39, 0x68, 0x41, 0x88, 0x39, 0x68, 0x39, 0x68, 0x39, 0x87, 0x39,
    0x68, 0x39, 0x88, 0x39, 0x87, 0x41, 0x68, 0x39, 0x88, 0x39, 0x68, 0x39,
    0x68, 0x39, 0x68, 0x41, 0x68, 0x39, 0x88, 0x39, 0x88, 0x41, 0x68, 0x39,
    0x88, 0x39, 0x68, 0x39, 0x67, 0x39, 0x88, 0x41, 0x68, 0x39, 0x87, 0x39,
    0x68, 0x39, 0x88, 0x39, 0x68, 0x39, 0x68, 0x39, 0x88, 0x39, 0x68, 0x41,
    0x68, 0x39, 0x88, 0x39, 0x68, 0x39, 0x88, 0x39, 0x68, 0x41, 0x88, 0x39,
    0x68, 0x39, 0x67, 0x39, 0x88, 0x39, 0x88, 0x39, 0x68, 0x39, 0x68, 0x39,
    0x88, 0x39, 0x88, 0x41, 0x68, 0x39, 0x88, 0x39, 0x68, 0x39, 0x68, 0x41,
    0x88, 0x39, 0x68, 0x39, 0x68, 0x39, 0x88, 0x41, 0x68, 0x39, 0x88, 0x41,
    0x88, 0x39, 0x68, 0x39, 0x88, 0x41, 0x68, 0x39, 0x68, 0x39, 0x88, 0x39,
    0x68, 0x39, 0x88, 0x41, 0x68, 0x39, 0x68, 0x39, 0x88, 0x41, 0x88, 0x39,
    0x68, 0x39, 0x88, 0x39, 0x68, 0x39, 0x68, 0x41, 0x88, 0x39, 0x68, 0x39,
    0x88, 0x41, 0x88, 0x39, 0x68, 0x39, 0x87, 0x39, 0x88, 0x41, 0x68, 0x39,
    0x88, 0x39, 0x68, 0x41, 0x88, 0x39, 0x68, 0x39, 0x68, 0x39, 0x88, 0x41,
    0x68, 0x39, 0x68, 0x39, 0x88, 0x41, 0x68, 0x39, 0x68, 0x41, 0x88, 0x39,
    0x88, 0x39, 0x68, 0x39, 0x68, 0x39, 0x88, 0x39, 0x87, 0x39, 0x68, 0x39,
    0x88, 0x41, 0x67, 0x39, 0x88, 0x39, 0x68, 0x39, 0x67, 0x39, 0x88, 0x41,
    0x68, 0x39, 0x68, 0x39, 0x88, 0x39, 0x67, 0x39, 0x88, 0x39, 0x88, 0x39,
    0x68, 0x41, 0x88, 0x39, 0x88, 0x39, 0x68, 0x41, 0x88, 0x39, 0x88, 0x39,
    0x67, 0x41, 0x68, 0x39, 0x88, 0x39, 0x68, 0x39, 0x88, 0x41, 0x68, 0x39,
    0x68, 0x41, 0x88, 0x39, 0x68, 0x41, 0x88, 0x39, 0x88, 0x41, 0x68, 0x41,
    0x88, 0x39, 0x68, 0x39, 0x87, 0x41, 0x68, 0x39, 0x68, 0x39, 0x88, 0x41,
    0x68, 0x39, 0x88, 0x41, 0x68, 0x39, 0x88, 0x41, 0x88, 0x39, 0x88, 0x39,
    0x68, 0x41, 0x87, 0x39, 0x88, 0x41, 0x68, 0x39, 0x88, 0x41, 0x67, 0x39,
    0x68, 0x39, 0x88, 0x39, 0x68, 0x41, 0x88, 0x39, 0x68, 0x39, 0x68, 0x41,
    0x88, 0x39, 0x88, 0x39, 0x68, 0x41, 0x67, 0x39, 0x88, 0x39, 0x68, 0x41,
    0x68, 0x39, 0x88, 0x41, 0x68, 0x39, 0x88, 0x39, 0x87, 0x39, 0x68, 0x39,
    0x88, 0x39, 0x67, 0x39, 0x88, 0x39, 0x68, 0x41, 0x88, 0x39, 0x88, 0x39,
    0x68, 0x41, 0x68, 0x39, 0x88, 0x39, 0x68, 0x39, 0x68, 0x41, 0x88, 0x39,
    0x68, 0x39, 0x88, 0x39, 0x67, 0x41, 0x88, 0x39, 0x68, 0x39, 0x88, 0x41,
    0x68, 0x39, 0x68, 0x39, 0x88, 0x39, 0x68, 0x41, 0x88, 0x39, 0x88, 0x39,
    0x68, 0x39, 0x88, 0x39, 0x88, 0x39, 0x68, 0x39, 0x88, 0x39, 0x88, 0x39,
    0x68, 0x39, 0x88, 0x41, 0x68, 0x39, 0x68, 0x39, 0x88, 0x41, 0x68, 0x39,
    0x88, 0x39, 0x68, 0x41, 0x87, 0x39, 0x68, 0x39, 0x68, 0x41, 0x88, 0x39,
    0x68, 0x39, 0x87, 0x41, 0x88, 0x39, 0x68, 0x39, 0x88, 0x39, 0x68, 0x39,
    0x68, 0x41, 0x88, 0x39, 0x68, 0x39, 0x88, 0x39, 0x88, 0x39, 0x68, 0x41,
    0x87, 0x39, 0x68, 0x39, 0x68, 0x41, 0x87, 0x39, 0x68, 0x39, 0x68, 0x41,
    0x88, 0x39, 0x87, 0x39, 0x68, 0x41, 0x88, 0x39, 0x88, 0x39, 0x68, 0x41,
    0x88, 0x39, 0x67, 0x39, 0x68, 0x41, 0x88, 0x39, 0x88, 0x39, 0x68, 0x41,
    0x88, 0x39, 0x88, 0x39, 0x68, 0x41, 0x68, 0x39, 0x88, 0x39, 0x68, 0x39,
    0x88, 0x39, 0x67, 0x39, 0x88, 0x39, 0x88, 0x41, 0x68, 0x39, 0x88, 0x41,
    0x68, 0x39, 0x68, 0x39, 0x88, 0x39, 0x88, 0x41, 0x67, 0x39, 0x88, 0x39,
    0x88, 0x39, 0x88, 0x39, 0x67, 0x41, 0x68, 0x39, 0x88, 0x39, 0x88, 0x41,
    0x68, 0x39, 0x88, 0x39, 0x68, 0x41, 0x88, 0x39, 0x68, 0x39, 0x68, 0x39,
    0x88, 0x41, 0x88, 0x39, 0x68, 0x39, 0x88, 0x39, 0x88, 0x41, 0x67, 0x39,
    0x88, 0x39, 0x68, 0x39, 0x87, 0x39, 0x68, 0x39, 0x68, 0x39, 0x87, 0x39,
    0x88, 0x41, 0x68, 0x39, 0x68, 0x41, 0x88, 0x39, 0x67, 0x41, 0x88, 0x39,
    0x68, 0x39, 0x68, 0x39, 0x88, 0x39, 0x88, 0x41, 0x67, 0x39, 0x88, 0x39,
    0x88, 0x39, 0x67, 0x39, 0x88, 0x39, 0x68, 0x39, 0x68, 0x39, 0x88, 0x41,
    0x68, 0x39, 0x88, 0x39, 0x88, 0x39, 0x67, 0x39, 0x88, 0x41, 0x68, 0x39,
    0x88, 0x39, 0x88, 0x39, 0x68, 0x39, 0x68, 0x41, 0x88, 0x39, 0x68, 0x39,
    0x88, 0x41, 0x88, 0x39, 0x68, 0x39, 0x88, 0x39, 0x68, 0x39, 0x68, 0x39,
    0x88, 0x39, 0x68, 0x41, 0x68, 0x39, 0x88, 0x39, 0x68, 0x39, 0x88, 0x41,
    0x68, 0x39, 0x88, 0x39, 0x67, 0x39, 0x88, 0x39, 0x68, 0x41, 0x88, 0x39,
    0x88, 0x39, 0x67, 0x39, 0x88, 0x39, 0x88, 0x39, 0x67, 0x41, 0x68, 0x39,
    0x88, 0x39, 0x87, 0x41, 0x68, 0x39, 0x88, 0x41, 0x68, 0x39, 0x88, 0x39,
    0x88, 0x41, 0x68, 0x39, 0x88, 0x41, 0x88, 0x39, 0x68, 0x39, 0x88, 0x39,
    0x68, 0x41, 0x88, 0x39, 0x68, 0x39, 0x68, 0x41, 0x88, 0x39, 0x68, 0x39,
    0x67, 0x39, 0x88, 0x39, 0x68, 0x39, 0x87, 0x39, 0x68, 0x41, 0x88, 0x39,
    0x88, 0x39, 0x68, 0x39, 0x88, 0x39, 0x87, 0x39, 0x68, 0x39, 0x88, 0x39,
    0x88, 0x39, 0x67, 0x41, 0x68, 0x39, 0x88, 0x39, 0x68, 0x39, 0x87, 0x39,
    0x68, 0x39, 0x88, 0x41, 0x88, 0x39, 0x68, 0x39, 0x88, 0x41, 0x87, 0x39,
    0x68, 0x39, 0x68, 0x39, 0x87, 0x39, 0x68, 0x39, 0x68, 0x39, 0x88, 0x39,
    0x68, 0x39, 0x68, 0x39, 0x88, 0x39, 0x88, 0x41, 0x68, 0x39, 0x88, 0x39,
    0x68, 0x41, 0x68, 0x39, 0x87, 0x39, 0x88, 0x41, 0x68, 0x39, 0x67, 0x39,
    0x88, 0x39, 0x68, 0x39, 0x88, 0x39, 0x88, 0x39, 0x68, 0x39, 0x88, 0x39,
    0x87, 0x39, 0x68, 0x39, 0x68, 0x41, 0x88, 0x39, 0x68, 0x41, 0x88, 0x39,
    0x88, 0x41, 0x68, 0x39, 0x68, 0x39, 0x87, 0x39, 0x68, 0x41, 0x88, 0x39,
    0x67, 0x39, 0x88, 0x39, 0x88, 0x39, 0x67, 0x39, 0x88, 0x39, 0x68, 0x39,
    0x67, 0x39, 0x88, 0x39, 0x88, 0x41, 0x68, 0x39, 0x88, 0x39, 0x88, 0x41,
    0x68, 0x39, 0x88, 0x39, 0x67, 0x39, 0x68, 0x41, 0x88, 0x39, 0x67, 0x39,
    0x68, 0x41, 0x88, 0x39, 0x67, 0x41, 0x68, 0x41, 0x88, 0x39, 0x68, 0x39,
    0x68, 0x41, 0x88, 0x39, 0x88, 0x39, 0x68, 0x39, 0x88, 0x39, 0x68, 0x39,
    0x68, 0x39, 0x88, 0x39, 0x88, 0x39, 0x68, 0x39, 0x88, 0x41, 0x67, 0x39,
    0x68, 0x39, 0x88, 0x39, 0x68, 0x41, 0x88, 0x39, 0x87, 0x39, 0x68, 0x41,
    0x88, 0x39, 0x67, 0x39, 0x68, 0x41, 0x88, 0x39, 0x68, 0x39, 0x88, 0x41,
    0x88, 0x39, 0x88, 0x39, 0x68, 0x41, 0x88, 0x39, 0x88, 0x39, 0x68, 0x39,
    0x68, 0x39, 0x88, 0x39, 0x68, 0x39, 0x68, 0x39, 0x88, 0x39, 0x68, 0x39,
    0x88, 0x41, 0x68, 0x39, 0x68, 0x39, 0x88, 0x39, 0x67, 0x39, 0x68, 0x39,
    0x88, 0x39, 0x68, 0x39, 0x87, 0x39, 0x88, 0x41, 0x68, 0x39, 0x87, 0x41,
    0x68, 0x39, 0x68, 0x39, 0x88, 0x41, 0x68, 0x39, 0x88, 0x39, 0x88, 0x39,
    0x68, 0x41, 0x88, 0x39, 0x68, 0x39, 0x68, 0x39, 0x88, 0x41, 0x68, 0x39,
    0x68, 0x39, 0x88, 0x39, 0x88, 0x39, 0x68, 0x39, 0x68, 0x39, 0x87, 0x39,
    0x68, 0x41, 0x88, 0x39, 0x88, 0x39, 0x68, 0x39, 0x88, 0x41, 0x88, 0x39,
    0x67, 0x39, 0x68, 0x41, 0x88, 0x39, 0x67, 0x39, 0x68, 0x39, 0x88, 0x39,
    0x68, 0x41, 0x88, 0x41, 0x88, 0x39, 0x68, 0x41, 0x88, 0x39, 0x68, 0x39,
    0x88, 0x39, 0x88, 0x41, 0x68, 0x39, 0x88, 0x39, 0x88, 0x39, 0x68, 0x41,
    0x87, 0x39, 0x68, 0x39, 0x68, 0x41, 0x88, 0x39, 0x68, 0x39, 0x68, 0x41,
    0x88, 0x39, 0x88, 0x41, 0x68, 0x41, 0x87, 0x39, 0x88, 0x39, 0x68, 0x39,
    0x67, 0x41, 0x88, 0x39, 0x68, 0x39, 0x88, 0x41, 0x68, 0x39, 0x68, 0x39,
    0x87, 0x41, 0x68, 0x39, 0x88, 0x39, 0x87, 0x39, 0x68, 0x39, 0x68, 0x39,
    0x87, 0x39, 0x68, 0x41, 0x88, 0x39, 0x87, 0x39, 0x68, 0x41, 0x88, 0x39,
    0x87, 0x39, 0x68, 0x39, 0x88, 0x41, 0x68, 0x39, 0x88, 0x39, 0x67, 0x39,
    0x88, 0x39, 0x68, 0x41, 0x88, 0x39, 0x88, 0x39, 0x68, 0x39, 0x67, 0x39,
    0x88, 0x41, 0x68, 0x39, 0x68, 0x39, 0x88, 0x39, 0x88, 0x39, 0x68, 0x41,
    0x68, 0x39, 0x88, 0x39, 0x68, 0x41, 0x68, 0x39, 0x88, 0x39, 0x68, 0x39,
    0x68, 0x39, 0x88, 0x39, 0x68, 0x41, 0x68, 0x39, 0x88, 0x39, 0x68, 0x41,
    0x87, 0x39, 0x88, 0x39, 0x68, 0x41, 0x88, 0x39, 0x88, 0x39, 0x68, 0x41,
    0x88, 0x39, 0x68, 0x41, 0x88, 0x39, 0x68, 0x39, 0x68, 0x39, 0x88, 0x41,
    0x68, 0x39, 0x68, 0x41, 0x88, 0x39, 0x68, 0x41, 0x68, 0x39, 0x88, 0x39,
    0x88, 0x39, 0x68, 0x39, 0x88, 0x39, 0x68, 0x39, 0x88, 0x39, 0x68, 0x39,
    0x68, 0x41, 0x88, 0x39, 0x68, 0x39, 0x68, 0x39, 0x88, 0x39, 0x68, 0x39,
    0x88, 0x39, 0x88, 0x41, 0x68, 0x39, 0x88, 0x39, 0x68, 0x41, 0x87, 0x41,
    0x88, 0x39, 0x68, 0x39, 0x68, 0x39, 0x87, 0x39, 0x68, 0x39, 0x88, 0x39,
    0x88, 0x41, 0x68, 0x39, 0x88, 0x39, 0x68, 0x39, 0x88, 0x41, 0x88, 0x39,
    0x68, 0x39, 0x68, 0x41, 0x87, 0x39, 0x68, 0x41, 0x68, 0x39, 0x88, 0x39,
    0x88, 0x41, 0x68, 0x39, 0x87, 0x39, 0x68, 0x39, 0x68, 0x39, 0x88, 0x41,
    0x68, 0x39, 0x88, 0x39, 0x88, 0x41, 0x68, 0x39, 0x68, 0x39, 0x88, 0x39,
    0x68, 0x41, 0x68, 0x39, 0x88, 0x41, 0x68, 0x41, 0x88, 0x39, 0x88, 0x41,
    0x68, 0x39, 0x68, 0x39, 0x88, 0x39, 0x68, 0x39, 0x67, 0x39, 0x88, 0x39,
    0x68, 0x41, 0x88, 0x39, 0x88, 0x39, 0x68, 0x39, 0x88, 0x39, 0x88, 0x41,
    0x68, 0x39, 0x88, 0x39, 0x68, 0x39, 0x88, 0x39, 0x68, 0x39, 0x87, 0x41,
    0x68, 0x39, 0x88, 0x39, 0x67, 0x41, 0x88, 0x39, 0x88, 0x39, 0x67, 0x41,
    0x88, 0x41, 0x68, 0x39, 0x68, 0x39, 0x88, 0x41, 0x88, 0x39, 0x68, 0x39,
    0x88, 0x39, 0x68, 0x39, 0x68, 0x39, 0x88, 0x41, 0x68, 0x39, 0x88, 0x39,
    0x88, 0x39, 0x68, 0x39, 0x88, 0x41, 0x67, 0x39, 0x68, 0x39, 0x68, 0x39,
    0x88, 0x39, 0x68, 0x39, 0x68, 0x39, 0x88, 0x41, 0x87, 0x39, 0x68, 0x39,
    0x88, 0x41, 0x88, 0x39, 0x68, 0x41, 0x87, 0x39, 0x68, 0x39, 0x88, 0x41,
    0x88, 0x39, 0x88, 0x39, 0x68, 0x39, 0x88, 0x41, 0x88, 0x39, 0x68, 0x41,
    0x88, 0x39, 0x68, 0x39, 0x68, 0x39, 0x88, 0x39, 0x68, 0x39, 0x88, 0x39,
    0x88, 0x41, 0x68, 0x39, 0x88, 0x39, 0x67, 0x39, 0x68, 0x39, 0x88, 0x39,
    0x67, 0x41, 0x88, 0x39, 0x88, 0x39, 0x67, 0x39, 0x88, 0x39, 0x68, 0x39,
    0x68, 0x39, 0x68, 0x39, 0x88, 0x41, 0x88, 0x39, 0x68, 0x39, 0x68, 0x41,
    0x88, 0x39, 0x67, 0x39, 0x68, 0x39, 0x88, 0x41, 0x67, 0x39, 0x88, 0x39,
    0x68, 0x39, 0x88, 0x41, 0x88, 0x39, 0x68, 0x41, 0x88, 0x39, 0x88, 0x39,
    0x68, 0x39, 0x68, 0x39, 0x88, 0x39, 0x68, 0x41, 0x88, 0x39, 0x68, 0x39,
    0x68, 0x39, 0x87, 0x39, 0x68, 0x39, 0x68, 0x39, 0x88, 0x39, 0x68, 0x41,
    0x88, 0x39, 0x88, 0x39, 0x68, 0x39, 0x87, 0x39, 0x88, 0x39, 0x68, 0x39,
    0x68, 0x39, 0x88, 0x39, 0x68, 0x39, 0x68, 0x41, 0x88, 0x39, 0x88, 0x39,
    0x68, 0x39, 0x68, 0x41, 0x88, 0x39, 0x68, 0x39, 0x88, 0x39, 0x88, 0x39,
    0x68, 0x41, 0x68, 0x39, 0x88, 0x39, 0x88, 0x41, 0x68, 0x39, 0x88, 0x39,
    0x68, 0x41, 0x68, 0x39, 0x88, 0x39, 0x68, 0x41, 0x68, 0x39, 0x88, 0x41,
    0x68, 0x39, 0x88, 0x39, 0x67, 0x39, 0x88, 0x41, 0x68, 0x39, 0x88, 0x39,
    0x68, 0x41, 0x68, 0x39, 0x88, 0x39, 0x68, 0x41, 0x88, 0x39, 0x68, 0x39,
    0x88, 0x41, 0x88, 0x39, 0x68, 0x41, 0x68, 0x39, 0x88, 0x39, 0x87, 0x39,
    0x68, 0x39, 0x88, 0x39, 0x88, 0x39, 0x67, 0x39, 0x88, 0x41, 0x68, 0x39,
    0x87, 0x39, 0x88, 0x39, 0x68, 0x39, 0x87, 0x39, 0x68, 0x41, 0x88, 0x39,
    0x68, 0x39, 0x68, 0x39, 0x88, 0x39, 0x67, 0x39, 0x68, 0x39, 0x88, 0x39,
    0x88, 0x41, 0x68, 0x39, 0x88, 0x39, 0x88, 0x41, 0x67, 0x39, 0x88, 0x39,
    0x68, 0x39, 0x87, 0x39, 0x88, 0x39, 0x68, 0x41, 0x68, 0x39, 0x87, 0x41,
    0x68, 0x41, 0x68, 0x39, 0x88, 0x41, 0x87, 0x41, 0x68, 0x39, 0x88, 0x39,
    0x88, 0x41, 0x67, 0x39, 0x88, 0x39, 0x88, 0x41, 0x67, 0x39, 0x68, 0x39,
    0x88, 0x41, 0x68, 0x39, 0x88, 0x39, 0x88, 0x41, 0x68, 0x39, 0x68, 0x39,
    0x88, 0x41, 0x88, 0x39, 0x68, 0x41, 0x68, 0x39, 0x88, 0x39, 0x68, 0x41,
    0x87, 0x39, 0x68, 0x39, 0x68, 0x39, 0x88, 0x39, 0x68, 0x39, 0x88, 0x41,
    0x88, 0x39, 0x68, 0x39, 0x88, 0x41, 0x88, 0x39, 0x68, 0x39, 0x67, 0x41,
    0x68, 0x39, 0x88, 0x39, 0x88, 0x41, 0x68, 0x39, 0x88, 0x39, 0x67, 0x39,
    0x68, 0x39, 0x88, 0x39, 0x88, 0x41, 0x68, 0x39, 0x88, 0x39, 0x88, 0x41,
    0x68, 0x39, 0x88, 0x39, 0x68, 0x39, 0x68, 0x39, 0x88, 0x39, 0x88, 0x39,
    0x68, 0x41, 0x88, 0x39, 0x88, 0x41, 0x68, 0x39, 0x88, 0x39, 0x68, 0x41,
    0x68, 0x39, 0x87, 0x39, 0x68, 0x41, 0x68, 0x39, 0x88, 0x39, 0x68, 0x39,
    0x88, 0x39, 0x68, 0x41, 0x88, 0x39, 0x88, 0x39, 0x68, 0x39, 0x88, 0x39,
    0x88, 0x39, 0x68, 0x39, 0x68, 0x41, 0x88, 0x39, 0x68, 0x39, 0x88, 0x39,
    0x88, 0x39, 0x68, 0x39, 0x67, 0x41, 0x88, 0x39, 0x68, 0x39, 0x88, 0x41,
    0x88, 0x39, 0x67, 0x39, 0x88, 0x41, 0x68, 0x39, 0x68, 0x39, 0x88, 0x41,
    0x67, 0x39, 0x88, 0x39, 0x88, 0x39, 0x88, 0x41, 0x68, 0x39, 0x88, 0x39,
    0x67, 0x41, 0x88, 0x39, 0x68, 0x39, 0x68, 0x39, 0x88, 0x41, 0x68, 0x39,
    0x67, 0x39, 0x88, 0x41, 0x88, 0x39, 0x68, 0x39, 0x68, 0x41, 0x87, 0x39,
    0x68, 0x39, 0x68, 0x39, 0x87, 0x41, 0x68, 0x39, 0x68, 0x39, 0x88, 0x41,
    0x87, 0x39, 0x68, 0x41, 0x88, 0x41, 0x68, 0x39, 0x68, 0x39, 0x88, 0x39,
    0x68, 0x39, 0x88, 0x41, 0x88, 0x39, 0x68, 0x41, 0x88, 0x39, 0x68, 0x39,
    0x68, 0x39, 0x88, 0x41, 0x68, 0x39, 0x88, 0x41, 0x68, 0x39, 0x88, 0x39,
    0x88, 0x39, 0x68, 0x39, 0x67, 0x41, 0x88, 0x39, 0x88, 0x39, 0x68, 0x39,
    0x88, 0x39, 0x88, 0x41, 0x68, 0x39, 0x88, 0x39, 0x68, 0x39, 0x68, 0x39,
    0x88, 0x41, 0x68, 0x39, 0x68, 0x39, 0x88, 0x39, 0x68, 0x41, 0x87, 0x39,
    0x68, 0x39, 0x88, 0x39, 0x67, 0x39, 0x88, 0x39, 0x88, 0x41, 0x67, 0x39,
    0x88, 0x41, 0x88, 0x39, 0x68, 0x41, 0x88, 0x39, 0x67, 0x39, 0x68, 0x39,
    0x88, 0x41, 0x68, 0x39, 0x68, 0x41, 0x88, 0x39, 0x88, 0x41, 0x68, 0x39,
    0x87, 0x39, 0x68, 0x39, 0x88, 0x39, 0x68, 0x39, 0x68, 0x41, 0x87, 0x39,
    0x88, 0x39, 0x68, 0x39, 0x87, 0x41, 0x68, 0x39, 0x88, 0x39, 0x87, 0x41,
    0x68, 0x39, 0x88, 0x39, 0x68, 0x41, 0x68, 0x39, 0x87, 0x39, 0x88, 0x41,
    0x68, 0x39, 0x88, 0x39, 0x88, 0x39, 0x68, 0x39, 0x87, 0x39, 0x68, 0x39,
    0x68, 0x41, 0x88, 0x39, 0x88, 0x39, 0x68, 0x39, 0x88, 0x41, 0x88, 0x39,
    0x68, 0x39, 0x87, 0x39, 0x68, 0x39, 0x88, 0x41, 0x67, 0x39, 0x88, 0x39,
    0x68, 0x39, 0x88, 0x39, 0x87, 0x39, 0x68, 0x41, 0x68, 0x39, 0x88, 0x41,
    0x68, 0x39, 0x68, 0x41, 0x88, 0x39, 0x88, 0x39, 0x68, 0x41, 0x88, 0x39,
    0x68, 0x41, 0x68, 0x41, 0x88, 0x39, 0x68, 0x39, 0x88, 0x39, 0x88, 0x39,
    0x68, 0x41, 0x88, 0x39, 0x88, 0x39, 0x68, 0x41, 0x68, 0x39, 0x87, 0x39,
    0x68, 0x39, 0x68, 0x39, 0x87, 0x39, 0x68, 0x41, 0x88, 0x39, 0x68, 0x39,
    0x88, 0x41, 0x68, 0x39, 0x88, 0x39, 0x88, 0x39, 0x68, 0x39, 0x88, 0x39,
    0x88, 0x39, 0x68, 0x39, 0x68, 0x39, 0x88, 0x39, 0x68, 0x39, 0x68, 0x39,
    0x88, 0x39, 0x68, 0x39, 0x68, 0x41, 0x88, 0x39, 0x88, 0x39, 0x68, 0x41,
    0x68, 0x39, 0x87, 0x39, 0x68, 0x39, 0x68, 0x39, 0x87, 0x39, 0x68, 0x39,
    0x68, 0x39, 0x87, 0x39, 0x88, 0x41, 0x68, 0x39, 0x88, 0x39, 0x68, 0x39,
    0x88, 0x39, 0x88, 0x41, 0x68, 0x41, 0x87, 0x39, 0x68, 0x39, 0x68, 0x39,
    0x87, 0x39, 0x68, 0x39, 0x68, 0x39, 0x88, 0x39, 0x88, 0x39, 0x68, 0x39,
    0x88, 0x39, 0x68, 0x39, 0x68, 0x41, 0x88, 0x39, 0x88, 0x39, 0x68, 0x41,
    0x88, 0x39, 0x67, 0x39, 0x68, 0x39, 0x88, 0x39, 0x67, 0x39, 0x68, 0x39,
    0x88, 0x39, 0x87, 0x39, 0x68, 0x39, 0x88, 0x41, 0x67, 0x39, 0x68, 0x39,
    0x88, 0x39, 0x67, 0x39, 0x68, 0x41, 0x88, 0x39, 0x88, 0x39, 0x68, 0x39,
    0x88, 0x39, 0x88, 0x39, 0x68, 0x41, 0x88, 0x39, 0x67, 0x39, 0x88, 0x41,
    0x68, 0x39, 0x67, 0x39, 0x88, 0x41, 0x68, 0x39, 0x67, 0x41, 0x88, 0x39,
    0x68, 0x39, 0x88, 0x41, 0x88, 0x39, 0x68, 0x39, 0x68, 0x41, 0x88, 0x39,
    0x68, 0x39, 0x88, 0x39, 0x88, 0x39, 0x68, 0x39, 0x67, 0x39, 0x88, 0x41,
    0x68, 0x39, 0x88, 0x39, 0x88, 0x39, 0x68, 0x39, 0x87, 0x39, 0x68, 0x41,
    0x68, 0x39, 0x68, 0x39, 0x88, 0x39, 0x68, 0x41, 0x88, 0x39, 0x88, 0x39,
    0x68, 0x41, 0x88, 0x39, 0x87, 0x39, 0x68, 0x41, 0x88, 0x39, 0x88, 0x39,
    0x68, 0x39, 0x68, 0x39, 0x88, 0x39, 0x68, 0x39, 0x88, 0x39, 0x68, 0x39,
    0x68, 0x41, 0x88, 0x39, 0x88, 0x39, 0x68, 0x39, 0x68, 0x39, 0x88, 0x39,
    0x68, 0x39, 0x88, 0x39, 0x87, 0x39, 0x68, 0x41, 0x88, 0x39, 0x67, 0x41,
    0x68, 0x39, 0x88, 0x39, 0x67, 0x39, 0x88, 0x39, 0x88, 0x41, 0x68, 0x39,
    0x88, 0x39, 0x68, 0x39, 0x88, 0x39, 0x68, 0x41, 0x68, 0x39, 0x88, 0x39,
    0x68, 0x39, 0x88, 0x39, 0x68, 0x39, 0x88, 0x41, 0x68, 0x39, 0x67, 0x39,
    0x88, 0x41, 0x68, 0x39, 0x88, 0x39, 0x88, 0x41, 0x68, 0x39, 0x88, 0x39,
    0x87, 0x39, 0x68, 0x39, 0x88, 0x39, 0x68, 0x39, 0x88, 0x39, 0x68, 0x41,
    0x88, 0x41, 0x68, 0x39, 0x68, 0x39, 0x88, 0x41, 0x68, 0x39, 0x68, 0x39,
    0x88, 0x39, 0x68, 0x41, 0x88, 0x39, 0x88, 0x39, 0x68, 0x41, 0x88, 0x39,
    0x88, 0x39, 0x67, 0x39, 0x68, 0x39, 0x88, 0x41, 0x68, 0x39, 0x68, 0x41,
    0x88, 0x41, 0x88, 0x39, 0x67, 0x39, 0x88, 0x39, 0x88, 0x39, 0x68, 0x41,
    0x68, 0x39, 0x88, 0x39, 0x68, 0x39, 0x88, 0x39, 0x68, 0x41, 0x68, 0x39,
    0x88, 0x39, 0x88, 0x39, 0x67, 0x39, 0x68, 0x39, 0x88, 0x39, 0x68, 0x39,
    0x68, 0x39, 0x87, 0x41, 0x68, 0x39, 0x88, 0x39, 0x88, 0x41, 0x68, 0x39,
    0x88, 0x39, 0x68, 0x41, 0x68, 0x39, 0x88, 0x39, 0x67, 0x39, 0x68, 0x41,
    0x88, 0x39, 0x88, 0x39, 0x68, 0x41, 0x88, 0x39, 0x68, 0x39, 0x68, 0x41,
    0x88, 0x39, 0x68, 0x39, 0x68, 0x39, 0x88, 0x39, 0x88, 0x41, 0x68, 0x39,
    0x88, 0x39, 0x67, 0x39, 0x68, 0x41, 0x88, 0x39, 0x68, 0x39, 0x88, 0x39,
    0x68, 0x39, 0x87, 0x39, 0x88, 0x39, 0x68, 0x41, 0x68, 0x39, 0x87, 0x39,
    0x68, 0x41, 0x68, 0x39, 0x87, 0x39, 0x88, 0x41, 0x88, 0x39, 0x68, 0x41,
    0x88, 0x39, 0x88, 0x39, 0x68, 0x41, 0x68, 0x39, 0x88, 0x39, 0x88, 0x39,
    0x68, 0x41, 0x68, 0x39, 0x68, 0x39, 0x87, 0x41, 0x68, 0x39, 0x68, 0x39,
    0x88, 0x39, 0x87, 0x39, 0x68, 0x39, 0x88, 0x41, 0x88, 0x39, 0x67, 0x41,
    0x88, 0x39, 0x88, 0x39, 0x68, 0x39, 0x68, 0x39, 0x88, 0x39, 0x88, 0x39,
    0x68, 0x41, 0x88, 0x39, 0x88, 0x39, 0x68, 0x41, 0x88, 0x39, 0x88, 0x39,
    0x68, 0x41, 0x88, 0x39, 0x68, 0x39, 0x88, 0x41, 0x67, 0x39, 0x68, 0x39,
    0x88, 0x39, 0x68, 0x39, 0x88, 0x39, 0x88, 0x41, 0x68, 0x39, 0x88, 0x39,
    0x88, 0x41, 0x68, 0x39, 0x67, 0x41, 0x88, 0x39, 0x68, 0x41, 0x88, 0x39,
    0x88, 0x39, 0x68, 0x41, 0x87, 0x39, 0x68, 0x39, 0x68, 0x39, 0x88, 0x41,
    0x88, 0x39, 0x68, 0x39, 0x88, 0x41, 0x88, 0x39, 0x68, 0x41, 0x68, 0x39,
    0x88, 0x41, 0x68, 0x39, 0x88, 0x39, 0x88, 0x41, 0x68, 0x39, 0x88, 0x39,
    0x88, 0x41, 0x68, 0x39, 0x68, 0x39, 0x87, 0x41, 0x68, 0x39, 0x68, 0x39,
    0x87, 0x41, 0x68, 0x39, 0x88, 0x39, 0x88, 0x39, 0x68, 0x41, 0x88, 0x39,
    0x88, 0x39, 0x68, 0x39, 0x88, 0x39, 0x68, 0x39, 0x88, 0x41, 0x68, 0x39,
    0x68, 0x39, 0x87, 0x39, 0x68, 0x39, 0x88, 0x39, 0x87, 0x41, 0x68, 0x39,
    0x68, 0x41, 0x87, 0x41, 0x88, 0x39, 0x68, 0x39, 0x88, 0x41, 0x68, 0x39,
    0x68, 0x39, 0x88, 0x41, 0x68, 0x39, 0x88, 0x39, 0x88, 0x41, 0x88, 0x39,
    0x68, 0x39, 0x88, 0x41, 0x68, 0x39, 0x67, 0x39, 0x88, 0x39, 0x68, 0x39,
    0x68, 0x39, 0x88, 0x41, 0x68, 0x39, 0x68, 0x39, 0x88, 0x39, 0x88, 0x41,
    0x68, 0x39, 0x88, 0x39, 0x67, 0x41, 0x88, 0x39, 0x88, 0x39, 0x88, 0x41,
    0x68, 0x39, 0x88, 0x39, 0x88, 0x41, 0x67, 0x39, 0x88, 0x41, 0x88, 0x39,
    0x68, 0x39, 0x68, 0x39, 0x88, 0x39, 0x88, 0x39, 0x68, 0x39, 0x88, 0x39,
    0x88, 0x41, 0x68, 0x39, 0x68, 0x39, 0x88, 0x39, 0x68, 0x41, 0x87, 0x39,
    0x68, 0x39, 0x88, 0x41, 0x87, 0x39, 0x68, 0x39, 0x88, 0x39, 0x68, 0x39,
    0x68, 0x39, 0x88, 0x39, 0x88, 0x41, 0x68, 0x39, 0x88, 0x39, 0x88, 0x41,
    0x68, 0x39, 0x68, 0x39, 0x87, 0x39, 0x68, 0x41, 0x68, 0x39, 0x88, 0x39,
    0x68, 0x41, 0x88, 0x39, 0x87, 0x41, 0x68, 0x39, 0x68, 0x39, 0x88, 0x39,
    0x88, 0x39, 0x68, 0x39, 0x88, 0x41, 0x87, 0x39, 0x68, 0x39, 0x88, 0x39,
    0x68, 0x39, 0x68, 0x39, 0x87, 0x39, 0x68, 0x39, 0x68, 0x41, 0x88, 0x39,
    0x88, 0x39, 0x68, 0x41, 0x88, 0x39, 0x88, 0x39, 0x67, 0x39, 0x88, 0x39,
    0x68, 0x39, 0x68, 0x41, 0x88, 0x39, 0x68, 0x41, 0x88, 0x39, 0x68, 0x39,
    0x88, 0x41, 0x88, 0x39, 0x68, 0x39, 0x88, 0x41, 0x68, 0x39, 0x68, 0x39,
    0x88, 0x39, 0x68, 0x41, 0x88, 0x39, 0x88, 0x41, 0x68, 0x41, 0x88, 0x39,
    0x88, 0x39, 0x68, 0x41, 0x68, 0x39, 0x88, 0x39, 0x68, 0x41, 0x88, 0x39,
    0x87, 0x39, 0x68, 0x39, 0x88, 0x41, 0x88, 0x39, 0x68, 0x39, 0x68, 0x39,
    0x88, 0x41, 0x68, 0x39, 0x68, 0x39, 0x88, 0x39, 0x88, 0x39, 0x68, 0x41,
    0x87, 0x39, 0x88, 0x41, 0x68, 0x39, 0x88, 0x39, 0x67, 0x39, 0x88, 0x39,
    0x88, 0x39, 0x68, 0x39, 0x88, 0x39, 0x67, 0x39, 0x88, 0x39, 0x68, 0x41,
    0x88, 0x39, 0x68, 0x39, 0x88, 0x39, 0x68, 0x41, 0x88, 0x39, 0x88, 0x39,
    0x68, 0x39, 0x68, 0x39, 0x88, 0x39, 0x68, 0x39, 0x68, 0x39, 0x88, 0x39,
    0x68, 0x41, 0x88, 0x39, 0x68, 0x39, 0x88, 0x39, 0x67, 0x39, 0x88, 0x39,
    0x88, 0x39, 0x67, 0x39, 0x88, 0x41, 0x88, 0x39, 0x68, 0x39, 0x68, 0x41,
    0x88, 0x41, 0x68, 0x39, 0x68, 0x41, 0x88, 0x39, 0x68, 0x39, 0x68, 0x39,
    0x88, 0x41, 0x88, 0x39, 0x67, 0x41, 0x88, 0x39, 0x68, 0x39, 0x67, 0x41,
    0x88, 0x39, 0x68, 0x39, 0x88, 0x41, 0x68, 0x39, 0x68, 0x39, 0x88, 0x41,
    0x88, 0x39, 0x68, 0x39, 0x68, 0x39, 0x88, 0x39, 0x88, 0x41, 0x68, 0x39,
    0x88, 0x41, 0x67, 0x39, 0x68, 0x39, 0x88, 0x39, 0x68, 0x41, 0x67, 0x39,
    0x88, 0x39, 0x88, 0x41, 0x88, 0x39, 0x68, 0x39, 0x68, 0x39, 0x87, 0x41,
    0x68, 0x39, 0x88, 0x39, 0x88, 0x39, 0x68, 0x39, 0x88, 0x41, 0x67, 0x39,
    0x68, 0x39, 0x88, 0x41, 0x68, 0x39, 0x88, 0x39, 0x88, 0x39, 0x67, 0x41,
    0x88, 0x39, 0x68, 0x39, 0x68, 0x39, 0x88, 0x39, 0x68, 0x39, 0x67, 0x41,
    0x88, 0x39, 0x88, 0x39, 0x68, 0x39, 0x88, 0x39, 0x88, 0x41, 0x68, 0x39,
    0x88, 0x39, 0x68, 0x41, 0x68, 0x39, 0x88, 0x39, 0x68, 0x39, 0x68, 0x39,
    0x88, 0x41, 0x88, 0x39, 0x68, 0x39, 0x88, 0x39, 0x88, 0x39, 0x68, 0x41,
    0x88, 0x39, 0x68, 0x39, 0x68, 0x41, 0x88, 0x39, 0x68, 0x39, 0x88, 0x39,
    0x68, 0x39, 0x68, 0x39, 0x88, 0x39, 0x68, 0x41, 0x88, 0x39, 0x88, 0x39,
    0x67, 0x39, 0x88, 0x41, 0x68, 0x39, 0x68, 0x39, 0x88, 0x39, 0x68, 0x39,
    0x87, 0x39, 0x88, 0x41, 0x68, 0x39, 0x88, 0x39, 0x68, 0x41, 0x88, 0x39,
    0x87, 0x39, 0x68, 0x39, 0x88, 0x41, 0x68, 0x39, 0x67, 0x39, 0x68, 0x41,
    0x88, 0x39, 0x68, 0x39, 0x88, 0x41, 0x68, 0x39, 0x68, 0x39, 0x87, 0x41,
    0x68, 0x39, 0x68, 0x39, 0x88, 0x39, 0x68, 0x39, 0x68, 0x39, 0x87, 0x41,
    0x68, 0x39, 0x68, 0x41, 0x88, 0x41, 0x68, 0x39, 0x68, 0x39, 0x88, 0x39,
    0x88, 0x39, 0x68, 0x41, 0x88, 0x39, 0x68, 0x39, 0x68, 0x39, 0x88, 0x39,
    0x68, 0x41, 0x68, 0x39, 0x88, 0x39, 0x68, 0x41, 0x88, 0x39, 0x68, 0x39,
    0x68, 0x39, 0x88, 0x39, 0x67, 0x39, 0x68, 0x39, 0x88, 0x39, 0x88, 0x39,
    0x68, 0x39, 0x88, 0x39, 0x68, 0x39, 0x88, 0x39, 0x88, 0x39, 0x67, 0x41,
    0x68, 0x39, 0x88, 0x39, 0x68, 0x41, 0x88, 0x39, 0x67, 0x39, 0x88, 0x41,
    0x68, 0x39, 0x67, 0x39, 0x88, 0x39, 0x68, 0x39, 0x88, 0x41, 0x88, 0x39,
    0x68, 0x41, 0x88, 0x39, 0x88, 0x39, 0x68, 0x41, 0x68, 0x39, 0x87, 0x39,
    0x68, 0x39, 0x68, 0x39, 0x88, 0x39, 0x68, 0x39, 0x88, 0x39, 0x88, 0x39,
    0x68, 0x39, 0x88, 0x39, 0x68, 0x39, 0x88, 0x39, 0x67, 0x39, 0x88, 0x39,
    0x68, 0x39, 0x67, 0x41, 0x88, 0x39, 0x88, 0x39, 0x67, 0x39, 0x88, 0x39,
    0x68, 0x41, 0x67, 0x39, 0x88, 0x39, 0x68, 0x39, 0x68, 0x39, 0x87, 0x39,
    0x88, 0x39, 0x68, 0x39, 0x88, 0x39, 0x67, 0x39, 0x68, 0x39, 0x88, 0x39,
    0x68, 0x39, 0x68, 0x39, 0x88, 0x39, 0x67, 0x41, 0x88, 0x39, 0x88, 0x39,
    0x67, 0x39, 0x88, 0x39, 0x68, 0x41, 0x87, 0x39, 0x68, 0x39, 0x88, 0x39,
    0x68, 0x39, 0x68, 0x39, 0x88, 0x41, 0x68, 0x39, 0x68, 0x39, 0x88, 0x41,
    0x68, 0x41, 0x88, 0x39, 0x68, 0x41, 0x88, 0x39, 0x68, 0x39, 0x88, 0x41,
    0x67, 0x39, 0x68, 0x39, 0x88, 0x41, 0x67, 0x39, 0x68, 0x39, 0x88, 0x41,
    0x88, 0x39, 0x68, 0x41, 0x88, 0x39, 0x68, 0x41, 0x87, 0x39, 0x68, 0x39,
    0x68, 0x39, 0x87, 0x41, 0x88, 0x39, 0x68, 0x41, 0x68, 0x41, 0x68, 0x39,
    0x88, 0x39, 0x68, 0x41, 0x88, 0x39, 0x88, 0x39, 0x68, 0x39, 0x88, 0x39,
    0x87, 0x39, 0x68, 0x39, 0x88, 0x39, 0x88, 0x39, 0x67, 0x39, 0x68, 0x39,
    0x88, 0x39, 0x68, 0x41, 0x68, 0x39, 0x88, 0x39, 0x88, 0x41, 0x68, 0x39,
    0x88, 0x39, 0x67, 0x39, 0x68, 0x39, 0x88, 0x39, 0x67, 0x39, 0x68, 0x39,
    0x88, 0x39, 0x67, 0x41, 0x88, 0x39, 0x68, 0x39, 0x88, 0x39, 0x88, 0x39,
    0x68, 0x41, 0x88, 0x39, 0x68, 0x39, 0x88, 0x39, 0x88, 0x39, 0x68, 0x39,
    0x68, 0x39, 0x88, 0x39, 0x68, 0x39, 0x88, 0x39, 0x88, 0x39, 0x68, 0x41,
    0x68, 0x39, 0x88, 0x39, 0x68, 0x41, 0x88, 0x39, 0x88, 0x39, 0x68, 0x39,
    0x88, 0x39, 0x68, 0x39, 0x67, 0x39, 0x88, 0x39, 0x68, 0x39, 0x88, 0x39,
    0x88, 0x39, 0x68, 0x41, 0x87, 0x41, 0x88, 0x39, 0x68, 0x39, 0x68, 0x39,
    0x88, 0x39, 0x68, 0x41, 0x88, 0x39, 0x68, 0x39, 0x88, 0x39, 0x68, 0x39,
    0x88, 0x39, 0x88, 0x39, 0x67, 0x41, 0x88, 0x39, 0x68, 0x39, 0x67, 0x41,
    0x88, 0x39, 0x67, 0x41, 0x68, 0x39, 0x88, 0x41, 0x67, 0x39, 0x88, 0x39,
    0x88, 0x41, 0x68, 0x39, 0x88, 0x39, 0x68, 0x41, 0x88, 0x39, 0x88, 0x39,
    0x68, 0x39, 0x88, 0x39, 0x68, 0x39, 0x67, 0x39, 0x88, 0x39, 0x68, 0x39,
    0x88, 0x39, 0x88, 0x39, 0x67, 0x41, 0x68, 0x39, 0x88, 0x39, 0x68, 0x41,
    0x68, 0x39, 0x88, 0x39, 0x68, 0x39, 0x88, 0x39, 0x68, 0x41, 0x68, 0x39,
    0x88, 0x39, 0x68, 0x39, 0x88, 0x39, 0x88, 0x39, 0x68, 0x39, 0x88, 0x39,
    0x88, 0x39, 0x67, 0x39, 0x88, 0x39, 0x68, 0x39, 0x68, 0x39, 0x88, 0x39,
    0x88, 0x39, 0x67, 0x41, 0x88, 0x39, 0x88, 0x39, 0x68, 0x39, 0x88, 0x39,
    0x88, 0x39, 0x68, 0x39, 0x87, 0x39, 0x68, 0x41, 0x88, 0x39, 0x67, 0x39,
    0x68, 0x41, 0x88, 0x39, 0x87, 0x39, 0x68, 0x41, 0x88, 0x39, 0x88, 0x39,
    0x67, 0x39, 0x88, 0x39, 0x68, 0x39, 0x87, 0x41, 0x68, 0x39, 0x88, 0x39,
    0x88, 0x39, 0x68, 0x41, 0x88, 0x39, 0x68, 0x41, 0x68, 0x39, 0x67, 0x41,
    0x88, 0x39, 0x68, 0x41, 0x88, 0x41, 0x68, 0x39, 0x88, 0x39, 0x68, 0x39,
    0x88, 0x39, 0x68, 0x39, 0x88, 0x39, 0x68, 0x39, 0x88, 0x41, 0x68, 0x39,
    0x88, 0x39, 0x88, 0x41, 0x68, 0x39, 0x68, 0x39, 0x88, 0x39, 0x67, 0x41,
    0x68, 0x39, 0x88, 0x39, 0x68, 0x41, 0x88, 0x39, 0x88, 0x39, 0x68, 0x41,
    0x88, 0x39, 0x88, 0x39, 0x67, 0x41, 0x68, 0x41, 0x88, 0x39, 0x68, 0x41,
    0x87, 0x39, 0x68, 0x39, 0x88, 0x41, 0x68, 0x39, 0x88, 0x41, 0x68, 0x39,
    0x88, 0x39, 0x68, 0x39, 0x68, 0x39, 0x88, 0x41, 0x88, 0x39, 0x68, 0x39,
    0x88, 0x39, 0x88, 0x39, 0x68, 0x39, 0x88, 0x41, 0x68, 0x39, 0x68, 0x39,
    0x88, 0x41, 0x68, 0x39, 0x88, 0x41, 0x88, 0x39, 0x68, 0x41, 0x88, 0x39,
    0x68, 0x41, 0x88, 0x39, 0x68, 0x39, 0x68, 0x39, 0x88, 0x41, 0x68, 0x39,
    0x88, 0x39, 0x88, 0x41, 0x68, 0x39, 0x68, 0x39, 0x88, 0x41, 0x68, 0x39,
    0x88, 0x39, 0x88, 0x39, 0x67, 0x41, 0x88, 0x39, 0x88, 0x39, 0x68, 0x39,
    0x67, 0x39, 0x88, 0x39, 0x88, 0x41, 0x68, 0x39, 0x88, 0x39, 0x68, 0x39,
    0x88, 0x39, 0x88, 0x39, 0x68, 0x39, 0x88, 0x39, 0x68, 0x39, 0x68, 0x39,
    0x87, 0x41, 0x88, 0x39, 0x68, 0x39, 0x88, 0x39, 0x88, 0x41, 0x68, 0x39,
    0x88, 0x39, 0x68, 0x39, 0x88, 0x39, 0x88, 0x39, 0x68, 0x39, 0x88, 0x39,
    0x68, 0x41, 0x68, 0x39, 0x88, 0x39, 0x67, 0x41, 0x68, 0x39, 0x88, 0x39,
    0x68, 0x41, 0x88, 0x39, 0x68, 0x39, 0x88, 0x41, 0x88, 0x41, 0x68, 0x39,
    0x88, 0x39, 0x87, 0x39, 0x68, 0x39, 0x88, 0x39, 0x68, 0x39, 0x88, 0x39,
    0x88, 0x41, 0x68, 0x39, 0x88, 0x41, 0x88, 0x39, 0x88, 0x41, 0x68, 0x39,
    0x88, 0x39, 0x88, 0x41, 0x68, 0x39, 0x67, 0x39, 0x68, 0x41, 0x88, 0x39,
    0x67, 0x39, 0x88, 0x39, 0x68, 0x41, 0x67, 0x41, 0x88, 0x39, 0x88, 0x41,
    0x68, 0x39, 0x68, 0x39, 0x87, 0x41, 0x68, 0x39, 0x88, 0x39, 0x68, 0x39,
    0x88, 0x39, 0x67, 0x41, 0x68, 0x39, 0x88, 0x39, 0x67, 0x41, 0x88, 0x39,
    0x88, 0x41, 0x68, 0x39, 0x88, 0x41, 0x68, 0x41, 0x68, 0x39, 0x88, 0x39,
    0x68, 0x39, 0x68, 0x39, 0x88, 0x39, 0x88, 0x41, 0x68, 0x39, 0x88, 0x39,
    0x88, 0x41, 0x67, 0x39, 0x68, 0x39, 0x88, 0x41, 0x67, 0x39, 0x68, 0x41,
    0x88, 0x39, 0x68, 0x39, 0x88, 0x39, 0x88, 0x41, 0x68, 0x39, 0x88, 0x39,
    0x88, 0x39, 0x68, 0x39, 0x88, 0x39, 0x68, 0x39, 0x68, 0x39, 0x88, 0x39,
    0x67, 0x39, 0x88, 0x39, 0x88, 0x39, 0x67, 0x39, 0x68, 0x41, 0x88, 0x39,
    0x87, 0x41, 0x68, 0x41, 0x88, 0x39, 0x88, 0x41, 0x68, 0x39, 0x68, 0x41,
    0x88, 0x39, 0x68, 0x39, 0x88, 0x41, 0x88, 0x39, 0x68, 0x39, 0x87, 0x41,
    0x68, 0x39, 0x88, 0x39, 0x88, 0x41, 0x67, 0x39, 0x88, 0x39, 0x88, 0x41,
    0x68, 0x39, 0x67, 0x41, 0x88, 0x39, 0x88, 0x41, 0x68, 0x39, 0x88, 0x41,
    0x68, 0x39, 0x68, 0x41, 0x88, 0x39, 0x88, 0x41, 0x68, 0x41, 0x88, 0x39,
    0x68, 0x39, 0x68, 0x41, 0x88, 0x39, 0x68, 0x41, 0x68, 0x41, 0x88, 0x39,
    0x68, 0x39, 0x88, 0x39, 0x68, 0x39, 0x88, 0x39, 0x88, 0x41, 0x68, 0x39,
    0x68, 0x39, 0x88, 0x39, 0x68, 0x39, 0x68, 0x41, 0x88, 0x39, 0x68, 0x41,
    0x88, 0x39, 0x88, 0x39, 0x68, 0x41, 0x88, 0x39, 0x68, 0x39, 0x68, 0x39,
    0x68, 0x39, 0x88, 0x39, 0x88, 0x39, 0x88, 0x39, 0x68, 0x41, 0x88, 0x39,
    0x88, 0x39, 0x67, 0x39, 0x68, 0x39, 0x88, 0x41, 0x67, 0x39, 0x88, 0x39,
    0x68, 0x41, 0x88, 0x41, 0x68, 0x39, 0x88, 0x39, 0x68, 0x39, 0x88, 0x39,
    0x68, 0x39, 0x88, 0x41, 0x68, 0x39, 0x88, 0x39, 0x88, 0x39, 0x68, 0x39,
    0x88, 0x39, 0x67, 0x39, 0x68, 0x39, 0x88, 0x39, 0x67, 0x39, 0x68, 0x41,
    0x88, 0x39, 0x88, 0x39, 0x68, 0x39, 0x88, 0x39, 0x68, 0x39, 0x68, 0x41,
    0x88, 0x39, 0x88, 0x39, 0x68, 0x41, 0x87, 0x39, 0x68, 0x39, 0x88, 0x41,
    0x88, 0x39, 0x68, 0x39, 0x88, 0x41, 0x67, 0x39, 0x68, 0x39, 0x88, 0x41,
    0x68, 0x39, 0x88, 0x39, 0x68, 0x41, 0x87, 0x39, 0x88, 0x39, 0x68, 0x41,
    0x88, 0x39, 0x67, 0x39, 0x68, 0x39, 0x88, 0x41, 0x68, 0x39, 0x87, 0x39,
    0x88, 0x39, 0x68, 0x41, 0x87, 0x39, 0x88, 0x39, 0x68, 0x39, 0x68, 0x41,
    0x88, 0x39, 0x68, 0x39, 0x88, 0x39, 0x88, 0x39, 0x67, 0x41, 0x88, 0x39,
    0x68, 0x39, 0x68, 0x41, 0x88, 0x39, 0x68, 0x39, 0x88, 0x41, 0x68, 0x39,
    0x88, 0x39, 0x68, 0x39, 0x68, 0x39, 0x87, 0x41, 0x68, 0x39, 0x68, 0x39,
    0x88, 0x41, 0x68, 0x41, 0x88, 0x39, 0x88, 0x41, 0x88, 0x39, 0x68, 0x39,
    0x68, 0x39, 0x88, 0x39, 0x68, 0x39, 0x67, 0x39, 0x88, 0x41, 0x88, 0x39,
    0x68, 0x39, 0x68, 0x41, 0x88, 0x39, 0x67, 0x39, 0x88, 0x39, 0x88, 0x39,
    0x67, 0x39, 0x88, 0x39, 0x88, 0x39, 0x68, 0x41, 0x88, 0x39, 0x68, 0x39,
    0x88, 0x41, 0x68, 0x39, 0x67, 0x39, 0x88, 0x39, 0x68, 0x39, 0x68, 0x41,
    0x88, 0x39, 0x68, 0x39, 0x88, 0x41, 0x68, 0x41, 0x67, 0x39, 0x88, 0x39,
    0x68, 0x39, 0x68, 0x41, 0x88, 0x39, 0x68, 0x39, 0x68, 0x39, 0x87, 0x41,
    0x68, 0x39, 0x88, 0x39, 0x88, 0x39, 0x68, 0x39, 0x88, 0x41, 0x68, 0x39,
    0x88, 0x39, 0x68, 0x39, 0x88, 0x39, 0x68, 0x39, 0x68, 0x39, 0x88, 0x39,
    0x88, 0x41, 0x68, 0x39, 0x88, 0x39, 0x68, 0x41, 0x67, 0x39, 0x88, 0x39,
    0x88, 0x41, 0x68, 0x39, 0x88, 0x39, 0x68, 0x39, 0x68, 0x39, 0x88, 0x41,
    0x68, 0x39, 0x87, 0x39, 0x88, 0x39, 0x68, 0x39, 0x87, 0x41, 0x88, 0x39,
    0x68, 0x41, 0x67, 0x39, 0x88, 0x39, 0x68, 0x39, 0x67, 0x41, 0x88, 0x39,
    0x68, 0x39, 0x88, 0x39, 0x88, 0x39, 0x68, 0x39, 0x88, 0x41, 0x88, 0x39,
    0x67, 0x39, 0x68, 0x41, 0x88, 0x39, 0x68, 0x39, 0x68, 0x39, 0x88, 0x39,
    0x68, 0x41, 0x88, 0x39, 0x88, 0x39, 0x67, 0x41, 0x88, 0x39, 0x68, 0x41,
    0x68, 0x39, 0x88, 0x41, 0x68, 0x39, 0x88, 0x39, 0x68, 0x39, 0x68, 0x39,
    0x88, 0x39, 0x68, 0x39, 0x88, 0x39, 0x88, 0x39, 0x68, 0x41, 0x87, 0x39,
    0x68, 0x39, 0x68, 0x39, 0x88, 0x39, 0x68, 0x39, 0x88, 0x39, 0x88, 0x39,
    0x68, 0x39, 0x68, 0x41, 0x88, 0x39, 0x68, 0x39, 0x68, 0x39, 0x88, 0x39,
    0x88, 0x39, 0x68, 0x39, 0x68, 0x41, 0x87, 0x39, 0x68, 0x39, 0x68, 0x39,
    0x87, 0x41, 0x88, 0x39, 0x68, 0x39, 0x87, 0x39, 0x68, 0x39, 0x88, 0x39,
    0x88, 0x39, 0x68, 0x39, 0x88, 0x39, 0x67, 0x39, 0x88, 0x39, 0x68, 0x41,
    0x87, 0x41, 0x68, 0x39, 0x88, 0x39, 0x68, 0x41, 0x87, 0x39, 0x88, 0x39,
    0x68, 0x41, 0x88, 0x39, 0x88, 0x39, 0x67, 0x39, 0x88, 0x39, 0x68, 0x39,
    0x68, 0x41, 0x88, 0x39, 0x68, 0x39, 0x88, 0x39, 0x88, 0x41, 0x68, 0x39,
    0x68, 0x39, 0x68, 0x39, 0x67, 0x41, 0x88, 0x39, 0x68, 0x39, 0x88, 0x39,
    0x68, 0x39, 0x88, 0x39, 0x88, 0x39, 0x68, 0x39, 0x88, 0x41, 0x68, 0x39,
    0x88, 0x39, 0x67, 0x39, 0x88, 0x39, 0x68, 0x41, 0x87, 0x39, 0x68, 0x39,
    0x88, 0x41, 0x67, 0x39, 0x88, 0x39, 0x68, 0x41, 0x67, 0x41, 0x88, 0x39,
    0x88, 0x41, 0x68, 0x39, 0x88, 0x39, 0x88, 0x41, 0x68, 0x39, 0x88, 0x39,
    0x68, 0x39, 0x68, 0x41, 0x88, 0x39, 0x88, 0x39, 0x67, 0x39, 0x88, 0x39,
    0x68, 0x39, 0x68, 0x39, 0x88, 0x39, 0x68, 0x39, 0x68, 0x39, 0x88, 0x39,
    0x67, 0x41, 0x88, 0x39, 0x88, 0x39, 0x68, 0x39, 0x88, 0x39, 0x68, 0x41,
    0x87, 0x39, 0x68, 0x39, 0x68, 0x41, 0x88, 0x39, 0x68, 0x39, 0x88, 0x39,
    0x88, 0x39, 0x68, 0x39, 0x88, 0x39, 0x68, 0x39, 0x68, 0x39, 0x88, 0x39,
    0x68, 0x39, 0x68, 0x41, 0x88, 0x39, 0x88, 0x39, 0x68, 0x39, 0x87, 0x39,
    0x68, 0x41, 0x68, 0x39, 0x87, 0x39, 0x68, 0x41, 0x88, 0x39, 0x88, 0x39,
    0x68, 0x39, 0x87, 0x41, 0x68, 0x39, 0x88, 0x39, 0x68, 0x39, 0x88, 0x41,
    0x88, 0x39, 0x68, 0x39, 0x88, 0x39, 0x88, 0x39, 0x68, 0x41, 0x87, 0x39,
    0x68, 0x39, 0x68, 0x39, 0x67, 0x39, 0x88, 0x39, 0x68, 0x41, 0x87, 0x39,
    0x88, 0x39, 0x68, 0x41, 0x88, 0x39, 0x68, 0x39, 0x68, 0x39, 0x88, 0x39,
    0x67, 0x41, 0x88, 0x39, 0x68, 0x39, 0x68, 0x41, 0x88, 0x41, 0x68, 0x39,
    0x88, 0x41, 0x68, 0x39, 0x68, 0x39, 0x88, 0x39, 0x88, 0x39, 0x67, 0x39,
    0x88, 0x39, 0x88, 0x41, 0x68, 0x39, 0x88, 0x39, 0x68, 0x39, 0x87, 0x39,
    0x68, 0x41, 0x68, 0x39, 0x88, 0x39, 0x88, 0x39, 0x68, 0x41, 0x88, 0x39,
    0x67, 0x39, 0x88, 0x39, 0x88, 0x39, 0x67, 0x39, 0x88, 0x39, 0x68, 0x39,
    0x68, 0x41, 0x88, 0x39, 0x68, 0x39, 0x88, 0x41, 0x88, 0x39, 0x68, 0x39,
    0x88, 0x41, 0x88, 0x39, 0x68, 0x39, 0x88, 0x41, 0x88, 0x39, 0x67, 0x39,
    0x68, 0x39, 0x88, 0x39, 0x88, 0x39, 0x68, 0x41, 0x88, 0x39, 0x88, 0x39,
    0x68, 0x39, 0x88, 0x39, 0x88, 0x41, 0x68, 0x39, 0x88, 0x39, 0x68, 0x39,
    0x68, 0x39, 0x88, 0x39, 0x68, 0x39, 0x68, 0x39, 0x88, 0x39, 0x88, 0x39,
    0x68, 0x41, 0x88, 0x39, 0x88, 0x39, 0x68, 0x39, 0x88, 0x39, 0x68, 0x41,
    0x68, 0x39, 0x88, 0x41, 0x68, 0x39, 0x68, 0x39, 0x88, 0x39, 0x88, 0x39,
    0x68, 0x39, 0x88, 0x41, 0x67, 0x39, 0x88, 0x39, 0x88, 0x41, 0x67, 0x39,
    0x68, 0x39, 0x88, 0x41, 0x68, 0x39, 0x88, 0x39, 0x88, 0x41, 0x68, 0x39,
    0x88, 0x39, 0x68, 0x39, 0x88, 0x41, 0x88, 0x39, 0x67, 0x39, 0x88, 0x41,
    0x68, 0x39, 0x68, 0x39, 0x67, 0x39, 0x88, 0x39, 0x68, 0x39, 0x88, 0x39,
    0x88, 0x41, 0x68, 0x39, 0x87, 0x41, 0x68, 0x39, 0x68, 0x41, 0x88, 0x39,
    0x68, 0x39, 0x87, 0x39, 0x88, 0x39, 0x68, 0x41, 0x67, 0x39, 0x88, 0x39,
    0x88, 0x41, 0x68, 0x39, 0x88, 0x39, 0x88, 0x39, 0x68, 0x39, 0x88, 0x39,
    0x88, 0x39, 0x68, 0x39, 0x68, 0x39, 0x88, 0x41, 0x68, 0x39, 0x67, 0x39,
    0x88, 0x41, 0x68, 0x39, 0x88, 0x39, 0x88, 0x39, 0x68, 0x39, 0x88, 0x39,
    0x68, 0x39, 0x88, 0x39, 0x68, 0x41, 0x68, 0x39, 0x88, 0x39, 0x68, 0x39,
    0x67, 0x41, 0x88, 0x39, 0x68, 0x39, 0x88, 0x41, 0x88, 0x39, 0x67, 0x39,
    0x88, 0x39, 0x68, 0x41, 0x67, 0x39, 0x88, 0x39, 0x68, 0x39, 0x88, 0x39,
    0x88, 0x39, 0x68, 0x39, 0x88, 0x41, 0x68, 0x39, 0x88, 0x39, 0x67, 0x41,
    0x68, 0x41, 0x88, 0x39, 0x68, 0x39, 0x88, 0x41, 0x68, 0x39, 0x88, 0x39,
    0x68, 0x39, 0x88, 0x39, 0x68, 0x41, 0x88, 0x39, 0x68, 0x39, 0x88, 0x41,
    0x68, 0x39, 0x88, 0x39, 0x68, 0x39, 0x88, 0x39, 0x68, 0x39, 0x88, 0x39,
    0x68, 0x39, 0x68, 0x41, 0x88, 0x39, 0x68, 0x39, 0x88, 0x41, 0x88, 0x39,
    0x67, 0x39, 0x68, 0x41, 0x88, 0x39, 0x68, 0x41, 0x88, 0x41, 0x88, 0x39,
    0x68, 0x41, 0x87, 0x39, 0x88, 0x41, 0x68, 0x39, 0x88, 0x39, 0x68, 0x41,
    0x68, 0x39, 0x88, 0x39, 0x68, 0x41, 0x88, 0x39, 0x68, 0x39, 0x88, 0x39,
    0x88, 0x39, 0x68, 0x39, 0x88, 0x39, 0x68, 0x41, 0x68, 0x39, 0x87, 0x39,
    0x68, 0x41, 0x88, 0x41, 0x88, 0x39, 0x67, 0x41, 0x88, 0x39, 0x88, 0x41,
    0x68, 0x39, 0x88, 0x39, 0x68, 0x41, 0x68, 0x39, 0x88, 0x39, 0x88, 0x41,
    0x68, 0x39, 0x88, 0x39, 0x68, 0x39, 0x68, 0x39, 0x88, 0x39, 0x68, 0x41,
    0x88, 0x39, 0x68, 0x39, 0x88, 0x39, 0x68, 0x39, 0x88, 0x41, 0x88, 0x41,
    0x68, 0x39, 0x87, 0x41, 0x68, 0x39, 0x68, 0x39, 0x88, 0x39, 0x88, 0x39,
    0x88, 0x39, 0x88, 0x41, 0x68, 0x39, 0x68, 0x39, 0x88, 0x39, 0x68, 0x41,
    0x68, 0x39, 0x88, 0x39, 0x87, 0x41, 0x68, 0x39, 0x88, 0x39, 0x68, 0x41,
    0x88, 0x39, 0x88, 0x39, 0x68, 0x39, 0x88, 0x39, 0x68, 0x39, 0x88, 0x39,
    0x68, 0x39, 0x88, 0x41, 0x67, 0x39, 0x68, 0x39, 0x88, 0x41, 0x68, 0x39,
    0x68, 0x39, 0x88, 0x39, 0x68, 0x41, 0x88, 0x39, 0x88, 0x39, 0x68, 0x41,
    0x88, 0x39, 0x88, 0x39, 0x67, 0x39, 0x68, 0x39, 0x88, 0x39, 0x68, 0x41,
    0x88, 0x39, 0x68, 0x39, 0x68, 0x41, 0x88, 0x41, 0x88, 0x39, 0x68, 0x39,
    0x88, 0x39, 0x67, 0x39, 0x68, 0x41, 0x88, 0x39, 0x67, 0x39, 0x68, 0x39,
    0x88, 0x41, 0x67, 0x39, 0x68, 0x39, 0x88, 0x41, 0x88, 0x39, 0x68, 0x39,
    0x68, 0x41, 0x87, 0x39, 0x68, 0x39, 0x68, 0x39, 0x88, 0x41, 0x68, 0x39,
    0x67, 0x39, 0x88, 0x41, 0x68, 0x39, 0x87, 0x39, 0x88, 0x41, 0x68, 0x39,
    0x87, 0x41, 0x88, 0x41, 0x68, 0x39, 0x68, 0x41, 0x88, 0x39, 0x68, 0x39,
    0x68, 0x39, 0x88, 0x41, 0x68, 0x39, 0x88, 0x39, 0x88, 0x39, 0x68, 0x39,
    0x87, 0x39, 0x88, 0x39, 0x68, 0x41, 0x87, 0x39, 0x68, 0x39, 0x68, 0x41,
    0x88, 0x39, 0x68, 0x39, 0x88, 0x39, 0x68, 0x39, 0x88, 0x41, 0x68, 0x39,
    0x88, 0x39, 0x68, 0x39, 0x67, 0x39, 0x88, 0x39, 0x68, 0x39, 0x88, 0x39,
    0x67, 0x39, 0x88, 0x39, 0x68, 0x41, 0x68, 0x39, 0x88, 0x39, 0x88, 0x41,
    0x88, 0x39, 0x68, 0x41, 0x88, 0x41, 0x68, 0x39, 0x68, 0x39, 0x88, 0x41,
    0x68, 0x39, 0x88, 0x39, 0x88, 0x39, 0x68, 0x41, 0x87, 0x39, 0x68, 0x39,
    0x88, 0x41, 0x68, 0x39, 0x88, 0x39, 0x88, 0x41, 0x68, 0x39, 0x68, 0x39,
    0x88, 0x41, 0x67, 0x39, 0x68, 0x39, 0x88, 0x41, 0x68, 0x41, 0x68, 0x39,
    0x88, 0x39, 0x68, 0x41, 0x88, 0x39, 0x88, 0x39, 0x68, 0x41, 0x88, 0x39,
    0x68, 0x39, 0x68, 0x41, 0x87, 0x41, 0x68, 0x39, 0x68, 0x39, 0x88, 0x41,
    0x88, 0x39, 0x67, 0x39, 0x88, 0x39, 0x88, 0x39, 0x68, 0x39, 0x88, 0x39,
    0x88, 0x39, 0x68, 0x39, 0x68, 0x41, 0x88, 0x39, 0x68, 0x39, 0x88, 0x41,
    0x88, 0x39, 0x68, 0x39, 0x88, 0x41, 0x68, 0x39, 0x68, 0x39, 0x88, 0x41,
    0x68, 0x39, 0x88, 0x39, 0x88, 0x39, 0x68, 0x39, 0x88, 0x39, 0x88, 0x39,
    0x68, 0x39, 0x68, 0x39, 0x87, 0x41, 0x68, 0x39, 0x88, 0x39, 0x67, 0x41,
    0x88, 0x39, 0x68, 0x39, 0x88, 0x41, 0x68, 0x39, 0x88, 0x39, 0x67, 0x39,
    0x88, 0x39, 0x68, 0x41, 0x88, 0x39, 0x68, 0x39, 0x88, 0x41, 0x68, 0x39,
    0x87, 0x39, 0x88, 0x39, 0x68, 0x39, 0x67, 0x39, 0x88, 0x39, 0x68, 0x39,
    0x88, 0x39, 0x88, 0x39, 0x68, 0x39, 0x67, 0x39, 0x88, 0x39, 0x68, 0x39,
    0x68, 0x39, 0x88, 0x41, 0x68, 0x39, 0x88, 0x39, 0x87, 0x41, 0x68, 0x39,
    0x88, 0x39, 0x68, 0x39, 0x67, 0x41, 0x88, 0x39, 0x68, 0x39, 0x67, 0x41,
    0x88, 0x41, 0x88, 0x39, 0x67, 0x39, 0x88, 0x39, 0x88, 0x41, 0x68, 0x39,
    0x68, 0x39, 0x88, 0x39, 0x68, 0x39, 0x68, 0x39, 0x88, 0x41, 0x68, 0x39,
    0x87, 0x39, 0x88, 0x39, 0x68, 0x39, 0x67, 0x41, 0x88, 0x39, 0x68, 0x39,
    0x88, 0x39, 0x88, 0x41, 0x68, 0x39, 0x88, 0x39, 0x67, 0x41, 0x68, 0x39,
    0x88, 0x39, 0x68, 0x39, 0x88, 0x41, 0x87, 0x39, 0x88, 0x41, 0xc9, 0x49,
    0x68, 0x39, 0x88, 0x39, 0x68, 0x41, 0x68, 0x39, 0x88, 0x41, 0x68, 0x39,
    0x68, 0x39, 0x88, 0x41, 0x88, 0x39, 0x68, 0x39, 0x88, 0x39, 0x88, 0x39,
    0x68, 0x39, 0x68, 0x39, 0x88, 0x41, 0x88, 0x39, 0x68, 0x39, 0x88, 0x39,
    0x68, 0x39, 0x67, 0x41, 0x88, 0x39, 0x88, 0x39, 0x67, 0x41, 0x68, 0x39,
    0x88, 0x39, 0x88, 0x39, 0x88, 0x41, 0x68, 0x39, 0x88, 0x39, 0x88, 0x41,
    0x68, 0x39, 0x67, 0x39, 0x88, 0x41, 0x68, 0x39, 0x68, 0x39, 0x88, 0x39,
    0x68, 0x39, 0x88, 0x41, 0x68, 0x39, 0x88, 0x39, 0x88, 0x39, 0x68, 0x39,
    0x88, 0x41, 0x88, 0x39, 0x68, 0x39, 0x68, 0x39, 0x88, 0x41, 0x88, 0x39,
    0x68, 0x39, 0x88, 0x41, 0x88, 0x39, 0x68, 0x39, 0x88, 0x39, 0x68, 0x39,
    0x88, 0x39, 0x68, 0x39, 0x88, 0x39, 0x67, 0x39, 0x68, 0x39, 0x88, 0x41,
    0x88, 0x39, 0x68, 0x41, 0x88, 0x39, 0x88, 0x39, 0x67, 0x41, 0x68, 0x39,
    0x88, 0x39, 0x68, 0x41, 0x68, 0x39, 0x88, 0x39, 0x68, 0x39, 0x68, 0x39,
    0x88, 0x39, 0x88, 0x39, 0x68, 0x39, 0x87, 0x39, 0x88, 0x41, 0x68, 0x39,
    0x87, 0x39, 0x68, 0x39, 0x68, 0x41, 0x87, 0x41, 0x68, 0x39, 0x68, 0x39,
    0x88, 0x41, 0x68, 0x39, 0x88, 0x39, 0x88, 0x41, 0x68, 0x39, 0x87, 0x39,
    0x68, 0x41, 0x88, 0x39, 0x68, 0x39, 0x88, 0x41, 0x68, 0x39, 0x88, 0x39,
    0x88, 0x41, 0x68, 0x39, 0x88, 0x41, 0x68, 0x39, 0x68, 0x41, 0x88, 0x39,
    0x88, 0x41, 0x68, 0x39, 0x87, 0x39, 0x68, 0x39, 0x68, 0x39, 0x88, 0x39,
    0x67, 0x39, 0x88, 0x39, 0x88, 0x39, 0x68, 0x39, 0x87, 0x41, 0x68, 0x39,
    0x68, 0x39, 0x87, 0x39, 0x68, 0x39, 0x88, 0x39, 0x68, 0x39, 0x88, 0x39,
    0x68, 0x41, 0x68, 0x39, 0x68, 0x39, 0x88, 0x39, 0x88, 0x39, 0x68, 0x39,
    0x88, 0x39, 0x88, 0x39, 0x68, 0x39, 0x88, 0x39, 0x87, 0x39, 0x68, 0x39,
    0x68, 0x41, 0x87, 0x39, 0x68, 0x39, 0x68, 0x39, 0x88, 0x39, 0x88, 0x39,
    0x68, 0x39, 0x88, 0x39, 0x88, 0x39, 0x68, 0x39, 0x88, 0x41, 0x67, 0x39,
    0x68, 0x39, 0x88, 0x41, 0x68, 0x39, 0x68, 0x41, 0x87, 0x41, 0x68, 0x39,
    0x88, 0x39, 0x68, 0x41, 0x87, 0x39, 0x68, 0x39, 0x68, 0x39, 0x88, 0x41,
    0x68, 0x39, 0x88, 0x39, 0x88, 0x39, 0x67, 0x39, 0x88, 0x39, 0x68, 0x39,
    0x68, 0x39, 0x88, 0x41, 0x67, 0x39, 0x68, 0x41, 0x88, 0x39, 0x88, 0x39,
    0x68, 0x39, 0x88, 0x41, 0x88, 0x39, 0x68, 0x39, 0x68, 0x39, 0x88, 0x41,
    0x68, 0x39, 0x87, 0x39, 0x68, 0x39, 0x88, 0x39, 0x68, 0x41, 0x88, 0x39,
    0x68, 0x39, 0x88, 0x41, 0x67, 0x39, 0x88, 0x39, 0x68, 0x41, 0x88, 0x39,
    0x68, 0x39, 0x88, 0x41, 0x88, 0x41, 0x68, 0x39, 0x68, 0x39, 0x88, 0x41,
    0x68, 0x39, 0x88, 0x39, 0x68, 0x41, 0x88, 0x39, 0x88, 0x39, 0x68, 0x39,
    0x87, 0x39, 0x68, 0x39, 0x68, 0x39, 0x88, 0x39, 0x68, 0x39, 0x88, 0x39,
    0x88, 0x39, 0x68, 0x39, 0x88, 0x39, 0x88, 0x39, 0x68, 0x39, 0x68, 0x39,
    0x88, 0x39, 0x68, 0x41, 0x68, 0x39, 0x88, 0x39, 0x88, 0x39, 0x68, 0x39,
    0x88, 0x39, 0x67, 0x41, 0x88, 0x39, 0x88, 0x39, 0x68, 0x39, 0x68, 0x39,
    0x88, 0x41, 0x68, 0x39, 0x88, 0x39, 0x88, 0x39, 0x68, 0x41, 0x68, 0x39,
    0x87, 0x39, 0x68, 0x41, 0x88, 0x39, 0x88, 0x39, 0x68, 0x41, 0x88, 0x39,
    0x88, 0x39, 0x67, 0x41, 0x88, 0x41, 0xa9, 0x41, 0xa9, 0x49, 0xea, 0x51,
    0xc9, 0x41, 0xa9, 0x41, 0x88, 0x41, 0x88, 0x39, 0x67, 0x39, 0x68, 0x41,
    0x88, 0x39, 0x67, 0x39, 0x68, 0x41, 0x88, 0x39, 0x67, 0x41, 0x88, 0x39,
    0x88, 0x39, 0x67, 0x41, 0x68, 0x39, 0x88, 0x39, 0x67, 0x41, 0x88, 0x39,
    0x88, 0x39, 0x68, 0x41, 0x68, 0x39, 0x88, 0x39, 0x88, 0x41, 0x68, 0x39,
    0x67, 0x39, 0x88, 0x41, 0x68, 0x39, 0x68, 0x39, 0x87, 0x39, 0x88, 0x41,
    0x68, 0x39, 0x88, 0x39, 0x88, 0x39, 0x67, 0x41, 0x88, 0x39, 0x68, 0x39,
    0x87, 0x41, 0x68, 0x39, 0x88, 0x41, 0x68, 0x39, 0x67, 0x39, 0x88, 0x41,
    0x68, 0x39, 0x87, 0x39, 0x88, 0x39, 0x68, 0x39, 0x67, 0x39, 0x88, 0x41,
    0x68, 0x39, 0x88, 0x39, 0x68, 0x39, 0x88, 0x41, 0x68, 0x39, 0x88, 0x41,
    0x67, 0x39, 0x88, 0x41, 0x88, 0x39, 0x68, 0x39, 0x88, 0x41, 0x88, 0x39,
    0x68, 0x39, 0x68, 0x39, 0x88, 0x39, 0x88, 0x39, 0x68, 0x39, 0x88, 0x39,
    0x88, 0x39, 0x68, 0x39, 0x88, 0x39, 0x88, 0x41, 0x68, 0x39, 0x68, 0x39,
    0x88, 0x41, 0x68, 0x39, 0x68, 0x39, 0x88, 0x39, 0x68, 0x39, 0x88, 0x41,
    0x88, 0x39, 0x68, 0x39, 0x88, 0x39, 0x88, 0x39, 0x68, 0x39, 0x88, 0x41,
    0x68, 0x39, 0x68, 0x39, 0x87, 0x39, 0x68, 0x39, 0x88, 0x39, 0x68, 0x39,
    0x88, 0x39, 0x68, 0x41, 0x87, 0x39, 0x68, 0x39, 0x68, 0x39, 0x87, 0x39,
    0x68, 0x39, 0x88, 0x41, 0x88, 0x39, 0x68, 0x39, 0x87, 0x39, 0x68, 0x41,
    0x68, 0x39, 0x88, 0x39, 0x88, 0x41, 0x68, 0x39, 0x88, 0x41, 0x68, 0x39,
    0x68, 0x39, 0x88, 0x41, 0x68, 0x39, 0x88, 0x39, 0x88, 0x39, 0x68, 0x39,
    0x88, 0x41, 0x68, 0x41, 0x88, 0x39, 0x68, 0x39, 0x88, 0x41, 0x88, 0x39,
    0x67, 0x39, 0x88, 0x39, 0x88, 0x41, 0x67, 0x39, 0x68, 0x41, 0x88, 0x39,
    0x67, 0x41, 0x68, 0x39, 0x88, 0x41, 0x68, 0x39, 0x88, 0x39, 0x88, 0x41,
    0x68, 0x39, 0x88, 0x39, 0x88, 0x41, 0x67, 0x39, 0x88, 0x41, 0x68, 0x39,
    0x67, 0x41, 0x88, 0x39, 0x68, 0x39, 0x88, 0x39, 0x88, 0x39, 0x68, 0x39,
    0x88, 0x39, 0x88, 0x39, 0x68, 0x39, 0x88, 0x39, 0x68, 0x39, 0x68, 0x39,
    0x88, 0x41, 0x88, 0x39, 0x68, 0x39, 0x88, 0x39, 0x88, 0x39, 0x67, 0x39,
    0x68, 0x39, 0x88, 0x41, 0x68, 0x39, 0x88, 0x41, 0x88, 0x39, 0x68, 0x39,
    0x68, 0x39, 0x88, 0x39, 0x88, 0x39, 0x68, 0x39, 0x68, 0x41, 0x87, 0x39,
    0x68, 0x39, 0x68, 0x39, 0x88, 0x39, 0x88, 0x39, 0x67, 0x39, 0x88, 0x39,
    0x88, 0x41, 0x68, 0x39, 0x88, 0x39, 0x68, 0x41, 0x87, 0x39, 0x68, 0x39,
    0x88, 0x39, 0x68, 0x39, 0x88, 0x39, 0x68, 0x39, 0x88, 0x39, 0x67, 0x39,
    0x68, 0x39, 0x88, 0x39, 0x68, 0x39, 0x88, 0x41, 0x88, 0x39, 0x67, 0x39,
    0x88, 0x41, 0x68, 0x39, 0x87, 0x39, 0x68, 0x41, 0x68, 0x39, 0x88, 0x41,
    0x88, 0x41, 0x68, 0x39, 0x88, 0x39, 0x68, 0x41, 0x68, 0x39, 0x87, 0x41,
    0x68, 0x41, 0x68, 0x39, 0x88, 0x41, 0x88, 0x41, 0x68, 0x39, 0x88, 0x39,
    0x88, 0x39, 0x68, 0x39, 0x68, 0x41, 0x88, 0x39, 0x67, 0x39, 0x68, 0x41,
    0x88, 0x39, 0x68, 0x39, 0x88, 0x41, 0x88, 0x39, 0x67, 0x39, 0x88, 0x41,
    0x68, 0x39, 0x68, 0x39, 0x88, 0x41, 0x88, 0x39, 0x68, 0x39, 0x88, 0x39,
    0x68, 0x39, 0x68, 0x39, 0x88, 0x39, 0x67, 0x39, 0x68, 0x39, 0x88, 0x39,
    0x68, 0x39, 0x68, 0x39, 0x88, 0x41, 0xa9, 0x41, 0xca, 0x49, 0x0b, 0x52,
    0xc9, 0x49, 0xa9, 0x41, 0x88, 0x41, 0x88, 0x39, 0x68, 0x39, 0x88, 0x39,
    0x88, 0x39, 0x68, 0x39, 0x88, 0x39, 0x68, 0x39, 0x68, 0x41, 0x88, 0x39,
    0x68, 0x39, 0x88, 0x41, 0x68, 0x39, 0x68, 0x39, 0x88, 0x41, 0x68, 0x39,
    0x88, 0x39, 0x88, 0x39, 0x68, 0x39, 0x68, 0x39, 0x88, 0x39, 0x88, 0x39,
    0x68, 0x39, 0x88, 0x39, 0x68, 0x39, 0x68, 0x39, 0x88, 0x41, 0x68, 0x39,
    0x68, 0x39, 0x88, 0x39, 0x68, 0x39, 0x88, 0x39, 0x68, 0x41, 0x88, 0x39,
    0x68, 0x39, 0x88, 0x39, 0x68, 0x39, 0x88, 0x41, 0x88, 0x39, 0x68, 0x39,
    0x68, 0x39, 0x68, 0x41, 0x88, 0x39, 0x88, 0x39, 0x68, 0x39, 0x68, 0x39,
    0x87, 0x41, 0x68, 0x39, 0x68, 0x39, 0x87, 0x39, 0x88, 0x39, 0x68, 0x39,
    0x68, 0x41, 0x88, 0x39, 0x68, 0x39, 0x68, 0x41, 0x88, 0x39, 0x67, 0x39,
    0x68, 0x39, 0x88, 0x41, 0x67, 0x39, 0x68, 0x41, 0x88, 0x39, 0x68, 0x41,
    0x88, 0x39, 0x67, 0x39, 0x68, 0x41, 0x88, 0x39, 0x87, 0x39, 0x68, 0x41,
    0x88, 0x39, 0x87, 0x39, 0x68, 0x41, 0x68, 0x39, 0x88, 0x39, 0x68, 0x39,
    0x68, 0x41, 0x88, 0x39, 0x68, 0x39, 0x68, 0x39, 0x87, 0x41, 0x88, 0x39,
    0x68, 0x39, 0x88, 0x41, 0x68, 0x39, 0x68, 0x39, 0x88, 0x41, 0x68, 0x39,
    0x88, 0x39, 0x88, 0x39, 0x68, 0x39, 0x88, 0x41, 0x88, 0x39, 0x68, 0x39,
    0x68, 0x39, 0x87, 0x39, 0x68, 0x39, 0x88, 0x39, 0x88, 0x39, 0x68, 0x39,
    0x68, 0x39, 0x88, 0x39, 0x68, 0x39, 0x87, 0x41, 0x88, 0x39, 0x68, 0x39,
    0x88, 0x41, 0x67, 0x39, 0x68, 0x39, 0x88, 0x41, 0x68, 0x39, 0x88, 0x39,
    0x88, 0x39, 0x68, 0x39, 0x68, 0x39, 0x88, 0x41, 0x68, 0x39, 0x68, 0x39,
    0x88, 0x39, 0x88, 0x41, 0x68, 0x39, 0x68, 0x39, 0x88, 0x39, 0x88, 0x41,
    0x68, 0x39, 0x88, 0x39, 0x68, 0x39, 0x68, 0x41, 0x88, 0x39, 0x68, 0x39,
    0x68, 0x39, 0x88, 0x39, 0x68, 0x39, 0x88, 0x41, 0x68, 0x39, 0x88, 0x39,
    0x88, 0x39, 0x68, 0x41, 0x67, 0x39, 0x88, 0x41, 0x68, 0x39, 0x68, 0x41,
    0x88, 0x41, 0x67, 0x39, 0x88, 0x39, 0x88, 0x41, 0x68, 0x39, 0x88, 0x39,
    0x67, 0x39, 0x68, 0x39, 0x88, 0x41, 0x68, 0x41, 0x88, 0x39, 0x68, 0x39,
    0x88, 0x41, 0x67, 0x39, 0x68, 0x39, 0x88, 0x39, 0x68, 0x41, 0x68, 0x39,
    0x68, 0x39, 0x88, 0x39, 0x68, 0x41, 0x88, 0x39, 0x68, 0x39, 0x88, 0x41,
    0x88, 0x39, 0x67, 0x41, 0x68, 0x41, 0x88, 0x39, 0x68, 0x39, 0x68, 0x39,
    0x88, 0x39, 0x68, 0x41, 0x68, 0x39, 0x88, 0x39, 0x68, 0x39, 0x88, 0x41,
    0x68, 0x39, 0x87, 0x41, 0x68, 0x39, 0x88, 0x41, 0x88, 0x39, 0x68, 0x41,
    0x88, 0x39, 0x68, 0x39, 0x67, 0x39, 0x88, 0x39, 0x68, 0x39, 0x88, 0x39,
    0x68, 0x41, 0x88, 0x39, 0x68, 0x39, 0x88, 0x39, 0x68, 0x39, 0x68, 0x39,
    0x88, 0x39, 0x88, 0x39, 0x67, 0x41, 0x88, 0x39, 0x88, 0x39, 0x68, 0x39,
    0x88, 0x39, 0x67, 0x39, 0x68, 0x39, 0x88, 0x39, 0x67, 0x41, 0x88, 0x39,
    0x88, 0x39, 0x67, 0x41, 0x88, 0x39, 0x88, 0x39, 0x68, 0x41, 0x88, 0x39,
    0x88, 0x39, 0x68, 0x39, 0x68, 0x39, 0x68, 0x41, 0x88, 0x39, 0x88, 0x39,
    0x68, 0x39, 0x87, 0x39, 0x68, 0x39, 0x68, 0x41, 0x87, 0x39, 0x88, 0x39,
    0x68, 0x41, 0x88, 0x39, 0x88, 0x41, 0x68, 0x39, 0x88, 0x41, 0x88, 0x39,
    0x68, 0x39, 0x88, 0x39, 0x68, 0x39, 0x68, 0x39, 0x88, 0x41, 0xea, 0x49,
    0x68, 0x39, 0x68, 0x39, 0x88, 0x39, 0x68, 0x39, 0x88, 0x41, 0x68, 0x39,
    0x88, 0x39, 0x88, 0x41, 0x67, 0x39, 0x88, 0x39, 0x88, 0x39, 0x68, 0x39,
    0x68, 0x39, 0x88, 0x39, 0x88, 0x39, 0x68, 0x39, 0x88, 0x39, 0x68, 0x41,
    0x67, 0x39, 0x88, 0x39, 0x88, 0x41, 0x67, 0x41, 0x68, 0x39, 0x88, 0x41,
    0x68, 0x39, 0x88, 0x41, 0x87, 0x39, 0x68, 0x39, 0x88, 0x39, 0x68, 0x39,
    0x87, 0x41, 0x68, 0x41, 0x88, 0x39, 0x68, 0x39, 0x88, 0x39, 0x68, 0x39,
    0x88, 0x41, 0x67, 0x39, 0x88, 0x39, 0x68, 0x39, 0x88, 0x41, 0x88, 0x39,
    0x68, 0x39, 0x88, 0x41, 0x67, 0x39, 0x88, 0x41, 0x88, 0x39, 0x68, 0x39,
    0x88, 0x39, 0x88, 0x41, 0x68, 0x39, 0x68, 0x39, 0x88, 0x41, 0x68, 0x39,
    0x88, 0x39, 0x88, 0x39, 0x67, 0x39, 0x88, 0x39, 0x88, 0x39, 0x68, 0x39,
    0x88, 0x41, 0x88, 0x39, 0x68, 0x39, 0x88, 0x39, 0x68, 0x41, 0x88, 0x39,
    0x68, 0x39, 0x88, 0x41, 0x68, 0x39, 0x68, 0x39, 0x88, 0x39, 0x68, 0x39,
    0x68, 0x39, 0x88, 0x39, 0x88, 0x41, 0x68, 0x39, 0x87, 0x39, 0x88, 0x41,
    0x68, 0x39, 0x87, 0x39, 0x88, 0x41, 0x68, 0x39, 0x68, 0x39, 0x88, 0x39,
    0x88, 0x39, 0x67, 0x41, 0x88, 0x39, 0x88, 0x39, 0x68, 0x41, 0x87, 0x39,
    0x68, 0x41, 0x68, 0x39, 0x88, 0x39, 0x68, 0x41, 0x87, 0x39, 0x68, 0x41,
    0x88, 0x41, 0x68, 0x39, 0x68, 0x41, 0x88, 0x39, 0x68, 0x41, 0x88, 0x39,
    0x87, 0x41, 0x68, 0x39, 0x68, 0x39, 0x88, 0x39, 0x68, 0x39, 0x88, 0x39,
    0x88, 0x39, 0x68, 0x39, 0x88, 0x39, 0x68, 0x41, 0x67, 0x39, 0x88, 0x39,
    0x68, 0x41, 0x87, 0x39, 0x88, 0x39, 0x68, 0x39, 0x87, 0x41, 0x68, 0x39,
    0x68, 0x39, 0x88, 0x39, 0x68, 0x39, 0x88, 0x39, 0x88, 0x39, 0x68, 0x39,
    0x88, 0x39, 0x88, 0x39, 0x67, 0x39, 0x88, 0x39, 0x88, 0x41, 0x67, 0x39,
    0x88, 0x39, 0x68, 0x41, 0x87, 0x39, 0x68, 0x39, 0x68, 0x39, 0x88, 0x39,
    0x88, 0x39, 0x68, 0x39, 0x88, 0x41, 0x88, 0x39, 0x68, 0x39, 0x88, 0x39,
    0x68, 0x39, 0x68, 0x39, 0x88, 0x41, 0x68, 0x39, 0x88, 0x39, 0x88, 0x41,
    0x68, 0x39, 0x88, 0x39, 0x68, 0x39, 0x67, 0x39, 0x88, 0x39, 0x88, 0x41,
    0x68, 0x39, 0x88, 0x39, 0x88, 0x39, 0x68, 0x39, 0x87, 0x39, 0x88, 0x39,
    0x68, 0x39, 0x88, 0x39, 0x67, 0x41, 0x88, 0x39, 0x68, 0x39, 0x68, 0x39,
    0x88, 0x39, 0x88, 0x39, 0x68, 0x39, 0x88, 0x41, 0x88, 0x41, 0x68, 0x39,
    0x88, 0x39, 0x87, 0x39, 0x68, 0x39, 0x88, 0x39, 0x88, 0x41, 0x68, 0x39,
    0x88, 0x39, 0x68, 0x39, 0x68, 0x41, 0x88, 0x39, 0x68, 0x39, 0x88, 0x39,
    0x88, 0x41, 0x68, 0x41, 0x88, 0x39, 0x68, 0x41, 0x88, 0x39, 0x68, 0x39,
    0x88, 0x39, 0x68, 0x41, 0x88, 0x39, 0x88, 0x39, 0x67, 0x41, 0x88, 0x39,
    0x68, 0x39, 0x68, 0x39, 0x88, 0x39, 0x68, 0x39, 0x88, 0x41, 0x68, 0x39,
    0x88, 0x39, 0x88, 0x39, 0x68, 0x39, 0x88, 0x39, 0x68, 0x39, 0x68, 0x41,
    0x88, 0x39, 0x68, 0x39, 0x68, 0x39, 0x88, 0x39, 0x68, 0x39, 0x88, 0x41,
    0x67, 0x39, 0x88, 0x39, 0x88, 0x41, 0x67, 0x39, 0x68, 0x39, 0x88, 0x39,
    0x68, 0x41, 0x88, 0x39, 0x88, 0x39, 0x68, 0x39, 0x68, 0x41, 0x88, 0x39,
    0x67, 0x39, 0x88, 0x41, 0x68, 0x39, 0x68, 0x39, 0x88, 0x39, 0x67, 0x41,
    0x88, 0x39, 0x88, 0x39, 0x88, 0x39, 0x68, 0x39, 0x88, 0x41, 0xa9, 0x41,
    0x68, 0x39, 0x88, 0x39, 0x68, 0x39, 0x88, 0x41, 0x68, 0x39, 0x67, 0x39,
    0x88, 0x41, 0x68, 0x39, 0x68, 0x39, 0x88, 0x41, 0x87, 0x39, 0x68, 0x41,
    0x88, 0x39, 0x87, 0x41, 0x68, 0x39, 0x88, 0x39, 0x87, 0x39, 0x68, 0x39,
    0x68, 0x41, 0x88, 0x39, 0x68, 0x39, 0x88, 0x39, 0x88, 0x39, 0x67, 0x39,
    0x68, 0x41, 0x88, 0x39, 0x68, 0x39, 0x88, 0x41, 0x88, 0x39, 0x68, 0x39,
    0x88, 0x39, 0x88, 0x39, 0x68, 0x41, 0x87, 0x39, 0x68, 0x39, 0x88, 0x41,
    0x68, 0x39, 0x88, 0x39, 0x68, 0x39, 0x67, 0x39, 0x68, 0x39, 0x88, 0x39,
    0x87, 0x39, 0x68, 0x39, 0x68, 0x39, 0x88, 0x39, 0x68, 0x41, 0x68, 0x39,
    0x88, 0x39, 0x88, 0x39, 0x68, 0x41, 0x88, 0x39, 0x67, 0x39, 0x88, 0x41,
    0x68, 0x39, 0x68, 0x39, 0x88, 0x41, 0x68, 0x39, 0x68, 0x39, 0x88, 0x41,
    0x68, 0x39, 0x88, 0x39, 0x88, 0x39, 0x67, 0x39, 0x88, 0x39, 0x68, 0x39,
    0x87, 0x39, 0x88, 0x39, 0x88, 0x39, 0x68, 0x41, 0x88, 0x39, 0x87, 0x39,
    0x68, 0x41, 0x68, 0x39, 0x88, 0x39, 0x68, 0x39, 0x68, 0x41, 0x88, 0x39,
    0x68, 0x39, 0x68, 0x39, 0x88, 0x41, 0x88, 0x39, 0x68, 0x39, 0x68, 0x41,
    0x88, 0x39, 0x68, 0x39, 0x88, 0x39, 0x68, 0x39, 0x68, 0x39, 0x88, 0x39,
    0x68, 0x39, 0x87, 0x41, 0x68, 0x39, 0x68, 0x39, 0x88, 0x39, 0x88, 0x39,
    0x68, 0x39, 0x88, 0x39, 0x88, 0x39, 0x67, 0x39, 0x68, 0x39, 0x88, 0x41,
    0x88, 0x39, 0x68, 0x39, 0x88, 0x41, 0x68, 0x39, 0x68, 0x41, 0x87, 0x39,
    0x68, 0x41, 0x88, 0x39, 0x88, 0x39, 0x68, 0x39, 0x88, 0x39, 0x68, 0x41,
    0x68, 0x39, 0x88, 0x39, 0x68, 0x41, 0x88, 0x39, 0x88, 0x39, 0x68, 0x41,
    0x87, 0x39, 0x68, 0x41, 0x88, 0x41, 0x67, 0x39, 0x68, 0x41, 0x68, 0x39,
    0x87, 0x41, 0x68, 0x41, 0x68, 0x39, 0x88, 0x39, 0x68, 0x39, 0x88, 0x41,
    0x68, 0x39, 0x88, 0x39, 0x88, 0x41, 0x68, 0x39, 0x88, 0x39, 0x67, 0x41,
    0x68, 0x39, 0x88, 0x39, 0x68, 0x39, 0x68, 0x39, 0x87, 0x39, 0x88, 0x41,
    0x68, 0x39, 0x88, 0x39, 0x67, 0x39, 0x68, 0x39, 0x88, 0x39, 0x67, 0x41,
    0x88, 0x39, 0x88, 0x39, 0x68, 0x41, 0x88, 0x39, 0x68, 0x39, 0x68, 0x39,
    0x88, 0x39, 0x68, 0x41, 0x68, 0x41, 0x88, 0x39, 0x68, 0x39, 0x68, 0x41,
    0x88, 0x39, 0x68, 0x39, 0x88, 0x39, 0x68, 0x39, 0x88, 0x41, 0x67, 0x39,
    0x68, 0x39, 0x88, 0x39, 0x68, 0x39, 0x67, 0x39, 0x88, 0x39, 0x68, 0x41,
    0x68, 0x39, 0x88, 0x39, 0x68, 0x41, 0x67, 0x39, 0x88, 0x39, 0x68, 0x39,
    0x87, 0x39, 0x88, 0x39, 0x68, 0x39, 0x67, 0x39, 0x88, 0x39, 0x68, 0x39,
    0x67, 0x39, 0x88, 0x39, 0x88, 0x39, 0x68, 0x39, 0x67, 0x41, 0x88, 0x39,
    0x68, 0x39, 0x67, 0x39, 0x88, 0x39, 0x68, 0x41, 0x88, 0x39, 0x88, 0x39,
    0x68, 0x41, 0x87, 0x41, 0x68, 0x39, 0x88, 0x39, 0x67, 0x41, 0x68, 0x39,
    0x88, 0x41, 0x68, 0x41, 0x88, 0x39, 0x88, 0x39, 0x68, 0x41, 0x87, 0x39,
    0x68, 0x39, 0x88, 0x41, 0x88, 0x39, 0x67, 0x39, 0x88, 0x41, 0x68, 0x39,
    0x68, 0x39, 0x88, 0x39, 0x88, 0x39, 0x68, 0x39, 0x88, 0x41, 0x68, 0x39,
    0x68, 0x39, 0x88, 0x41, 0x87, 0x39, 0x68, 0x39, 0x88, 0x39, 0x68, 0x39,
    0x88, 0x39, 0x68, 0x39, 0x88, 0x39, 0x87, 0x39, 0x68, 0x39, 0x68, 0x41,
    0x68, 0x39, 0x88, 0x41, 0x68, 0x39, 0x88, 0x39, 0x88, 0x39, 0x88, 0x41,
    0x88, 0x39, 0x88, 0x41, 0x68, 0x39, 0x88, 0x39, 0x88, 0x39, 0x68, 0x39,
    0x88, 0x39, 0x68, 0x39, 0x68, 0x41, 0x88, 0x39, 0x68, 0x39, 0x68, 0x39,
    0x88, 0x41, 0x68, 0x39, 0x68, 0x39, 0x88, 0x41, 0x68, 0x39, 0x88, 0x39,
    0x88, 0x39, 0x68, 0x39, 0x68, 0x39, 0x88, 0x41, 0x88, 0x39, 0x68, 0x39,
    0x88, 0x39, 0xa7, 0x49, 0xa7, 0x49, 0x87, 0x41, 0x88, 0x41, 0x68, 0x39,
    0x68, 0x39, 0x88, 0x39, 0x68, 0x39, 0x68, 0x41, 0x88, 0x39, 0x67, 0x39,
    0x88, 0x39, 0x88, 0x41, 0x68, 0x41, 0x88, 0x39, 0x88, 0x41, 0x68, 0x39,
    0x68, 0x41, 0x88, 0x39, 0x88, 0x39, 0x68, 0x39, 0x87, 0x41, 0x68, 0x39,
    0x68, 0x39, 0x87, 0x39, 0x68, 0x39, 0x88, 0x39, 0x88, 0x39, 0x68, 0x39,
    0x88, 0x41, 0x87, 0x39, 0x68, 0x39, 0x88, 0x41, 0x88, 0x39, 0x67, 0x39,
    0x68, 0x39, 0x68, 0x41, 0x88, 0x41, 0x68, 0x39, 0x68, 0x39, 0x88, 0x41,
    0x68, 0x41, 0x68, 0x39, 0x87, 0x39, 0x68, 0x41, 0x68, 0x39, 0x88, 0x39,
    0x88, 0x41, 0x68, 0x39, 0x87, 0x39, 0x88, 0x41, 0x68, 0x39, 0x88, 0x39,
    0x88, 0x39, 0x68, 0x39, 0x67, 0x39, 0x88, 0x39, 0x88, 0x41, 0x67, 0x39,
    0x68, 0x39, 0x88, 0x41, 0x68, 0x39, 0x88, 0x41, 0x87, 0x39, 0x68, 0x39,
    0x88, 0x39, 0x88, 0x39, 0x68, 0x39, 0x88, 0x39, 0x68, 0x41, 0x68, 0x39,
    0x87, 0x39, 0x68, 0x41, 0x88, 0x39, 0x68, 0x39, 0x88, 0x39, 0x68, 0x39,
    0x68, 0x39, 0x88, 0x39, 0x87, 0x39, 0x68, 0x41, 0x88, 0x39, 0x68, 0x39,
    0x68, 0x39, 0x88, 0x41, 0x67, 0x39, 0x88, 0x39, 0x88, 0x41, 0x68, 0x39,
    0x88, 0x39, 0x68, 0x39, 0x67, 0x39, 0x88, 0x39, 0x68, 0x39, 0x88, 0x39,
    0x88, 0x39, 0x68, 0x39, 0x88, 0x39, 0x88, 0x39, 0x68, 0x39, 0x88, 0x39,
    0x68, 0x39, 0x88, 0x39, 0x88, 0x41, 0x68, 0x39, 0x68, 0x39, 0x88, 0x39,
    0x68, 0x39, 0x68, 0x39, 0x88, 0x39, 0x68, 0x39, 0x88, 0x41, 0x88, 0x39,
    0x68, 0x41, 0x88, 0x39, 0x67, 0x39, 0x68, 0x41, 0x88, 0x39, 0x68, 0x39,
    0x88, 0x41, 0x88, 0x39, 0x68, 0x41, 0x88, 0x39, 0x68, 0x39, 0x68, 0x39,
    0x88, 0x39, 0x68, 0x41, 0x88, 0x39, 0x88, 0x39, 0x67, 0x41, 0x88, 0x39,
    0x88, 0x39, 0x67, 0x39, 0x88, 0x39, 0x88, 0x39, 0x68, 0x39, 0x68, 0x39,
    0x68, 0x39, 0x88, 0x41, 0x68, 0x39, 0x88, 0x39, 0x88, 0x41, 0x88, 0x39,
    0x68, 0x41, 0x88, 0x41, 0x88, 0x39, 0x68, 0x39, 0x88, 0x39, 0x88, 0x39,
    0x67, 0x41, 0x88, 0x39, 0x88, 0x39, 0x68, 0x41, 0x68, 0x39, 0x88, 0x41,
    0x68, 0x41, 0x88, 0x39, 0x88, 0x39, 0x68, 0x41, 0x88, 0x41, 0x88, 0x39,
    0x68, 0x39, 0x68, 0x41, 0x88, 0x39, 0x88, 0x39, 0x68, 0x39, 0x88, 0x41,
    0x88, 0x39, 0x68, 0x39, 0x88, 0x41, 0x68, 0x39, 0x68, 0x39, 0x88, 0x39,
    0x68, 0x39, 0x88, 0x39, 0x88, 0x39, 0x68, 0x39, 0x88, 0x39, 0x88, 0x39,
    0x68, 0x39, 0x67, 0x39, 0x88, 0x39, 0x68, 0x41, 0x88, 0x39, 0x68, 0x39,
    0x88, 0x39, 0x68, 0x41, 0x68, 0x39, 0x88, 0x39, 0x88, 0x39, 0x68, 0x39,
    0x68, 0x41, 0x88, 0x39, 0x68, 0x39, 0x68, 0x41, 0x88, 0x39, 0x87, 0x39,
    0x68, 0x39, 0x68, 0x41, 0x88, 0x39, 0x68, 0x39, 0x88, 0x41, 0x88, 0x39,
    0x68, 0x41, 0x68, 0x39, 0x88, 0x41, 0x88, 0x39, 0x68, 0x39, 0x88, 0x39,
    0x88, 0x39, 0x67, 0x39, 0x68, 0x41, 0x88, 0x39, 0x68, 0x39, 0x68, 0x39,
    0x88, 0x39, 0x68, 0x39, 0x68, 0x41, 0x88, 0x39, 0x68, 0x41, 0x88, 0x39,
    0x88, 0x39, 0x67, 0x41, 0x88, 0x39, 0x88, 0x39, 0x68, 0x39, 0x88, 0x39,
    0x68, 0x39, 0x88, 0x39, 0x68, 0x39, 0x68, 0x41, 0x88, 0x39, 0x68, 0x41,
    0x87, 0x39, 0x68, 0x39, 0x88, 0x41, 0x67, 0x39, 0x68, 0x39, 0x88, 0x41,
    0x87, 0x41, 0xe8, 0x51, 0x08, 0x52, 0xc7, 0x49, 0xa7, 0x49, 0xa7, 0x41,
    0x88, 0x41, 0x68, 0x39, 0x87, 0x39, 0x88, 0x39, 0x68, 0x41, 0x68, 0x39,
    0x88, 0x39, 0x68, 0x39, 0x88, 0x39, 0x68, 0x39, 0x88, 0x39, 0x68, 0x41,
    0x68, 0x39, 0x88, 0x39, 0x68, 0x41, 0x88, 0x39, 0x88, 0x39, 0x68, 0x41,
    0x88, 0x39, 0x68, 0x41, 0x68, 0x39, 0x88, 0x41, 0x68, 0x39, 0x68, 0x39,
    0x88, 0x39, 0x68, 0x39, 0x68, 0x39, 0x88, 0x41, 0x88, 0x39, 0x68, 0x39,
    0x88, 0x39, 0x87, 0x39, 0x68, 0x39, 0x88, 0x39, 0x88, 0x41, 0x68, 0x39,
    0x88, 0x39, 0x68, 0x39, 0x88, 0x39, 0x88, 0x39, 0x68, 0x39, 0x68, 0x39,
    0x88, 0x39, 0x68, 0x39, 0x68, 0x39, 0x88, 0x39, 0x67, 0x39, 0x68, 0x41,
    0x88, 0x41, 0x88, 0x39, 0x68, 0x39, 0x68, 0x41, 0x88, 0x39, 0x88, 0x39,
    0x68, 0x39, 0x88, 0x39, 0x67, 0x39, 0x88, 0x41, 0x68, 0x39, 0x68, 0x41,
    0x88, 0x41, 0x68, 0x39, 0x88, 0x39, 0x87, 0x41, 0x68, 0x39, 0x88, 0x39,
    0x68, 0x39, 0x88, 0x41, 0x68, 0x39, 0x88, 0x41, 0x88, 0x39, 0x67, 0x41,
    0x68, 0x39, 0x88, 0x39, 0x68, 0x39, 0x88, 0x39, 0x88, 0x39, 0x68, 0x39,
    0x88, 0x39, 0x68, 0x41, 0x68, 0x39, 0x88, 0x39, 0x67, 0x39, 0x88, 0x39,
    0x88, 0x41, 0x68, 0x39, 0x88, 0x41, 0x68, 0x39, 0x68, 0x41, 0x88, 0x39,
    0x68, 0x39, 0x68, 0x41, 0x88, 0x39, 0x68, 0x39, 0x87, 0x41, 0x88, 0x39,
    0x68, 0x39, 0x68, 0x39, 0x87, 0x39, 0x88, 0x41, 0x68, 0x39, 0x87, 0x39,
    0x88, 0x41, 0x68, 0x39, 0x87, 0x39, 0x68, 0x41, 0x68, 0x39, 0x88, 0x39,
    0x68, 0x39, 0x88, 0x41, 0x88, 0x39, 0x88, 0x39, 0x68, 0x39, 0x68, 0x39,
    0x87, 0x39, 0x68, 0x39, 0x88, 0x39, 0x88, 0x41, 0x68, 0x39, 0x88, 0x39,
    0x68, 0x41, 0x67, 0x39, 0x88, 0x39, 0x68, 0x39, 0x68, 0x41, 0x88, 0x39,
    0x68, 0x39, 0x68, 0x41, 0x88, 0x39, 0x68, 0x39, 0x87, 0x41, 0x88, 0x39,
    0x68, 0x39, 0x88, 0x39, 0x67, 0x39, 0x68, 0x39, 0x88, 0x39, 0x68, 0x39,
    0x68, 0x39, 0x87, 0x39, 0x68, 0x41, 0x68, 0x39, 0x88, 0x39, 0x68, 0x39,
    0x68, 0x39, 0x88, 0x39, 0x88, 0x39, 0x68, 0x39, 0x88, 0x39, 0x88, 0x39,
    0x68, 0x39, 0x68, 0x39, 0x88, 0x39, 0x68, 0x39, 0x68, 0x39, 0x88, 0x39,
    0x88, 0x41, 0x67, 0x39, 0x68, 0x39, 0x88, 0x41, 0x68, 0x39, 0x88, 0x39,
    0x67, 0x41, 0x88, 0x39, 0x88, 0x39, 0x67, 0x39, 0x88, 0x41, 0x68, 0x39,
    0x67, 0x39, 0x88, 0x41, 0x68, 0x39, 0x68, 0x41, 0x88, 0x39, 0x88, 0x39,
    0x68, 0x39, 0x88, 0x39, 0x68, 0x41, 0x67, 0x39, 0x88, 0x39, 0x68, 0x39,
    0x88, 0x39, 0x67, 0x39, 0x68, 0x41, 0x88, 0x39, 0x68, 0x39, 0x87, 0x41,
    0x88, 0x39, 0x68, 0x39, 0x87, 0x41, 0x68, 0x39, 0x88, 0x39, 0x88, 0x39,
    0x68, 0x41, 0x88, 0x39, 0x68, 0x39, 0x68, 0x41, 0x87, 0x39, 0x68, 0x39,
    0x68, 0x39, 0x87, 0x41, 0x68, 0x39, 0x68, 0x39, 0x88, 0x41, 0x68, 0x39,
    0x88, 0x39, 0x68, 0x41, 0x88, 0x39, 0x88, 0x39, 0x68, 0x41, 0x88, 0x41,
    0x68, 0x39, 0x88, 0x39, 0x67, 0x39, 0x68, 0x39, 0x88, 0x39, 0x67, 0x41,
    0x68, 0x39, 0x88, 0x39, 0x68, 0x39, 0x68, 0x41, 0x87, 0x41, 0x88, 0x39,
    0x68, 0x39, 0x87, 0x41, 0x88, 0x39, 0x68, 0x39, 0x87, 0x39, 0x68, 0x39,
    0x68, 0x41, 0x88, 0x39, 0x88, 0x39, 0x68, 0x39, 0x88, 0x39, 0x87, 0x41,
    0xe7, 0x51, 0x08, 0x5a, 0x28, 0x5a, 0x08, 0x5a, 0x08, 0x52, 0xe8, 0x51,
    0xa7, 0x41, 0x68, 0x39, 0x68, 0x39, 0x88, 0x39, 0x88, 0x39, 0x68, 0x41,
    0x88, 0x39, 0x67, 0x39, 0x68, 0x41, 0x88, 0x39, 0x67, 0x39, 0x88, 0x39,
    0x88, 0x39, 0x67, 0x39, 0x68, 0x41, 0x88, 0x39, 0x68, 0x39, 0x88, 0x39,
    0x88, 0x39, 0x68, 0x39, 0x87, 0x41, 0x88, 0x39, 0x68, 0x39, 0x87, 0x41,
    0x88, 0x39, 0x68, 0x39, 0x68, 0x41, 0x87, 0x39, 0x68, 0x39, 0x68, 0x41,
    0x88, 0x39, 0x68, 0x39, 0x68, 0x41, 0x88, 0x39, 0x67, 0x39, 0x88, 0x39,
    0x68, 0x39, 0x88, 0x41, 0x68, 0x39, 0x88, 0x41, 0x87, 0x39, 0x68, 0x41,
    0x88, 0x39, 0x87, 0x41, 0x68, 0x39, 0x88, 0x39, 0x88, 0x39, 0x68, 0x39,
    0x68, 0x39, 0x87, 0x39, 0x88, 0x41, 0x68, 0x39, 0x68, 0x39, 0x88, 0x39,
    0x88, 0x41, 0x68, 0x39, 0x88, 0x39, 0x68, 0x39, 0x88, 0x39, 0x88, 0x39,
    0x68, 0x39, 0x68, 0x39, 0x88, 0x41, 0x68, 0x39, 0x88, 0x39, 0x68, 0x39,
    0x88, 0x41, 0x68, 0x39, 0x67, 0x39, 0x88, 0x39, 0x68, 0x39, 0x88, 0x41,
    0x88, 0x39, 0x68, 0x41, 0x68, 0x41, 0x88, 0x39, 0x67, 0x41, 0x88, 0x39,
    0x88, 0x39, 0x67, 0x39, 0x88, 0x41, 0x68, 0x39, 0x68, 0x39, 0x88, 0x41,
    0x68, 0x39, 0x87, 0x39, 0x88, 0x39, 0x68, 0x41, 0x87, 0x39, 0x88, 0x39,
    0x68, 0x41, 0x87, 0x39, 0x68, 0x39, 0x68, 0x41, 0x88, 0x39, 0x68, 0x39,
    0x88, 0x41, 0x68, 0x39, 0x68, 0x39, 0x88, 0x39, 0x68, 0x41, 0x68, 0x39,
    0x88, 0x39, 0x88, 0x41, 0x68, 0x39, 0x88, 0x39, 0x87, 0x39, 0x68, 0x39,
    0x68, 0x39, 0x87, 0x39, 0x68, 0x41, 0x68, 0x39, 0x88, 0x41, 0x88, 0x39,
    0x68, 0x41, 0x68, 0x39, 0x88, 0x39, 0x67, 0x41, 0x88, 0x39, 0x88, 0x39,
    0x68, 0x39, 0x88, 0x39, 0x88, 0x39, 0x68, 0x41, 0x88, 0x39, 0x88, 0x39,
    0x68, 0x39, 0x88, 0x41, 0x68, 0x39, 0x68, 0x39, 0x88, 0x41, 0x68, 0x39,
    0x88, 0x39, 0x68, 0x39, 0x88, 0x41, 0x68, 0x39, 0x88, 0x39, 0x67, 0x41,
    0x88, 0x39, 0x88, 0x39, 0x68, 0x39, 0x88, 0x41, 0x87, 0x39, 0x68, 0x41,
    0x88, 0x39, 0x68, 0x41, 0x68, 0x41, 0x87, 0x39, 0x68, 0x39, 0x88, 0x41,
    0x67, 0x39, 0x88, 0x41, 0x88, 0x39, 0x67, 0x39, 0x68, 0x41, 0x88, 0x39,
    0x88, 0x39, 0x68, 0x39, 0x88, 0x39, 0x67, 0x41, 0x88, 0x39, 0x68, 0x39,
    0x68, 0x39, 0x88, 0x39, 0x68, 0x39, 0x88, 0x41, 0x88, 0x39, 0x68, 0x39,
    0x88, 0x41, 0x88, 0x39, 0x68, 0x39, 0x67, 0x39, 0x88, 0x41, 0x68, 0x41,
    0x67, 0x39, 0x88, 0x39, 0x88, 0x39, 0x68, 0x39, 0x88, 0x41, 0x88, 0x41,
    0x68, 0x39, 0x88, 0x39, 0x88, 0x39, 0x68, 0x41, 0x68, 0x39, 0x88, 0x39,
    0x68, 0x39, 0x88, 0x39, 0x88, 0x39, 0x68, 0x41, 0x68, 0x39, 0x88, 0x39,
    0x68, 0x39, 0x87, 0x39, 0x88, 0x39, 0x68, 0x39, 0x88, 0x39, 0x88, 0x39,
    0x68, 0x39, 0x88, 0x39, 0x88, 0x39, 0x68, 0x39, 0x87, 0x41, 0x68, 0x39,
    0x68, 0x39, 0x88, 0x41, 0x68, 0x39, 0x67, 0x39, 0x88, 0x39, 0x68, 0x39,
    0x88, 0x41, 0x88, 0x39, 0x88, 0x39, 0x68, 0x41, 0x88, 0x39, 0x68, 0x39,
    0x88, 0x41, 0x88, 0x39, 0x68, 0x39, 0x88, 0x39, 0x68, 0x39, 0x68, 0x39,
    0x88, 0x41, 0x68, 0x39, 0x88, 0x39, 0x88, 0x41, 0x68, 0x39, 0x88, 0x39,
    0x88, 0x39, 0x68, 0x41, 0x68, 0x39, 0x88, 0x39, 0x87, 0x41, 0xc7, 0x49,
    0x08, 0x52, 0x29, 0x5a, 0x09, 0x5a, 0x28, 0x5a, 0x29, 0x5a, 0xe8, 0x51,
    0xa7, 0x41, 0x68, 0x41, 0x68, 0x41, 0x88, 0x39, 0x68, 0x39, 0x88, 0x39,
    0x88, 0x39, 0x68, 0x41, 0x88, 0x39, 0x88, 0x39, 0x68, 0x41, 0x88, 0x39,
    0x88, 0x39, 0x68, 0x41, 0x88, 0x39, 0x67, 0x39, 0x68, 0x41, 0x88, 0x39,
    0x67, 0x39, 0x68, 0x39, 0x88, 0x39, 0x68, 0x39, 0x68, 0x39, 0x88, 0x41,
    0x88, 0x39, 0x68, 0x39, 0x88, 0x39, 0x88, 0x39, 0x68, 0x39, 0x88, 0x41,
    0x88, 0x39, 0x68, 0x39, 0x88, 0x41, 0x68, 0x39, 0x88, 0x39, 0x68, 0x41,
    0x87, 0x39, 0x68, 0x39, 0x68, 0x41, 0x68, 0x39, 0x88, 0x39, 0x68, 0x39,
    0x68, 0x41, 0x88, 0x39, 0x68, 0x41, 0x68, 0x41, 0x88, 0x39, 0x88, 0x39,
    0x68, 0x39, 0x68, 0x41, 0x88, 0x39, 0x88, 0x39, 0x67, 0x39, 0x68, 0x41,
    0x88, 0x39, 0x67, 0x39, 0x68, 0x41, 0x88, 0x39, 0x68, 0x39, 0x87, 0x41,
    0x68, 0x39, 0x88, 0x39, 0x67, 0x39, 0x68, 0x39, 0x88, 0x41, 0x88, 0x39,
    0x68, 0x39, 0x88, 0x39, 0x88, 0x39, 0x68, 0x39, 0x68, 0x39, 0x88, 0x39,
    0x88, 0x39, 0x67, 0x39, 0x88, 0x39, 0x68, 0x39, 0x68, 0x39, 0x88, 0x41,
    0x68, 0x39, 0x88, 0x39, 0x88, 0x39, 0x68, 0x41, 0x88, 0x39, 0x68, 0x39,
    0x68, 0x39, 0x88, 0x39, 0x68, 0x39, 0x68, 0x39, 0x88, 0x39, 0x68, 0x39,
    0x88, 0x39, 0x88, 0x39, 0x68, 0x39, 0x88, 0x39, 0x68, 0x39, 0x88, 0x39,
    0x87, 0x41, 0x68, 0x39, 0x88, 0x39, 0x88, 0x41, 0x68, 0x39, 0x68, 0x39,
    0x87, 0x39, 0x68, 0x39, 0x68, 0x41, 0x88, 0x39, 0x88, 0x41, 0x68, 0x39,
    0x88, 0x39, 0x68, 0x41, 0x88, 0x39, 0x68, 0x39, 0x87, 0x39, 0x88, 0x39,
    0x68, 0x41, 0x88, 0x39, 0x68, 0x39, 0x68, 0x39, 0x88, 0x41, 0x67, 0x39,
    0x68, 0x41, 0x88, 0x39, 0x68, 0x39, 0x67, 0x39, 0x88, 0x39, 0x68, 0x39,
    0x87, 0x41, 0x88, 0x39, 0x68, 0x39, 0x87, 0x39, 0x68, 0x39, 0x68, 0x39,
    0x68, 0x39, 0x88, 0x39, 0x68, 0x41, 0x88, 0x39, 0x68, 0x39, 0x88, 0x41,
    0x68, 0x39, 0x68, 0x39, 0x88, 0x39, 0x68, 0x39, 0x68, 0x41, 0x88, 0x39,
    0x88, 0x39, 0x68, 0x39, 0x88, 0x39, 0x68, 0x39, 0x68, 0x41, 0x88, 0x39,
    0x68, 0x39, 0x68, 0x39, 0x88, 0x41, 0x88, 0x39, 0x68, 0x39, 0x67, 0x41,
    0x88, 0x39, 0x68, 0x39, 0x88, 0x39, 0x88, 0x39, 0x68, 0x39, 0x88, 0x41,
    0x88, 0x39, 0x68, 0x39, 0x68, 0x41, 0x68, 0x39, 0x88, 0x39, 0x68, 0x39,
    0x68, 0x39, 0x88, 0x39, 0x88, 0x39, 0x68, 0x39, 0x88, 0x39, 0x68, 0x39,
    0x88, 0x41, 0x88, 0x39, 0x68, 0x39, 0x68, 0x39, 0x88, 0x39, 0x67, 0x39,
    0x68, 0x41, 0x88, 0x39, 0x88, 0x39, 0x67, 0x39, 0x88, 0x41, 0x68, 0x39,
    0x68, 0x41, 0x88, 0x39, 0x68, 0x39, 0x87, 0x39, 0x68, 0x41, 0x68, 0x39,
    0x88, 0x39, 0x68, 0x41, 0x88, 0x39, 0x68, 0x41, 0x68, 0x41, 0x88, 0x39,
    0x68, 0x41, 0x88, 0x39, 0x68, 0x39, 0x88, 0x41, 0x88, 0x39, 0x68, 0x39,
    0x87, 0x39, 0x88, 0x39, 0x68, 0x39, 0x88, 0x41, 0x88, 0x39, 0x68, 0x39,
    0x67, 0x39, 0x88, 0x39, 0x68, 0x41, 0x88, 0x39, 0x68, 0x39, 0x88, 0x39,
    0x68, 0x39, 0x67, 0x41, 0x88, 0x39, 0x88, 0x39, 0x68, 0x39, 0x88, 0x41,
    0x67, 0x39, 0x68, 0x39, 0x68, 0x39, 0x88, 0x41, 0x68, 0x39, 0x68, 0x39,
    0x88, 0x39, 0x67, 0x41, 0x88, 0x39, 0x88, 0x39, 0xa7, 0x49, 0xe8, 0x51,
    0x29, 0x5a, 0x08, 0x5a, 0x08, 0x5a, 0x29, 0x5a, 0x08, 0x5a, 0xc8, 0x49,
    0x88, 0x41, 0x88, 0x39, 0x88, 0x39, 0x68, 0x39, 0x67, 0x41, 0x88, 0x39,
    0x68, 0x39, 0x68, 0x39, 0x88, 0x39, 0x68, 0x39, 0x68, 0x41, 0x67, 0x39,
    0x88, 0x39, 0x68, 0x39, 0x88, 0x39, 0x88, 0x39, 0x68, 0x39, 0x88, 0x41,
    0x88, 0x39, 0x68, 0x41, 0x88, 0x39, 0x88, 0x39, 0x68, 0x41, 0x68, 0x39,
    0x87, 0x39, 0x68, 0x41, 0x68, 0x39, 0x88, 0x39, 0x68, 0x41, 0x87, 0x39,
    0x68, 0x39, 0x88, 0x39, 0x87, 0x39, 0x68, 0x39, 0x68, 0x39, 0x88, 0x41,
    0x88, 0x39, 0x68, 0x39, 0x88, 0x39, 0x87, 0x39, 0x68, 0x39, 0x88, 0x39,
    0x88, 0x39, 0x68, 0x39, 0x88, 0x39, 0x68, 0x39, 0x67, 0x41, 0x88, 0x39,
    0x88, 0x39, 0x68, 0x39, 0x68, 0x39, 0x88, 0x39, 0x88, 0x41, 0x68, 0x39,
    0x88, 0x39, 0x88, 0x39, 0x68, 0x41, 0x88, 0x39, 0x68, 0x39, 0x68, 0x41,
    0x88, 0x39, 0x88, 0x39, 0x68, 0x41, 0x88, 0x39, 0x68, 0x39, 0x67, 0x41,
    0x88, 0x39, 0x68, 0x39, 0x88, 0x41, 0x88, 0x41, 0x67, 0x39, 0x68, 0x39,
    0x88, 0x41, 0x68, 0x39, 0x88, 0x39, 0x88, 0x39, 0x68, 0x39, 0x68, 0x41,
    0x88, 0x39, 0x68, 0x39, 0x68, 0x39, 0x87, 0x39, 0x88, 0x41, 0x68, 0x39,
    0x88, 0x41, 0x88, 0x41, 0x68, 0x39, 0x88, 0x39, 0x68, 0x41, 0x68, 0x39,
    0x88, 0x41, 0x68, 0x39, 0x87, 0x41, 0x68, 0x39, 0x68, 0x39, 0x88, 0x41,
    0x68, 0x39, 0x68, 0x39, 0x88, 0x39, 0x87, 0x39, 0x68, 0x39, 0x88, 0x41,
    0x88, 0x39, 0x68, 0x39, 0x68, 0x39, 0x88, 0x39, 0x68, 0x41, 0x68, 0x39,
    0x88, 0x39, 0x88, 0x39, 0x68, 0x39, 0x88, 0x41, 0x68, 0x39, 0x68, 0x39,
    0x88, 0x39, 0x87, 0x39, 0x68, 0x39, 0x88, 0x39, 0x88, 0x39, 0x68, 0x39,
    0x88, 0x41, 0x88, 0x39, 0x68, 0x39, 0x88, 0x41, 0x68, 0x39, 0x68, 0x39,
    0x88, 0x39, 0x68, 0x39, 0x88, 0x41, 0x88, 0x39, 0x88, 0x39, 0x68, 0x39,
    0x68, 0x39, 0x88, 0x39, 0x87, 0x39, 0x68, 0x39, 0x88, 0x39, 0x68, 0x39,
    0x88, 0x41, 0x88, 0x39, 0x67, 0x39, 0x88, 0x39, 0x68, 0x39, 0x88, 0x39,
    0x67, 0x39, 0x88, 0x41, 0x88, 0x39, 0x68, 0x39, 0x88, 0x39, 0x88, 0x39,
    0x68, 0x39, 0x68, 0x39, 0x88, 0x39, 0x88, 0x39, 0x68, 0x39, 0x88, 0x39,
    0x68, 0x41, 0x68, 0x39, 0x88, 0x41, 0x68, 0x39, 0x68, 0x39, 0x87, 0x41,
    0x68, 0x39, 0x88, 0x39, 0x87, 0x39, 0x68, 0x39, 0x88, 0x41, 0x87, 0x39,
    0x68, 0x41, 0x68, 0x41, 0x87, 0x39, 0x88, 0x41, 0x68, 0x39, 0x88, 0x39,
    0x68, 0x39, 0x68, 0x41, 0x88, 0x41, 0x88, 0x39, 0x68, 0x39, 0x88, 0x39,
    0x68, 0x39, 0x68, 0x41, 0x88, 0x39, 0x68, 0x39, 0x88, 0x39, 0x88, 0x39,
    0x67, 0x39, 0x68, 0x41, 0x88, 0x39, 0x88, 0x39, 0x88, 0x39, 0x68, 0x41,
    0x87, 0x39, 0x68, 0x39, 0x88, 0x39, 0x87, 0x39, 0x68, 0x39, 0x68, 0x39,
    0x87, 0x41, 0x68, 0x39, 0x68, 0x39, 0x87, 0x41, 0x68, 0x39, 0x68, 0x39,
    0x88, 0x41, 0x68, 0x39, 0x68, 0x39, 0x88, 0x39, 0x68, 0x41, 0x88, 0x39,
    0x68, 0x39, 0x68, 0x41, 0x88, 0x39, 0x67, 0x39, 0x88, 0x41, 0x88, 0x39,
    0x68, 0x39, 0x68, 0x39, 0x88, 0x41, 0x68, 0x39, 0x87, 0x39, 0x88, 0x39,
    0x88, 0x39, 0x68, 0x39, 0x88, 0x41, 0x87, 0x39, 0x68, 0x39, 0x88, 0x41,
    0x68, 0x39, 0x88, 0x39, 0x68, 0x39, 0x68, 0x41, 0x88, 0x41, 0xc7, 0x49,
    0x08, 0x52, 0x08, 0x5a, 0x28, 0x5a, 0x08, 0x5a, 0x08, 0x52, 0xa7, 0x41,
    0x68, 0x39, 0x88, 0x39, 0x88, 0x39, 0x68, 0x39, 0x88, 0x41, 0x88, 0x39,
    0x67, 0x39, 0x88, 0x41, 0x88, 0x39, 0x67, 0x39, 0x88, 0x39, 0x88, 0x41,
    0x68, 0x39, 0x68, 0x39, 0x88, 0x41, 0x68, 0x39, 0x68, 0x39, 0x88, 0x39,
    0x68, 0x41, 0x68, 0x39, 0x87, 0x39, 0x88, 0x41, 0x68, 0x39, 0x88, 0x39,
    0x68, 0x39, 0x88, 0x41, 0x88, 0x39, 0x67, 0x39, 0x88, 0x39, 0x68, 0x39,
    0x68, 0x41, 0x88, 0x39, 0x68, 0x41, 0x88, 0x39, 0x68, 0x39, 0x88, 0x39,
    0x68, 0x39, 0x88, 0x41, 0x88, 0x39, 0x68, 0x41, 0x68, 0x39, 0x88, 0x41,
    0x67, 0x39, 0x88, 0x39, 0x88, 0x39, 0x88, 0x39, 0x68, 0x39, 0x68, 0x41,
    0x87, 0x39, 0x88, 0x41, 0x68, 0x39, 0x67, 0x39, 0x88, 0x41, 0x68, 0x39,
    0x68, 0x39, 0x88, 0x39, 0x88, 0x39, 0x67, 0x39, 0x88, 0x39, 0x88, 0x39,
    0x68, 0x39, 0x68, 0x41, 0x88, 0x39, 0x88, 0x39, 0x68, 0x39, 0x88, 0x39,
    0x68, 0x41, 0x67, 0x39, 0x88, 0x39, 0x68, 0x39, 0x88, 0x41, 0x88, 0x39,
    0x68, 0x39, 0x68, 0x41, 0x88, 0x39, 0x87, 0x41, 0x68, 0x39, 0x88, 0x39,
    0x87, 0x41, 0x68, 0x39, 0x68, 0x39, 0x88, 0x41, 0x68, 0x39, 0x87, 0x39,
    0x68, 0x39, 0x68, 0x39, 0x87, 0x39, 0x88, 0x41, 0x68, 0x39, 0x87, 0x39,
    0x68, 0x39, 0x68, 0x41, 0x88, 0x39, 0x88, 0x39, 0x68, 0x41, 0x87, 0x39,
    0x88, 0x39, 0x68, 0x41, 0x68, 0x39, 0x88, 0x39, 0x68, 0x41, 0x88, 0x39,
    0x68, 0x39, 0x88, 0x41, 0x87, 0x39, 0x68, 0x39, 0x88, 0x39, 0x67, 0x41,
    0x88, 0x39, 0x68, 0x39, 0x67, 0x41, 0x88, 0x39, 0x68, 0x39, 0x68, 0x41,
    0x88, 0x39, 0x68, 0x41, 0x68, 0x41, 0x88, 0x39, 0x68, 0x39, 0x68, 0x39,
    0x87, 0x39, 0x68, 0x41, 0x88, 0x39, 0x88, 0x39, 0x68, 0x41, 0x87, 0x39,
    0x68, 0x39, 0x68, 0x41, 0x68, 0x39, 0x88, 0x39, 0x68, 0x41, 0x88, 0x39,
    0x68, 0x39, 0x68, 0x41, 0x88, 0x39, 0x68, 0x41, 0x68, 0x39, 0x87, 0x39,
    0x68, 0x39, 0x88, 0x41, 0x68, 0x41, 0x88, 0x39, 0x88, 0x39, 0x68, 0x41,
    0x68, 0x39, 0x88, 0x39, 0x67, 0x41, 0x68, 0x39, 0x88, 0x39, 0x87, 0x41,
    0x68, 0x41, 0x88, 0x39, 0x67, 0x41, 0x68, 0x41, 0x88, 0x39, 0x88, 0x39,
    0x68, 0x39, 0x87, 0x39, 0x88, 0x41, 0x68, 0x39, 0x88, 0x39, 0x68, 0x39,
    0x68, 0x41, 0x88, 0x39, 0x88, 0x39, 0x68, 0x41, 0x68, 0x39, 0x88, 0x39,
    0x88, 0x39, 0x68, 0x39, 0x68, 0x39, 0x88, 0x39, 0x68, 0x41, 0x87, 0x39,
    0x68, 0x39, 0x68, 0x39, 0x87, 0x39, 0x68, 0x41, 0x88, 0x39, 0x88, 0x39,
    0x68, 0x39, 0x87, 0x39, 0x68, 0x41, 0x88, 0x39, 0x68, 0x39, 0x88, 0x41,
    0x88, 0x39, 0x68, 0x39, 0x68, 0x41, 0x88, 0x39, 0x68, 0x39, 0x88, 0x39,
    0x68, 0x41, 0x68, 0x39, 0x88, 0x39, 0x88, 0x41, 0x68, 0x39, 0x88, 0x39,
    0x88, 0x39, 0x68, 0x39, 0x88, 0x39, 0x88, 0x39, 0x68, 0x39, 0x88, 0x41,
    0x88, 0x39, 0x68, 0x39, 0x87, 0x41, 0x68, 0x39, 0x88, 0x39, 0x87, 0x39,
    0x68, 0x39, 0x88, 0x39, 0x88, 0x39, 0x68, 0x39, 0x68, 0x41, 0x88, 0x39,
    0x87, 0x39, 0x68, 0x39, 0x88, 0x39, 0x68, 0x41, 0x68, 0x39, 0x88, 0x41,
    0x68, 0x39, 0x88, 0x39, 0x68, 0x39, 0x68, 0x39, 0x88, 0x39, 0x88, 0x39,
    0x67, 0x41, 0x88, 0x39, 0x88, 0x39, 0x68, 0x39, 0x88, 0x39, 0x88, 0x41,
    0xa7, 0x49, 0xe8, 0x51, 0x29, 0x5a, 0x09, 0x5a, 0xe8, 0x49, 0x88, 0x41,
    0x68, 0x39, 0x68, 0x41, 0x88, 0x39, 0x67, 0x39, 0x68, 0x39, 0x88, 0x41,
    0x68, 0x39, 0x68, 0x39, 0x88, 0x41, 0x68, 0x39, 0x88, 0x39, 0x88, 0x39,
    0x68, 0x41, 0x87, 0x39, 0x88, 0x39, 0x68, 0x41, 0x87, 0x39, 0x88, 0x39,
    0x68, 0x39, 0x68, 0x39, 0x88, 0x39, 0x68, 0x39, 0x68, 0x39, 0x87, 0x39,
    0x68, 0x41, 0x88, 0x39, 0x68, 0x39, 0x68, 0x41, 0x88, 0x39, 0x88, 0x39,
    0x68, 0x39, 0x68, 0x41, 0x88, 0x39, 0x67, 0x39, 0x88, 0x41, 0x68, 0x39,
    0x67, 0x39, 0x88, 0x39, 0x68, 0x39, 0x68, 0x39, 0x88, 0x41, 0x68, 0x39,
    0x68, 0x39, 0x68, 0x41, 0x88, 0x41, 0x67, 0x39, 0x88, 0x39, 0x68, 0x39,
    0x68, 0x39, 0x88, 0x41, 0x88, 0x39, 0x68, 0x39, 0x88, 0x39, 0x88, 0x41,
    0x67, 0x39, 0x68, 0x41, 0x88, 0x39, 0x68, 0x41, 0x68, 0x39, 0x88, 0x39,
    0x87, 0x41, 0x68, 0x39, 0x88, 0x39, 0x67, 0x41, 0x88, 0x39, 0x88, 0x39,
    0x68, 0x39, 0x88, 0x39, 0x68, 0x39, 0x68, 0x39, 0x88, 0x39, 0x68, 0x39,
    0x87, 0x39, 0x68, 0x39, 0x68, 0x39, 0x88, 0x39, 0x68, 0x39, 0x68, 0x39,
    0x88, 0x41, 0x88, 0x39, 0x68, 0x39, 0x88, 0x39, 0x68, 0x39, 0x88, 0x39,
    0x88, 0x39, 0x68, 0x39, 0x88, 0x41, 0x68, 0x39, 0x88, 0x39, 0x88, 0x39,
    0x68, 0x39, 0x88, 0x39, 0x68, 0x39, 0x88, 0x39, 0x68, 0x39, 0x68, 0x39,
    0x88, 0x39, 0x88, 0x41, 0x68, 0x39, 0x68, 0x39, 0x87, 0x41, 0x68, 0x39,
    0x68, 0x39, 0x88, 0x41, 0x68, 0x39, 0x88, 0x39, 0x68, 0x39, 0x88, 0x39,
    0x68, 0x41, 0x88, 0x39, 0x88, 0x39, 0x68, 0x39, 0x88, 0x39, 0x87, 0x39,
    0x68, 0x39, 0x88, 0x39, 0x88, 0x39, 0x67, 0x41, 0x88, 0x39, 0x88, 0x39,
    0x68, 0x41, 0x68, 0x39, 0x87, 0x39, 0x68, 0x39, 0x88, 0x41, 0x88, 0x39,
    0x88, 0x39, 0x68, 0x41, 0x87, 0x39, 0x68, 0x39, 0x68, 0x39, 0x88, 0x39,
    0x88, 0x39, 0x68, 0x39, 0x88, 0x39, 0x88, 0x41, 0x68, 0x39, 0x88, 0x39,
    0x68, 0x39, 0x68, 0x39, 0x88, 0x39, 0x68, 0x39, 0x67, 0x41, 0x88, 0x39,
    0x88, 0x39, 0x68, 0x39, 0x88, 0x39, 0x68, 0x41, 0x68, 0x39, 0x88, 0x39,
    0x68, 0x39, 0x88, 0x39, 0x88, 0x39, 0x68, 0x39, 0x67, 0x41, 0x88, 0x39,
    0x68, 0x39, 0x88, 0x39, 0x68, 0x39, 0x88, 0x41, 0x87, 0x39, 0x68, 0x39,
    0x88, 0x39, 0x68, 0x41, 0x68, 0x39, 0x88, 0x39, 0x67, 0x39, 0x68, 0x39,
    0x88, 0x39, 0x88, 0x41, 0x68, 0x39, 0x68, 0x39, 0x88, 0x39, 0x88, 0x41,
    0x88, 0x39, 0x68, 0x39, 0x88, 0x39, 0x68, 0x39, 0x67, 0x41, 0x88, 0x41,
    0x88, 0x39, 0x68, 0x39, 0x88, 0x39, 0x68, 0x41, 0x67, 0x39, 0x88, 0x39,
    0x88, 0x39, 0x68, 0x39, 0x87, 0x39, 0x68, 0x41, 0x68, 0x39, 0x87, 0x39,
    0x88, 0x39, 0x68, 0x41, 0x68, 0x39, 0x88, 0x39, 0x68, 0x41, 0x88, 0x39,
    0x68, 0x39, 0x67, 0x41, 0x88, 0x39, 0x68, 0x39, 0x68, 0x41, 0x88, 0x39,
    0x68, 0x39, 0x88, 0x39, 0x88, 0x39, 0x68, 0x41, 0x68, 0x39, 0x88, 0x41,
    0x68, 0x39, 0x68, 0x41, 0x88, 0x39, 0x68, 0x39, 0x68, 0x39, 0x88, 0x41,
    0x68, 0x39, 0x88, 0x39, 0x88, 0x41, 0x68, 0x39, 0x68, 0x39, 0x88, 0x39,
    0x67, 0x41, 0x88, 0x39, 0x88, 0x41, 0x68, 0x39, 0x68, 0x39, 0x88, 0x41,
    0x68, 0x39, 0x68, 0x39, 0x88, 0x41, 0x88, 0x39, 0x68, 0x39, 0x68, 0x39,
    0x88, 0x39, 0xa7, 0x41, 0xc8, 0x49, 0xe8, 0x51, 0xa7, 0x49, 0x88, 0x39,
    0x88, 0x39, 0x68, 0x41, 0x88, 0x39, 0x88, 0x39, 0x68, 0x41, 0x88, 0x39,
    0x88, 0x39, 0x68, 0x39, 0x68, 0x41, 0x88, 0x39, 0x68, 0x39, 0x68, 0x39,
    0x88, 0x39, 0x68, 0x39, 0x68, 0x39, 0x88, 0x41, 0x68, 0x39, 0x88, 0x39,
    0x87, 0x41, 0x68, 0x39, 0x88, 0x41, 0x88, 0x39, 0x68, 0x39, 0x88, 0x41,
    0x88, 0x39, 0x68, 0x39, 0x88, 0x39, 0x68, 0x41, 0x88, 0x39, 0x87, 0x39,
    0x68, 0x39, 0x88, 0x39, 0x88, 0x39, 0x68, 0x39, 0x88, 0x41, 0x88, 0x39,
    0x68, 0x39, 0x88, 0x41, 0x67, 0x39, 0x88, 0x39, 0x88, 0x39, 0x87, 0x39,
    0x88, 0x39, 0x68, 0x39, 0x68, 0x39, 0x88, 0x39, 0x88, 0x41, 0x88, 0x39,
    0x68, 0x39, 0x68, 0x39, 0x88, 0x41, 0x68, 0x39, 0x68, 0x39, 0x88, 0x39,
    0x88, 0x39, 0x68, 0x39, 0x88, 0x41, 0x88, 0x39, 0x68, 0x39, 0x68, 0x41,
    0x88, 0x39, 0x68, 0x39, 0x68, 0x39, 0x88, 0x39, 0x68, 0x41, 0x68, 0x39,
    0x88, 0x39, 0x88, 0x41, 0x68, 0x41, 0x87, 0x39, 0x68, 0x41, 0x88, 0x39,
    0x88, 0x41, 0x68, 0x39, 0x88, 0x41, 0x88, 0x39, 0x68, 0x39, 0x68, 0x41,
    0x88, 0x39, 0x67, 0x39, 0x88, 0x41, 0x68, 0x39, 0x88, 0x41, 0x68, 0x41,
    0x68, 0x39, 0x88, 0x39, 0x68, 0x39, 0x67, 0x39, 0x88, 0x41, 0x68, 0x41,
    0x88, 0x39, 0x67, 0x39, 0x88, 0x41, 0x68, 0x39, 0x87, 0x41, 0x68, 0x39,
    0x68, 0x39, 0x87, 0x39, 0x88, 0x39, 0x68, 0x39, 0x88, 0x39, 0x88, 0x39,
    0x68, 0x39, 0x87, 0x39, 0x68, 0x41, 0x68, 0x39, 0x88, 0x39, 0x68, 0x41,
    0x87, 0x39, 0x68, 0x39, 0x88, 0x39, 0x68, 0x41, 0x88, 0x39, 0x68, 0x39,
    0x68, 0x41, 0x88, 0x39, 0x68, 0x39, 0x68, 0x39, 0x88, 0x41, 0x88, 0x39,
    0x68, 0x39, 0x88, 0x39, 0x68, 0x39, 0x68, 0x41, 0x68, 0x39, 0x88, 0x39,
    0x68, 0x39, 0x88, 0x39, 0x88, 0x41, 0x68, 0x39, 0x88, 0x39, 0x68, 0x41,
    0x68, 0x39, 0x88, 0x39, 0x67, 0x39, 0x88, 0x39, 0x88, 0x41, 0x68, 0x39,
    0x88, 0x41, 0x87, 0x39, 0x68, 0x39, 0x88, 0x41, 0x68, 0x39, 0x88, 0x39,
    0x68, 0x41, 0x68, 0x39, 0x88, 0x39, 0x88, 0x39, 0x67, 0x39, 0x88, 0x39,
    0x68, 0x41, 0x68, 0x39, 0x88, 0x39, 0x88, 0x39, 0x68, 0x39, 0x88, 0x41,
    0x68, 0x39, 0x68, 0x41, 0x88, 0x39, 0x68, 0x39, 0x68, 0x41, 0x88, 0x39,
    0x88, 0x39, 0x67, 0x39, 0x88, 0x41, 0x88, 0x39, 0x68, 0x41, 0x88, 0x39,
    0x68, 0x39, 0x87, 0x41, 0x88, 0x39, 0x68, 0x39, 0x67, 0x39, 0x88, 0x39,
    0x68, 0x41, 0x88, 0x39, 0x88, 0x39, 0x68, 0x39, 0x68, 0x39, 0x88, 0x39,
    0x68, 0x41, 0x68, 0x39, 0x88, 0x39, 0x88, 0x39, 0x68, 0x41, 0x68, 0x39,
    0x88, 0x41, 0x68, 0x39, 0x88, 0x39, 0x88, 0x39, 0x68, 0x41, 0x88, 0x39,
    0x88, 0x39, 0x68, 0x39, 0x87, 0x39, 0x68, 0x39, 0x68, 0x39, 0x87, 0x41,
    0x88, 0x39, 0x68, 0x39, 0x88, 0x41, 0x88, 0x39, 0x67, 0x39, 0x68, 0x39,
    0x88, 0x41, 0x67, 0x39, 0x68, 0x39, 0x88, 0x39, 0x68, 0x39, 0x88, 0x39,
    0x88, 0x41, 0x67, 0x39, 0x88, 0x39, 0x88, 0x41, 0x67, 0x39, 0x88, 0x39,
    0x68, 0x41, 0x68, 0x39, 0x87, 0x39, 0x88, 0x39, 0x68, 0x39, 0x88, 0x39,
    0x68, 0x39, 0x68, 0x41, 0x88, 0x39, 0x87, 0x39, 0x68, 0x41, 0x88, 0x39,
    0x88, 0x39, 0x68, 0x39, 0x67, 0x39, 0x88, 0x41, 0x68, 0x39, 0x88, 0x39,
    0x88, 0x39, 0x68, 0x39, 0xa7, 0x41, 0xc7, 0x49, 0x88, 0x41, 0x88, 0x39,
    0x68, 0x39, 0x67, 0x39, 0x88, 0x39, 0x68, 0x41, 0x68, 0x39, 0x88, 0x39,
    0x87, 0x39, 0x68, 0x41, 0x88, 0x39, 0x87, 0x39, 0x68, 0x41, 0x88, 0x41,
    0x87, 0x39, 0x68, 0x39, 0x88, 0x41, 0x68, 0x39, 0x68, 0x39, 0x88, 0x41,
    0x68, 0x39, 0x68, 0x39, 0x88, 0x41, 0x67, 0x39, 0x68, 0x39, 0x88, 0x39,
    0x68, 0x39, 0x67, 0x39, 0x88, 0x41, 0x68, 0x39, 0x68, 0x39, 0x88, 0x41,
    0x68, 0x41, 0x68, 0x39, 0x87, 0x39, 0x68, 0x41, 0x68, 0x39, 0x88, 0x39,
    0x88, 0x41, 0x68, 0x39, 0x88, 0x39, 0x68, 0x41, 0x68, 0x39, 0x88, 0x41,
    0x68, 0x39, 0x88, 0x39, 0x88, 0x39, 0x68, 0x41, 0x68, 0x39, 0x87, 0x39,
    0x88, 0x41, 0x68, 0x39, 0x87, 0x39, 0x88, 0x41, 0x68, 0x39, 0x67, 0x39,
    0x88, 0x41, 0x68, 0x39, 0x67, 0x39, 0x88, 0x39, 0x88, 0x39, 0x67, 0x39,
    0x88, 0x39, 0x88, 0x41, 0x68, 0x39, 0x88, 0x39, 0x87, 0x39, 0x68, 0x41,
    0x88, 0x39, 0x67, 0x39, 0x88, 0x39, 0x88, 0x39, 0x68, 0x39, 0x68, 0x41,
    0x88, 0x39, 0x68, 0x39, 0x67, 0x39, 0x88, 0x41, 0x88, 0x39, 0x87, 0x39,
    0x68, 0x39, 0x88, 0x39, 0x68, 0x39, 0x88, 0x39, 0x67, 0x39, 0x88, 0x39,
    0x68, 0x41, 0x87, 0x39, 0x88, 0x39, 0x68, 0x39, 0x68, 0x39, 0x88, 0x39,
    0x68, 0x39, 0x88, 0x41, 0x68, 0x39, 0x88, 0x39, 0x88, 0x41, 0x88, 0x39,
    0x68, 0x39, 0x68, 0x41, 0x88, 0x39, 0x68, 0x41, 0x88, 0x39, 0x68, 0x41,
    0x88, 0x39, 0x88, 0x39, 0x68, 0x39, 0x88, 0x41, 0x87, 0x39, 0x68, 0x39,
    0x68, 0x39, 0x88, 0x39, 0x68, 0x41, 0x87, 0x39, 0x68, 0x39, 0x88, 0x41,
    0x88, 0x39, 0x67, 0x39, 0x88, 0x41, 0x68, 0x39, 0x68, 0x39, 0x67, 0x41,
    0x88, 0x39, 0x88, 0x39, 0x68, 0x41, 0x88, 0x39, 0x87, 0x39, 0x68, 0x41,
    0x68, 0x39, 0x87, 0x39, 0x68, 0x39, 0x88, 0x41, 0x87, 0x39, 0x68, 0x39,
    0x68, 0x39, 0x88, 0x41, 0x68, 0x39, 0x68, 0x39, 0x88, 0x39, 0x67, 0x39,
    0x68, 0x41, 0x88, 0x39, 0x68, 0x39, 0x88, 0x39, 0x88, 0x39, 0x68, 0x39,
    0x87, 0x41, 0x68, 0x39, 0x88, 0x39, 0x68, 0x41, 0x88, 0x39, 0x88, 0x39,
    0x67, 0x41, 0x68, 0x39, 0x88, 0x39, 0x67, 0x41, 0x88, 0x39, 0x88, 0x39,
    0x67, 0x39, 0x88, 0x39, 0x88, 0x39, 0x67, 0x39, 0x68, 0x39, 0x88, 0x41,
    0x68, 0x39, 0x68, 0x39, 0x88, 0x39, 0x68, 0x39, 0x88, 0x39, 0x68, 0x41,
    0x68, 0x39, 0x88, 0x39, 0x68, 0x41, 0x88, 0x39, 0x68, 0x39, 0x68, 0x41,
    0x88, 0x39, 0x67, 0x39, 0x68, 0x41, 0x88, 0x39, 0x88, 0x39, 0x68, 0x39,
    0x87, 0x39, 0x68, 0x41, 0x88, 0x39, 0x87, 0x39, 0x68, 0x39, 0x88, 0x39,
    0x67, 0x39, 0x68, 0x41, 0x88, 0x39, 0x68, 0x39, 0x68, 0x39, 0x88, 0x41,
    0x68, 0x39, 0x68, 0x39, 0x88, 0x41, 0x88, 0x39, 0x68, 0x39, 0x88, 0x39,
    0x68, 0x39, 0x68, 0x39, 0x88, 0x39, 0x88, 0x41, 0x68, 0x39, 0x88, 0x39,
    0x88, 0x41, 0x68, 0x39, 0x88, 0x39, 0x88, 0x41, 0x67, 0x39, 0x68, 0x39,
    0x88, 0x39, 0x68, 0x39, 0x88, 0x39, 0x68, 0x39, 0x88, 0x39, 0x88, 0x39,
    0x68, 0x39, 0x68, 0x41, 0x88, 0x39, 0x68, 0x41, 0x88, 0x41, 0x87, 0x39,
    0x68, 0x39, 0x68, 0x39, 0x88, 0x39, 0x68, 0x39, 0x68, 0x39, 0x87, 0x39,
    0x68, 0x41, 0x88, 0x39, 0x88, 0x39, 0x68, 0x39, 0x88, 0x41, 0x68, 0x39,
    0x68, 0x41, 0x88, 0x39, 0x88, 0x39, 0x68, 0x39, 0x88, 0x39, 0x68, 0x41,
    0x88, 0x39, 0x88, 0x39, 0x68, 0x41, 0x88, 0x39, 0x68, 0x39, 0x68, 0x39,
    0x88, 0x41, 0x68, 0x39, 0x68, 0x39, 0x88, 0x39, 0x68, 0x39, 0x68, 0x39,
    0x88, 0x39, 0x68, 0x41, 0x88, 0x39, 0x87, 0x39, 0x68, 0x39, 0x88, 0x39,
    0x88, 0x39, 0x68, 0x39, 0x88, 0x39, 0x88, 0x41, 0x68, 0x39, 0x88, 0x41,
    0x68, 0x39, 0x88, 0x39, 0x88, 0x39, 0x68, 0x39, 0x87, 0x39, 0x88, 0x39,
    0x68, 0x39, 0x88, 0x39, 0x88, 0x41, 0x68, 0x39, 0x68, 0x39, 0x87, 0x39,
    0x68, 0x39, 0x68, 0x39, 0x88, 0x39, 0x68, 0x39, 0x88, 0x41, 0x68, 0x39,
    0x67, 0x39, 0x88, 0x41, 0x68, 0x39, 0x67, 0x39, 0x88, 0x39, 0x68, 0x39,
    0x68, 0x41, 0x88, 0x39, 0x68, 0x39, 0x88, 0x39, 0x88, 0x39, 0x68, 0x41,
    0x88, 0x39, 0x88, 0x39, 0x68, 0x39, 0x68, 0x41, 0x88, 0x39, 0x68, 0x39,
    0x68, 0x41, 0x88, 0x39, 0x68, 0x39, 0x68, 0x41, 0x88, 0x39, 0x68, 0x39,
    0x68, 0x39, 0x88, 0x39, 0x68, 0x41, 0x68, 0x39, 0x88, 0x39, 0x67, 0x39,
    0x88, 0x39, 0x88, 0x39, 0x68, 0x39, 0x68, 0x39, 0x88, 0x41, 0x68, 0x39,
    0x68, 0x39, 0x88, 0x41, 0x88, 0x39, 0x68, 0x39, 0x88, 0x39, 0x68, 0x39,
    0x88, 0x39, 0x68, 0x41, 0x88, 0x41, 0x88, 0x39, 0x68, 0x39, 0x88, 0x39,
    0x87, 0x41, 0x68, 0x39, 0x68, 0x39, 0x88, 0x39, 0x68, 0x39, 0x68, 0x39,
    0x88, 0x41, 0x88, 0x39, 0x68, 0x39, 0x87, 0x39, 0x68, 0x41, 0x68, 0x39,
    0x87, 0x39, 0x68, 0x41, 0x68, 0x39, 0x88, 0x39, 0x88, 0x39, 0x68, 0x41,
    0x88, 0x39, 0x88, 0x39, 0x68, 0x41, 0x68, 0x39, 0x88, 0x39, 0x68, 0x39,
    0x88, 0x39, 0x68, 0x39, 0x88, 0x41, 0x88, 0x39, 0x68, 0x39, 0x88, 0x39,
    0x68, 0x39, 0x68, 0x41, 0x88, 0x39, 0x88, 0x39, 0x68, 0x39, 0x68, 0x39,
    0x88, 0x41, 0x68, 0x39, 0x68, 0x39, 0x88, 0x39, 0x68, 0x39, 0x68, 0x39,
    0x88, 0x39, 0x68, 0x39, 0x88, 0x41, 0x68, 0x39, 0x88, 0x39, 0x88, 0x39,
    0x68, 0x39, 0x88, 0x41, 0x68, 0x39, 0x67, 0x39, 0x88, 0x41, 0x68, 0x39,
    0x88, 0x39, 0x88, 0x39, 0x68, 0x41, 0x67, 0x39, 0x88, 0x39, 0x68, 0x41,
    0x88, 0x39, 0x88, 0x39, 0x68, 0x39, 0x68, 0x41, 0x88, 0x39, 0x68, 0x39,
    0x68, 0x41, 0x88, 0x39, 0x68, 0x41, 0x88, 0x39, 0x88, 0x39, 0x68, 0x39,
    0x88, 0x41, 0x88, 0x39, 0x67, 0x39, 0x88, 0x41, 0x88, 0x39, 0x67, 0x39,
    0x88, 0x39, 0x68, 0x39, 0x88, 0x39, 0x88, 0x41, 0x68, 0x39, 0x88, 0x39,
    0x88, 0x39, 0x68, 0x39, 0x88, 0x41, 0x87, 0x39, 0x68, 0x41, 0x88, 0x39,
    0x68, 0x39, 0x88, 0x39, 0x68, 0x41, 0x68, 0x39, 0x88, 0x39, 0x88, 0x41,
    0x68, 0x39, 0x88, 0x39, 0x88, 0x41, 0x67, 0x39, 0x88, 0x39, 0x68, 0x39,
    0x87, 0x41, 0x68, 0x39, 0x88, 0x39, 0x68, 0x41, 0x88, 0x39, 0x68, 0x41,
    0x88, 0x39, 0x67, 0x39, 0x68, 0x41, 0x88, 0x39, 0x68, 0x39, 0x68, 0x39,
    0x88, 0x39, 0x68, 0x39, 0x68, 0x41, 0x88, 0x39, 0x88, 0x39, 0x68, 0x41,
    0x68, 0x39, 0x88, 0x41, 0x68, 0x39, 0x67, 0x41, 0x88, 0x39, 0x68, 0x39,
    0x87, 0x39, 0x88, 0x39, 0x68, 0x39, 0x68, 0x39, 0x88, 0x39, 0x68, 0x41,
    0x88, 0x39, 0x88, 0x39, 0x68, 0x41, 0x88, 0x39, 0x88, 0x39, 0x68, 0x41,
    0x68, 0x39, 0x88, 0x39, 0x68, 0x41, 0x67, 0x39, 0x88, 0x39, 0x68, 0x39,
    0x68, 0x39, 0x88, 0x41, 0x68, 0x39, 0x68, 0x39, 0x88, 0x41, 0x68, 0x39,
    0x68, 0x39, 0x88, 0x41, 0x68, 0x39, 0x87, 0x39, 0x88, 0x39, 0x68, 0x41,
    0x88, 0x39, 0x88, 0x39, 0x67, 0x39, 0x88, 0x41, 0x88, 0x39, 0x68, 0x39,
    0x68, 0x39, 0x88, 0x39, 0x68, 0x39, 0x88, 0x41, 0x68, 0x39, 0x68, 0x39,
    0x87, 0x41, 0x68, 0x39, 0x68, 0x39, 0x88, 0x39, 0x88, 0x39, 0x67, 0x41,
    0x88, 0x39, 0x68, 0x39, 0x68, 0x41, 0x88, 0x39, 0x68, 0x41, 0x68, 0x39,
    0x88, 0x39, 0x68, 0x39, 0x88, 0x39, 0x88, 0x39, 0x68, 0x41, 0x88, 0x39,
    0x68, 0x39, 0x87, 0x41, 0x88, 0x39, 0x68, 0x39, 0x87, 0x39, 0x88, 0x39,
    0x68, 0x39, 0x88, 0x41, 0x88, 0x39, 0x68, 0x39, 0x88, 0x41, 0x88, 0x39,
    0x68, 0x39, 0x88, 0x39, 0x68, 0x39, 0x68, 0x41, 0x88, 0x39, 0x68, 0x39,
    0x68, 0x39, 0x88, 0x39, 0x88, 0x41, 0x68, 0x39, 0x88, 0x39, 0x88, 0x41,
    0x68, 0x39, 0x87, 0x39, 0x88, 0x39, 0x68, 0x39, 0x88, 0x41, 0x88, 0x39,
    0x68, 0x39, 0x88, 0x41, 0x68, 0x39, 0x88, 0x39, 0x88, 0x41, 0x68, 0x39,
    0x68, 0x41, 0x88, 0x41, 0x88, 0x39, 0x68, 0x39, 0x68, 0x39, 0x88, 0x41,
    0x68, 0x39, 0x67, 0x39, 0x88, 0x41, 0x68, 0x41, 0x68, 0x39, 0x88, 0x41,
    0x68, 0x39, 0x68, 0x39, 0x88, 0x39, 0x67, 0x41, 0x68, 0x39, 0x88, 0x39,
    0x68, 0x41, 0x88, 0x39, 0x88, 0x39, 0x67, 0x41, 0x68, 0x39, 0x88, 0x39,
    0x87, 0x39, 0x68, 0x39, 0x68, 0x39, 0x88, 0x39, 0x88, 0x39, 0x68, 0x39,
    0x88, 0x39, 0x68, 0x39, 0x88, 0x41, 0x68, 0x39, 0x68, 0x39, 0x88, 0x41,
    0x67, 0x39, 0x88, 0x39, 0x68, 0x39, 0x88, 0x41, 0x88, 0x39, 0x67, 0x41,
    0x68, 0x39, 0x88, 0x39, 0x68, 0x39, 0x87, 0x39, 0x88, 0x41, 0x68, 0x39,
    0x88, 0x39, 0x67, 0x39, 0x68, 0x39, 0x88, 0x41, 0x68, 0x39, 0x88, 0x39,
    0x88, 0x39, 0x68, 0x41, 0x88, 0x39, 0x88, 0x39, 0x68, 0x41, 0x88, 0x39,
    0x68, 0x39, 0x88, 0x39, 0x67, 0x39, 0x88, 0x41, 0x68, 0x41, 0x68, 0x39,
    0x88, 0x39, 0x88, 0x39, 0x68, 0x41, 0x88, 0x39, 0x68, 0x39, 0x68, 0x41,
    0x88, 0x39, 0x68, 0x39, 0x88, 0x39, 0x88, 0x39, 0x68, 0x39, 0x68, 0x39,
    0x88, 0x39, 0x88, 0x39, 0x68, 0x41, 0x88, 0x39, 0x88, 0x39, 0x68, 0x39,
    0x88, 0x39, 0x68, 0x41, 0x68, 0x39, 0x88, 0x39, 0x68, 0x41, 0x67, 0x39,
    0x88, 0x39, 0x68, 0x39, 0x68, 0x41, 0x88, 0x39, 0x68, 0x39, 0x88, 0x41,
    0x68, 0x39, 0x88, 0x39, 0x67, 0x39, 0x68, 0x39, 0x88, 0x41, 0x67, 0x39,
    0x68, 0x39, 0x88, 0x41, 0x68, 0x39, 0x68, 0x39, 0x88, 0x39, 0x68, 0x41,
    0x88, 0x39, 0x68, 0x39, 0x88, 0x39, 0x68, 0x41, 0x68, 0x39, 0x88, 0x39,
    0x68, 0x39, 0x88, 0x39, 0x68, 0x39, 0x88, 0x41, 0x68, 0x39, 0x88, 0x39,
    0x88, 0x39, 0x68, 0x39, 0x68, 0x39, 0x87, 0x39, 0x68, 0x41, 0x88, 0x39,
    0x88, 0x39, 0x68, 0x41, 0x88, 0x39, 0x88, 0x39, 0x67, 0x41, 0x88, 0x39,
    0x88, 0x39, 0x67, 0x41, 0x68, 0x39, 0x88, 0x39, 0x88, 0x39, 0x67, 0x39,
    0x88, 0x41, 0x88, 0x39, 0x68, 0x39, 0x88, 0x39, 0x68, 0x41, 0x68, 0x41,
    0x88, 0x39, 0x88, 0x39, 0x68, 0x41, 0x87, 0x39, 0x68, 0x39, 0x68, 0x39,
    0x88, 0x39, 0x67, 0x41, 0x68, 0x39, 0x88, 0x39, 0x87, 0x41, 0x68, 0x39,
    0x88, 0x39, 0x88, 0x39, 0x68, 0x39, 0x88, 0x41, 0x88, 0x39, 0x87, 0x39,
    0x68, 0x39, 0x88, 0x41, 0x88, 0x39, 0x68, 0x39, 0x87, 0x41, 0x88, 0x39,
    0x68, 0x39, 0x87, 0x39, 0x68, 0x39, 0x68, 0x39, 0x88, 0x41, 0x67, 0x39,
    0x68, 0x39, 0x88, 0x39, 0x68, 0x41, 0x68, 0x39, 0x88, 0x39, 0x87, 0x41,
    0x68, 0x41, 0x88, 0x39, 0x67, 0x39, 0x88, 0x41, 0x88, 0x39, 0x68, 0x39,
    0x88, 0x41, 0x88, 0x39, 0x67, 0x39, 0x68, 0x41, 0x88, 0x39, 0x68, 0x39,
    0x88, 0x39, 0x88, 0x41, 0x67, 0x39, 0x88, 0x39, 0x88, 0x39, 0x68, 0x41,
    0x67, 0x39, 0x88, 0x41, 0x68, 0x39, 0x67, 0x39, 0x88, 0x41, 0x88, 0x39,
    0x68, 0x39, 0x88, 0x41, 0x68, 0x39, 0x68, 0x39, 0x88, 0x41, 0x68, 0x39,
    0x68, 0x39, 0x88, 0x39, 0x68, 0x39, 0x68, 0x41, 0x88, 0x39, 0x68, 0x39,
    0x87, 0x41, 0x68, 0x39, 0x88, 0x39, 0x67, 0x41, 0x88, 0x39, 0x88, 0x39,
    0x67, 0x41, 0x68, 0x39, 0x88, 0x39, 0x67, 0x39, 0x68, 0x39, 0x88, 0x39,
    0x68, 0x39, 0x68, 0x41, 0x88, 0x39, 0x67, 0x39, 0x68, 0x39, 0x88, 0x41,
    0x87, 0x39, 0x68, 0x39, 0x88, 0x39, 0x67, 0x39, 0x88, 0x39, 0x68, 0x39,
    0x68, 0x39, 0x87, 0x39, 0x88, 0x41, 0x68, 0x39, 0x87, 0x39, 0x88, 0x39,
    0x88, 0x39, 0x68, 0x39, 0x88, 0x39, 0x88, 0x39, 0x67, 0x39, 0x88, 0x39,
    0x88, 0x41, 0x67, 0x39, 0x88, 0x39, 0x88, 0x39, 0x68, 0x39, 0x88, 0x39,
    0x68, 0x39, 0x68, 0x39, 0x88, 0x39, 0x88, 0x41, 0x68, 0x39, 0x88, 0x39,
    0x68, 0x41, 0x68, 0x41, 0x88, 0x39, 0x68, 0x41, 0x88, 0x39, 0x68, 0x41,
    0x88, 0x39, 0x88, 0x39, 0x67, 0x39, 0x88, 0x39, 0x68, 0x39, 0x88, 0x39,
    0x68, 0x41, 0x68, 0x39, 0x88, 0x39, 0x67, 0x39, 0x88, 0x39, 0x68, 0x39,
    0x88, 0x41, 0x88, 0x39, 0x68, 0x39, 0x68, 0x41, 0x88, 0x39, 0x68, 0x39,
    0x88, 0x41, 0x88, 0x39, 0x68, 0x39, 0x87, 0x41, 0x68, 0x39, 0x88, 0x39,
    0x67, 0x39, 0x88, 0x41, 0x68, 0x39, 0x67, 0x39, 0x88, 0x41, 0x68, 0x39,
    0x68, 0x39, 0x88, 0x39, 0x68, 0x39, 0x88, 0x39, 0x68, 0x39, 0x67, 0x41,
    0x88, 0x39, 0x68, 0x39, 0x88, 0x39, 0x88, 0x39, 0x68, 0x39, 0x87, 0x39,
    0x68, 0x41, 0x68, 0x39, 0x87, 0x39, 0x68, 0x41, 0x88, 0x41, 0x68, 0x39,
    0x67, 0x39, 0x88, 0x41, 0x68, 0x39, 0x67, 0x39, 0x88, 0x41, 0x68, 0x39,
    0x87, 0x39, 0x88, 0x39, 0x68, 0x39, 0x87, 0x39, 0x88, 0x39, 0x68, 0x41,
    0x88, 0x39, 0x88, 0x39, 0x68, 0x39, 0x68, 0x39, 0x88, 0x39, 0x68, 0x41,
    0x88, 0x39, 0x68, 0x41, 0x88, 0x39, 0x88, 0x39, 0x68, 0x39, 0x88, 0x41,
    0x88, 0x39, 0x68, 0x39, 0x88, 0x39, 0x68, 0x39, 0x88, 0x39, 0x67, 0x41,
    0x68, 0x39, 0x88, 0x39, 0x87, 0x39, 0x68, 0x39, 0x88, 0x41, 0x67, 0x39,
    0x88, 0x41, 0x68, 0x39, 0x67, 0x39, 0x88, 0x39, 0x68, 0x41, 0x68, 0x39,
    0x88, 0x41, 0x88, 0x41, 0x68, 0x39, 0x88, 0x39, 0x68, 0x39, 0x68, 0x39,
    0x87, 0x39, 0x68, 0x39, 0x88, 0x39, 0x68, 0x39, 0x68, 0x41, 0x88, 0x39,
    0x88, 0x39, 0x68, 0x39, 0x88, 0x39, 0x68, 0x41, 0x68, 0x39, 0x88, 0x39,
    0x68, 0x39, 0x88, 0x39, 0x87, 0x39, 0x68, 0x39, 0x88, 0x39, 0x88, 0x39,
    0x68, 0x39, 0x68, 0x41, 0x88, 0x39, 0x88, 0x39, 0x68, 0x41, 0x88, 0x39,
    0x88, 0x39, 0x68, 0x39, 0x88, 0x39, 0x68, 0x39, 0x68, 0x39, 0x88, 0x39,
    0x68, 0x41, 0x67, 0x39, 0x88, 0x39, 0x68, 0x39, 0x68, 0x41, 0x88, 0x39,
    0x68, 0x39, 0x67, 0x39, 0x88, 0x39, 0x68, 0x39, 0x68, 0x39, 0x88, 0x41,
    0x88, 0x39, 0x68, 0x39, 0x88, 0x41, 0x88, 0x39, 0x68, 0x39, 0x88, 0x39,
    0x88, 0x39, 0x68, 0x41, 0x88, 0x39, 0x68, 0x39, 0x68, 0x39, 0x88, 0x39,
    0x88, 0x39, 0x68, 0x39, 0x68, 0x39, 0x88, 0x39, 0x68, 0x39, 0x67, 0x39,
    0x88, 0x39, 0x88, 0x39, 0x68, 0x41, 0x88, 0x39, 0x68, 0x39, 0x68, 0x39,
    0x88, 0x41, 0x68, 0x39, 0x68, 0x39, 0x88, 0x39, 0x88, 0x39, 0x68, 0x39,
    0x88, 0x41, 0x88, 0x39, 0x68, 0x39, 0x68, 0x39, 0x88, 0x39, 0x68, 0x39,
    0x68, 0x39, 0x88, 0x41, 0x68, 0x39, 0x88, 0x39, 0x88, 0x41, 0x68, 0x39,
    0x87, 0x41, 0x88, 0x39, 0x68, 0x39, 0x87, 0x39, 0x68, 0x39, 0x88, 0x39,
    0x68, 0x41, 0x88, 0x39, 0x68, 0x39, 0x88, 0x39, 0x68, 0x39, 0x88, 0x41,
    0x68, 0x39, 0x88, 0x39, 0x88, 0x41, 0x68, 0x39, 0x88, 0x41, 0x87, 0x39,
    0x68, 0x39, 0x88, 0x41, 0x88, 0x39, 0x68, 0x39, 0x68, 0x39, 0x88, 0x39,
    0x68, 0x41, 0x68, 0x39, 0x88, 0x41, 0x68, 0x39, 0x88, 0x39, 0x88, 0x41,
    0x68, 0x39, 0x68, 0x39, 0x88, 0x39, 0x68, 0x41, 0x68, 0x39, 0x88, 0x39,
    0x68, 0x41, 0x68, 0x39, 0x88, 0x39, 0x68, 0x41, 0x88, 0x39, 0x68, 0x39,
    0x88, 0x39, 0x68, 0x39, 0x68, 0x41, 0x88, 0x39, 0x88, 0x41, 0x67, 0x41,
    0x88, 0x39, 0x68, 0x39, 0x67, 0x41, 0x88, 0x39, 0x68, 0x39, 0x88, 0x39,
    0x88, 0x39, 0x68, 0x39, 0x87, 0x39, 0x88, 0x39, 0x68, 0x41, 0x67, 0x39,
    0x88, 0x39, 0x68, 0x41, 0x68, 0x39, 0x88, 0x41, 0x88, 0x39, 0x67, 0x39,
    0x88, 0x39, 0x88, 0x41, 0x68, 0x39, 0x88, 0x39, 0x68, 0x41, 0x88, 0x39,
    0x68, 0x39, 0x67, 0x41, 0x88, 0x39, 0x68, 0x39, 0x88, 0x39, 0x67, 0x39,
    0x68, 0x41, 0x88, 0x39, 0x88, 0x39, 0x68, 0x39, 0x88, 0x41, 0x68, 0x39,
    0x88, 0x39, 0x68, 0x39, 0x88, 0x39, 0x88, 0x39, 0x68, 0x39, 0x88, 0x39,
    0x88, 0x39, 0x68, 0x41, 0x88, 0x39, 0x88, 0x39, 0x88, 0x39, 0x68, 0x39,
    0x88, 0x41, 0x67, 0x39, 0x68, 0x39, 0x88, 0x41, 0x88, 0x39, 0x68, 0x39,
    0x88, 0x39, 0x88, 0x41, 0x68, 0x39, 0x88, 0x39, 0x88, 0x39, 0x68, 0x39,
    0x88, 0x41, 0x88, 0x39, 0x68, 0x39, 0x88, 0x39, 0x68, 0x39, 0x68, 0x41,
    0x88, 0x39, 0x68, 0x39, 0x88, 0x41, 0x68, 0x39, 0x88, 0x39, 0x68, 0x39,
    0x68, 0x41, 0x87, 0x39, 0x88, 0x39, 0x68, 0x41, 0x87, 0x39, 0x88, 0x39,
    0x68, 0x39, 0x67, 0x39, 0x88, 0x41, 0x68, 0x39, 0x68, 0x39, 0x88, 0x39,
    0x67, 0x39, 0x88, 0x41, 0x68, 0x39, 0x87, 0x39, 0x88, 0x41, 0x68, 0x39,
    0x88, 0x39, 0x88, 0x41, 0x68, 0x39, 0x88, 0x39, 0x68, 0x39, 0x88, 0x39,
    0x88, 0x39, 0x68, 0x41, 0x88, 0x39, 0x88, 0x39, 0x68, 0x39, 0x67, 0x39,
    0x88, 0x39, 0x68, 0x39, 0x87, 0x41, 0x88, 0x39, 0x68, 0x39, 0x88, 0x41,
    0x68, 0x39, 0x88, 0x41, 0x68, 0x39, 0x88, 0x39, 0x68, 0x39, 0x67, 0x41,
    0x88, 0x39, 0x68, 0x39, 0x87, 0x41, 0x88, 0x39, 0x68, 0x39, 0x88, 0x41,
    0x68, 0x39, 0x68, 0x41, 0x88, 0x41, 0x68, 0x39, 0x68, 0x39, 0x87, 0x39,
    0x68, 0x41, 0x68, 0x39, 0x87, 0x39, 0x68, 0x39, 0x68, 0x39, 0x87, 0x41,
    0x68, 0x39, 0x88, 0x41, 0x88, 0x41, 0x68, 0x39, 0x88, 0x39, 0x88, 0x41,
    0x68, 0x39, 0x88, 0x39, 0x88, 0x41, 0x68, 0x39, 0x68, 0x39, 0x88, 0x41,
    0x88, 0x39, 0x68, 0x41, 0x88, 0x41, 0x88, 0x39, 0x68, 0x39, 0x68, 0x39,
    0x88, 0x39, 0x68, 0x41, 0x68, 0x39, 0x88, 0x39, 0x68, 0x41, 0x88, 0x39,
    0x68, 0x39, 0x87, 0x39, 0x88, 0x39, 0x68, 0x41, 0x87, 0x39, 0x68, 0x39,
    0x88, 0x41, 0x68, 0x39, 0x88, 0x41, 0x88, 0x39, 0x68, 0x41, 0x68, 0x41,
    0x88, 0x39, 0x68, 0x39, 0x68, 0x39, 0x88, 0x39, 0x87, 0x41, 0x68, 0x39,
    0x88, 0x39, 0x67, 0x39, 0x88, 0x41, 0x68, 0x41, 0x67, 0x39, 0x88, 0x39,
    0x68, 0x39, 0x88, 0x39, 0x88, 0x41, 0x68, 0x39, 0x87, 0x41, 0x88, 0x39,
    0x68, 0x39, 0x87, 0x39, 0x88, 0x39, 0x68, 0x39, 0x67, 0x39, 0x88, 0x39,
    0x68, 0x39, 0x68, 0x41, 0x88, 0x39, 0x88, 0x41, 0x68, 0x39, 0x68, 0x39,
    0x88, 0x39, 0x68, 0x39, 0x88, 0x41, 0x68, 0x39, 0x67, 0x39, 0x88, 0x39,
    0x68, 0x39, 0x68, 0x39, 0x88, 0x39, 0x68, 0x41, 0x68, 0x39, 0x88, 0x39,
    0x68, 0x39, 0x68, 0x39, 0x88, 0x41, 0x88, 0x39, 0x68, 0x39, 0x87, 0x41,
    0x88, 0x39, 0x68, 0x39, 0x88, 0x39, 0x68, 0x41, 0x67, 0x39, 0x88, 0x39,
    0x88, 0x41, 0x68, 0x39, 0x88, 0x39, 0x88, 0x39, 0x68, 0x41, 0x87, 0x39,
    0x68, 0x39, 0x88, 0x41, 0x67, 0x39, 0x88, 0x39, 0x68, 0x41, 0x88, 0x39,
    0x68, 0x39, 0x88, 0x41, 0x68, 0x39, 0x68, 0x39, 0x88, 0x39, 0x68, 0x39,
    0x88, 0x39, 0x88, 0x41, 0x68, 0x39, 0x88, 0x39, 0x68, 0x41, 0x67, 0x39,
    0x88, 0x39, 0x68, 0x41, 0x68, 0x39, 0x88, 0x39, 0x68, 0x39, 0x88, 0x39,
    0x88, 0x39, 0x68, 0x39, 0x88, 0x41, 0x68, 0x39, 0x68, 0x39, 0x88, 0x41,
    0x68, 0x39, 0x88, 0x39, 0x68, 0x39, 0x68, 0x41, 0x88, 0x39, 0x88, 0x39,
    0x68, 0x39, 0x88, 0x39, 0x88, 0x39, 0x68, 0x41, 0x88, 0x39, 0x88, 0x39,
    0x68, 0x39, 0x68, 0x39, 0x88, 0x39, 0x68, 0x39, 0x68, 0x39, 0x87, 0x41,
    0x68, 0x39, 0x88, 0x41, 0x68, 0x39, 0x68, 0x41, 0x88, 0x39, 0x68, 0x39,
    0x68, 0x39, 0x68, 0x39, 0x67, 0x41, 0x88, 0x39, 0x68, 0x39, 0x88, 0x41,
    0x88, 0x39, 0x68, 0x39, 0x68, 0x41, 0x87, 0x39, 0x68, 0x41, 0x68, 0x39,
    0x88, 0x39, 0x68, 0x39, 0x68, 0x41, 0x88, 0x39, 0x67, 0x39, 0x68, 0x39,
    0x88, 0x39, 0x68, 0x39, 0x88, 0x41, 0x88, 0x39, 0x68, 0x39, 0x88, 0x39,
    0x68, 0x41, 0x88, 0x39, 0x68, 0x39, 0x68, 0x41, 0x88, 0x39, 0x88, 0x39,
    0x68, 0x39, 0x68, 0x41, 0x88, 0x39, 0x68, 0x39, 0x68, 0x41, 0x88, 0x39,
    0x68, 0x39, 0x88, 0x39, 0x88, 0x41, 0x68, 0x39, 0x87, 0x39, 0x68, 0x41,
    0x88, 0x39, 0x68, 0x39, 0x68, 0x41, 0x88, 0x39, 0x68, 0x39, 0x68, 0x39,
    0x88, 0x39, 0x68, 0x41, 0x68, 0x39, 0x88, 0x39, 0x68, 0x41, 0x68, 0x39,
    0x88, 0x39, 0x68, 0x39, 0x68, 0x41, 0x88, 0x39, 0x88, 0x39, 0x88, 0x41,
    0x68, 0x39, 0x68, 0x39, 0x88, 0x39, 0x68, 0x39, 0x88, 0x41, 0x67, 0x39,
    0x88, 0x39, 0x68, 0x41, 0x87, 0x39, 0x88, 0x39, 0x68, 0x39, 0x88, 0x39,
    0x68, 0x41, 0x68, 0x39, 0x88, 0x39, 0x68, 0x39, 0x87, 0x39, 0x68, 0x39,
    0x88, 0x39, 0x67, 0x39, 0x88, 0x39, 0x88, 0x41, 0x68, 0x39, 0x88, 0x39,
    0x88, 0x39, 0x68, 0x39, 0x88, 0x41, 0x88, 0x39, 0x68, 0x39, 0x88, 0x39,
    0x68, 0x39, 0x68, 0x39, 0x87, 0x39, 0x68, 0x39, 0x68, 0x41, 0x87, 0x39,
    0x68, 0x39, 0x68, 0x39, 0x88, 0x39, 0x87, 0x39, 0x68, 0x39, 0x88, 0x39,
    0x68, 0x39, 0x68, 0x39, 0x88, 0x39, 0x87, 0x41, 0x68, 0x39, 0x88, 0x39,
    0x87, 0x41, 0x68, 0x39, 0x88, 0x39, 0x67, 0x39, 0x88, 0x41, 0x68, 0x39,
    0x68, 0x41, 0x88, 0x39, 0x68, 0x39, 0x88, 0x41, 0x68, 0x39, 0x88, 0x39,
    0x68, 0x41, 0x87, 0x39, 0x68, 0x39, 0x88, 0x39, 0x88, 0x39, 0x68, 0x39,
    0x88, 0x41, 0x67, 0x39, 0x88, 0x39, 0x68, 0x41, 0x88, 0x39, 0x88, 0x39,
    0x68, 0x39, 0x88, 0x39, 0x88, 0x39, 0x68, 0x39, 0x88, 0x41, 0x68, 0x39,
    0x68, 0x39, 0x87, 0x41, 0x68, 0x39, 0x68, 0x39, 0x88, 0x39, 0x68, 0x41,
    0x68, 0x39, 0x88, 0x41, 0x68, 0x39, 0x68, 0x41, 0x88, 0x39, 0x88, 0x39,
    0x68, 0x39, 0x68, 0x39, 0x88, 0x39, 0x68, 0x41, 0x88, 0x39, 0x87, 0x39,
    0x68, 0x41, 0x88, 0x39, 0x87, 0x39, 0x68, 0x41, 0x88, 0x39, 0x88, 0x39,
    0x68, 0x41, 0x87, 0x39, 0x88, 0x39, 0x68, 0x39, 0x87, 0x39, 0x88, 0x41,
    0x68, 0x39, 0x67, 0x39, 0x88, 0x41, 0x68, 0x39, 0x68, 0x39, 0x88, 0x39,
    0x68, 0x39, 0x88, 0x39, 0x87, 0x39, 0x68, 0x39, 0x68, 0x39, 0x88, 0x39,
    0x68, 0x39, 0x67, 0x41, 0x88, 0x39, 0x68, 0x39, 0x88, 0x39, 0x68, 0x39,
    0x88, 0x39, 0x88, 0x41, 0x68, 0x39, 0x68, 0x39, 0x87, 0x39, 0x68, 0x39,
    0x88, 0x41, 0x87, 0x39, 0x68, 0x39, 0x88, 0x39, 0x68, 0x39, 0x68, 0x39,
    0x88, 0x39, 0x68, 0x39, 0x88, 0x39, 0x88, 0x39, 0x68, 0x41, 0x88, 0x39,
    0x88, 0x39, 0x68, 0x41, 0x88, 0x39, 0x68, 0x39, 0x88, 0x41, 0x68, 0x39,
    0x67, 0x39, 0x88, 0x41, 0x88, 0x39, 0x67, 0x39, 0x88, 0x39, 0x68, 0x39,
    0x88, 0x41, 0x67, 0x39, 0x88, 0x39, 0x68, 0x39, 0x87, 0x39, 0x68, 0x41,
    0x68, 0x39, 0x88, 0x39, 0x68, 0x41, 0x67, 0x39, 0x88, 0x39, 0x88, 0x41,
    0x68, 0x39, 0x87, 0x41, 0x88, 0x41, 0x68, 0x39, 0x88, 0x39, 0x88, 0x39,
    0x68, 0x39, 0x88, 0x39, 0x67, 0x41, 0x88, 0x39, 0x88, 0x39, 0x68, 0x39,
    0x88, 0x39, 0x88, 0x39, 0x68, 0x39, 0x68, 0x41, 0x88, 0x39, 0x67, 0x39,
    0x68, 0x39, 0x88, 0x39, 0x88, 0x39, 0x68, 0x39, 0x88, 0x39, 0x88, 0x41,
    0x67, 0x39, 0x88, 0x39, 0x88, 0x39, 0x68, 0x41, 0x88, 0x39, 0x88, 0x41,
    0x68, 0x39, 0x67, 0x39, 0x88, 0x41, 0x68, 0x39, 0x87, 0x39, 0x88, 0x41,
    0x68, 0x39, 0x87, 0x39, 0x88, 0x39, 0x68, 0x41, 0x87, 0x39, 0x88, 0x39,
    0x68, 0x39, 0x88, 0x39, 0x88, 0x39, 0x68, 0x39, 0x88, 0x39, 0x67, 0x41,
    0x88, 0x39, 0x68, 0x39, 0x68, 0x39, 0x88, 0x39, 0x88, 0x41, 0x68, 0x39,
    0x88, 0x39, 0x88, 0x39, 0x68, 0x39, 0x88, 0x41, 0x88, 0x39, 0x67, 0x39,
    0x88, 0x41, 0x68, 0x39, 0x87, 0x39, 0x88, 0x41, 0x68, 0x39, 0x87, 0x39,
    0x88, 0x41, 0x68, 0x39, 0x67, 0x39, 0x88, 0x41, 0x68, 0x39, 0x68, 0x39,
    0x88, 0x41, 0x87, 0x39, 0x68, 0x39, 0x68, 0x41, 0x88, 0x39, 0x88, 0x39,
    0x68, 0x39, 0x68, 0x39, 0x88, 0x41, 0x68, 0x39, 0x88, 0x39, 0x88, 0x41,
    0x68, 0x39, 0x88, 0x39, 0x68, 0x41, 0x88, 0x39, 0x68, 0x41, 0x88, 0x39,
    0x68, 0x39, 0x88, 0x39, 0x68, 0x39, 0x68, 0x39, 0x88, 0x41, 0x68, 0x39,
    0x88, 0x39, 0x68, 0x41, 0x68, 0x39, 0x88, 0x39, 0x88, 0x41, 0x68, 0x39,
    0x88, 0x39, 0x68, 0x41, 0x88, 0x39, 0x88, 0x39, 0x68, 0x39, 0x88, 0x39,
    0x68, 0x41, 0x68, 0x39, 0x88, 0x41, 0x68, 0x39, 0x88, 0x41, 0x67, 0x39,
    0x88, 0x39, 0x68, 0x39, 0x68, 0x39, 0x88, 0x39, 0x68, 0x41, 0x68, 0x39,
    0x88, 0x39, 0x68, 0x39, 0x88, 0x39, 0x88, 0x41, 0x68, 0x39, 0x87, 0x39,
    0x88, 0x39, 0x68, 0x41, 0x68, 0x39, 0x88, 0x39, 0x68, 0x39, 0x68, 0x39,
    0x88, 0x39, 0x68, 0x39, 0x68, 0x39, 0x87, 0x41, 0x68, 0x39, 0x88, 0x39,
    0x68, 0x39, 0x88, 0x39, 0x88, 0x41, 0x68, 0x39, 0x68, 0x39, 0x88, 0x41,
    0x68, 0x41, 0x68, 0x39, 0x88, 0x39, 0x68, 0x39, 0x88, 0x39, 0x88, 0x41,
    0x68, 0x39, 0x88, 0x39, 0x68, 0x39, 0x88, 0x39, 0x88, 0x39, 0x68, 0x39,
    0x88, 0x41, 0x88, 0x39, 0x68, 0x39, 0x88, 0x39, 0x88, 0x41, 0x68, 0x41,
    0x88, 0x39, 0x87, 0x39, 0x68, 0x41, 0x68, 0x39, 0x88, 0x39, 0x68, 0x39,
    0x68, 0x41, 0x88, 0x39, 0x68, 0x39, 0x68, 0x39, 0x88, 0x41, 0x68, 0x39,
    0x88, 0x39, 0x68, 0x41, 0x68, 0x39, 0x88, 0x39, 0x68, 0x41, 0x88, 0x39,
    0x88, 0x39, 0x68, 0x39, 0x88, 0x39, 0x88, 0x41, 0x67, 0x39, 0x88, 0x39,
    0x68, 0x41, 0x68, 0x41, 0x88, 0x39, 0x88, 0x41, 0x88, 0x39, 0x68, 0x39,
    0x88, 0x41, 0x88, 0x39, 0x68, 0x39, 0x67, 0x41, 0x88, 0x39, 0x68, 0x39,
    0x68, 0x41, 0x88, 0x39, 0x88, 0x39, 0x68, 0x41, 0x88, 0x39, 0x68, 0x39,
    0x68, 0x39, 0x88, 0x39, 0x88, 0x41, 0x67, 0x41, 0x88, 0x39, 0x88, 0x41,
    0x67, 0x41, 0x68, 0x39, 0x88, 0x39, 0x67, 0x41, 0x68, 0x39, 0x88, 0x39,
    0x68, 0x39, 0x87, 0x39, 0x88, 0x39, 0x68, 0x41, 0x87, 0x39, 0x88, 0x39,
    0x68, 0x41, 0x68, 0x39, 0x88, 0x39, 0x88, 0x41, 0x68, 0x39, 0x88, 0x39,
    0x68, 0x39, 0x88, 0x41, 0x88, 0x39, 0x68, 0x39, 0x88, 0x41, 0x68, 0x39,
    0x87, 0x39, 0x88, 0x41, 0x68, 0x39, 0x68, 0x39, 0x88, 0x39, 0x68, 0x39,
    0x68, 0x39, 0x88, 0x39, 0x68, 0x39, 0x67, 0x41, 0x88, 0x39, 0x68, 0x39,
    0x88, 0x41, 0x68, 0x39, 0x88, 0x39, 0x68, 0x39, 0x68, 0x41, 0x88, 0x39,
    0x68, 0x39, 0x88, 0x39, 0x88, 0x39, 0x68, 0x39, 0x88, 0x41, 0x68, 0x39,
    0x88, 0x39, 0x88, 0x41, 0x68, 0x39, 0x68, 0x39, 0x88, 0x39, 0x68, 0x39,
    0x68, 0x41, 0x88, 0x39, 0x67, 0x39, 0x68, 0x39, 0x88, 0x39, 0x68, 0x41,
    0x88, 0x39, 0x88, 0x39, 0x68, 0x39, 0x68, 0x39, 0x88, 0x39, 0x68, 0x39,
    0x68, 0x39, 0x88, 0x39, 0x68, 0x41, 0x68, 0x39, 0x88, 0x39, 0x68, 0x41,
    0x67, 0x41, 0x88, 0x39, 0x68, 0x41, 0x87, 0x39, 0x88, 0x39, 0x68, 0x39,
    0x88, 0x41, 0x88, 0x39, 0x67, 0x39, 0x68, 0x41, 0x88, 0x39, 0x68, 0x39,
    0x68, 0x41, 0x87, 0x39, 0x68, 0x39, 0x68, 0x39, 0x88, 0x41, 0x88, 0x39,
    0x68, 0x39, 0x88, 0x39, 0x68, 0x39, 0x68, 0x39, 0x88, 0x39, 0x68, 0x39,
    0x88, 0x41, 0x88, 0x39, 0x68, 0x39, 0x88, 0x39, 0x67, 0x39, 0x68, 0x39,
    0x88, 0x39, 0x88, 0x39, 0x68, 0x41, 0x88, 0x39, 0x68, 0x39, 0x88, 0x41,
    0x68, 0x39, 0x88, 0x39, 0x68, 0x39, 0x68, 0x41, 0x87, 0x39, 0x68, 0x39,
    0x88, 0x39, 0x87, 0x39, 0x68, 0x39, 0x68, 0x41, 0x88, 0x39, 0x68, 0x41,
    0x88, 0x41, 0x88, 0x39, 0x68, 0x39, 0x87, 0x41, 0x68, 0x39, 0x88, 0x39,
    0x67, 0x41, 0x88, 0x39, 0x68, 0x39, 0x67, 0x39, 0x88, 0x41, 0x68, 0x39,
    0x87, 0x39, 0x68, 0x41, 0x68, 0x39, 0x88, 0x39, 0x68, 0x41, 0x88, 0x39,
    0x87, 0x39, 0x88, 0x41, 0x68, 0x39, 0x68, 0x39, 0x88, 0x39, 0x88, 0x41,
    0x68, 0x41, 0x88, 0x39, 0x87, 0x39, 0x68, 0x39, 0x88, 0x39, 0x68, 0x41,
    0x68, 0x39, 0x88, 0x39, 0x67, 0x41, 0x68, 0x39, 0x88, 0x39, 0x68, 0x39,
    0x88, 0x39, 0x68, 0x39, 0x87, 0x39, 0x88, 0x41, 0x68, 0x39, 0x87, 0x41,
    0x88, 0x39, 0x68, 0x39, 0x88, 0x41, 0x68, 0x39, 0x68, 0x39, 0x88, 0x41,
    0x67, 0x39, 0x68, 0x39, 0x88, 0x39, 0x68, 0x39, 0x87, 0x39, 0x68, 0x39,
    0x88, 0x39, 0x67, 0x41, 0x68, 0x39, 0x88, 0x39, 0x67, 0x39, 0x88, 0x39,
    0x68, 0x41, 0x88, 0x39, 0x87, 0x41, 0x68, 0x41, 0x68, 0x39, 0x87, 0x39,
    0x68, 0x39, 0x68, 0x39, 0x87, 0x39, 0x68, 0x39, 0x68, 0x39, 0x87, 0x39,
    0x68, 0x39, 0x88, 0x41, 0x88, 0x39, 0x68, 0x39, 0x87, 0x39, 0x88, 0x41,
    0x68, 0x39, 0x88, 0x39, 0x88, 0x39, 0x68, 0x39, 0x87, 0x39, 0x68, 0x39,
    0x88, 0x39, 0x88, 0x41, 0x68, 0x39, 0x88, 0x39, 0x68, 0x41, 0x68, 0x39,
    0x88, 0x39, 0x68, 0x41, 0x88, 0x39, 0x68, 0x39, 0x88, 0x41, 0x88, 0x39,
    0x68, 0x39, 0x68, 0x39, 0x88, 0x39, 0x68, 0x41, 0x67, 0x39, 0x88, 0x39,
    0x68, 0x39, 0x88, 0x39, 0x88, 0x39, 0x68, 0x41, 0x88, 0x39, 0x88, 0x39,
    0x67, 0x39, 0x68, 0x39, 0x88, 0x39, 0x88, 0x41, 0x68, 0x39, 0x88, 0x39,
    0x68, 0x41, 0x68, 0x39, 0x88, 0x39, 0x68, 0x39, 0x88, 0x39, 0x88, 0x39,
    0x68, 0x39, 0x88, 0x39, 0x88, 0x41, 0x68, 0x39, 0x88, 0x39, 0x68, 0x41,
    0x68, 0x39, 0x88, 0x39, 0x68, 0x41, 0x68, 0x39, 0x88, 0x39, 0x68, 0x39,
    0x88, 0x39, 0x68, 0x39, 0x68, 0x39, 0x88, 0x39, 0x67, 0x41, 0x68, 0x39,
    0x88, 0x39, 0x68, 0x39, 0x68, 0x41, 0x88, 0x39, 0x68, 0x39, 0x88, 0x39,
    0x68, 0x39, 0x88, 0x39, 0x88, 0x39, 0x68, 0x41, 0x88, 0x39, 0x67, 0x41,
    0x88, 0x39, 0x88, 0x39, 0x68, 0x39, 0x88, 0x39, 0x68, 0x41, 0x68, 0x39,
    0x87, 0x39, 0x68, 0x41, 0x88, 0x39, 0x87, 0x39, 0x68, 0x39, 0x68, 0x39,
    0x68, 0x39, 0x68, 0x41, 0x87, 0x39, 0x88, 0x39, 0x68, 0x41, 0x88, 0x39,
    0x68, 0x39, 0x67, 0x41, 0x88, 0x39, 0x88, 0x41, 0x67, 0x39, 0x88, 0x39,
    0x88, 0x39, 0x68, 0x41, 0x88, 0x39, 0x88, 0x39, 0x68, 0x39, 0x67, 0x39,
    0x88, 0x41, 0x68, 0x39, 0x88, 0x39, 0x88, 0x41, 0x68, 0x41, 0x67, 0x39,
    0x88, 0x39, 0x88, 0x41, 0x68, 0x39, 0x87, 0x39, 0x68, 0x39, 0x88, 0x39,
    0x68, 0x39, 0x68, 0x39, 0x88, 0x39, 0x68, 0x41, 0x68, 0x39, 0x88, 0x39,
    0x68, 0x39, 0x88, 0x41, 0x88, 0x39, 0x68, 0x39, 0x88, 0x39, 0x88, 0x39,
    0x68, 0x41, 0x88, 0x39, 0x88, 0x39, 0x68, 0x39, 0x67, 0x39, 0x88, 0x41,
    0x68, 0x39, 0x88, 0x39, 0x68, 0x41, 0x87, 0x39, 0x68, 0x39, 0x68, 0x41,
    0x88, 0x39, 0x67, 0x39, 0x88, 0x41, 0x88, 0x39, 0x88, 0x41, 0x68, 0x39,
    0x88, 0x39, 0x68, 0x41, 0x68, 0x39, 0x87, 0x39, 0x68, 0x39, 0x68, 0x39,
    0x87, 0x41, 0x88, 0x39, 0x68, 0x39, 0x88, 0x39, 0x68, 0x41, 0x68, 0x39,
    0x88, 0x39, 0x68, 0x41, 0x88, 0x39, 0x88, 0x39, 0x67, 0x39, 0x68, 0x39,
    0x88, 0x39, 0x67, 0x39, 0x88, 0x41, 0x68, 0x39, 0x88, 0x39, 0x68, 0x39,
    0x88, 0x39, 0x88, 0x39, 0x88, 0x39, 0x68, 0x41, 0x68, 0x39, 0x88, 0x39,
    0x88, 0x39, 0x68, 0x39, 0x87, 0x39, 0x68, 0x41, 0x68, 0x39, 0x88, 0x39,
    0x68, 0x39, 0x88, 0x39, 0x68, 0x39, 0x87, 0x39, 0x68, 0x39, 0x68, 0x39,
    0x88, 0x39, 0x68, 0x41, 0x88, 0x41, 0x68, 0x39, 0x88, 0x39, 0x87, 0x39,
    0x68, 0x41, 0x88, 0x39, 0x88, 0x39, 0x68, 0x39, 0x68, 0x41, 0x88, 0x39,
    0x68, 0x41, 0x88, 0x39, 0x68, 0x39, 0x68, 0x39, 0x88, 0x41, 0x88, 0x39,
    0x68, 0x39, 0x88, 0x41, 0x88, 0x39, 0x68, 0x39, 0x88, 0x39, 0x88, 0x41,
    0x68, 0x39, 0x88, 0x39, 0x68, 0x41, 0x88, 0x39, 0x68, 0x39, 0x88, 0x39,
    0x88, 0x39, 0x88, 0x39, 0x68, 0x41, 0x88, 0x41, 0x68, 0x39, 0x68, 0x39,
    0x88, 0x39, 0x68, 0x39, 0x68, 0x39, 0x88, 0x39, 0x88, 0x41, 0x68, 0x39,
    0x88, 0x39, 0x88, 0x41, 0x68, 0x41, 0x88, 0x39, 0x68, 0x39, 0x88, 0x39,
    0x68, 0x41, 0x68, 0x39, 0x88, 0x39, 0x68, 0x39, 0x68, 0x41, 0x88, 0x39,
    0x68, 0x39, 0x67, 0x41, 0x88, 0x39, 0x88, 0x41, 0x68, 0x39, 0x68, 0x39,
    0x88, 0x41, 0x67, 0x39, 0x88, 0x39, 0x68, 0x39, 0x87, 0x39, 0x68, 0x39,
    0x88, 0x41, 0x67, 0x39, 0x68, 0x39, 0x88, 0x39, 0x68, 0x39, 0x68, 0x39,
    0x87, 0x39, 0x88, 0x39, 0x68, 0x39, 0x68, 0x39, 0x88, 0x41, 0x68, 0x39,
    0x68, 0x41, 0x87, 0x39, 0x68, 0x39, 0x68, 0x39, 0x88, 0x41, 0x88, 0x39,
    0x68, 0x39, 0x68, 0x41, 0x87, 0x39, 0x68, 0x39, 0x68, 0x39, 0x87, 0x41,
    0x88, 0x39, 0x68, 0x39, 0x87, 0x39, 0x68, 0x39, 0x68, 0x41, 0x68, 0x39,
    0x88, 0x39, 0x67, 0x39, 0x68, 0x39, 0x88, 0x39, 0x88, 0x39, 0x67, 0x41,
    0x88, 0x39, 0x88, 0x39, 0x68, 0x39, 0x88, 0x39, 0x68, 0x41, 0x88, 0x39,
    0x87, 0x39, 0x68, 0x41, 0x88, 0x39, 0x88, 0x39, 0x68, 0x39, 0x88, 0x41,
    0x87, 0x39, 0x68, 0x39, 0x88, 0x39, 0x67, 0x41, 0x88, 0x39, 0x68, 0x39,
    0x68, 0x41, 0x88, 0x39, 0x67, 0x39, 0x88, 0x39, 0x68, 0x41, 0x88, 0x39,
    0x68, 0x39, 0x68, 0x41, 0x88, 0x39, 0x88, 0x39, 0x68, 0x39, 0x88, 0x39,
    0x88, 0x39, 0x68, 0x39, 0x68, 0x41, 0x88, 0x39, 0x88, 0x39, 0x68, 0x41,
    0x88, 0x39, 0x68, 0x39, 0x68, 0x41, 0x88, 0x39, 0x68, 0x39, 0x87, 0x39,
    0x68, 0x39, 0x68, 0x39, 0x88, 0x39, 0x68, 0x39, 0x68, 0x41, 0x88, 0x39,
    0x68, 0x39, 0x68, 0x39, 0x88, 0x41, 0x88, 0x39, 0x68, 0x39, 0x88, 0x41,
    0x68, 0x39, 0x67, 0x39, 0x88, 0x39, 0x68, 0x39, 0x88, 0x39, 0x88, 0x41,
    0x68, 0x39, 0x68, 0x39, 0x88, 0x39, 0x68, 0x41, 0x88, 0x39, 0x88, 0x39,
    0x88, 0x41, 0x68, 0x39, 0x88, 0x39, 0x68, 0x39, 0x88, 0x41, 0x67, 0x39,
    0x68, 0x39, 0x68, 0x39, 0x88, 0x41, 0x68, 0x39, 0x67, 0x39, 0x88, 0x39,
    0x68, 0x39, 0x68, 0x41, 0x88, 0x39, 0x88, 0x39, 0x68, 0x41, 0x68, 0x39,
    0x88, 0x39, 0x68, 0x41, 0x88, 0x39, 0x88, 0x39, 0x68, 0x41, 0x88, 0x39,
    0x68, 0x39, 0x68, 0x39, 0x68, 0x39, 0x88, 0x39, 0x68, 0x41, 0x88, 0x39,
    0x67, 0x39, 0x88, 0x39, 0x88, 0x39, 0x68, 0x41, 0x88, 0x39, 0x88, 0x39,
    0x68, 0x39, 0x68, 0x41, 0x88, 0x39, 0x87, 0x39, 0x68, 0x39, 0x88, 0x41,
    0x68, 0x39, 0x68, 0x39, 0x88, 0x39, 0x88, 0x39, 0x68, 0x39, 0x88, 0x39,
    0x68, 0x39, 0x88, 0x39, 0x68, 0x39, 0x88, 0x39, 0x68, 0x41, 0x68, 0x39,
    0x88, 0x41, 0x67, 0x39, 0x68, 0x39, 0x88, 0x39, 0x88, 0x39, 0x68, 0x41,
    0x68, 0x39, 0x88, 0x39, 0x88, 0x41, 0x68, 0x39, 0x88, 0x39, 0x67, 0x41,
    0x68, 0x39, 0x88, 0x39, 0x88, 0x41, 0x68, 0x41, 0x88, 0x39, 0x88, 0x39,
    0x67, 0x39, 0x88, 0x39, 0x68, 0x39, 0x68, 0x41, 0x88, 0x39, 0x68, 0x39,
    0x88, 0x39, 0x68, 0x39, 0x88, 0x39, 0x88, 0x41, 0x67, 0x39, 0x88, 0x39,
    0x68, 0x39, 0x87, 0x41, 0x88, 0x39, 0x68, 0x39, 0x68, 0x39, 0x68, 0x39,
    0x67, 0x39, 0x88, 0x39, 0x68, 0x39, 0x67, 0x39, 0x88, 0x41, 0x68, 0x39,
    0x88, 0x39, 0x88, 0x41, 0x67, 0x39, 0x88, 0x41, 0x68, 0x41, 0x68, 0x39,
    0x88, 0x39, 0x68, 0x39, 0x88, 0x39, 0x87, 0x39, 0x68, 0x41, 0x88, 0x39,
    0x87, 0x39, 0x68, 0x41, 0x68, 0x39, 0x88, 0x39, 0x68, 0x39, 0x68, 0x39,
    0x87, 0x39, 0x68, 0x39, 0x88, 0x39, 0x68, 0x41, 0x88, 0x39, 0x88, 0x39,
    0x68, 0x41, 0x87, 0x39, 0x88, 0x39, 0x68, 0x41, 0x88, 0x39, 0x88, 0x39,
    0x68, 0x39, 0x68, 0x39, 0x88, 0x41, 0x68, 0x39, 0x88, 0x39, 0x88, 0x41,
    0x68, 0x39, 0x68, 0x39, 0x88, 0x41, 0x88, 0x39, 0x68, 0x39, 0x88, 0x41,
    0x88, 0x39, 0x68, 0x39, 0x88, 0x41, 0x87, 0x39, 0x68, 0x39, 0x88, 0x41,
    0x88, 0x41, 0x68, 0x39, 0x88, 0x39, 0x87, 0x41, 0x88, 0x39, 0x68, 0x39,
    0x88, 0x39, 0x88, 0x41, 0x68, 0x39, 0x68, 0x39, 0x87, 0x39, 0x68, 0x41,
    0x88, 0x39, 0x88, 0x39, 0x68, 0x41, 0x88, 0x39, 0x88, 0x39, 0x68, 0x39,
    0x88, 0x39, 0x88, 0x41, 0x68, 0x39, 0x88, 0x39, 0x88, 0x41, 0x67, 0x39,
    0x88, 0x41, 0x68, 0x39, 0x68, 0x41, 0x88, 0x39, 0x68, 0x39, 0x68, 0x39,
    0x88, 0x41, 0x67, 0x39, 0x88, 0x39, 0x68, 0x41, 0x67, 0x39, 0x88, 0x39,
    0x68, 0x41, 0x68, 0x39, 0x88, 0x39, 0x67, 0x41, 0x68, 0x39, 0x88, 0x39,
    0x68, 0x41, 0x88, 0x39, 0x88, 0x39, 0x68, 0x39, 0x88, 0x41, 0x87, 0x39,
    0x68, 0x39, 0x68, 0x41, 0x88, 0x39, 0x68, 0x39, 0x88, 0x39, 0x88, 0x39,
    0x68, 0x39, 0x67, 0x41, 0x88, 0x39, 0x68, 0x39, 0x87, 0x41, 0x68, 0x41,
    0x88, 0x39, 0x68, 0x39, 0x68, 0x39, 0x88, 0x39, 0x68, 0x39, 0x88, 0x39,
    0x68, 0x39, 0x88, 0x39, 0x88, 0x39, 0x68, 0x39, 0x68, 0x41, 0x88, 0x39,
    0x88, 0x41, 0x88, 0x39, 0x68, 0x39, 0x88, 0x39, 0x88, 0x41, 0x67, 0x39,
    0x88, 0x39, 0x68, 0x41, 0x67, 0x39, 0x68, 0x39, 0x88, 0x41, 0x88, 0x39,
    0x68, 0x39, 0x88, 0x41, 0x68, 0x39, 0x68, 0x39, 0x87, 0x39, 0x88, 0x39,
    0x68, 0x41, 0x87, 0x39, 0x88, 0x39, 0x68, 0x39, 0x68, 0x41, 0x88, 0x39,
    0x67, 0x39, 0x88, 0x41, 0x68, 0x39, 0x87, 0x39, 0x88, 0x39, 0x88, 0x41,
    0x68, 0x39, 0x88, 0x39, 0x88, 0x39, 0x68, 0x41, 0x88, 0x39, 0x88, 0x39,
    0x67, 0x41, 0x68, 0x39, 0x88, 0x39, 0x67, 0x41, 0x88, 0x39, 0x88, 0x39,
    0x67, 0x39, 0x68, 0x39, 0x88, 0x39, 0x68, 0x39, 0x87, 0x39, 0x88, 0x39,
    0x88, 0x41, 0x68, 0x39, 0x88, 0x39, 0x67, 0x39, 0x68, 0x39, 0x88, 0x41,
    0x68, 0x39, 0x68, 0x39, 0x88, 0x41, 0x68, 0x39, 0x88, 0x39, 0x88, 0x39,
    0x68, 0x39, 0x68, 0x39, 0x88, 0x41, 0x68, 0x39, 0x88, 0x39, 0x88, 0x39,
    0x67, 0x41, 0x88, 0x39, 0x68, 0x41, 0x67, 0x41, 0x88, 0x39, 0x88, 0x41,
    0x68, 0x41, 0x68, 0x39, 0x88, 0x39, 0x87, 0x41, 0x68, 0x39, 0x88, 0x39,
    0x88, 0x39, 0x68, 0x41, 0x68, 0x39, 0x88, 0x39, 0x87, 0x41, 0x68, 0x39,
    0x68, 0x39, 0x88, 0x41, 0x68, 0x39, 0x88, 0x39, 0x88, 0x39, 0x68, 0x41,
    0x88, 0x39, 0x68, 0x39, 0x68, 0x39, 0x88, 0x39, 0x68, 0x41, 0x68, 0x39,
    0x88, 0x41, 0x88, 0x39, 0x68, 0x39, 0x87, 0x39, 0x68, 0x41, 0x88, 0x39,
    0x68, 0x39, 0x67, 0x41, 0x88, 0x39, 0x68, 0x39, 0x88, 0x39, 0x68, 0x39,
    0x68, 0x39, 0x88, 0x41, 0x88, 0x39, 0x68, 0x39, 0x88, 0x41, 0x88, 0x39,
    0x88, 0x41, 0x68, 0x39, 0x88, 0x39, 0x88, 0x41, 0x68, 0x39, 0x67, 0x39,
    0x88, 0x39, 0x68, 0x39, 0x68, 0x39, 0x88, 0x39, 0x88, 0x39, 0x67, 0x41,
    0x68, 0x39, 0x68, 0x41, 0x88, 0x39, 0x68, 0x39, 0x68, 0x39, 0x88, 0x39,
    0x88, 0x41, 0x68, 0x39, 0x88, 0x39, 0x87, 0x41, 0x68, 0x39, 0x88, 0x41,
    0x68, 0x39, 0x88, 0x39, 0x67, 0x39, 0x68, 0x41, 0x88, 0x39, 0x67, 0x39,
    0x68, 0x39, 0x88, 0x39, 0x68, 0x39, 0x68, 0x39, 0x87, 0x39, 0x88, 0x41,
    0x68, 0x39, 0x88, 0x39, 0x68, 0x39, 0x67, 0x39, 0x88, 0x39, 0x88, 0x39,
    0x67, 0x39, 0x88, 0x39, 0x68, 0x41, 0x68, 0x39, 0x88, 0x39, 0x67, 0x39,
    0x68, 0x39, 0x88, 0x39, 0x68, 0x41, 0x68, 0x39, 0x88, 0x39, 0x68, 0x39,
    0x68, 0x41, 0x68, 0x39, 0x88, 0x39, 0x68, 0x39, 0x68, 0x39, 0x88, 0x39,
    0x68, 0x39, 0x88, 0x39, 0x88, 0x41, 0x68, 0x39, 0x88, 0x39, 0x68, 0x39,
    0x68, 0x39, 0x88, 0x39, 0x68, 0x39, 0x68, 0x41, 0x87, 0x39, 0x68, 0x39,
    0x68, 0x41, 0x88, 0x39, 0x68, 0x39, 0x68, 0x39, 0x88, 0x39, 0x88, 0x39,
    0x68, 0x39, 0x88, 0x41, 0x88, 0x39, 0x68, 0x39, 0x87, 0x39, 0x88, 0x39,
    0x68, 0x39, 0x68, 0x41, 0x88, 0x39, 0x88, 0x39, 0x68, 0x39, 0x88, 0x39,
    0x88, 0x41, 0x68, 0x39, 0x88, 0x39, 0x88, 0x39, 0x68, 0x39, 0x88, 0x39,
    0x68, 0x39, 0x68, 0x41, 0x88, 0x39, 0x68, 0x39, 0x68, 0x39, 0x88, 0x39,
    0x88, 0x39, 0x68, 0x41, 0x88, 0x39, 0x68, 0x39, 0x67, 0x41, 0x88, 0x39,
    0x88, 0x39, 0x68, 0x39, 0x88, 0x41, 0x68, 0x39, 0x68, 0x39, 0x88, 0x39,
    0x68, 0x39, 0x87, 0x41, 0x88, 0x39, 0x68, 0x41, 0x67, 0x39, 0x88, 0x39,
    0x68, 0x39, 0x88, 0x41, 0x87, 0x39, 0x68, 0x39, 0x88, 0x39, 0x68, 0x39,
    0x68, 0x41, 0x87, 0x39, 0x68, 0x39, 0x88, 0x41, 0x68, 0x39, 0x88, 0x39,
    0x88, 0x39, 0x88, 0x39, 0x68, 0x39, 0x88, 0x39, 0x67, 0x39, 0x68, 0x39,
    0x88, 0x39, 0x88, 0x41, 0x68, 0x39, 0x88, 0x41, 0x68, 0x39, 0x68, 0x39,
    0x88, 0x39, 0x68, 0x41, 0x68, 0x39, 0x88, 0x39, 0x67, 0x39, 0x68, 0x39,
    0x88, 0x39, 0x68, 0x39, 0x68, 0x41, 0x88, 0x39, 0x68, 0x39, 0x68, 0x39,
    0x88, 0x41, 0x67, 0x39, 0x68, 0x39, 0x88, 0x39, 0x68, 0x41, 0x88, 0x39,
    0x88, 0x39, 0x68, 0x39, 0x88, 0x39, 0x68, 0x39, 0x68, 0x39, 0x88, 0x41,
    0x88, 0x39, 0x68, 0x39, 0x88, 0x41, 0x68, 0x41, 0x68, 0x39, 0x88, 0x39,
    0x67, 0x41, 0x88, 0x39, 0x88, 0x41, 0x68, 0x39, 0x88, 0x39, 0x88, 0x39,
    0x68, 0x41, 0x88, 0x39, 0x67, 0x39, 0x68, 0x39, 0x68, 0x41, 0x87, 0x41,
    0x88, 0x39, 0x68, 0x39, 0x87, 0x39, 0x68, 0x41, 0x68, 0x39, 0x88, 0x39,
    0x88, 0x39, 0x68, 0x39, 0x88, 0x39, 0x68, 0x39, 0x68, 0x39, 0x88, 0x39,
    0x87, 0x39, 0x68, 0x39, 0x88, 0x41, 0x68, 0x39, 0x68, 0x39, 0x88, 0x39,
    0x67, 0x39, 0x88, 0x41, 0x88, 0x39, 0x68, 0x39, 0x68, 0x41, 0x88, 0x39,
    0x87, 0x39, 0x68, 0x39, 0x68, 0x39, 0x87, 0x39, 0x68, 0x39, 0x88, 0x39,
    0x88, 0x41, 0x67, 0x39, 0x88, 0x39, 0x88, 0x39, 0x67, 0x39, 0x68, 0x39,
    0x88, 0x39, 0x68, 0x41, 0x88, 0x39, 0x68, 0x39, 0x88, 0x39, 0x88, 0x41,
    0x68, 0x39, 0x88, 0x39, 0x68, 0x41, 0x68, 0x39, 0x88, 0x41, 0x88, 0x39,
    0x68, 0x39, 0x68, 0x39, 0x88, 0x39, 0x67, 0x41, 0x88, 0x39, 0x68, 0x39,
    0x68, 0x41, 0x88, 0x39, 0x68, 0x39, 0x88, 0x39, 0x68, 0x39, 0x88, 0x41,
    0x88, 0x39, 0x68, 0x39, 0x88, 0x41, 0x68, 0x39, 0x88, 0x39, 0x88, 0x39,
    0x68, 0x39, 0x87, 0x39, 0x88, 0x41, 0x68, 0x39, 0x68, 0x39, 0x88, 0x41,
    0x68, 0x39, 0x68, 0x39, 0x88, 0x39, 0x68, 0x39, 0x88, 0x39, 0x88, 0x41,
    0x68, 0x39, 0x88, 0x39, 0x88, 0x41, 0x68, 0x39, 0x88, 0x39, 0x68, 0x41,
    0x88, 0x39, 0x88, 0x41, 0x68, 0x39, 0x68, 0x39, 0x88, 0x41, 0x68, 0x39,
    0x87, 0x39, 0x88, 0x41, 0x68, 0x39, 0x88, 0x41, 0x68, 0x39, 0x68, 0x41,
    0x88, 0x39, 0x88, 0x39, 0x68, 0x39, 0x87, 0x41, 0x88, 0x39, 0x68, 0x39,
    0x88, 0x41, 0x88, 0x39, 0x68, 0x39, 0x88, 0x39, 0x88, 0x39, 0x67, 0x39,
    0x88, 0x39, 0x88, 0x41, 0x67, 0x39, 0x88, 0x39, 0x68, 0x41, 0x87, 0x41,
    0x68, 0x39, 0x68, 0x39, 0x87, 0x39, 0x68, 0x41, 0x88, 0x39, 0x88, 0x41,
    0x67, 0x39, 0x88, 0x39, 0x88, 0x41, 0x68, 0x39, 0x88, 0x39, 0x68, 0x39,
    0x88, 0x41, 0x67, 0x39, 0x88, 0x39, 0x68, 0x41, 0x67, 0x39, 0x88, 0x39,
    0x68, 0x39, 0x88, 0x39, 0x68, 0x39, 0x68, 0x41, 0x88, 0x41, 0x88, 0x39,
    0x68, 0x39, 0x88, 0x39, 0x68, 0x41, 0x88, 0x39, 0x68, 0x39, 0x68, 0x41,
    0x87, 0x39, 0x68, 0x39, 0x68, 0x41, 0x88, 0x39, 0x88, 0x41, 0x68, 0x39,
    0x87, 0x39, 0x68, 0x39, 0x88, 0x41, 0x87, 0x39, 0x68, 0x39, 0x68, 0x41,
    0x88, 0x39, 0x87, 0x39, 0x68, 0x39, 0x88, 0x41, 0x68, 0x39, 0x68, 0x39,
    0x88, 0x41, 0x88, 0x39, 0x68, 0x39, 0x88, 0x39, 0x88, 0x39, 0x68, 0x39,
    0x88, 0x41, 0x68, 0x39, 0x88, 0x39, 0x88, 0x41, 0x68, 0x39, 0x68, 0x39,
    0x68, 0x39, 0x68, 0x39, 0x68, 0x41, 0x88, 0x39, 0x88, 0x39, 0x68, 0x39,
    0x88, 0x39, 0x68, 0x41, 0x88, 0x39, 0x68, 0x39, 0x67, 0x39, 0x68, 0x41,
    0x88, 0x39, 0x68, 0x41, 0x88, 0x39, 0x88, 0x41, 0x68, 0x39, 0x68, 0x39,
    0x88, 0x41, 0x67, 0x39, 0x88, 0x39, 0x88, 0x39, 0x68, 0x41, 0x88, 0x39,
    0x88, 0x39, 0x68, 0x39, 0x88, 0x41, 0x88, 0x39, 0x68, 0x39, 0x88, 0x41,
    0x88, 0x39, 0x68, 0x39, 0x88, 0x39, 0x88, 0x41, 0x68, 0x39, 0x88, 0x39,
    0x88, 0x39, 0x68, 0x41, 0x88, 0x39, 0x67, 0x39, 0x68, 0x39, 0x88, 0x41,
    0x68, 0x39, 0x88, 0x41, 0x88, 0x39, 0x68, 0x39, 0x88, 0x41, 0x68, 0x39,
    0x68, 0x39, 0x87, 0x39, 0x88, 0x39, 0x68, 0x39, 0x88, 0x39, 0x68, 0x39,
    0x68, 0x39, 0x88, 0x39, 0x68, 0x39, 0x68, 0x41, 0x88, 0x39, 0x67, 0x39,
    0x88, 0x39, 0x88, 0x41, 0x88, 0x39, 0x68, 0x39, 0x88, 0x39, 0x68, 0x39,
    0x68, 0x41, 0x88, 0x39, 0x88, 0x39, 0x68, 0x39, 0x68, 0x41, 0x88, 0x39,
    0x68, 0x39, 0x68, 0x41, 0x88, 0x39, 0x88, 0x39, 0x68, 0x41, 0x68, 0x39,
    0x88, 0x39, 0x68, 0x39, 0x88, 0x39, 0x68, 0x39, 0x88, 0x41, 0x68, 0x39,
    0x68, 0x39, 0x88, 0x39, 0x88, 0x39, 0x68, 0x39, 0x68, 0x39, 0x88, 0x39,
    0x88, 0x41, 0x68, 0x39, 0x88, 0x41, 0x68, 0x41, 0x68, 0x39, 0x88, 0x39,
    0x68, 0x39, 0x68, 0x41, 0x88, 0x39, 0x88, 0x41, 0x68, 0x39, 0x88, 0x39,
    0x68, 0x39, 0x87, 0x39, 0x68, 0x41, 0x68, 0x39, 0x88, 0x39, 0x67, 0x39,
    0x88, 0x39, 0x88, 0x39, 0x68, 0x39, 0x87, 0x39, 0x68, 0x41, 0x88, 0x39,
    0x87, 0x39, 0x68, 0x41, 0x68, 0x39, 0x88, 0x39, 0x68, 0x39, 0x87, 0x39,
    0x68, 0x39, 0x88, 0x41, 0x67, 0x39, 0x68, 0x39, 0x88, 0x41, 0x68, 0x39,
    0x68, 0x39, 0x87, 0x39, 0x68, 0x41, 0x68, 0x39, 0x87, 0x39, 0x68, 0x41,
    0x88, 0x39, 0x68, 0x39, 0x88, 0x39, 0x88, 0x41, 0x67, 0x39, 0x88, 0x39,
    0x88, 0x39, 0x67, 0x41, 0x88, 0x39, 0x68, 0x39, 0x68, 0x39, 0x87, 0x39,
    0x68, 0x41, 0x68, 0x39, 0x88, 0x39, 0x88, 0x39, 0x68, 0x39, 0x88, 0x39,
    0x68, 0x39, 0x87, 0x41, 0x88, 0x39, 0x68, 0x39, 0x88, 0x39, 0x68, 0x39,
    0x68, 0x39, 0x88, 0x39, 0x88, 0x41, 0x68, 0x39, 0x88, 0x39, 0x68, 0x39,
    0x68, 0x41, 0x88, 0x39, 0x68, 0x39, 0x68, 0x39, 0x88, 0x41, 0x68, 0x39,
    0x68, 0x39, 0x87, 0x41, 0x68, 0x39, 0x68, 0x41, 0x88, 0x41, 0x68, 0x39,
    0x88, 0x39, 0x68, 0x39, 0x88, 0x41, 0x68, 0x39, 0x88, 0x39, 0x88, 0x39,
    0x68, 0x41, 0x88, 0x39, 0x68, 0x39, 0x68, 0x39, 0x88, 0x39, 0x68, 0x41,
    0x68, 0x39, 0x88, 0x39, 0x67, 0x39, 0x88, 0x39, 0x68, 0x39, 0x88, 0x41,
    0x68, 0x39, 0x88, 0x39, 0x88, 0x39, 0x68, 0x41, 0x88, 0x39, 0x68, 0x41,
    0x88, 0x41, 0x67, 0x39, 0x88, 0x39, 0x68, 0x39, 0x68, 0x39, 0x88, 0x41,
    0x67, 0x39, 0x88, 0x39, 0x68, 0x39, 0x87, 0x41, 0x88, 0x39, 0x68, 0x39,
    0x88, 0x39, 0x88, 0x39, 0x68, 0x39, 0x67, 0x41, 0x88, 0x39, 0x68, 0x39,
    0x88, 0x41, 0x68, 0x39, 0x68, 0x39, 0x88, 0x41, 0x88, 0x39, 0x68, 0x39,
    0x68, 0x41, 0x88, 0x39, 0x68, 0x39, 0x88, 0x39, 0x88, 0x39, 0x68, 0x39,
    0x67, 0x41, 0x88, 0x39, 0x68, 0x39, 0x87, 0x41, 0x68, 0x39, 0x88, 0x41,
    0x67, 0x39, 0x68, 0x39, 0x88, 0x39, 0x88, 0x39, 0x68, 0x39, 0x88, 0x39,
    0x88, 0x39, 0x88, 0x39, 0x68, 0x39, 0x68, 0x41, 0x87, 0x39, 0x68, 0x41,
    0x88, 0x39, 0x88, 0x39, 0x68, 0x39, 0x88, 0x39, 0x88, 0x41, 0x68, 0x39,
    0x68, 0x39, 0x87, 0x39, 0x68, 0x41, 0x88, 0x39, 0x88, 0x39, 0x88, 0x41,
    0x68, 0x39, 0x68, 0x39, 0x88, 0x39, 0x67, 0x39, 0x68, 0x39, 0x88, 0x41,
    0x67, 0x39, 0x68, 0x39, 0x88, 0x39, 0x68, 0x41, 0x88, 0x39, 0x68, 0x39,
    0x67, 0x41, 0x88, 0x39, 0x68, 0x39, 0x67, 0x39, 0x88, 0x41, 0x68, 0x39,
    0x67, 0x39, 0x88, 0x39, 0x88, 0x41, 0x68, 0x39, 0x88, 0x39, 0x68, 0x39,
    0x67, 0x39, 0x88, 0x39, 0x68, 0x41, 0x87, 0x39, 0x88, 0x39, 0x68, 0x39,
    0x68, 0x41, 0x88, 0x39, 0x68, 0x39, 0x88, 0x41, 0x87, 0x39, 0x68, 0x41,
    0x88, 0x39, 0x88, 0x39, 0x67, 0x39, 0x88, 0x41, 0x68, 0x39, 0x68, 0x39,
    0x68, 0x39, 0x88, 0x39, 0x68, 0x41, 0x88, 0x39, 0x88, 0x39, 0x68, 0x39,
    0x67, 0x39, 0x88, 0x41, 0x88, 0x39, 0x68, 0x39, 0x87, 0x39, 0x88, 0x41,
    0x68, 0x39, 0x87, 0x39, 0x68, 0x41, 0x88, 0x39, 0x87, 0x39, 0x68, 0x41,
    0x68, 0x39, 0x88, 0x41, 0x67, 0x39, 0x88, 0x39, 0x88, 0x41, 0x67, 0x39,
    0x88, 0x41, 0x68, 0x39, 0x67, 0x41, 0x88, 0x39, 0x88, 0x39, 0x67, 0x41,
    0x68, 0x39, 0x88, 0x39, 0x88, 0x39, 0x68, 0x39, 0x87, 0x39, 0x88, 0x41,
    0x68, 0x39, 0x68, 0x39, 0x88, 0x39, 0x67, 0x39, 0x88, 0x41, 0x68, 0x41,
    0x88, 0x39, 0x88, 0x39, 0x68, 0x39, 0x88, 0x41, 0x68, 0x39, 0x68, 0x39,
    0x88, 0x41, 0x68, 0x41, 0x88, 0x39, 0x68, 0x39, 0x68, 0x39, 0x88, 0x39,
    0x88, 0x41, 0x68, 0x39, 0x88, 0x39, 0x88, 0x41, 0x68, 0x39, 0x88, 0x39,
    0x88, 0x39, 0x68, 0x39, 0x88, 0x41, 0x88, 0x39, 0x67, 0x39, 0x88, 0x39,
    0x88, 0x41, 0x68, 0x39, 0x88, 0x39, 0x88, 0x39, 0x68, 0x39, 0x88, 0x41,
    0x68, 0x39, 0x68, 0x39, 0x88, 0x41, 0x68, 0x39, 0x68, 0x39, 0x88, 0x39,
    0x68, 0x41, 0x88, 0x39, 0x88, 0x39, 0x68, 0x41, 0x88, 0x39, 0x68, 0x39,
    0x88, 0x39, 0x68, 0x41, 0x67, 0x39, 0x88, 0x39, 0x68, 0x41, 0x67, 0x39,
    0x88, 0x39, 0x68, 0x39, 0x68, 0x41, 0x88, 0x39, 0x87, 0x39, 0x68, 0x41,
    0x68, 0x39, 0x88, 0x39, 0x67, 0x39, 0x68, 0x39, 0x88, 0x39, 0x87, 0x39,
    0x68, 0x41, 0x88, 0x39, 0x87, 0x39, 0x68, 0x39, 0x88, 0x39, 0x68, 0x39,
    0x88, 0x39, 0x88, 0x39, 0x68, 0x39, 0x88, 0x39, 0x67, 0x39, 0x88, 0x41,
    0x68, 0x39, 0x68, 0x39, 0x88, 0x39, 0x68, 0x39, 0x68, 0x39, 0x88, 0x39,
    0x68, 0x39, 0x88, 0x41, 0x88, 0x39, 0x67, 0x39, 0x88, 0x39, 0x88, 0x39,
    0x68, 0x41, 0x88, 0x39, 0x68, 0x41, 0x68, 0x39, 0x88, 0x39, 0x67, 0x39,
    0x88, 0x39, 0x68, 0x39, 0x68, 0x41, 0x88, 0x39, 0x88, 0x39, 0x68, 0x39,
    0x88, 0x39, 0x88, 0x39, 0x68, 0x41, 0x87, 0x39, 0x88, 0x39, 0x68, 0x39,
    0x88, 0x41, 0x68, 0x39, 0x68, 0x39, 0x88, 0x39, 0x68, 0x39, 0x68, 0x41,
    0x88, 0x39, 0x88, 0x39, 0x68, 0x39, 0x88, 0x39, 0x68, 0x39, 0x88, 0x39,
    0x68, 0x41, 0x88, 0x39, 0x68, 0x39, 0x68, 0x39, 0x88, 0x39, 0x87, 0x39,
    0x68, 0x39, 0x68, 0x41, 0x88, 0x39, 0x67, 0x41, 0x88, 0x39, 0x88, 0x39,
    0x68, 0x39, 0x68, 0x39, 0x88, 0x41, 0x68, 0x39, 0x68, 0x39, 0x88, 0x39,
    0x88, 0x39, 0x68, 0x41, 0x68, 0x39, 0x87, 0x39, 0x68, 0x41, 0x68, 0x39,
    0x68, 0x39, 0x88, 0x39, 0x88, 0x39, 0x68, 0x39, 0x68, 0x39, 0x88, 0x39,
    0x67, 0x41, 0x68, 0x39, 0x88, 0x39, 0x67, 0x41, 0x88, 0x39, 0x88, 0x39,
    0x68, 0x39, 0x88, 0x39, 0x68, 0x39, 0x68, 0x39, 0x87, 0x39, 0x68, 0x39,
    0x88, 0x39, 0x88, 0x41, 0x68, 0x39, 0x88, 0x39, 0x68, 0x41, 0x88, 0x39,
    0x68, 0x39, 0x88, 0x41, 0x67, 0x39, 0x88, 0x39, 0x68, 0x39, 0x88, 0x39,
    0x88, 0x41, 0x68, 0x39, 0x88, 0x39, 0x68, 0x41, 0x88, 0x39, 0x88, 0x39,
    0x68, 0x41, 0x68, 0x39, 0x88, 0x39, 0x88, 0x41, 0x68, 0x39, 0x88, 0x39,
    0x88, 0x41, 0x68, 0x39, 0x68, 0x39, 0x88, 0x41, 0x68, 0x39, 0x87, 0x39,
    0x88, 0x41, 0x68, 0x39, 0x68, 0x39, 0x88, 0x41, 0x68, 0x39, 0x68, 0x39,
    0x88, 0x41, 0x68, 0x39, 0x88, 0x39, 0x88, 0x39, 0x88, 0x41, 0x68, 0x39,
    0x88, 0x39, 0x67, 0x41, 0x68, 0x39, 0x88, 0x39, 0x67, 0x41, 0x88, 0x39,
    0x88, 0x39, 0x68, 0x39, 0x68, 0x41, 0x88, 0x39, 0x68, 0x39, 0x68, 0x39,
    0x88, 0x39, 0x88, 0x39, 0x68, 0x39, 0x68, 0x39, 0x88, 0x39, 0x88, 0x39,
    0x68, 0x39, 0x88, 0x41, 0x68, 0x39, 0x68, 0x39, 0x88, 0x39, 0x88, 0x39,
    0x68, 0x39, 0x88, 0x41, 0x68, 0x39, 0x88, 0x39, 0x88, 0x41, 0x68, 0x39,
    0x68, 0x39, 0x88, 0x39, 0x67, 0x39, 0x88, 0x39, 0x68, 0x41, 0x88, 0x39,
    0x88, 0x39, 0x67, 0x39, 0x88, 0x41, 0x68, 0x39, 0x68, 0x39, 0x88, 0x39,
    0x68, 0x39, 0x68, 0x41, 0x87, 0x39, 0x88, 0x39, 0x68, 0x39, 0x88, 0x39,
    0x67, 0x39, 0x88, 0x39, 0x68, 0x41, 0x88, 0x39, 0x88, 0x39, 0x68, 0x41,
    0x68, 0x39, 0x87, 0x39, 0x68, 0x39, 0x68, 0x41, 0x88, 0x39, 0x68, 0x41,
    0x68, 0x39, 0x87, 0x39, 0x68, 0x39, 0x88, 0x41, 0x68, 0x39, 0x88, 0x39,
    0x68, 0x39, 0x68, 0x41, 0x88, 0x39, 0x68, 0x39, 0x88, 0x41, 0x68, 0x39,
    0x87, 0x39, 0x88, 0x39, 0x68, 0x39, 0x87, 0x39, 0x88, 0x39, 0x68, 0x41,
    0x68, 0x39, 0x88, 0x39, 0x67, 0x39, 0x88, 0x41, 0x68, 0x39, 0x88, 0x39,
    0x88, 0x41, 0x68, 0x39, 0x88, 0x39, 0x88, 0x41, 0x68, 0x39, 0x88, 0x39,
    0x88, 0x41, 0x68, 0x39, 0x68, 0x39, 0x88, 0x41, 0x68, 0x39, 0x88, 0x39,
    0x88, 0x41, 0x68, 0x39, 0x88, 0x39, 0x68, 0x41, 0x88, 0x39, 0x68, 0x39,
    0x68, 0x39, 0x88, 0x41, 0x68, 0x39, 0x88, 0x41, 0x68, 0x39, 0x87, 0x41,
    0x68, 0x39, 0x68, 0x39, 0x88, 0x41, 0x88, 0x39, 0x68, 0x39, 0x88, 0x39,
    0x88, 0x41, 0x67, 0x39, 0x88, 0x39, 0x88, 0x41, 0x67, 0x41, 0x88, 0x39,
    0x68, 0x39, 0x67, 0x39, 0x88, 0x41, 0x68, 0x39, 0x88, 0x41, 0x68, 0x39,
    0x87, 0x39, 0x88, 0x39, 0x68, 0x39, 0x88, 0x41, 0x88, 0x39, 0x68, 0x41,
    0x88, 0x39, 0x88, 0x39, 0x67, 0x39, 0x88, 0x39, 0x68, 0x39, 0x67, 0x39,
    0x88, 0x39, 0x68, 0x41, 0x68, 0x39, 0x88, 0x39, 0x68, 0x39, 0x88, 0x39,
    0x88, 0x39, 0x68, 0x41, 0x88, 0x39, 0x88, 0x39, 0x68, 0x41, 0x67, 0x39,
    0x88, 0x39, 0x68, 0x41, 0x67, 0x41, 0x88, 0x39, 0x88, 0x39, 0x67, 0x39,
    0x88, 0x39, 0x88, 0x39, 0x87, 0x41, 0x68, 0x39, 0x68, 0x41, 0x88, 0x39,
    0x88, 0x39, 0x68, 0x39, 0x88, 0x39, 0x68, 0x41, 0x68, 0x39, 0x88, 0x39,
    0x88, 0x41, 0x68, 0x39, 0x87, 0x39, 0x88, 0x39, 0x68, 0x41, 0x88, 0x39,
    0x88, 0x39, 0x68, 0x41, 0x88, 0x39, 0x68, 0x39, 0x88, 0x41, 0x88, 0x39,
    0x68, 0x39, 0x68, 0x41, 0x87, 0x41, 0x88, 0x39, 0x68, 0x39, 0x88, 0x39,
    0x88, 0x41, 0x68, 0x39, 0x68, 0x39, 0x88, 0x39, 0x68, 0x39, 0x68, 0x41,
    0x88, 0x41, 0x88, 0x39, 0x68, 0x39, 0x68, 0x41, 0x88, 0x39, 0x68, 0x39,
    0x67, 0x41, 0x88, 0x39, 0x68, 0x39, 0x88, 0x41, 0x88, 0x39, 0x68, 0x39,
    0x88, 0x39, 0x88, 0x39, 0x68, 0x41, 0x68, 0x39, 0x88, 0x39, 0x67, 0x41,
    0x88, 0x39, 0x68, 0x39, 0x88, 0x39, 0x88, 0x39, 0x68, 0x39, 0x88, 0x39,
    0x88, 0x41, 0x68, 0x39, 0x67, 0x39, 0x88, 0x39, 0x68, 0x41, 0x67, 0x39,
    0x88, 0x39, 0x68, 0x39, 0x88, 0x39, 0x68, 0x39, 0x68, 0x39, 0x88, 0x39,
    0x88, 0x39, 0x68, 0x39, 0x87, 0x39, 0x88, 0x39, 0x68, 0x39, 0x88, 0x39,
    0x67, 0x41, 0x68, 0x39, 0x68, 0x39, 0x88, 0x41, 0x67, 0x39, 0x88, 0x39,
    0x88, 0x41, 0x68, 0x39, 0x88, 0x39, 0x68, 0x39, 0x68, 0x41, 0x88, 0x39,
    0x88, 0x39, 0x68, 0x39, 0x88, 0x39, 0x87, 0x41, 0x68, 0x39, 0x68, 0x39,
    0x88, 0x41, 0x68, 0x39, 0x87, 0x41, 0x68, 0x39, 0x68, 0x41, 0x88, 0x39,
    0x87, 0x39, 0x68, 0x39, 0x88, 0x41, 0x68, 0x39, 0x68, 0x39, 0x88, 0x41,
    0x68, 0x39, 0x88, 0x39, 0x68, 0x39, 0x68, 0x39, 0x88, 0x39, 0x88, 0x39,
    0x68, 0x41, 0x88, 0x41, 0x68, 0x39, 0x68, 0x39, 0x88, 0x39, 0x68, 0x39,
    0x68, 0x41, 0x88, 0x39, 0x88, 0x39, 0x68, 0x39, 0x88, 0x39, 0x87, 0x39,
    0x68, 0x41, 0x68, 0x39, 0x88, 0x39, 0x68, 0x41, 0x88, 0x39, 0x88, 0x41,
    0x68, 0x39, 0x68, 0x39, 0x88, 0x39, 0x67, 0x39, 0x88, 0x41, 0x68, 0x39,
    0x88, 0x39, 0x88, 0x39, 0x68, 0x39, 0x87, 0x39, 0x88, 0x39, 0x68, 0x39,
    0x88, 0x41, 0x68, 0x39, 0x88, 0x39, 0x68, 0x39, 0x88, 0x41, 0x68, 0x39,
    0x87, 0x39, 0x88, 0x39, 0x68, 0x39, 0x67, 0x41, 0x88, 0x39, 0x68, 0x39,
    0x68, 0x41, 0x88, 0x39, 0x68, 0x41, 0x68, 0x39, 0x88, 0x39, 0x88, 0x39,
    0x68, 0x39, 0x68, 0x39, 0x88, 0x41, 0x68, 0x39, 0x67, 0x39, 0x88, 0x39,
    0x68, 0x39, 0x67, 0x39, 0x88, 0x39, 0x68, 0x39, 0x68, 0x39, 0x88, 0x39,
    0x68, 0x41, 0x88, 0x39, 0x87, 0x39, 0x68, 0x39, 0x68, 0x39, 0x88, 0x39,
    0x68, 0x41, 0x87, 0x39, 0x68, 0x39, 0x88, 0x41, 0x88, 0x39, 0x68, 0x39,
    0x88, 0x41, 0x68, 0x39, 0x68, 0x39, 0x88, 0x39, 0x88, 0x41, 0x68, 0x39,
    0x88, 0x39, 0x68, 0x41, 0x87, 0x39, 0x68, 0x39, 0x68, 0x39, 0x88, 0x39,
    0x68, 0x39, 0x68, 0x41, 0x88, 0x39, 0x68, 0x39, 0x88, 0x39, 0x88, 0x41,
    0x68, 0x39, 0x88, 0x39, 0x68, 0x39, 0x88, 0x39, 0x68, 0x39, 0x68, 0x41,
    0x88, 0x39, 0x68, 0x39, 0x68, 0x39, 0x87, 0x39, 0x68, 0x41, 0x68, 0x39,
    0x88, 0x39, 0x68, 0x41, 0x68, 0x39, 0x88, 0x41, 0x68, 0x41, 0x88, 0x39,
    0x88, 0x39, 0x68, 0x39, 0x88, 0x39, 0x68, 0x41, 0x68, 0x41, 0x87, 0x39,
    0x68, 0x39, 0x68, 0x39, 0x87, 0x41, 0x88, 0x39, 0x68, 0x39, 0x88, 0x39,
    0x88, 0x39, 0x68, 0x39, 0x88, 0x39, 0x68, 0x41, 0x68, 0x39, 0x88, 0x41,
    0x68, 0x39, 0x68, 0x39, 0x88, 0x39, 0x88, 0x39, 0x68, 0x39, 0x68, 0x41,
    0x88, 0x39, 0x87, 0x39, 0x68, 0x39, 0x88, 0x39, 0x68, 0x39, 0x67, 0x41,
    0x88, 0x39, 0x68, 0x39, 0x88, 0x39, 0x68, 0x41, 0x68, 0x39, 0x87, 0x39,
    0x68, 0x39, 0x68, 0x39, 0x87, 0x39, 0x68, 0x39, 0x68, 0x39, 0x88, 0x39,
    0x88, 0x39, 0x68, 0x39, 0x68, 0x39, 0x88, 0x41, 0x68, 0x39, 0x68, 0x39,
    0x88, 0x39, 0x88, 0x41, 0x68, 0x39, 0x88, 0x39, 0x88, 0x39, 0x67, 0x39,
    0x68, 0x39, 0x88, 0x39, 0x87, 0x41, 0x68, 0x39, 0x88, 0x39, 0x88, 0x41,
    0x68, 0x39, 0x68, 0x39, 0x88, 0x39, 0x67, 0x39, 0x68, 0x39, 0x88, 0x41,
    0x67, 0x39, 0x68, 0x39, 0x88, 0x39, 0x88, 0x41, 0x68, 0x39, 0x88, 0x39,
    0x68, 0x39, 0x68, 0x41, 0x87, 0x39, 0x68, 0x41, 0x68, 0x39, 0x67, 0x39,
    0x88, 0x39, 0x88, 0x39, 0x68, 0x39, 0x88, 0x39, 0x88, 0x39, 0x68, 0x41,
    0x88, 0x39, 0x88, 0x39, 0x67, 0x41, 0x88, 0x39, 0x68, 0x41, 0x68, 0x39,
    0x88, 0x41, 0x68, 0x41, 0x68, 0x39, 0x88, 0x41, 0x68, 0x39, 0x88, 0x39,
    0x88, 0x39, 0x68, 0x39, 0x88, 0x39, 0x68, 0x41, 0x68, 0x39, 0x88, 0x39,
    0x68, 0x39, 0x88, 0x39, 0x88, 0x39, 0x68, 0x41, 0x88, 0x39, 0x68, 0x39,
    0x67, 0x41, 0x88, 0x39, 0x68, 0x39, 0x88, 0x41, 0x88, 0x39, 0x68, 0x39,
    0x87, 0x41, 0x68, 0x39, 0x88, 0x39, 0x88, 0x39, 0x68, 0x39, 0x68, 0x41,
    0x88, 0x39, 0x68, 0x39, 0x88, 0x39, 0x87, 0x41, 0x68, 0x39, 0x88, 0x39,
    0x87, 0x39, 0x68, 0x41, 0x88, 0x39, 0x67, 0x41, 0x68, 0x39, 0x88, 0x39,
    0x87, 0x39, 0x68, 0x39, 0x88, 0x41, 0x88, 0x39, 0x68, 0x39, 0x87, 0x41,
    0x68, 0x39, 0x88, 0x39, 0x68, 0x41, 0x68, 0x39, 0x88, 0x41, 0x88, 0x39,
    0x68, 0x39, 0x88, 0x39, 0x88, 0x39, 0x68, 0x39, 0x67, 0x41, 0x88, 0x39,
    0x88, 0x39, 0x68, 0x41, 0x88, 0x39, 0x68, 0x39, 0x68, 0x39, 0x87, 0x39,
    0x68, 0x41, 0x68, 0x39, 0x88, 0x41, 0x68, 0x39, 0x68, 0x39, 0x88, 0x39,
    0x67, 0x41, 0x88, 0x39, 0x68, 0x39, 0x88, 0x39, 0x68, 0x39, 0x68, 0x41,
    0x88, 0x39, 0x88, 0x39, 0x68, 0x41, 0x88, 0x39, 0x88, 0x39, 0x68, 0x39,
    0x88, 0x39, 0x88, 0x39, 0x68, 0x41, 0x68, 0x39, 0x88, 0x39, 0x67, 0x41,
    0x88, 0x39, 0x88, 0x39, 0x68, 0x41, 0x88, 0x39, 0x88, 0x39, 0x68, 0x41,
    0x88, 0x39, 0x88, 0x41, 0x68, 0x39, 0x88, 0x41, 0x87, 0x39, 0x68, 0x39,
    0x68, 0x39, 0x88, 0x39, 0x88, 0x41, 0x68, 0x39, 0x88, 0x39, 0x68, 0x41,
    0x88, 0x39, 0x68, 0x39, 0x68, 0x39, 0x88, 0x39, 0x67, 0x41, 0x88, 0x39,
    0x88, 0x39, 0x67, 0x39, 0x88, 0x39, 0x68, 0x39, 0x67, 0x39, 0x88, 0x39,
    0x68, 0x39, 0x88, 0x39, 0x68, 0x41, 0x88, 0x39, 0x88, 0x41, 0x67, 0x39,
    0x88, 0x39, 0x88, 0x39, 0x68, 0x39, 0x68, 0x39, 0x88, 0x39, 0x68, 0x39,
    0x88, 0x41, 0x68, 0x39, 0x88, 0x39, 0x87, 0x41, 0x68, 0x39, 0x88, 0x39,
    0x88, 0x41, 0x68, 0x39, 0x88, 0x39, 0x88, 0x41, 0x68, 0x39, 0x88, 0x39,
    0x87, 0x39, 0x68, 0x39, 0x88, 0x39, 0x88, 0x39, 0x68, 0x39, 0x68, 0x41,
    0x87, 0x39, 0x68, 0x39, 0x88, 0x39, 0x87, 0x39, 0x68, 0x39, 0x88, 0x41,
    0x68, 0x39, 0x68, 0x39, 0x88, 0x39, 0x68, 0x41, 0x68, 0x39, 0x88, 0x39,
    0x68, 0x41, 0x88, 0x39, 0x88, 0x39, 0x68, 0x39, 0x88, 0x39, 0x68, 0x41,
    0x68, 0x39, 0x88, 0x39, 0x68, 0x41, 0x87, 0x39, 0x88, 0x39, 0x68, 0x41,
    0x68, 0x39, 0x88, 0x41, 0x68, 0x41, 0x88, 0x39, 0x88, 0x39, 0x68, 0x39,
    0x88, 0x41, 0x68, 0x39, 0x88, 0x39, 0x88, 0x39, 0x68, 0x39, 0x88, 0x41,
    0x68, 0x39, 0x88, 0x41, 0x88, 0x39, 0x68, 0x41, 0x88, 0x39, 0x68, 0x39,
    0x68, 0x39, 0x88, 0x39, 0x88, 0x39, 0x68, 0x39, 0x87, 0x41, 0x68, 0x39,
    0x88, 0x39, 0x67, 0x39, 0x68, 0x41, 0x88, 0x41, 0x88, 0x39, 0x68, 0x39,
    0x68, 0x39, 0x88, 0x41, 0x68, 0x39, 0x68, 0x39, 0x88, 0x39, 0x88, 0x39,
    0x68, 0x39, 0x88, 0x41, 0x88, 0x39, 0x68, 0x39, 0x88, 0x41, 0x88, 0x39,
    0x68, 0x39, 0x68, 0x41, 0x88, 0x39, 0x87, 0x39, 0x68, 0x39, 0x88, 0x39,
    0x88, 0x41, 0x68, 0x39, 0x88, 0x39, 0x88, 0x39, 0x68, 0x41, 0x88, 0x39,
    0x68, 0x39, 0x68, 0x41, 0x88, 0x41, 0x68, 0x39, 0x68, 0x39, 0x88, 0x39,
    0x68, 0x41, 0x68, 0x39, 0x88, 0x39, 0x88, 0x41, 0x87, 0x39, 0x68, 0x39,
    0x88, 0x39, 0x87, 0x39, 0x68, 0x39, 0x68, 0x39, 0x88, 0x41, 0x67, 0x39,
    0x88, 0x41, 0x88, 0x39, 0x68, 0x39, 0x88, 0x39, 0x88, 0x39, 0x68, 0x41,
    0x67, 0x39, 0x88, 0x39, 0x68, 0x41, 0x87, 0x39, 0x88, 0x39, 0x68, 0x39,
    0x88, 0x41, 0x68, 0x39, 0x68, 0x39, 0x88, 0x39, 0x68, 0x39, 0x88, 0x39,
    0x68, 0x39, 0x88, 0x39, 0x68, 0x39, 0x88, 0x41, 0x87, 0x39, 0x68, 0x39,
    0x88, 0x41, 0x68, 0x39, 0x68, 0x39, 0x88, 0x39, 0x68, 0x41, 0x68, 0x39,
    0x88, 0x39, 0x68, 0x39, 0x88, 0x39, 0x88, 0x39, 0x68, 0x41, 0x68, 0x39,
    0x88, 0x39, 0x68, 0x39, 0x68, 0x39, 0x88, 0x41, 0x68, 0x39, 0x88, 0x39,
    0x88, 0x39, 0x68, 0x39, 0x87, 0x39, 0x68, 0x41, 0x68, 0x39, 0x88, 0x39,
    0x68, 0x41, 0x87, 0x39, 0x68, 0x39, 0x88, 0x39, 0x68, 0x39, 0x68, 0x39,
    0x88, 0x39, 0x87, 0x41, 0x68, 0x39, 0x88, 0x39, 0x88, 0x41, 0x68, 0x39,
    0x88, 0x39, 0x68, 0x39, 0x88, 0x41, 0x88, 0x39, 0x68, 0x39, 0x88, 0x41,
    0x88, 0x39, 0x68, 0x39, 0x88, 0x41, 0x67, 0x39, 0x88, 0x39, 0x68, 0x41,
    0x68, 0x39, 0x88, 0x39, 0x68, 0x39, 0x68, 0x39, 0x87, 0x41, 0x68, 0x39,
    0x88, 0x39, 0x87, 0x39, 0x68, 0x39, 0x88, 0x41, 0x88, 0x39, 0x68, 0x39,
    0x68, 0x41, 0x87, 0x39, 0x68, 0x39, 0x88, 0x39, 0x68, 0x41, 0x68, 0x39,
    0x88, 0x39, 0x68, 0x39, 0x68, 0x41, 0x88, 0x39, 0x88, 0x39, 0x68, 0x41,
    0x88, 0x39, 0x67, 0x39, 0x68, 0x41, 0x88, 0x39, 0x87, 0x39, 0x68, 0x39,
    0x88, 0x39, 0x88, 0x41, 0x68, 0x39, 0x88, 0x39, 0x68, 0x39, 0x68, 0x41,
    0x88, 0x39, 0x88, 0x41, 0x68, 0x39, 0x88, 0x41, 0x88, 0x39, 0x68, 0x41,
    0x88, 0x39, 0x68, 0x39, 0x68, 0x39, 0x88, 0x39, 0x68, 0x41, 0x68, 0x39,
    0x88, 0x39, 0x88, 0x41, 0x67, 0x41, 0x88, 0x39, 0x68, 0x39, 0x67, 0x39,
    0x88, 0x41, 0x68, 0x39, 0x68, 0x39, 0x88, 0x41, 0x68, 0x39, 0x68, 0x39,
    0x87, 0x39, 0x68, 0x41, 0x68, 0x39, 0x88, 0x39, 0x68, 0x39, 0x68, 0x41,
    0x88, 0x39, 0x68, 0x41, 0x67, 0x39, 0x88, 0x39, 0x68, 0x39, 0x88, 0x39,
    0x68, 0x41, 0x68, 0x41, 0x88, 0x39, 0x68, 0x39, 0x88, 0x39, 0x88, 0x39,
    0x88, 0x41, 0x68, 0x39, 0x88, 0x39, 0x87, 0x39, 0x68, 0x41, 0x68, 0x39,
    0x87, 0x39, 0x68, 0x41, 0x68, 0x39, 0x87, 0x39, 0x88, 0x39, 0x68, 0x39,
    0x87, 0x39, 0x88, 0x41, 0x68, 0x39, 0x68, 0x39, 0x88, 0x39, 0x68, 0x39,
    0x87, 0x39, 0x68, 0x39, 0x68, 0x39, 0x88, 0x39, 0x67, 0x41, 0x88, 0x39,
    0x68, 0x39, 0x87, 0x41, 0x68, 0x39, 0x68, 0x39, 0x87, 0x41, 0x68, 0x39,
    0x88, 0x39, 0x68, 0x39, 0x88, 0x41, 0x88, 0x39, 0x68, 0x39, 0x88, 0x39,
    0x68, 0x39, 0x88, 0x41, 0x68, 0x39, 0x88, 0x39, 0x88, 0x39, 0x68, 0x41,
    0x88, 0x39, 0x88, 0x39, 0x68, 0x39, 0x67, 0x39, 0x88, 0x41, 0x88, 0x39,
    0x68, 0x39, 0x88, 0x41, 0x88, 0x39, 0x67, 0x39, 0x68, 0x41, 0x88, 0x39,
    0x67, 0x39, 0x68, 0x41, 0x88, 0x39, 0x68, 0x39, 0x68, 0x41, 0x87, 0x39,
    0x88, 0x39, 0x68, 0x39, 0x88, 0x41, 0x68, 0x39, 0x68, 0x39, 0x88, 0x41,
    0x67, 0x39, 0x68, 0x39, 0x88, 0x39, 0x68, 0x39, 0x88, 0x41, 0x88, 0x39,
    0x67, 0x39, 0x88, 0x39, 0x88, 0x39, 0x67, 0x41, 0x88, 0x39, 0x88, 0x39,
    0x67, 0x39, 0x68, 0x39, 0x88, 0x39, 0x68, 0x39, 0x68, 0x39, 0x88, 0x39,
    0x68, 0x39, 0x88, 0x41, 0x88, 0x39, 0x68, 0x39, 0x88, 0x39, 0x68, 0x39,
    0x68, 0x41, 0x88, 0x39, 0x67, 0x39, 0x88, 0x41, 0x88, 0x39, 0x68, 0x39,
    0x88, 0x41, 0x68, 0x39, 0x68, 0x39, 0x88, 0x39, 0x68, 0x39, 0x88, 0x39,
    0x88, 0x39, 0x68, 0x41, 0x87, 0x39, 0x68, 0x39, 0x68, 0x41, 0x88, 0x41,
    0x88, 0x39, 0x68, 0x39, 0x68, 0x41, 0x88, 0x39, 0x68, 0x39, 0x88, 0x39,
    0x88, 0x39, 0x67, 0x41, 0x88, 0x39, 0x88, 0x39, 0x68, 0x39, 0x88, 0x41,
    0x68, 0x39, 0x68, 0x39, 0x87, 0x41, 0x88, 0x39, 0x68, 0x39, 0x88, 0x41,
    0x88, 0x39, 0x67, 0x39, 0x88, 0x41, 0x68, 0x39, 0x67, 0x39, 0x88, 0x41,
    0x68, 0x39, 0x68, 0x39, 0x88, 0x39, 0x88, 0x39, 0x67, 0x39, 0x88, 0x39,
    0x68, 0x41, 0x68, 0x39, 0x88, 0x41, 0x88, 0x41, 0x68, 0x39, 0x68, 0x39,
    0x88, 0x41, 0x68, 0x39, 0x68, 0x39, 0x88, 0x39, 0x68, 0x41, 0x88, 0x39,
    0x88, 0x39, 0x67, 0x39, 0x68, 0x39, 0x88, 0x41, 0x67, 0x39, 0x68, 0x39,
    0x88, 0x39, 0x68, 0x39, 0x68, 0x41, 0x88, 0x39, 0x88, 0x39, 0x87, 0x39,
    0x68, 0x41, 0x88, 0x39, 0x87, 0x39, 0x68, 0x41, 0x88, 0x39, 0x68, 0x39,
    0x68, 0x41, 0x88, 0x39, 0x68, 0x39, 0x67, 0x39, 0x88, 0x39, 0x68, 0x39,
    0x88, 0x39, 0x68, 0x41, 0x88, 0x39, 0x68, 0x39, 0x87, 0x39, 0x88, 0x39,
    0x68, 0x39, 0x87, 0x39, 0x68, 0x39, 0x68, 0x39, 0x88, 0x39, 0x68, 0x41,
    0x88, 0x39, 0x88, 0x39, 0x68, 0x39, 0x68, 0x41, 0x88, 0x39, 0x68, 0x39,
    0x67, 0x41, 0x88, 0x39, 0x88, 0x39, 0x67, 0x41, 0x88, 0x39, 0x68, 0x39,
    0x68, 0x39, 0x88, 0x39, 0x67, 0x41, 0x68, 0x39, 0x88, 0x39, 0x68, 0x39,
    0x87, 0x41, 0x88, 0x39, 0x68, 0x39, 0x87, 0x39, 0x88, 0x39, 0x68, 0x39,
    0x68, 0x39, 0x68, 0x39, 0x88, 0x39, 0x88, 0x41, 0x68, 0x39, 0x88, 0x39,
    0x88, 0x39, 0x67, 0x39, 0x88, 0x39, 0x88, 0x39, 0x68, 0x39, 0x88, 0x39,
    0x88, 0x39, 0x68, 0x39, 0x87, 0x41, 0x88, 0x39, 0x68, 0x39, 0x87, 0x39,
    0x88, 0x41, 0x68, 0x39, 0x88, 0x39, 0x68, 0x41, 0x88, 0x39, 0x87, 0x39,
    0x68, 0x39, 0x88, 0x39, 0x68, 0x41, 0x68, 0x39, 0x68, 0x39, 0x87, 0x41,
    0x68, 0x39, 0x68, 0x39, 0x88, 0x39, 0x88, 0x39, 0x68, 0x39, 0x88, 0x39,
    0x88, 0x39, 0x68, 0x41, 0x68, 0x39, 0x88, 0x41, 0x68, 0x41, 0x68, 0x39,
    0x88, 0x39, 0x68, 0x39, 0x68, 0x41, 0x88, 0x39, 0x68, 0x41, 0x88, 0x39,
    0x88, 0x39, 0x68, 0x39, 0x88, 0x39, 0x68, 0x41, 0x88, 0x39, 0x68, 0x39,
    0x88, 0x39, 0x68, 0x39, 0x88, 0x41, 0x68, 0x39, 0x88, 0x39, 0x88, 0x39,
    0x68, 0x39, 0x67, 0x39, 0x68, 0x39, 0x88, 0x39, 0x67, 0x41, 0x68, 0x39,
    0x88, 0x39, 0x68, 0x39, 0x67, 0x41, 0x88, 0x39, 0x68, 0x39, 0x68, 0x39,
    0x88, 0x41, 0x68, 0x39, 0x88, 0x39, 0x68, 0x39, 0x68, 0x39, 0x87, 0x41,
    0x68, 0x39, 0x68, 0x39, 0x88, 0x39, 0x88, 0x41, 0x68, 0x39, 0x88, 0x39,
    0x88, 0x39, 0x68, 0x39, 0x87, 0x39, 0x88, 0x39, 0x68, 0x39, 0x68, 0x39,
    0x88, 0x39, 0x68, 0x39, 0x88, 0x39, 0x68, 0x41, 0x88, 0x39, 0x68, 0x39,
    0x88, 0x39, 0x88, 0x41, 0x68, 0x39, 0x67, 0x39, 0x88, 0x39, 0x68, 0x41,
    0x68, 0x39, 0x88, 0x39, 0x68, 0x39, 0x68, 0x39, 0x88, 0x41, 0x68, 0x39,
    0x88, 0x39, 0x88, 0x41, 0x68, 0x39, 0x88, 0x41, 0x68, 0x39, 0x88, 0x41,
    0x68, 0x39, 0x68, 0x39, 0x88, 0x41, 0x67, 0x39, 0x88, 0x39, 0x88, 0x39,
    0x68, 0x39, 0x68, 0x39, 0x88, 0x41, 0x68, 0x39, 0x67, 0x39, 0x88, 0x39,
    0x88, 0x39, 0x68, 0x41, 0x88, 0x39, 0x68, 0x41, 0x67, 0x41, 0x88, 0x39,
    0x68, 0x39, 0x88, 0x39, 0x88, 0x41, 0x68, 0x39, 0x87, 0x39, 0x68, 0x39,
    0x88, 0x39, 0x67, 0x41, 0x88, 0x39, 0x68, 0x39, 0x68, 0x41, 0x88, 0x39,
    0x68, 0x39, 0x68, 0x39, 0x88, 0x41, 0x67, 0x39, 0x88, 0x39, 0x88, 0x39,
    0x67, 0x41, 0x88, 0x39, 0x68, 0x39, 0x68, 0x39, 0x88, 0x39, 0x68, 0x41,
    0x68, 0x39, 0x88, 0x39, 0x88, 0x39, 0x68, 0x39, 0x88, 0x39, 0x88, 0x41,
    0x68, 0x39, 0x88, 0x41, 0x68, 0x41, 0x88, 0x39, 0x88, 0x39, 0x68, 0x41,
    0x88, 0x39, 0x68, 0x39, 0x88, 0x39, 0x67, 0x39, 0x88, 0x39, 0x88, 0x41,
    0x67, 0x39, 0x88, 0x39, 0x88, 0x39, 0x67, 0x41, 0x68, 0x39, 0x88, 0x39,
    0x68, 0x41, 0x88, 0x39, 0x68, 0x39, 0x88, 0x39, 0x88, 0x41, 0x68, 0x39,
    0x88, 0x39, 0x87, 0x41, 0x68, 0x39, 0x68, 0x39, 0x88, 0x39, 0x68, 0x39,
    0x68, 0x39, 0x88, 0x41, 0x68, 0x39, 0x88, 0x39, 0x88, 0x39, 0x68, 0x39,
    0x88, 0x41, 0x68, 0x39, 0x88, 0x41, 0x88, 0x39, 0x68, 0x41, 0x88, 0x39,
    0x88, 0x39, 0x68, 0x39, 0x68, 0x41, 0x88, 0x39, 0x68, 0x39, 0x88, 0x41,
    0x68, 0x41, 0x88, 0x39, 0x88, 0x41, 0x67, 0x39, 0x68, 0x39, 0x88, 0x39,
    0x67, 0x41, 0x88, 0x39, 0x68, 0x39, 0x88, 0x39, 0x88, 0x41, 0x68, 0x39,
    0x68, 0x39, 0x88, 0x39, 0x68, 0x39, 0x68, 0x41, 0x88, 0x39, 0x87, 0x39,
    0x68, 0x39, 0x88, 0x39, 0x88, 0x39, 0x68, 0x39, 0x68, 0x39, 0x88, 0x39,
    0x68, 0x41, 0x88, 0x39, 0x68, 0x41, 0x68, 0x41, 0x88, 0x39, 0x88, 0x41,
    0x67, 0x39, 0x88, 0x39, 0x68, 0x39, 0x68, 0x41, 0x87, 0x39, 0x68, 0x39,
    0x88, 0x41, 0x68, 0x41, 0x68, 0x39, 0x88, 0x39, 0x67, 0x41, 0x68, 0x41,
    0x88, 0x39, 0x68, 0x39, 0x68, 0x39, 0x88, 0x41, 0x68, 0x39, 0x68, 0x39,
    0x88, 0x39, 0x88, 0x39, 0x68, 0x39, 0x88, 0x41, 0x68, 0x39, 0x68, 0x39,
    0x88, 0x39, 0x88, 0x39, 0x87, 0x39, 0x88, 0x41, 0x68, 0x39, 0x88, 0x39,
    0x68, 0x39, 0x88, 0x41, 0x67, 0x41, 0x68, 0x39, 0x88, 0x41, 0x68, 0x39,
    0x88, 0x39, 0x88, 0x39, 0x68, 0x39, 0x88, 0x39, 0x88, 0x39, 0x67, 0x39,
    0x88, 0x41, 0x88, 0x39, 0x67, 0x39, 0x88, 0x39, 0x68, 0x39, 0x67, 0x41,
    0x88, 0x41, 0x88, 0x39, 0x68, 0x39, 0x87, 0x39, 0x68, 0x39, 0x88, 0x41,
    0x68, 0x39, 0x88, 0x39, 0x88, 0x39, 0x68, 0x41, 0x68, 0x39, 0x88, 0x41,
    0x88, 0x41, 0x68, 0x39, 0x88, 0x39, 0x88, 0x41, 0x68, 0x39, 0x88, 0x39,
    0x68, 0x39, 0x88, 0x39, 0x88, 0x39, 0x68, 0x41, 0x88, 0x39, 0x67, 0x39,
    0x68, 0x39, 0x88, 0x41, 0x87, 0x39, 0x68, 0x39, 0x88, 0x39, 0x88, 0x39,
    0x68, 0x41, 0x68, 0x39, 0x87, 0x39, 0x68, 0x39, 0x68, 0x41, 0x88, 0x39,
    0x68, 0x41, 0x68, 0x39, 0x88, 0x41, 0x88, 0x39, 0x68, 0x41, 0x88, 0x39,
    0x68, 0x41, 0x87, 0x39, 0x68, 0x39, 0x88, 0x39, 0x67, 0x41, 0x88, 0x39,
    0x68, 0x39, 0x88, 0x41, 0x68, 0x39, 0x88, 0x39, 0x88, 0x39, 0x68, 0x39,
    0x88, 0x41, 0x68, 0x39, 0x88, 0x39, 0x88, 0x41, 0x68, 0x39, 0x68, 0x39,
    0x88, 0x41, 0x67, 0x39, 0x88, 0x39, 0x68, 0x39, 0x87, 0x41, 0x88, 0x39,
    0x68, 0x39, 0x87, 0x39, 0x68, 0x39, 0x68, 0x41, 0x88, 0x39, 0x88, 0x41,
    0x67, 0x39, 0x88, 0x39, 0x88, 0x39, 0x68, 0x39, 0x68, 0x41, 0x88, 0x39,
    0x68, 0x39, 0x87, 0x39, 0x88, 0x39, 0x68, 0x39, 0x88, 0x39, 0x68, 0x39,
    0x68, 0x41, 0x87, 0x39, 0x68, 0x39, 0x88, 0x39, 0x68, 0x39, 0x88, 0x39,
    0x68, 0x41, 0x88, 0x39, 0x88, 0x39, 0x67, 0x39, 0x88, 0x39, 0x68, 0x41,
    0x87, 0x39, 0x88, 0x39, 0x68, 0x39, 0x68, 0x41, 0x88, 0x39, 0x68, 0x39,
    0x88, 0x39, 0x88, 0x41, 0x68, 0x39, 0x88, 0x39, 0x87, 0x41, 0x68, 0x39,
    0x68, 0x39, 0x88, 0x41, 0x68, 0x39, 0x88, 0x39, 0x68, 0x41, 0x68, 0x39,
    0x87, 0x39, 0x68, 0x39, 0x68, 0x39, 0x88, 0x39, 0x68, 0x41, 0x68, 0x39,
    0x87, 0x39, 0x88, 0x39, 0x68, 0x39, 0x68, 0x39, 0x88, 0x39, 0x68, 0x39,
    0x68, 0x39, 0x88, 0x39, 0x88, 0x41, 0x68, 0x39, 0x88, 0x39, 0x68, 0x39,
    0x87, 0x41, 0x68, 0x39, 0x88, 0x39, 0x68, 0x39, 0x68, 0x39, 0x88, 0x41,
    0x68, 0x39, 0x88, 0x39, 0x88, 0x39, 0x68, 0x41, 0x88, 0x41, 0x68, 0x39,
    0x88, 0x39, 0x68, 0x39, 0x68, 0x39, 0x88, 0x41, 0x67, 0x39, 0x88, 0x39,
    0x68, 0x39, 0x87, 0x39, 0x68, 0x39, 0x68, 0x41, 0x88, 0x39, 0x67, 0x39,
    0x68, 0x41, 0x88, 0x39, 0x87, 0x39, 0x68, 0x41, 0x88, 0x39, 0x68, 0x39,
    0x68, 0x39, 0x88, 0x39, 0x88, 0x39, 0x68, 0x41, 0x88, 0x39, 0x88, 0x39,
    0x68, 0x39, 0x68, 0x41, 0x88, 0x39, 0x67, 0x39, 0x88, 0x39, 0x88, 0x39,
    0x68, 0x41, 0x88, 0x39, 0x88, 0x39, 0x68, 0x39, 0x88, 0x41, 0x68, 0x39,
    0x68, 0x41, 0x88, 0x39, 0x88, 0x39, 0x68, 0x41, 0x87, 0x39, 0x88, 0x39,
    0x68, 0x39, 0x68, 0x39, 0x88, 0x39, 0x68, 0x39, 0x88, 0x39, 0x68, 0x41,
    0x88, 0x39, 0x88, 0x39, 0x68, 0x41, 0x88, 0x39, 0x88, 0x39, 0x68, 0x39,
    0x68, 0x39, 0x88, 0x39, 0x88, 0x41, 0x88, 0x39, 0x68, 0x39, 0x88, 0x39,
    0x88, 0x41, 0x68, 0x39, 0x88, 0x39, 0x88, 0x39, 0x68, 0x41, 0x68, 0x39,
    0x88, 0x39, 0x67, 0x41, 0x68, 0x39, 0x88, 0x39, 0x88, 0x41, 0x68, 0x39,
    0x68, 0x41, 0x68, 0x39, 0x88, 0x39, 0x68, 0x39, 0x88, 0x41, 0x68, 0x39,
    0x88, 0x39, 0x88, 0x39, 0x68, 0x39, 0x88, 0x39, 0x68, 0x41, 0x67, 0x39,
    0x88, 0x39, 0x68, 0x41, 0x67, 0x39, 0x88, 0x39, 0x68, 0x39, 0x68, 0x41,
    0x88, 0x39, 0x68, 0x39, 0x88, 0x39, 0x88, 0x41, 0x68, 0x39, 0x88, 0x39,
    0x68, 0x39, 0x68, 0x41, 0x88, 0x39, 0x68, 0x39, 0x88, 0x41, 0x68, 0x39,
    0x67, 0x39, 0x88, 0x41, 0x68, 0x39, 0x87, 0x39, 0x68, 0x39, 0x68, 0x39,
    0x87, 0x39, 0x68, 0x39, 0x88, 0x41, 0x68, 0x39, 0x68, 0x39, 0x88, 0x39,
    0x68, 0x39, 0x88, 0x39, 0x68, 0x39, 0x68, 0x39, 0x88, 0x41, 0x88, 0x39,
    0x68, 0x39, 0x88, 0x39, 0x68, 0x41, 0x68, 0x41, 0x88, 0x39, 0x88, 0x39,
    0x68, 0x39, 0x88, 0x41, 0x88, 0x39, 0x68, 0x39, 0x88, 0x39, 0x87, 0x39,
    0x68, 0x39, 0x68, 0x41, 0x88, 0x39, 0x68, 0x39, 0x67, 0x39, 0x88, 0x41,
    0x88, 0x39, 0x68, 0x39, 0x88, 0x41, 0x68, 0x39, 0x88, 0x39, 0x68, 0x39,
    0x68, 0x39, 0x87, 0x39, 0x68, 0x41, 0x68, 0x39, 0x88, 0x41, 0x67, 0x39,
    0x88, 0x39, 0x68, 0x41, 0x67, 0x39, 0x88, 0x39, 0x88, 0x39, 0x67, 0x39,
    0x88, 0x39, 0x68, 0x41, 0x68, 0x39, 0x88, 0x39, 0x68, 0x39, 0x68, 0x39,
    0x88, 0x41, 0x88, 0x39, 0x68, 0x39, 0x88, 0x39, 0x68, 0x41, 0x68, 0x39,
    0x88, 0x39, 0x68, 0x41, 0x88, 0x39, 0x88, 0x39, 0x68, 0x41, 0x88, 0x39,
    0x68, 0x39, 0x68, 0x41, 0x88, 0x39, 0x68, 0x39, 0x88, 0x39, 0x88, 0x41,
    0x68, 0x39, 0x68, 0x39, 0x88, 0x41, 0x68, 0x39, 0x88, 0x41, 0x68, 0x39,
    0x68, 0x39, 0x88, 0x39, 0x68, 0x41, 0x88, 0x39, 0x68, 0x39, 0x88, 0x39,
    0x68, 0x41, 0x88, 0x39, 0x68, 0x39, 0x88, 0x39, 0x68, 0x41, 0x68, 0x39,
    0x88, 0x39, 0x68, 0x39, 0x68, 0x41, 0x88, 0x39, 0x68, 0x39, 0x88, 0x39,
    0x87, 0x39, 0x68, 0x41, 0x88, 0x39, 0x67, 0x39, 0x88, 0x39, 0x88, 0x39,
    0x68, 0x39, 0x88, 0x39, 0x87, 0x39, 0x68, 0x39, 0x88, 0x39, 0x68, 0x39,
    0x88, 0x41, 0x68, 0x39, 0x88, 0x41, 0x88, 0x41, 0x68, 0x39, 0x88, 0x41,
    0x68, 0x39, 0x68, 0x39, 0x88, 0x39, 0x68, 0x39, 0x88, 0x39, 0x88, 0x39,
    0x68, 0x39, 0x88, 0x41, 0x68, 0x39, 0x87, 0x39, 0x88, 0x41, 0x68, 0x39,
    0x67, 0x39, 0x68, 0x39, 0x88, 0x39, 0x67, 0x39, 0x88, 0x39, 0x88, 0x41,
    0x67, 0x39, 0x88, 0x39, 0x88, 0x41, 0x68, 0x39, 0x68, 0x39, 0x88, 0x41,
    0x68, 0x39, 0x88, 0x39, 0x68, 0x39, 0x88, 0x39, 0x88, 0x39, 0x68, 0x39,
    0x68, 0x41, 0x88, 0x39, 0x68, 0x39, 0x88, 0x39, 0x87, 0x39, 0x68, 0x39,
    0x88, 0x41, 0x67, 0x39, 0x68, 0x39, 0x88, 0x39, 0x68, 0x41, 0x88, 0x39,
    0x68, 0x39, 0x88, 0x39, 0x88, 0x41, 0x68, 0x39, 0x68, 0x39, 0x88, 0x41,
    0x67, 0x39, 0x68, 0x39, 0x88, 0x41, 0x67, 0x39, 0x88, 0x39, 0x88, 0x39,
    0x68, 0x41, 0x67, 0x39, 0x88, 0x39, 0x68, 0x41, 0x68, 0x39, 0x88, 0x41,
    0x88, 0x39, 0x67, 0x39, 0x88, 0x39, 0x88, 0x39, 0x67, 0x39, 0x68, 0x39,
    0x88, 0x39, 0x68, 0x41, 0x67, 0x39, 0x88, 0x39, 0x68, 0x41, 0x88, 0x39,
    0x87, 0x39, 0x68, 0x39, 0x88, 0x41, 0x88, 0x41, 0x68, 0x39, 0x88, 0x39,
    0x67, 0x39, 0x68, 0x41, 0x88, 0x39, 0x67, 0x39, 0x88, 0x39, 0x88, 0x41,
    0x68, 0x39, 0x88, 0x39, 0x68, 0x39, 0x87, 0x39, 0x88, 0x39, 0x68, 0x41,
    0x87, 0x39, 0x88, 0x41, 0x68, 0x39, 0x68, 0x39, 0x87, 0x39, 0x68, 0x41,
    0x68, 0x39, 0x88, 0x39, 0x68, 0x39, 0x88, 0x39, 0x88, 0x39, 0x68, 0x39,
    0x88, 0x41, 0x68, 0x39, 0x88, 0x39, 0x88, 0x41, 0x68, 0x39, 0x88, 0x39,
    0x68, 0x39, 0x68, 0x41, 0x88, 0x39, 0x68, 0x39, 0x88, 0x39, 0x88, 0x39,
    0x68, 0x39, 0x87, 0x39, 0x68, 0x41, 0x88, 0x39, 0x88, 0x39, 0x68, 0x39,
    0x88, 0x39, 0x68, 0x39, 0x88, 0x41, 0x88, 0x39, 0x68, 0x39, 0x88, 0x39,
    0x68, 0x39, 0x88, 0x39, 0x68, 0x39, 0x87, 0x39, 0x68, 0x39, 0x68, 0x41,
    0x68, 0x39, 0x88, 0x41, 0x87, 0x39, 0x68, 0x39, 0x88, 0x39, 0x68, 0x41,
    0x88, 0x39, 0x68, 0x39, 0x88, 0x39, 0x68, 0x39, 0x68, 0x41, 0x87, 0x39,
    0x68, 0x39, 0x88, 0x39, 0x68, 0x41, 0x68, 0x39, 0x88, 0x39, 0x88, 0x41,
    0x68, 0x39, 0x87, 0x39, 0x88, 0x39, 0x68, 0x39, 0x88, 0x39, 0x68, 0x39,
    0x68, 0x39, 0x88, 0x39, 0x68, 0x41, 0x87, 0x39, 0x88, 0x39, 0x68, 0x41,
    0x88, 0x39, 0x88, 0x39, 0x68, 0x39, 0x88, 0x39, 0x68, 0x39, 0x88, 0x39,
    0x88, 0x39, 0x68, 0x39, 0x68, 0x41, 0x88, 0x39, 0x68, 0x39, 0x88, 0x41,
    0x88, 0x39, 0x68, 0x39, 0x88, 0x41, 0x88, 0x39, 0x68, 0x39, 0x68, 0x41,
    0x88, 0x39, 0x68, 0x39, 0x88, 0x41, 0x87, 0x39, 0x68, 0x39, 0x88, 0x39,
    0x68, 0x39, 0x68, 0x41, 0x87, 0x39, 0x68, 0x39, 0x88, 0x39, 0x67, 0x39,
    0x88, 0x41, 0x68, 0x39, 0x88, 0x39, 0x67, 0x41, 0x68, 0x39, 0x88, 0x39,
    0x87, 0x39, 0x68, 0x39, 0x88, 0x39, 0x68, 0x41, 0x87, 0x39, 0x88, 0x39,
    0x68, 0x39, 0x67, 0x41, 0x88, 0x39, 0x68, 0x39, 0x88, 0x41, 0x68, 0x39,
    0x68, 0x39, 0x88, 0x41, 0x88, 0x39, 0x67, 0x39, 0x88, 0x39, 0x88, 0x41,
    0x67, 0x39, 0x88, 0x39, 0x88, 0x39, 0x67, 0x39, 0x68, 0x41, 0x88, 0x39,
    0x68, 0x39, 0x88, 0x39, 0x68, 0x41, 0x68, 0x39, 0x88, 0x39, 0x68, 0x41,
    0x68, 0x41, 0x88, 0x39, 0x68, 0x41, 0x88, 0x41, 0x68, 0x39, 0x87, 0x39,
    0x68, 0x39, 0x68, 0x39, 0x87, 0x39, 0x68, 0x39, 0x88, 0x39, 0x87, 0x41,
    0x68, 0x39, 0x88, 0x39, 0x67, 0x41, 0x68, 0x41, 0x88, 0x39, 0x67, 0x39,
    0x68, 0x41, 0x88, 0x39, 0x68, 0x39, 0x68, 0x41, 0x88, 0x39, 0x88, 0x39,
    0x68, 0x41, 0x88, 0x39, 0x68, 0x41, 0x68, 0x39, 0x88, 0x39, 0x68, 0x39,
    0x68, 0x41, 0x88, 0x39, 0x87, 0x39, 0x68, 0x39, 0x88, 0x39, 0x68, 0x41,
    0x88, 0x39, 0x68, 0x41, 0x88, 0x41, 0x67, 0x39, 0x88, 0x39, 0x88, 0x41,
    0x88, 0x39, 0x68, 0x39, 0x68, 0x39, 0x88, 0x41, 0x68, 0x39, 0x88, 0x39,
    0x88, 0x41, 0x68, 0x39, 0x88, 0x39, 0x68, 0x39, 0x67, 0x39, 0x88, 0x41,
    0x68, 0x39, 0x67, 0x39, 0x88, 0x39, 0x68, 0x41, 0x88, 0x39, 0x68, 0x39,
    0x88, 0x39, 0x88, 0x39, 0x68, 0x39, 0x68, 0x41, 0x88, 0x39, 0x88, 0x39,
    0x68, 0x39, 0x88, 0x39, 0x68, 0x39, 0x88, 0x39, 0x68, 0x39, 0x68, 0x39,
    0x88, 0x41, 0x68, 0x41, 0x68, 0x39, 0x88, 0x41, 0x68, 0x41, 0x88, 0x39,
    0x88, 0x39, 0x68, 0x39, 0x88, 0x39, 0x68, 0x39, 0x68, 0x41, 0x88, 0x39,
    0x68, 0x39, 0x68, 0x41, 0x88, 0x41, 0xa9, 0x41, 0x88, 0x39, 0x88, 0x41,
    0x68, 0x39, 0x88, 0x39, 0x68, 0x41, 0x68, 0x39, 0x88, 0x39, 0x68, 0x39,
    0x87, 0x41, 0x68, 0x39, 0x88, 0x41, 0x68, 0x39, 0x68, 0x39, 0x88, 0x39,
    0x68, 0x39, 0x88, 0x39, 0x68, 0x41, 0x88, 0x39, 0x88, 0x39, 0x68, 0x39,
    0x87, 0x41, 0x68, 0x39, 0x68, 0x41, 0x87, 0x41, 0x68, 0x39, 0x88, 0x39,
    0x68, 0x39, 0x88, 0x39, 0x68, 0x39, 0x67, 0x41, 0x88, 0x39, 0x88, 0x39,
    0x67, 0x41, 0x88, 0x39, 0x68, 0x39, 0x67, 0x41, 0x88, 0x39, 0x68, 0x41,
    0x88, 0x39, 0x68, 0x39, 0x88, 0x39, 0x68, 0x41, 0x67, 0x39, 0x88, 0x41,
    0x88, 0x39, 0x68, 0x39, 0x68, 0x39, 0x88, 0x41, 0x88, 0x39, 0x68, 0x41,
    0x88, 0x41, 0x68, 0x39, 0x88, 0x41, 0x88, 0x39, 0x88, 0x39, 0x68, 0x39,
    0x68, 0x39, 0x88, 0x39, 0x68, 0x41, 0x88, 0x39, 0x67, 0x39, 0x88, 0x39,
    0x68, 0x41, 0x87, 0x39, 0x88, 0x39, 0x88, 0x39, 0x68, 0x39, 0x68, 0x41,
    0x88, 0x39, 0x67, 0x39, 0x88, 0x39, 0x68, 0x39, 0x67, 0x41, 0x88, 0x39,
    0x68, 0x39, 0x68, 0x39, 0x88, 0x41, 0x68, 0x41, 0x88, 0x39, 0x88, 0x39,
    0x67, 0x41, 0x88, 0x39, 0x68, 0x39, 0x68, 0x39, 0x88, 0x39, 0x68, 0x41,
    0x88, 0x39, 0x68, 0x39, 0x87, 0x41, 0x88, 0x39, 0x68, 0x41, 0x68, 0x39,
    0x88, 0x39, 0x87, 0x41, 0x88, 0x39, 0x68, 0x39, 0x68, 0x41, 0x88, 0x39,
    0x68, 0x39, 0x67, 0x39, 0x88, 0x39, 0x88, 0x39, 0x67, 0x41, 0x88, 0x39,
    0x88, 0x39, 0x67, 0x39, 0x68, 0x39, 0x88, 0x41, 0x68, 0x39, 0x88, 0x39,
    0x87, 0x41, 0x68, 0x39, 0x68, 0x39, 0x88, 0x41, 0x68, 0x39, 0x88, 0x39,
    0x68, 0x39, 0x88, 0x39, 0x88, 0x39, 0x68, 0x41, 0x88, 0x39, 0x68, 0x39,
    0x68, 0x41, 0x88, 0x39, 0x68, 0x39, 0x88, 0x39, 0x68, 0x39, 0x88, 0x41,
    0x88, 0x39, 0x68, 0x39, 0x88, 0x39, 0x88, 0x39, 0x67, 0x41, 0x88, 0x39,
    0x88, 0x39, 0x67, 0x39, 0x68, 0x41, 0x88, 0x39, 0x68, 0x39, 0x88, 0x39,
    0x68, 0x41, 0x68, 0x39, 0x88, 0x39, 0x88, 0x41, 0x68, 0x39, 0x88, 0x39,
    0x68, 0x41, 0x88, 0x39, 0x88, 0x39, 0x68, 0x41, 0x87, 0x39, 0x88, 0x39,
    0x68, 0x39, 0x88, 0x39, 0x68, 0x39, 0x68, 0x39, 0x88, 0x41, 0x88, 0x39,
    0x68, 0x39, 0x88, 0x41, 0x68, 0x39, 0x68, 0x39, 0x88, 0x39, 0x68, 0x39,
    0x88, 0x39, 0x88, 0x39, 0x68, 0x39, 0x88, 0x39, 0x88, 0x41, 0x68, 0x39,
    0x88, 0x39, 0x88, 0x39, 0x67, 0x39, 0x68, 0x39, 0x88, 0x39, 0x68, 0x39,
    0x88, 0x39, 0x88, 0x39, 0x68, 0x41, 0x88, 0x39, 0x88, 0x39, 0x68, 0x39,
    0x68, 0x39, 0x88, 0x41, 0x68, 0x39, 0x68, 0x39, 0x88, 0x41, 0x87, 0x39,
    0x68, 0x39, 0x88, 0x39, 0x68, 0x39, 0x68, 0x39, 0x68, 0x41, 0x88, 0x39,
    0x67, 0x39, 0x88, 0x39, 0x88, 0x41, 0x67, 0x39, 0x68, 0x39, 0x68, 0x39,
    0x88, 0x39, 0x68, 0x41, 0x88, 0x39, 0x88, 0x39, 0x68, 0x41, 0x88, 0x39,
    0x88, 0x39, 0x68, 0x39, 0x88, 0x39, 0x88, 0x39, 0x67, 0x41, 0x68, 0x39,
    0x88, 0x41, 0x88, 0x39, 0x68, 0x39, 0x68, 0x39, 0x88, 0x41, 0x67, 0x39,
    0x68, 0x39, 0x88, 0x41, 0x88, 0x41, 0x67, 0x39, 0x88, 0x39, 0x88, 0x39,
    0x67, 0x39, 0x88, 0x39, 0x88, 0x39, 0x68, 0x39, 0x88, 0x39, 0x67, 0x41,
    0x68, 0x39, 0x88, 0x39, 0x88, 0x41, 0x67, 0x39, 0x88, 0x39, 0x88, 0x39,
    0x68, 0x39, 0x88, 0x39, 0xa8, 0x41, 0xc9, 0x49, 0x88, 0x41, 0x68, 0x39,
    0x88, 0x39, 0x88, 0x39, 0x68, 0x39, 0x88, 0x41, 0x68, 0x39, 0x88, 0x39,
    0x68, 0x39, 0x88, 0x39, 0x68, 0x39, 0x88, 0x41, 0x68, 0x39, 0x88, 0x39,
    0x68, 0x39, 0x67, 0x39, 0x88, 0x39, 0x68, 0x41, 0x88, 0x39, 0x88, 0x39,
    0x68, 0x39, 0x88, 0x39, 0x88, 0x39, 0x68, 0x39, 0x88, 0x41, 0x67, 0x39,
    0x88, 0x39, 0x88, 0x41, 0x68, 0x39, 0x68, 0x39, 0x88, 0x39, 0x68, 0x39,
    0x88, 0x39, 0x88, 0x39, 0x68, 0x39, 0x88, 0x39, 0x68, 0x41, 0x67, 0x39,
    0x88, 0x39, 0x88, 0x41, 0x68, 0x39, 0x88, 0x39, 0x68, 0x39, 0x88, 0x39,
    0x68, 0x41, 0x87, 0x39, 0x68, 0x39, 0x68, 0x39, 0x87, 0x39, 0x68, 0x39,
    0x68, 0x39, 0x87, 0x39, 0x68, 0x41, 0x68, 0x39, 0x88, 0x39, 0x88, 0x39,
    0x68, 0x39, 0x88, 0x39, 0x68, 0x39, 0x68, 0x41, 0x88, 0x39, 0x68, 0x39,
    0x68, 0x39, 0x88, 0x41, 0x68, 0x39, 0x67, 0x39, 0x88, 0x39, 0x88, 0x39,
    0x68, 0x41, 0x88, 0x39, 0x88, 0x39, 0x88, 0x41, 0x68, 0x39, 0x88, 0x39,
    0x88, 0x39, 0x68, 0x41, 0x88, 0x39, 0x67, 0x39, 0x68, 0x39, 0x88, 0x41,
    0x68, 0x39, 0x88, 0x39, 0x88, 0x41, 0x68, 0x39, 0x68, 0x39, 0x87, 0x39,
    0x68, 0x41, 0x68, 0x39, 0x88, 0x39, 0x68, 0x41, 0x87, 0x39, 0x68, 0x39,
    0x68, 0x41, 0x88, 0x39, 0x68, 0x39, 0x88, 0x39, 0x87, 0x39, 0x68, 0x39,
    0x88, 0x41, 0x68, 0x39, 0x68, 0x39, 0x88, 0x41, 0x68, 0x39, 0x68, 0x39,
    0x88, 0x41, 0x68, 0x39, 0x88, 0x39, 0x68, 0x39, 0x68, 0x39, 0x88, 0x41,
    0x88, 0x39, 0x68, 0x39, 0x88, 0x39, 0x88, 0x41, 0x68, 0x39, 0x68, 0x39,
    0x87, 0x41, 0x68, 0x39, 0x68, 0x39, 0x88, 0x39, 0x88, 0x39, 0x68, 0x41,
    0x88, 0x39, 0x88, 0x39, 0x67, 0x41, 0x68, 0x39, 0x88, 0x39, 0x68, 0x41,
    0x68, 0x39, 0x88, 0x39, 0x68, 0x41, 0x68, 0x39, 0x88, 0x39, 0x68, 0x39,
    0x88, 0x39, 0x68, 0x39, 0x88, 0x39, 0x68, 0x41, 0x68, 0x39, 0x88, 0x39,
    0x88, 0x39, 0x68, 0x41, 0x68, 0x39, 0x88, 0x41, 0x88, 0x39, 0x68, 0x39,
    0x87, 0x39, 0x68, 0x39, 0x68, 0x39, 0x88, 0x39, 0x68, 0x39, 0x88, 0x39,
    0x87, 0x41, 0x68, 0x39, 0x88, 0x39, 0x87, 0x39, 0x68, 0x39, 0x68, 0x41,
    0x88, 0x39, 0x88, 0x39, 0x68, 0x41, 0x88, 0x39, 0x68, 0x41, 0x68, 0x39,
    0x87, 0x41, 0x68, 0x39, 0x68, 0x39, 0x88, 0x39, 0x68, 0x39, 0x68, 0x41,
    0x88, 0x39, 0x88, 0x41, 0x68, 0x39, 0x88, 0x39, 0x88, 0x41, 0x67, 0x39,
    0x68, 0x39, 0x88, 0x39, 0x67, 0x39, 0x88, 0x41, 0x68, 0x39, 0x87, 0x39,
    0x88, 0x39, 0x68, 0x39, 0x88, 0x41, 0x68, 0x39, 0x88, 0x39, 0x68, 0x39,
    0x68, 0x39, 0x88, 0x39, 0x87, 0x39, 0x68, 0x39, 0x88, 0x39, 0x68, 0x39,
    0x68, 0x39, 0x88, 0x41, 0x68, 0x39, 0x88, 0x39, 0x88, 0x41, 0x68, 0x39,
    0x67, 0x39, 0x88, 0x41, 0x68, 0x39, 0x87, 0x39, 0x68, 0x41, 0x68, 0x39,
    0x88, 0x39, 0x68, 0x41, 0x68, 0x39, 0x88, 0x39, 0x68, 0x39, 0x88, 0x39,
    0x68, 0x39, 0x67, 0x41, 0x88, 0x39, 0x88, 0x39, 0x68, 0x39, 0x88, 0x41,
    0x68, 0x39, 0x88, 0x39, 0x68, 0x39, 0x68, 0x41, 0x88, 0x39, 0x68, 0x41,
    0x68, 0x39, 0x88, 0x39, 0x68, 0x41, 0x87, 0x39, 0x68, 0x39, 0x88, 0x39,
    0x68, 0x39, 0x88, 0x41, 0x68, 0x39, 0x68, 0x39, 0x88, 0x41, 0x68, 0x39,
    0x88, 0x41, 0x88, 0x39, 0xa9, 0x41, 0xca, 0x49, 0x88, 0x41, 0x68, 0x39,
    0x88, 0x39, 0x67, 0x41, 0x88, 0x39, 0x88, 0x39, 0x67, 0x41, 0x88, 0x39,
    0x68, 0x39, 0x88, 0x41, 0x88, 0x39, 0x67, 0x39, 0x88, 0x41, 0x88, 0x39,
    0x68, 0x41, 0x88, 0x39, 0x88, 0x39, 0x68, 0x39, 0x67, 0x41, 0x88, 0x39,
    0x68, 0x39, 0x68, 0x41, 0x88, 0x39, 0x68, 0x39, 0x68, 0x39, 0x88, 0x41,
    0x68, 0x39, 0x88, 0x39, 0x87, 0x41, 0x68, 0x39, 0x88, 0x41, 0x68, 0x39,
    0x68, 0x41, 0x88, 0x39, 0x87, 0x39, 0x68, 0x39, 0x88, 0x39, 0x88, 0x39,
    0x68, 0x39, 0x68, 0x39, 0x87, 0x41, 0x68, 0x39, 0x88, 0x39, 0x68, 0x39,
    0x88, 0x39, 0x88, 0x41, 0x68, 0x39, 0x88, 0x39, 0x88, 0x41, 0x68, 0x39,
    0x88, 0x39, 0x88, 0x39, 0x68, 0x39, 0x68, 0x41, 0x67, 0x39, 0x88, 0x39,
    0x88, 0x39, 0x68, 0x39, 0x88, 0x39, 0x88, 0x39, 0x68, 0x41, 0x88, 0x39,
    0x88, 0x39, 0x68, 0x39, 0x68, 0x41, 0x88, 0x39, 0x88, 0x41, 0x68, 0x39,
    0x68, 0x39, 0x88, 0x39, 0x68, 0x41, 0x68, 0x39, 0x88, 0x39, 0x68, 0x39,
    0x67, 0x41, 0x88, 0x39, 0x88, 0x39, 0x68, 0x39, 0x88, 0x39, 0x68, 0x39,
    0x68, 0x39, 0x88, 0x39, 0x87, 0x41, 0x68, 0x39, 0x88, 0x39, 0x88, 0x41,
    0x68, 0x39, 0x88, 0x39, 0x68, 0x39, 0x88, 0x39, 0x88, 0x39, 0x68, 0x39,
    0x88, 0x39, 0x68, 0x39, 0x68, 0x41, 0x88, 0x39, 0x68, 0x39, 0x68, 0x41,
    0x88, 0x39, 0x88, 0x39, 0x68, 0x41, 0x88, 0x39, 0x88, 0x39, 0x67, 0x39,
    0x88, 0x39, 0x88, 0x41, 0x68, 0x39, 0x88, 0x39, 0x67, 0x41, 0x68, 0x39,
    0x88, 0x39, 0x68, 0x39, 0x68, 0x39, 0x87, 0x39, 0x88, 0x39, 0x68, 0x41,
    0x88, 0x39, 0x88, 0x41, 0x67, 0x39, 0x68, 0x39, 0x88, 0x41, 0x67, 0x39,
    0x88, 0x39, 0x68, 0x39, 0x88, 0x41, 0x88, 0x39, 0x68, 0x39, 0x87, 0x39,
    0x68, 0x39, 0x88, 0x39, 0x87, 0x41, 0x68, 0x39, 0x68, 0x39, 0x88, 0x41,
    0x68, 0x41, 0x88, 0x39, 0x88, 0x39, 0x67, 0x39, 0x88, 0x41, 0x68, 0x39,
    0x87, 0x39, 0x88, 0x41, 0x88, 0x41, 0x88, 0x41, 0x88, 0x41, 0x88, 0x41,
    0x88, 0x39, 0x68, 0x41, 0x88, 0x39, 0x67, 0x39, 0x68, 0x41, 0x68, 0x39,
    0x88, 0x39, 0x68, 0x41, 0x68, 0x39, 0x88, 0x39, 0x68, 0x39, 0x88, 0x39,
    0x67, 0x39, 0x68, 0x39, 0x88, 0x39, 0x87, 0x39, 0x68, 0x39, 0x88, 0x41,
    0x88, 0x39, 0x68, 0x41, 0x88, 0x39, 0x87, 0x41, 0x68, 0x39, 0x68, 0x39,
    0x87, 0x39, 0x68, 0x39, 0x68, 0x41, 0x88, 0x39, 0x68, 0x39, 0x88, 0x41,
    0x88, 0x41, 0x68, 0x39, 0x88, 0x39, 0x68, 0x39, 0x68, 0x41, 0x88, 0x41,
    0x68, 0x39, 0x87, 0x39, 0x68, 0x39, 0x88, 0x39, 0x67, 0x41, 0x88, 0x39,
    0x68, 0x41, 0x88, 0x41, 0x88, 0x39, 0x68, 0x41, 0x88, 0x39, 0x87, 0x39,
    0x68, 0x41, 0x68, 0x39, 0x88, 0x39, 0x68, 0x39, 0x88, 0x41, 0x88, 0x39,
    0x68, 0x39, 0x88, 0x39, 0x68, 0x39, 0x88, 0x39, 0x88, 0x39, 0x68, 0x39,
    0x87, 0x41, 0x88, 0x39, 0x68, 0x41, 0x87, 0x39, 0x88, 0x39, 0x68, 0x41,
    0x88, 0x39, 0x68, 0x39, 0x88, 0x41, 0x67, 0x39, 0x88, 0x39, 0x68, 0x39,
    0x88, 0x39, 0x67, 0x39, 0x88, 0x39, 0x88, 0x39, 0x68, 0x39, 0x88, 0x41,
    0x88, 0x39, 0x68, 0x39, 0x68, 0x41, 0x88, 0x39, 0x88, 0x39, 0x68, 0x41,
    0x88, 0x39, 0x67, 0x39, 0x88, 0x39, 0x88, 0x39, 0x68, 0x39, 0x67, 0x41,
    0x68, 0x39, 0x68, 0x39, 0xca, 0x49, 0xea, 0x51, 0x89, 0x41, 0x88, 0x39,
    0x68, 0x39, 0x68, 0x39, 0x88, 0x39, 0x68, 0x39, 0x68, 0x39, 0x88, 0x39,
    0x68, 0x41, 0x67, 0x39, 0x88, 0x39, 0x68, 0x39, 0x68, 0x39, 0x88, 0x41,
    0x67, 0x39, 0x88, 0x39, 0x68, 0x41, 0x68, 0x39, 0x88, 0x39, 0x88, 0x41,
    0x68, 0x39, 0x87, 0x39, 0x88, 0x41, 0x68, 0x39, 0x88, 0x39, 0x88, 0x39,
    0x68, 0x39, 0x68, 0x39, 0x88, 0x39, 0x88, 0x39, 0x68, 0x39, 0x87, 0x41,
    0x68, 0x39, 0x68, 0x41, 0x88, 0x39, 0x68, 0x41, 0x88, 0x39, 0x68, 0x41,
    0x68, 0x39, 0x88, 0x39, 0x88, 0x39, 0x68, 0x41, 0x68, 0x39, 0x87, 0x39,
    0x68, 0x41, 0x68, 0x39, 0x88, 0x39, 0x68, 0x41, 0x68, 0x39, 0x87, 0x39,
    0x68, 0x41, 0x88, 0x39, 0x88, 0x39, 0x88, 0x41, 0x68, 0x39, 0x68, 0x39,
    0x68, 0x39, 0x68, 0x41, 0x87, 0x39, 0x68, 0x39, 0x68, 0x41, 0x87, 0x39,
    0x88, 0x39, 0x68, 0x41, 0x87, 0x39, 0x88, 0x39, 0x68, 0x39, 0x67, 0x41,
    0x88, 0x39, 0x88, 0x39, 0x67, 0x39, 0x68, 0x39, 0x88, 0x39, 0x88, 0x41,
    0x68, 0x39, 0x68, 0x39, 0x88, 0x41, 0x88, 0x39, 0x68, 0x41, 0x87, 0x39,
    0x88, 0x39, 0x68, 0x41, 0x68, 0x39, 0x88, 0x39, 0x68, 0x39, 0x68, 0x39,
    0x88, 0x39, 0x87, 0x41, 0x68, 0x39, 0x68, 0x39, 0x88, 0x41, 0x68, 0x39,
    0x87, 0x39, 0x88, 0x41, 0x68, 0x39, 0x87, 0x39, 0x68, 0x41, 0x88, 0x39,
    0x87, 0x39, 0x68, 0x39, 0x68, 0x39, 0x87, 0x39, 0x68, 0x41, 0x68, 0x39,
    0x88, 0x39, 0x68, 0x39, 0x68, 0x41, 0x88, 0x39, 0x88, 0x39, 0x68, 0x39,
    0x88, 0x41, 0x88, 0x39, 0x68, 0x41, 0x68, 0x39, 0x88, 0x39, 0x68, 0x39,
    0x68, 0x39, 0x88, 0x39, 0x88, 0x41, 0x68, 0x39, 0x88, 0x39, 0x68, 0x39,
    0x68, 0x39, 0x88, 0x41, 0x68, 0x39, 0x88, 0x39, 0x68, 0x41, 0x88, 0x39,
    0x88, 0x39, 0x68, 0x41, 0x88, 0x39, 0x88, 0x39, 0x67, 0x39, 0x88, 0x39,
    0x68, 0x39, 0x67, 0x41, 0x88, 0x39, 0x88, 0x39, 0x68, 0x39, 0x68, 0x39,
    0x68, 0x39, 0x88, 0x39, 0x88, 0x39, 0x88, 0x41, 0x88, 0x39, 0x88, 0x39,
    0x68, 0x39, 0x88, 0x41, 0x88, 0x39, 0x88, 0x39, 0x68, 0x41, 0x88, 0x39,
    0x88, 0x39, 0x68, 0x39, 0x88, 0x41, 0x68, 0x41, 0x88, 0x39, 0x88, 0x41,
    0x68, 0x39, 0x88, 0x41, 0x68, 0x39, 0x88, 0x39, 0x68, 0x39, 0x88, 0x39,
    0x68, 0x39, 0x68, 0x39, 0x88, 0x39, 0x88, 0x39, 0x68, 0x41, 0x88, 0x39,
    0x88, 0x39, 0x68, 0x39, 0x88, 0x39, 0x67, 0x41, 0x68, 0x39, 0x88, 0x39,
    0x68, 0x39, 0x68, 0x41, 0x88, 0x39, 0x87, 0x39, 0x68, 0x39, 0x88, 0x39,
    0x68, 0x41, 0x68, 0x39, 0x88, 0x39, 0x68, 0x41, 0x88, 0x39, 0x88, 0x39,
    0x68, 0x39, 0x67, 0x39, 0x88, 0x39, 0x68, 0x41, 0x68, 0x39, 0x88, 0x39,
    0x88, 0x41, 0x68, 0x39, 0x87, 0x39, 0x68, 0x39, 0x68, 0x39, 0x87, 0x41,
    0x88, 0x39, 0x68, 0x39, 0x68, 0x41, 0x88, 0x39, 0x68, 0x39, 0x68, 0x41,
    0x88, 0x39, 0x68, 0x39, 0x68, 0x39, 0x88, 0x41, 0x68, 0x39, 0x68, 0x39,
    0x87, 0x39, 0x88, 0x39, 0x68, 0x39, 0x68, 0x41, 0x88, 0x39, 0x88, 0x39,
    0x68, 0x41, 0x68, 0x41, 0x88, 0x39, 0x68, 0x39, 0x67, 0x39, 0x88, 0x39,
    0x88, 0x39, 0x67, 0x39, 0x88, 0x39, 0x68, 0x39, 0x68, 0x39, 0x88, 0x41,
    0x68, 0x39, 0x88, 0x39, 0x68, 0x41, 0x88, 0x39, 0x88, 0x39, 0x88, 0x39,
    0x88, 0x39, 0x68, 0x39, 0xea, 0x49, 0x0b, 0x52, 0xa8, 0x41, 0x88, 0x39,
    0x68, 0x39, 0x88, 0x41, 0x88, 0x39, 0x68, 0x41, 0x88, 0x39, 0x88, 0x39,
    0x68, 0x39, 0x88, 0x39, 0x68, 0x41, 0x88, 0x39, 0x68, 0x39, 0x68, 0x39,
    0x88, 0x39, 0x68, 0x39, 0x88, 0x41, 0x88, 0x39, 0x68, 0x39, 0x68, 0x39,
    0x88, 0x39, 0x68, 0x39, 0x68, 0x39, 0x87, 0x41, 0x68, 0x39, 0x88, 0x39,
    0x67, 0x41, 0x68, 0x41, 0x88, 0x39, 0x68, 0x39, 0x68, 0x39, 0x88, 0x39,
    0x88, 0x39, 0x68, 0x39, 0x88, 0x39, 0x68, 0x39, 0x87, 0x41, 0x88, 0x39,
    0x68, 0x39, 0x88, 0x41, 0x68, 0x39, 0x88, 0x39, 0x88, 0x41, 0x68, 0x39,
    0x88, 0x39, 0x68, 0x39, 0x87, 0x39, 0x88, 0x39, 0x68, 0x39, 0x88, 0x39,
    0x68, 0x41, 0x68, 0x39, 0x87, 0x39, 0x68, 0x39, 0x88, 0x39, 0x88, 0x39,
    0x68, 0x39, 0x88, 0x39, 0x88, 0x41, 0x68, 0x39, 0x88, 0x39, 0x68, 0x39,
    0x68, 0x39, 0x88, 0x39, 0x68, 0x39, 0x68, 0x39, 0x88, 0x39, 0x88, 0x39,
    0x68, 0x41, 0x88, 0x39, 0x88, 0x39, 0x68, 0x41, 0x88, 0x39, 0x87, 0x39,
    0x68, 0x39, 0x68, 0x39, 0x88, 0x39, 0x68, 0x39, 0x68, 0x41, 0x88, 0x39,
    0x68, 0x39, 0x68, 0x39, 0x88, 0x39, 0x88, 0x41, 0x67, 0x39, 0x68, 0x39,
    0x88, 0x41, 0x68, 0x39, 0x88, 0x39, 0x68, 0x41, 0x68, 0x39, 0x88, 0x39,
    0x68, 0x41, 0x68, 0x39, 0x88, 0x39, 0x68, 0x39, 0x88, 0x39, 0x68, 0x39,
    0x68, 0x41, 0x88, 0x39, 0x88, 0x39, 0x68, 0x41, 0x88, 0x39, 0x88, 0x39,
    0x68, 0x39, 0x87, 0x41, 0x88, 0x39, 0x68, 0x39, 0x88, 0x39, 0x68, 0x41,
    0x67, 0x39, 0x88, 0x39, 0x88, 0x39, 0x68, 0x41, 0x87, 0x39, 0x88, 0x39,
    0x68, 0x41, 0x68, 0x39, 0x88, 0x39, 0x88, 0x39, 0x68, 0x41, 0x88, 0x39,
    0x87, 0x39, 0x68, 0x39, 0x68, 0x39, 0x87, 0x39, 0x68, 0x41, 0x68, 0x39,
    0x88, 0x39, 0x68, 0x39, 0x68, 0x39, 0x88, 0x41, 0x68, 0x39, 0x88, 0x39,
    0x88, 0x39, 0x68, 0x39, 0x68, 0x41, 0x88, 0x39, 0x88, 0x39, 0x68, 0x41,
    0x88, 0x39, 0x68, 0x39, 0x68, 0x39, 0x88, 0x41, 0x88, 0x39, 0x68, 0x39,
    0x68, 0x39, 0x68, 0x39, 0x88, 0x39, 0x68, 0x39, 0x88, 0x39, 0x67, 0x41,
    0x68, 0x39, 0x88, 0x39, 0x87, 0x39, 0x68, 0x39, 0x68, 0x39, 0x87, 0x39,
    0x88, 0x41, 0x68, 0x39, 0x88, 0x41, 0x68, 0x39, 0x87, 0x41, 0x68, 0x39,
    0x88, 0x39, 0x67, 0x41, 0x68, 0x39, 0x88, 0x39, 0x68, 0x39, 0x68, 0x41,
    0x88, 0x39, 0x88, 0x39, 0x68, 0x41, 0x88, 0x39, 0x88, 0x39, 0x68, 0x39,
    0x87, 0x39, 0x68, 0x39, 0x88, 0x41, 0x68, 0x39, 0x88, 0x39, 0x88, 0x39,
    0x68, 0x39, 0x88, 0x41, 0x88, 0x39, 0x68, 0x39, 0x68, 0x39, 0x88, 0x39,
    0x68, 0x41, 0x88, 0x39, 0x68, 0x39, 0x88, 0x39, 0x68, 0x39, 0x88, 0x39,
    0x68, 0x39, 0x88, 0x41, 0x88, 0x39, 0x68, 0x39, 0x68, 0x39, 0x88, 0x39,
    0x68, 0x41, 0x88, 0x39, 0x87, 0x39, 0x68, 0x41, 0x88, 0x39, 0x87, 0x39,
    0x68, 0x39, 0x88, 0x39, 0x88, 0x39, 0x68, 0x39, 0x88, 0x41, 0x68, 0x39,
    0x88, 0x41, 0x68, 0x39, 0x88, 0x39, 0x88, 0x39, 0x68, 0x41, 0x87, 0x39,
    0x68, 0x39, 0x88, 0x39, 0x88, 0x41, 0x68, 0x39, 0x88, 0x41, 0x68, 0x39,
    0x68, 0x41, 0x88, 0x39, 0x88, 0x41, 0x68, 0x39, 0x87, 0x39, 0x68, 0x39,
    0x88, 0x39, 0x68, 0x41, 0x88, 0x41, 0x88, 0x41, 0xa9, 0x41, 0xa9, 0x49,
    0xc9, 0x49, 0xea, 0x49, 0xeb, 0x51, 0x0b, 0x52, 0xea, 0x51, 0xea, 0x49,
    0xca, 0x49, 0xc9, 0x49, 0xa9, 0x41, 0x88, 0x41, 0x88, 0x41, 0x68, 0x39,
    0x88, 0x39, 0x88, 0x41, 0x68, 0x39, 0x87, 0x39, 0x88, 0x41, 0x68, 0x39,
    0x88, 0x39, 0x68, 0x41, 0x87, 0x39, 0x88, 0x39, 0x68, 0x41, 0x87, 0x39,
    0x88, 0x41, 0x68, 0x39, 0x88, 0x39, 0x68, 0x39, 0x88, 0x41, 0x68, 0x39,
    0x88, 0x39, 0x88, 0x39, 0x67, 0x41, 0x88, 0x39, 0x68, 0x41, 0x88, 0x39,
    0x87, 0x39, 0x68, 0x41, 0x68, 0x39, 0x88, 0x39, 0x68, 0x39, 0x68, 0x39,
    0x87, 0x39, 0x68, 0x41, 0x68, 0x39, 0x87, 0x39, 0x68, 0x39, 0x88, 0x39,
    0x68, 0x41, 0x88, 0x39, 0x68, 0x41, 0x68, 0x39, 0x88, 0x39, 0x88, 0x41,
    0x68, 0x39, 0x68, 0x39, 0x88, 0x41, 0x68, 0x39, 0x68, 0x39, 0x88, 0x41,
    0x88, 0x39, 0x68, 0x39, 0x68, 0x39, 0x88, 0x39, 0x88, 0x41, 0x68, 0x39,
    0x87, 0x41, 0x88, 0x39, 0x68, 0x41, 0x68, 0x41, 0x88, 0x39, 0x68, 0x39,
    0x68, 0x39, 0x68, 0x41, 0x88, 0x39, 0x68, 0x39, 0x68, 0x41, 0x88, 0x39,
    0x88, 0x39, 0x68, 0x41, 0x87, 0x39, 0x88, 0x39, 0x68, 0x39, 0x88, 0x41,
    0x88, 0x39, 0x67, 0x39, 0x88, 0x41, 0x88, 0x39, 0x68, 0x39, 0x88, 0x41,
    0x88, 0x39, 0x68, 0x39, 0x87, 0x39, 0x88, 0x39, 0x68, 0x39, 0x87, 0x39,
    0x88, 0x39, 0x68, 0x41, 0x88, 0x39, 0x88, 0x39, 0x68, 0x41, 0x88, 0x39,
    0x68, 0x39, 0x88, 0x41, 0x68, 0x39, 0x68, 0x39, 0x88, 0x39, 0x68, 0x41,
    0x68, 0x39, 0x88, 0x39, 0x68, 0x39, 0x67, 0x39, 0x88, 0x41, 0x88, 0x39,
    0x68, 0x39, 0x68, 0x39, 0x88, 0x39, 0x68, 0x41, 0x68, 0x39, 0x88, 0x39,
    0x87, 0x41, 0x68, 0x39, 0x68, 0x39, 0x87, 0x41, 0x68, 0x39, 0x68, 0x39,
    0x88, 0x41, 0x88, 0x39, 0x68, 0x39, 0x88, 0x41, 0x88, 0x39, 0x67, 0x39,
    0x88, 0x41, 0x68, 0x39, 0x67, 0x39, 0x88, 0x41, 0x68, 0x39, 0x68, 0x41,
    0x88, 0x39, 0x88, 0x39, 0x68, 0x39, 0x68, 0x41, 0x87, 0x39, 0x88, 0x39,
    0x68, 0x41, 0x88, 0x39, 0x68, 0x39, 0x88, 0x39, 0x68, 0x39, 0x88, 0x41,
    0x88, 0x39, 0x68, 0x41, 0x67, 0x39, 0x88, 0x39, 0x68, 0x41, 0x88, 0x39,
    0x68, 0x39, 0x88, 0x41, 0x68, 0x39, 0x88, 0x39, 0x68, 0x39, 0x68, 0x39,
    0x88, 0x39, 0x68, 0x39, 0x67, 0x39, 0x88, 0x39, 0x68, 0x41, 0x88, 0x39,
    0x88, 0x39, 0x68, 0x41, 0x88, 0x39, 0x87, 0x39, 0x68, 0x39, 0x68, 0x41,
    0x87, 0x39, 0x68, 0x39, 0x68, 0x39, 0x88, 0x39, 0x68, 0x41, 0x88, 0x39,
    0x88, 0x39, 0x68, 0x39, 0x68, 0x39, 0x88, 0x41, 0x68, 0x39, 0x67, 0x39,
    0x88, 0x39, 0x68, 0x39, 0x87, 0x41, 0x68, 0x39, 0x88, 0x39, 0x67, 0x41,
    0x88, 0x39, 0x88, 0x39, 0x68, 0x41, 0x87, 0x39, 0x88, 0x41, 0x68, 0x39,
    0x67, 0x39, 0x88, 0x39, 0x68, 0x41, 0x88, 0x39, 0x88, 0x41, 0x68, 0x39,
    0x68, 0x39, 0x88, 0x39, 0x68, 0x39, 0x68, 0x41, 0x88, 0x39, 0x68, 0x39,
    0x68, 0x41, 0x88, 0x41, 0x67, 0x39, 0x88, 0x39, 0x68, 0x39, 0x88, 0x39,
    0x68, 0x39, 0x68, 0x41, 0x87, 0x39, 0x68, 0x39, 0x68, 0x39, 0x88, 0x39,
    0x68, 0x39, 0x88, 0x39, 0x67, 0x39, 0x88, 0x39, 0x88, 0x39, 0x68, 0x41,
    0x68, 0x39, 0x88, 0x39, 0x68, 0x39, 0x88, 0x41, 0x88, 0x39, 0x68, 0x39,
    0x88, 0x39, 0x67, 0x39, 0x88, 0x41, 0xa9, 0x41, 0xc9, 0x49, 0xca, 0x49,
    0xea, 0x51, 0x0b, 0x52, 0x0b, 0x52, 0x2c, 0x5a, 0x2b, 0x5a, 0x0b, 0x52,
    0xea, 0x51, 0xea, 0x49, 0xc9, 0x49, 0xa9, 0x41, 0x88, 0x41, 0x68, 0x39,
    0x88, 0x39, 0x67, 0x41, 0x68, 0x39, 0x88, 0x39, 0x68, 0x41, 0x88, 0x39,
    0x87, 0x39, 0x68, 0x39, 0x68, 0x39, 0x68, 0x39, 0x88, 0x39, 0x68, 0x39,
    0x68, 0x39, 0x88, 0x41, 0x88, 0x39, 0x68, 0x39, 0x68, 0x39, 0x88, 0x39,
    0x68, 0x39, 0x88, 0x39, 0x68, 0x39, 0x88, 0x39, 0x68, 0x39, 0x68, 0x41,
    0x88, 0x39, 0x68, 0x39, 0x88, 0x41, 0x87, 0x39, 0x68, 0x39, 0x88, 0x41,
    0x88, 0x39, 0x68, 0x39, 0x88, 0x39, 0x68, 0x41, 0x88, 0x39, 0x68, 0x39,
    0x87, 0x39, 0x88, 0x41, 0x68, 0x39, 0x68, 0x39, 0x87, 0x41, 0x68, 0x39,
    0x88, 0x39, 0x87, 0x39, 0x68, 0x41, 0x88, 0x39, 0x68, 0x39, 0x68, 0x39,
    0x68, 0x39, 0x88, 0x41, 0x67, 0x39, 0x88, 0x39, 0x68, 0x39, 0x68, 0x41,
    0x88, 0x39, 0x68, 0x39, 0x88, 0x39, 0x87, 0x39, 0x68, 0x41, 0x88, 0x39,
    0x87, 0x39, 0x68, 0x39, 0x88, 0x39, 0x87, 0x39, 0x68, 0x41, 0x68, 0x39,
    0x88, 0x39, 0x68, 0x41, 0x68, 0x39, 0x88, 0x39, 0x67, 0x39, 0x68, 0x41,
    0x88, 0x39, 0x68, 0x39, 0x68, 0x41, 0x88, 0x39, 0x68, 0x39, 0x88, 0x39,
    0x68, 0x39, 0x68, 0x41, 0x88, 0x39, 0x68, 0x41, 0x88, 0x41, 0x68, 0x39,
    0x88, 0x39, 0x68, 0x39, 0x67, 0x41, 0x88, 0x39, 0x68, 0x39, 0x87, 0x39,
    0x88, 0x39, 0x68, 0x39, 0x87, 0x41, 0x88, 0x39, 0x68, 0x39, 0x87, 0x39,
    0x88, 0x41, 0x68, 0x39, 0x88, 0x39, 0x68, 0x41, 0x88, 0x39, 0x88, 0x39,
    0x68, 0x41, 0x87, 0x39, 0x88, 0x39, 0x68, 0x39, 0x68, 0x39, 0x88, 0x39,
    0x88, 0x39, 0x68, 0x39, 0x88, 0x39, 0x88, 0x39, 0x68, 0x39, 0x68, 0x39,
    0x88, 0x41, 0x68, 0x39, 0x68, 0x39, 0x88, 0x39, 0x68, 0x39, 0x88, 0x39,
    0x88, 0x41, 0x68, 0x39, 0x88, 0x39, 0x88, 0x39, 0x68, 0x39, 0x87, 0x39,
    0x68, 0x41, 0x88, 0x39, 0x87, 0x39, 0x68, 0x39, 0x68, 0x39, 0x88, 0x39,
    0x68, 0x41, 0x87, 0x39, 0x88, 0x39, 0x68, 0x41, 0x68, 0x39, 0x88, 0x39,
    0x88, 0x39, 0x68, 0x41, 0x88, 0x39, 0x88, 0x39, 0x68, 0x39, 0x88, 0x39,
    0x88, 0x39, 0x68, 0x39, 0x68, 0x41, 0x87, 0x39, 0x88, 0x41, 0x68, 0x41,
    0x88, 0x39, 0x88, 0x39, 0x68, 0x39, 0x88, 0x39, 0x68, 0x39, 0x68, 0x39,
    0x88, 0x39, 0x68, 0x39, 0x68, 0x41, 0x88, 0x39, 0x88, 0x39, 0x68, 0x39,
    0x88, 0x41, 0x88, 0x39, 0x67, 0x39, 0x88, 0x41, 0x68, 0x39, 0x67, 0x39,
    0x88, 0x41, 0x68, 0x39, 0x87, 0x39, 0x88, 0x41, 0x68, 0x39, 0x88, 0x41,
    0x68, 0x39, 0x88, 0x39, 0x68, 0x39, 0x88, 0x41, 0x88, 0x39, 0x68, 0x39,
    0x68, 0x39, 0x88, 0x39, 0x68, 0x39, 0x68, 0x39, 0x88, 0x41, 0x68, 0x39,
    0x88, 0x39, 0x68, 0x41, 0x68, 0x39, 0x87, 0x39, 0x88, 0x39, 0x68, 0x41,
    0x87, 0x39, 0x88, 0x39, 0x68, 0x41, 0x88, 0x39, 0x88, 0x39, 0x68, 0x39,
    0x88, 0x39, 0x68, 0x39, 0x88, 0x41, 0x68, 0x39, 0x87, 0x39, 0x88, 0x41,
    0x68, 0x39, 0x88, 0x39, 0x88, 0x41, 0x68, 0x39, 0x88, 0x39, 0x68, 0x41,
    0x88, 0x41, 0x68, 0x39, 0x68, 0x39, 0x88, 0x41, 0x68, 0x39, 0x87, 0x39,
    0x88, 0x39, 0x68, 0x39, 0x67, 0x39, 0x88, 0x41, 0x68, 0x39, 0x68, 0x41,
    0x88, 0x39, 0x88, 0x39, 0x68, 0x39, 0x88, 0x39, 0x68, 0x39, 0x68, 0x39,
    0x88, 0x39, 0x88, 0x39, 0xea, 0x51, 0x0b, 0x52, 0xa9, 0x41, 0x68, 0x39,
    0x68, 0x39, 0x68, 0x39, 0x88, 0x39, 0x68, 0x39, 0x88, 0x39, 0x88, 0x39,
    0x68, 0x39, 0x88, 0x39, 0x88, 0x39, 0x68, 0x39, 0x68, 0x39, 0x88, 0x41,
    0x68, 0x39, 0x88, 0x39, 0x88, 0x41, 0x68, 0x39, 0x88, 0x39, 0x68, 0x41,
    0x67, 0x39, 0x88, 0x39, 0x68, 0x41, 0x87, 0x39, 0x88, 0x39, 0x68, 0x41,
    0x87, 0x41, 0x68, 0x39, 0x88, 0x39, 0x68, 0x41, 0x87, 0x39, 0x88, 0x39,
    0x68, 0x39, 0x88, 0x39, 0x68, 0x39, 0x68, 0x41, 0x88, 0x39, 0x68, 0x39,
    0x88, 0x41, 0x88, 0x39, 0x68, 0x39, 0x88, 0x39, 0x68, 0x41, 0x68, 0x39,
    0x88, 0x39, 0x68, 0x39, 0x88, 0x39, 0x88, 0x39, 0x68, 0x39, 0x68, 0x39,
    0x88, 0x39, 0x68, 0x41, 0x88, 0x39, 0x88, 0x39, 0x87, 0x39, 0x68, 0x39,
    0x68, 0x39, 0x88, 0x39, 0x88, 0x41, 0x68, 0x39, 0x88, 0x39, 0x87, 0x39,
    0x68, 0x39, 0x68, 0x39, 0x88, 0x39, 0x68, 0x39, 0x68, 0x39, 0x88, 0x41,
    0x88, 0x39, 0x68, 0x41, 0x68, 0x39, 0x88, 0x39, 0x88, 0x39, 0x68, 0x39,
    0x87, 0x39, 0x88, 0x39, 0x68, 0x41, 0x88, 0x39, 0x88, 0x39, 0x68, 0x39,
    0x88, 0x39, 0x88, 0x39, 0x68, 0x39, 0x67, 0x39, 0x88, 0x41, 0x68, 0x39,
    0x87, 0x39, 0x88, 0x39, 0x68, 0x39, 0x68, 0x39, 0x88, 0x39, 0x68, 0x41,
    0x68, 0x39, 0x88, 0x39, 0x88, 0x39, 0x68, 0x41, 0x68, 0x39, 0x88, 0x41,
    0x68, 0x39, 0x68, 0x39, 0x88, 0x39, 0x68, 0x41, 0x68, 0x39, 0x88, 0x39,
    0x68, 0x39, 0x88, 0x41, 0x68, 0x39, 0x88, 0x39, 0x68, 0x39, 0x68, 0x39,
    0x88, 0x41, 0x68, 0x39, 0x88, 0x39, 0x87, 0x41, 0x68, 0x41, 0x68, 0x39,
    0x88, 0x39, 0x68, 0x41, 0x68, 0x39, 0x88, 0x41, 0x87, 0x39, 0x68, 0x39,
    0x88, 0x39, 0x87, 0x41, 0x68, 0x39, 0x88, 0x39, 0x68, 0x41, 0x68, 0x39,
    0x88, 0x39, 0x68, 0x39, 0x88, 0x41, 0x68, 0x39, 0x88, 0x39, 0x68, 0x39,
    0x68, 0x39, 0x88, 0x41, 0x68, 0x39, 0x88, 0x41, 0x88, 0x39, 0x68, 0x39,
    0x68, 0x39, 0x88, 0x39, 0x68, 0x41, 0x88, 0x39, 0x68, 0x39, 0x67, 0x39,
    0x88, 0x39, 0x68, 0x39, 0x68, 0x41, 0x88, 0x39, 0x67, 0x41, 0x68, 0x39,
    0x88, 0x39, 0x67, 0x41, 0x88, 0x39, 0x68, 0x39, 0x88, 0x39, 0x68, 0x39,
    0x67, 0x41, 0x88, 0x39, 0x88, 0x41, 0x68, 0x41, 0x88, 0x39, 0x87, 0x41,
    0x68, 0x39, 0x88, 0x39, 0x68, 0x39, 0x68, 0x41, 0x88, 0x39, 0x68, 0x39,
    0x68, 0x39, 0x88, 0x41, 0x68, 0x39, 0x88, 0x39, 0x88, 0x39, 0x68, 0x39,
    0x88, 0x41, 0x68, 0x39, 0x88, 0x39, 0x68, 0x39, 0x88, 0x39, 0x68, 0x39,
    0x88, 0x41, 0x68, 0x39, 0x68, 0x39, 0x87, 0x39, 0x68, 0x41, 0x88, 0x39,
    0x68, 0x39, 0x87, 0x41, 0x88, 0x39, 0x68, 0x39, 0x68, 0x39, 0x88, 0x39,
    0x88, 0x39, 0x68, 0x39, 0x88, 0x39, 0x68, 0x39, 0x68, 0x39, 0x88, 0x39,
    0x68, 0x41, 0x68, 0x39, 0x87, 0x39, 0x68, 0x39, 0x68, 0x41, 0x87, 0x39,
    0x88, 0x39, 0x68, 0x39, 0x68, 0x39, 0x88, 0x41, 0x68, 0x39, 0x68, 0x39,
    0x88, 0x39, 0x67, 0x39, 0x68, 0x39, 0x88, 0x41, 0x88, 0x39, 0x67, 0x39,
    0x88, 0x39, 0x88, 0x39, 0x68, 0x41, 0x68, 0x39, 0x88, 0x39, 0x68, 0x39,
    0x88, 0x41, 0x68, 0x39, 0x88, 0x39, 0x88, 0x39, 0x67, 0x39, 0x88, 0x39,
    0x68, 0x41, 0x68, 0x39, 0x88, 0x39, 0x88, 0x41, 0x68, 0x39, 0x88, 0x39,
    0x68, 0x39, 0x68, 0x39, 0xea, 0x49, 0x0b, 0x52, 0x88, 0x41, 0x88, 0x39,
    0x88, 0x39, 0x68, 0x41, 0x68, 0x39, 0x88, 0x39, 0x68, 0x41, 0x68, 0x39,
    0x88, 0x41, 0x68, 0x39, 0x88, 0x41, 0x67, 0x39, 0x88, 0x39, 0x68, 0x39,
    0x68, 0x41, 0x88, 0x39, 0x67, 0x39, 0x88, 0x41, 0x88, 0x39, 0x88, 0x39,
    0x68, 0x39, 0x88, 0x39, 0x68, 0x41, 0x68, 0x39, 0x88, 0x39, 0x68, 0x39,
    0x68, 0x39, 0x88, 0x39, 0x68, 0x41, 0x88, 0x39, 0x68, 0x39, 0x68, 0x41,
    0x88, 0x39, 0x87, 0x39, 0x68, 0x41, 0x88, 0x39, 0x68, 0x39, 0x68, 0x39,
    0x67, 0x39, 0x88, 0x41, 0x68, 0x39, 0x87, 0x39, 0x88, 0x39, 0x68, 0x41,
    0x88, 0x39, 0x67, 0x39, 0x68, 0x41, 0x88, 0x41, 0x88, 0x39, 0x68, 0x39,
    0x88, 0x41, 0x68, 0x39, 0x68, 0x39, 0x88, 0x41, 0x68, 0x39, 0x88, 0x39,
    0x68, 0x39, 0x88, 0x39, 0x68, 0x39, 0x68, 0x41, 0x88, 0x39, 0x88, 0x39,
    0x68, 0x41, 0x88, 0x41, 0x88, 0x39, 0x68, 0x39, 0x88, 0x41, 0x68, 0x39,
    0x68, 0x39, 0x87, 0x39, 0x68, 0x41, 0x68, 0x39, 0x88, 0x41, 0x68, 0x39,
    0x68, 0x39, 0x88, 0x41, 0x68, 0x39, 0x68, 0x39, 0x88, 0x41, 0x68, 0x39,
    0x67, 0x41, 0x88, 0x39, 0x88, 0x39, 0x68, 0x41, 0x88, 0x39, 0x68, 0x39,
    0x68, 0x41, 0x88, 0x39, 0x87, 0x39, 0x68, 0x39, 0x88, 0x39, 0x87, 0x39,
    0x68, 0x41, 0x88, 0x39, 0x88, 0x39, 0x68, 0x39, 0x88, 0x39, 0x68, 0x39,
    0x88, 0x41, 0x87, 0x39, 0x68, 0x39, 0x88, 0x39, 0x88, 0x41, 0x68, 0x39,
    0x68, 0x39, 0x87, 0x39, 0x88, 0x41, 0x68, 0x39, 0x87, 0x39, 0x68, 0x39,
    0x68, 0x39, 0x88, 0x39, 0x68, 0x39, 0x88, 0x39, 0x88, 0x39, 0x68, 0x41,
    0x87, 0x39, 0x88, 0x39, 0x68, 0x41, 0x68, 0x39, 0x88, 0x39, 0x68, 0x41,
    0x88, 0x39, 0x68, 0x39, 0x88, 0x41, 0x87, 0x39, 0x68, 0x39, 0x88, 0x41,
    0x67, 0x39, 0x88, 0x39, 0x68, 0x39, 0x87, 0x41, 0x68, 0x39, 0x88, 0x41,
    0x88, 0x39, 0x68, 0x39, 0x68, 0x39, 0x88, 0x39, 0x67, 0x41, 0x88, 0x39,
    0x88, 0x39, 0x68, 0x41, 0x88, 0x39, 0x88, 0x39, 0x68, 0x41, 0x88, 0x41,
    0x88, 0x39, 0x67, 0x39, 0x88, 0x39, 0x88, 0x39, 0x68, 0x41, 0x88, 0x39,
    0x68, 0x39, 0x88, 0x39, 0x88, 0x39, 0x68, 0x39, 0x88, 0x39, 0x88, 0x39,
    0x68, 0x39, 0x68, 0x39, 0x88, 0x39, 0x68, 0x39, 0x68, 0x39, 0x88, 0x39,
    0x68, 0x41, 0x87, 0x39, 0x88, 0x39, 0x68, 0x39, 0x87, 0x41, 0x88, 0x39,
    0x68, 0x39, 0x87, 0x39, 0x68, 0x41, 0x68, 0x39, 0x88, 0x39, 0x68, 0x41,
    0x88, 0x39, 0x68, 0x39, 0x68, 0x41, 0x88, 0x39, 0x67, 0x39, 0x88, 0x39,
    0x88, 0x41, 0x67, 0x39, 0x88, 0x39, 0x68, 0x39, 0x88, 0x39, 0x68, 0x41,
    0x88, 0x39, 0x68, 0x39, 0x88, 0x41, 0x88, 0x39, 0x67, 0x41, 0x88, 0x39,
    0x68, 0x41, 0x87, 0x39, 0x88, 0x41, 0x68, 0x41, 0x88, 0x39, 0x88, 0x39,
    0x68, 0x39, 0x88, 0x41, 0x88, 0x39, 0x68, 0x39, 0x68, 0x39, 0x88, 0x41,
    0x68, 0x39, 0x87, 0x39, 0x88, 0x39, 0x68, 0x39, 0x88, 0x41, 0x68, 0x39,
    0x88, 0x41, 0x88, 0x39, 0x68, 0x39, 0x68, 0x39, 0x88, 0x41, 0x68, 0x39,
    0x68, 0x39, 0x87, 0x39, 0x88, 0x39, 0x68, 0x41, 0x87, 0x39, 0x68, 0x39,
    0x68, 0x41, 0x88, 0x39, 0x68, 0x39, 0x68, 0x41, 0x88, 0x39, 0x88, 0x39,
    0x68, 0x39, 0x67, 0x41, 0x88, 0x39, 0x68, 0x39, 0x88, 0x41, 0x88, 0x39,
    0x68, 0x41, 0x68, 0x39, 0xc9, 0x49, 0xea, 0x51, 0x88, 0x41, 0x88, 0x39,
    0x88, 0x39, 0x68, 0x41, 0x88, 0x39, 0x88, 0x39, 0x68, 0x41, 0x87, 0x39,
    0x68, 0x39, 0x68, 0x39, 0x88, 0x39, 0x88, 0x41, 0x68, 0x39, 0x88, 0x39,
    0x88, 0x39, 0x68, 0x39, 0x68, 0x39, 0x68, 0x41, 0x88, 0x39, 0x67, 0x39,
    0x88, 0x41, 0x88, 0x39, 0x68, 0x39, 0x88, 0x39, 0x87, 0x41, 0x68, 0x39,
    0x88, 0x39, 0x88, 0x41, 0x67, 0x39, 0x88, 0x39, 0x88, 0x39, 0x68, 0x41,
    0x68, 0x39, 0x88, 0x39, 0x88, 0x39, 0x68, 0x39, 0x88, 0x41, 0x88, 0x39,
    0x68, 0x39, 0x88, 0x39, 0x68, 0x41, 0x68, 0x39, 0x88, 0x39, 0x88, 0x39,
    0x68, 0x41, 0x88, 0x39, 0x68, 0x39, 0x87, 0x39, 0x68, 0x39, 0x88, 0x41,
    0x87, 0x39, 0x68, 0x39, 0x68, 0x39, 0x87, 0x41, 0x68, 0x39, 0x68, 0x39,
    0x68, 0x39, 0x88, 0x39, 0x87, 0x39, 0x68, 0x39, 0x68, 0x41, 0x68, 0x39,
    0x88, 0x39, 0x67, 0x39, 0x68, 0x39, 0x88, 0x41, 0x87, 0x39, 0x68, 0x39,
    0x88, 0x39, 0x88, 0x39, 0x88, 0x39, 0x68, 0x39, 0x87, 0x41, 0x88, 0x39,
    0x68, 0x39, 0x88, 0x41, 0x87, 0x39, 0x68, 0x39, 0x88, 0x39, 0x88, 0x41,
    0x68, 0x39, 0x68, 0x39, 0x88, 0x41, 0x88, 0x39, 0x68, 0x39, 0x88, 0x39,
    0x68, 0x41, 0x68, 0x39, 0x88, 0x41, 0x68, 0x41, 0x68, 0x39, 0x88, 0x39,
    0x68, 0x39, 0x67, 0x41, 0x88, 0x39, 0x68, 0x39, 0x87, 0x41, 0x68, 0x39,
    0x68, 0x39, 0x88, 0x41, 0x68, 0x39, 0x68, 0x39, 0x87, 0x39, 0x88, 0x41,
    0x68, 0x39, 0x68, 0x39, 0x88, 0x39, 0x68, 0x41, 0x88, 0x39, 0x88, 0x41,
    0x67, 0x39, 0x88, 0x41, 0x68, 0x39, 0x68, 0x39, 0x88, 0x39, 0x68, 0x39,
    0x68, 0x39, 0x88, 0x39, 0x87, 0x39, 0x68, 0x39, 0x68, 0x39, 0x88, 0x41,
    0x68, 0x39, 0x68, 0x39, 0x88, 0x39, 0x68, 0x39, 0x88, 0x39, 0x68, 0x39,
    0x88, 0x41, 0x68, 0x39, 0x88, 0x39, 0x68, 0x39, 0x88, 0x39, 0x67, 0x39,
    0x88, 0x41, 0x68, 0x39, 0x87, 0x39, 0x68, 0x39, 0x68, 0x41, 0x88, 0x39,
    0x68, 0x39, 0x67, 0x39, 0x88, 0x39, 0x68, 0x39, 0x67, 0x39, 0x88, 0x39,
    0x68, 0x41, 0x68, 0x39, 0x88, 0x39, 0x68, 0x39, 0x88, 0x39, 0x68, 0x41,
    0x88, 0x39, 0x68, 0x39, 0x68, 0x41, 0x87, 0x41, 0x68, 0x39, 0x88, 0x41,
    0x68, 0x39, 0x88, 0x39, 0x87, 0x41, 0x68, 0x39, 0x88, 0x39, 0x68, 0x39,
    0x88, 0x39, 0x68, 0x41, 0x88, 0x39, 0x68, 0x39, 0x88, 0x39, 0x68, 0x41,
    0x88, 0x39, 0x88, 0x39, 0x68, 0x39, 0x88, 0x41, 0x67, 0x39, 0x88, 0x39,
    0x68, 0x39, 0x87, 0x39, 0x88, 0x41, 0x68, 0x39, 0x68, 0x39, 0x88, 0x41,
    0x68, 0x39, 0x88, 0x39, 0x88, 0x41, 0x68, 0x39, 0x68, 0x39, 0x88, 0x39,
    0x67, 0x39, 0x68, 0x39, 0x88, 0x39, 0x68, 0x39, 0x88, 0x39, 0x68, 0x41,
    0x68, 0x39, 0x88, 0x39, 0x68, 0x39, 0x67, 0x39, 0x88, 0x41, 0x68, 0x39,
    0x67, 0x39, 0x88, 0x39, 0x68, 0x41, 0x88, 0x39, 0x88, 0x39, 0x68, 0x41,
    0x68, 0x39, 0x88, 0x41, 0x68, 0x39, 0x88, 0x39, 0x87, 0x39, 0x68, 0x39,
    0x68, 0x39, 0x88, 0x41, 0x88, 0x39, 0x67, 0x39, 0x88, 0x39, 0x88, 0x41,
    0x68, 0x39, 0x68, 0x39, 0x88, 0x41, 0x88, 0x39, 0x68, 0x39, 0x88, 0x39,
    0x88, 0x39, 0x67, 0x41, 0x88, 0x39, 0x68, 0x39, 0x88, 0x41, 0x68, 0x39,
    0x88, 0x39, 0x88, 0x39, 0x68, 0x39, 0x68, 0x39, 0x87, 0x39, 0x68, 0x39,
    0x88, 0x39, 0x88, 0x39, 0xa9, 0x41, 0xca, 0x49, 0x68, 0x39, 0x68, 0x39,
    0x88, 0x41, 0x68, 0x39, 0x88, 0x39, 0x68, 0x39, 0x88, 0x39, 0x88, 0x39,
    0x68, 0x41, 0x88, 0x39, 0x67, 0x39, 0x68, 0x39, 0x88, 0x41, 0x67, 0x39,
    0x88, 0x41, 0x88, 0x39, 0x68, 0x39, 0x88, 0x39, 0x68, 0x39, 0x68, 0x41,
    0x88, 0x39, 0x68, 0x39, 0x67, 0x39, 0x88, 0x41, 0x68, 0x39, 0x68, 0x39,
    0x88, 0x41, 0x68, 0x39, 0x68, 0x39, 0x88, 0x39, 0x88, 0x39, 0x67, 0x39,
    0x68, 0x41, 0x88, 0x39, 0x68, 0x39, 0x67, 0x41, 0x88, 0x39, 0x88, 0x39,
    0x68, 0x41, 0x88, 0x39, 0x87, 0x39, 0x68, 0x41, 0x68, 0x39, 0x87, 0x39,
    0x68, 0x39, 0x88, 0x39, 0x88, 0x39, 0x68, 0x39, 0x68, 0x41, 0x88, 0x39,
    0x68, 0x39, 0x88, 0x39, 0x88, 0x39, 0x68, 0x39, 0x88, 0x41, 0x68, 0x39,
    0x68, 0x39, 0x88, 0x41, 0x68, 0x39, 0x88, 0x39, 0x88, 0x39, 0x67, 0x39,
    0x88, 0x39, 0x88, 0x39, 0x68, 0x41, 0x88, 0x39, 0x68, 0x39, 0x68, 0x41,
    0x88, 0x39, 0x68, 0x41, 0x68, 0x39, 0x88, 0x39, 0x68, 0x39, 0x68, 0x39,
    0x88, 0x39, 0x68, 0x39, 0x68, 0x39, 0x88, 0x39, 0x67, 0x39, 0x88, 0x39,
    0x88, 0x39, 0x68, 0x39, 0x67, 0x39, 0x88, 0x39, 0x68, 0x39, 0x87, 0x41,
    0x88, 0x39, 0x68, 0x39, 0x88, 0x39, 0x88, 0x39, 0x68, 0x41, 0x88, 0x39,
    0x88, 0x39, 0x68, 0x39, 0x68, 0x41, 0x88, 0x39, 0x88, 0x39, 0x68, 0x39,
    0x88, 0x39, 0x88, 0x39, 0x68, 0x41, 0x68, 0x39, 0x88, 0x39, 0x68, 0x39,
    0x88, 0x41, 0x88, 0x39, 0x68, 0x39, 0x67, 0x39, 0x88, 0x39, 0x68, 0x39,
    0x88, 0x41, 0x88, 0x39, 0x68, 0x41, 0x67, 0x39, 0x88, 0x41, 0x88, 0x39,
    0x68, 0x41, 0x68, 0x39, 0x88, 0x41, 0x88, 0x39, 0x68, 0x39, 0x87, 0x39,
    0x88, 0x39, 0x68, 0x41, 0x67, 0x39, 0x88, 0x41, 0x68, 0x39, 0x88, 0x39,
    0x68, 0x39, 0x87, 0x41, 0x68, 0x39, 0x88, 0x39, 0x68, 0x41, 0x68, 0x39,
    0x88, 0x39, 0x88, 0x41, 0x68, 0x39, 0x88, 0x39, 0x88, 0x39, 0x68, 0x41,
    0x88, 0x39, 0x68, 0x39, 0x88, 0x41, 0x68, 0x39, 0x88, 0x39, 0x88, 0x39,
    0x68, 0x39, 0x88, 0x41, 0x68, 0x39, 0x67, 0x39, 0x88, 0x41, 0x88, 0x39,
    0x67, 0x39, 0x88, 0x39, 0x68, 0x41, 0x68, 0x39, 0x88, 0x39, 0x68, 0x39,
    0x67, 0x41, 0x88, 0x39, 0x68, 0x39, 0x88, 0x41, 0x67, 0x39, 0x88, 0x39,
    0x68, 0x41, 0x88, 0x39, 0x68, 0x39, 0x88, 0x41, 0x68, 0x39, 0x67, 0x39,
    0x88, 0x41, 0x68, 0x39, 0x88, 0x39, 0x68, 0x39, 0x88, 0x39, 0x68, 0x41,
    0x88, 0x39, 0x68, 0x39, 0x88, 0x39, 0x88, 0x39, 0x68, 0x41, 0x68, 0x39,
    0x88, 0x39, 0x68, 0x39, 0x68, 0x41, 0x87, 0x39, 0x88, 0x39, 0x88, 0x41,
    0x68, 0x41, 0x88, 0x39, 0x68, 0x39, 0x68, 0x41, 0x88, 0x39, 0x87, 0x39,
    0x68, 0x39, 0x88, 0x39, 0x68, 0x39, 0x88, 0x39, 0x88, 0x39, 0x68, 0x41,
    0x88, 0x39, 0x68, 0x39, 0x68, 0x39, 0x87, 0x39, 0x88, 0x39, 0x68, 0x39,
    0x87, 0x39, 0x68, 0x39, 0x68, 0x41, 0x88, 0x39, 0x68, 0x39, 0x88, 0x41,
    0x67, 0x39, 0x68, 0x39, 0x88, 0x41, 0x68, 0x39, 0x68, 0x39, 0x88, 0x39,
    0x88, 0x41, 0x68, 0x39, 0x68, 0x39, 0x88, 0x39, 0x68, 0x41, 0x68, 0x39,
    0x88, 0x39, 0x88, 0x39, 0x68, 0x39, 0x88, 0x39, 0x67, 0x41, 0x68, 0x39,
    0x88, 0x39, 0x88, 0x41, 0x68, 0x39, 0x88, 0x41, 0x68, 0x39, 0x68, 0x39,
    0x87, 0x41, 0x68, 0x39, 0x88, 0x41, 0xca, 0x49, 0x88, 0x39, 0x68, 0x39,
    0x68, 0x39, 0x88, 0x39, 0x68, 0x41, 0x67, 0x39, 0x88, 0x39, 0x68, 0x41,
    0x88, 0x39, 0x88, 0x39, 0x68, 0x41, 0x88, 0x39, 0x68, 0x39, 0x68, 0x39,
    0x88, 0x39, 0x67, 0x41, 0x88, 0x39, 0x88, 0x39, 0x67, 0x41, 0x88, 0x39,
    0x88, 0x39, 0x68, 0x39, 0x88, 0x41, 0x88, 0x39, 0x68, 0x39, 0x88, 0x39,
    0x88, 0x39, 0x67, 0x39, 0x68, 0x41, 0x88, 0x39, 0x68, 0x39, 0x88, 0x41,
    0x88, 0x39, 0x68, 0x39, 0x88, 0x41, 0x68, 0x39, 0x68, 0x39, 0x87, 0x39,
    0x68, 0x39, 0x68, 0x39, 0x88, 0x39, 0x88, 0x39, 0x68, 0x41, 0x68, 0x39,
    0x88, 0x39, 0x68, 0x41, 0x68, 0x41, 0x88, 0x39, 0x88, 0x39, 0x67, 0x39,
    0x68, 0x41, 0x88, 0x39, 0x68, 0x39, 0x88, 0x41, 0x88, 0x39, 0x68, 0x39,
    0x68, 0x39, 0x88, 0x39, 0x68, 0x41, 0x68, 0x39, 0x88, 0x41, 0x68, 0x41,
    0x68, 0x39, 0x88, 0x39, 0x68, 0x39, 0x88, 0x39, 0x68, 0x39, 0x87, 0x39,
    0x88, 0x39, 0x68, 0x41, 0x67, 0x39, 0x88, 0x39, 0x88, 0x41, 0x68, 0x39,
    0x87, 0x41, 0x68, 0x39, 0x88, 0x41, 0x68, 0x41, 0x68, 0x39, 0x88, 0x39,
    0x68, 0x41, 0x88, 0x39, 0x88, 0x41, 0x68, 0x39, 0x68, 0x39, 0x88, 0x39,
    0x68, 0x39, 0x87, 0x39, 0x68, 0x39, 0x88, 0x39, 0x67, 0x39, 0x68, 0x41,
    0x88, 0x39, 0x88, 0x39, 0x68, 0x39, 0x87, 0x41, 0x68, 0x39, 0x68, 0x41,
    0x87, 0x39, 0x88, 0x39, 0x68, 0x39, 0x87, 0x41, 0x88, 0x39, 0x68, 0x39,
    0x67, 0x39, 0x88, 0x41, 0x68, 0x39, 0x88, 0x39, 0x68, 0x41, 0x68, 0x39,
    0x88, 0x39, 0x68, 0x39, 0x88, 0x39, 0x88, 0x39, 0x68, 0x39, 0x87, 0x41,
    0x88, 0x39, 0x68, 0x39, 0x68, 0x39, 0x88, 0x41, 0x68, 0x39, 0x88, 0x39,
    0x88, 0x41, 0x68, 0x39, 0x88, 0x39, 0x88, 0x39, 0x68, 0x41, 0x67, 0x39,
    0x88, 0x39, 0x68, 0x39, 0x88, 0x41, 0x88, 0x39, 0x68, 0x39, 0x88, 0x39,
    0x68, 0x39, 0x68, 0x39, 0x88, 0x41, 0x68, 0x39, 0x88, 0x39, 0x67, 0x39,
    0x88, 0x41, 0x88, 0x39, 0x68, 0x39, 0x88, 0x41, 0x68, 0x39, 0x68, 0x39,
    0x87, 0x41, 0x88, 0x39, 0x68, 0x39, 0x88, 0x41, 0x68, 0x39, 0x68, 0x39,
    0x88, 0x39, 0x88, 0x41, 0x68, 0x39, 0x88, 0x39, 0x88, 0x39, 0x68, 0x39,
    0x88, 0x39, 0x68, 0x39, 0x88, 0x39, 0x68, 0x41, 0x88, 0x39, 0x68, 0x39,
    0x88, 0x41, 0x67, 0x39, 0x88, 0x39, 0x68, 0x39, 0x88, 0x39, 0x88, 0x39,
    0x68, 0x39, 0x68, 0x41, 0x87, 0x39, 0x88, 0x39, 0x68, 0x41, 0x88, 0x39,
    0x68, 0x39, 0x68, 0x41, 0x87, 0x39, 0x68, 0x39, 0x88, 0x39, 0x87, 0x39,
    0x68, 0x39, 0x88, 0x41, 0x68, 0x39, 0x68, 0x39, 0x88, 0x39, 0x68, 0x39,
    0x88, 0x39, 0x88, 0x41, 0x67, 0x39, 0x88, 0x39, 0x68, 0x41, 0x88, 0x39,
    0x68, 0x39, 0x88, 0x41, 0x68, 0x41, 0x88, 0x39, 0x68, 0x39, 0x88, 0x39,
    0x88, 0x41, 0x68, 0x39, 0x88, 0x39, 0x68, 0x41, 0x68, 0x39, 0x88, 0x39,
    0x88, 0x41, 0x68, 0x39, 0x88, 0x39, 0x67, 0x41, 0x88, 0x39, 0x88, 0x39,
    0x68, 0x39, 0x88, 0x39, 0x88, 0x39, 0x68, 0x41, 0x68, 0x39, 0x87, 0x39,
    0x68, 0x39, 0x88, 0x41, 0x67, 0x39, 0x88, 0x39, 0x88, 0x41, 0x67, 0x39,
    0x68, 0x39, 0x88, 0x41, 0x68, 0x39, 0x88, 0x39, 0x88, 0x39, 0x68, 0x39,
    0x67, 0x41, 0x88, 0x39, 0x68, 0x39, 0x87, 0x41, 0x88, 0x39, 0x68, 0x39,
    0x88, 0x41, 0x68, 0x39, 0x88, 0x41, 0xa9, 0x41, 0x88, 0x39, 0x88, 0x41,
    0x68, 0x39, 0x88, 0x39, 0x88, 0x41, 0x68, 0x39, 0x68, 0x39, 0x88, 0x39,
    0x67, 0x39, 0x68, 0x39, 0x88, 0x41, 0x88, 0x39, 0x68, 0x39, 0x88, 0x41,
    0x68, 0x39, 0x68, 0x39, 0x88, 0x41, 0x68, 0x39, 0x68, 0x39, 0x88, 0x39,
    0x68, 0x41, 0x68, 0x39, 0x88, 0x39, 0x68, 0x39, 0x67, 0x41, 0x88, 0x39,
    0x88, 0x39, 0x68, 0x41, 0x88, 0x39, 0x68, 0x39, 0x68, 0x41, 0x88, 0x39,
    0x67, 0x39, 0x88, 0x39, 0x88, 0x39, 0x68, 0x39, 0x88, 0x41, 0x88, 0x39,
    0x68, 0x39, 0x68, 0x41, 0x88, 0x39, 0x68, 0x39, 0x88, 0x39, 0x88, 0x41,
    0x68, 0x39, 0x87, 0x39, 0x68, 0x39, 0x88, 0x39, 0x68, 0x39, 0x88, 0x41,
    0x88, 0x39, 0x68, 0x39, 0x67, 0x41, 0x88, 0x39, 0x68, 0x39, 0x88, 0x39,
    0x88, 0x39, 0x68, 0x39, 0x87, 0x39, 0x88, 0x39, 0x68, 0x39, 0x88, 0x39,
    0x88, 0x41, 0x67, 0x39, 0x88, 0x41, 0x68, 0x39, 0x88, 0x41, 0x68, 0x39,
    0x88, 0x39, 0x88, 0x39, 0x68, 0x39, 0x88, 0x41, 0x68, 0x39, 0x88, 0x39,
    0x68, 0x39, 0x88, 0x39, 0x88, 0x39, 0x68, 0x39, 0x88, 0x39, 0x68, 0x41,
    0x67, 0x39, 0x88, 0x39, 0x68, 0x41, 0x88, 0x39, 0x88, 0x39, 0x68, 0x41,
    0x88, 0x39, 0x68, 0x41, 0x68, 0x41, 0x88, 0x39, 0x88, 0x39, 0x68, 0x39,
    0x67, 0x41, 0x88, 0x39, 0x68, 0x39, 0x88, 0x39, 0x68, 0x39, 0x88, 0x39,
    0x68, 0x41, 0x68, 0x39, 0x88, 0x39, 0x68, 0x39, 0x88, 0x41, 0x68, 0x39,
    0x88, 0x39, 0x68, 0x39, 0x88, 0x41, 0x88, 0x39, 0x68, 0x39, 0x87, 0x41,
    0x68, 0x39, 0x68, 0x39, 0x87, 0x41, 0x68, 0x39, 0x68, 0x39, 0x68, 0x39,
    0x88, 0x39, 0x88, 0x39, 0x67, 0x39, 0x88, 0x41, 0x68, 0x39, 0x68, 0x39,
    0x88, 0x39, 0x68, 0x39, 0x68, 0x39, 0x88, 0x39, 0x88, 0x39, 0x68, 0x41,
    0x88, 0x39, 0x68, 0x39, 0x68, 0x39, 0x87, 0x41, 0x68, 0x39, 0x88, 0x41,
    0x87, 0x39, 0x68, 0x39, 0x88, 0x39, 0x68, 0x41, 0x68, 0x39, 0x88, 0x39,
    0x68, 0x39, 0x68, 0x39, 0x87, 0x39, 0x88, 0x41, 0x68, 0x39, 0x68, 0x39,
    0x88, 0x41, 0x68, 0x39, 0x88, 0x39, 0x88, 0x39, 0x68, 0x39, 0x68, 0x41,
    0x88, 0x39, 0x67, 0x39, 0x88, 0x39, 0x68, 0x39, 0x67, 0x41, 0x88, 0x39,
    0x88, 0x41, 0x68, 0x39, 0x68, 0x39, 0x88, 0x39, 0x68, 0x39, 0x88, 0x39,
    0x68, 0x39, 0x88, 0x39, 0x68, 0x41, 0x67, 0x39, 0x88, 0x41, 0x88, 0x39,
    0x68, 0x39, 0x88, 0x39, 0x68, 0x41, 0x68, 0x39, 0x88, 0x39, 0x87, 0x39,
    0x68, 0x39, 0x88, 0x41, 0x68, 0x39, 0x68, 0x39, 0x88, 0x41, 0x68, 0x39,
    0x88, 0x39, 0x87, 0x39, 0x68, 0x39, 0x88, 0x41, 0x68, 0x39, 0x67, 0x39,
    0x88, 0x39, 0x68, 0x39, 0x88, 0x39, 0x68, 0x39, 0x88, 0x39, 0x68, 0x41,
    0x88, 0x39, 0x67, 0x39, 0x88, 0x39, 0x68, 0x41, 0x67, 0x39, 0x88, 0x39,
    0x68, 0x39, 0x87, 0x41, 0x88, 0x39, 0x68, 0x39, 0x68, 0x41, 0x88, 0x39,
    0x68, 0x39, 0x88, 0x39, 0x88, 0x39, 0x68, 0x39, 0x68, 0x41, 0x88, 0x39,
    0x68, 0x41, 0x88, 0x39, 0x67, 0x39, 0x88, 0x39, 0x88, 0x41, 0x68, 0x39,
    0x88, 0x39, 0x68, 0x39, 0x88, 0x39, 0x68, 0x39, 0x88, 0x39, 0x68, 0x39,
    0x88, 0x41, 0x67, 0x39, 0x68, 0x41, 0x88, 0x39, 0x88, 0x39, 0x68, 0x41,
    0x88, 0x39, 0x68, 0x39, 0x68, 0x39, 0x88, 0x39, 0x68, 0x39, 0x88, 0x39,
    0x68, 0x39, 0x88, 0x39, 0x88, 0x39, 0x88, 0x41, 0x68, 0x39, 0x88, 0x39,
    0x68, 0x41, 0x87, 0x39, 0x88, 0x39, 0x68, 0x41, 0x88, 0x39, 0x88, 0x39,
    0x68, 0x41, 0x68, 0x39, 0x88, 0x39, 0x67, 0x39, 0x88, 0x39, 0x88, 0x41,
    0x68, 0x39, 0x88, 0x39, 0x88, 0x39, 0x68, 0x39, 0x88, 0x39, 0x88, 0x41,
    0x67, 0x39, 0x88, 0x39, 0x88, 0x39, 0x68, 0x41, 0x68, 0x39, 0x88, 0x39,
    0x68, 0x41, 0x88, 0x39, 0x88, 0x39, 0x67, 0x39, 0x88, 0x39, 0x68, 0x39,
    0x68, 0x41, 0x88, 0x39, 0x68, 0x39, 0x67, 0x41, 0x88, 0x39, 0x88, 0x39,
    0x68, 0x41, 0x87, 0x39, 0x68, 0x39, 0x68, 0x41, 0x87, 0x39, 0x68, 0x39,
    0x88, 0x39, 0x68, 0x39, 0x88, 0x41, 0x68, 0x39, 0x67, 0x39, 0x88, 0x39,
    0x88, 0x39, 0x68, 0x39, 0x88, 0x39, 0x68, 0x39, 0x68, 0x39, 0x88, 0x41,
    0x68, 0x39, 0x68, 0x41, 0x88, 0x39, 0x68, 0x39, 0x68, 0x39, 0x87, 0x39,
    0x68, 0x39, 0x88, 0x39, 0x68, 0x39, 0x88, 0x41, 0x67, 0x39, 0x68, 0x39,
    0x88, 0x41, 0x68, 0x39, 0x88, 0x39, 0x67, 0x39, 0x68, 0x39, 0x88, 0x41,
    0x68, 0x39, 0x67, 0x39, 0x88, 0x41, 0x88, 0x39, 0x67, 0x39, 0x88, 0x39,
    0x88, 0x39, 0x68, 0x39, 0x68, 0x39, 0x87, 0x39, 0x68, 0x41, 0x68, 0x39,
    0x87, 0x39, 0x88, 0x39, 0x68, 0x39, 0x88, 0x39, 0x88, 0x41, 0x68, 0x39,
    0x88, 0x39, 0x68, 0x41, 0x88, 0x39, 0x68, 0x39, 0x88, 0x41, 0x88, 0x39,
    0x68, 0x39, 0x88, 0x41, 0x68, 0x39, 0x68, 0x39, 0x88, 0x39, 0x88, 0x41,
    0x68, 0x39, 0x88, 0x39, 0x67, 0x39, 0x68, 0x39, 0x88, 0x39, 0x88, 0x39,
    0x68, 0x39, 0x88, 0x41, 0x88, 0x39, 0x68, 0x39, 0x88, 0x41, 0x88, 0x39,
    0x68, 0x41, 0x68, 0x39, 0x88, 0x39, 0x88, 0x39, 0x67, 0x41, 0x88, 0x39,
    0x68, 0x39, 0x87, 0x41, 0x68, 0x41, 0x68, 0x39, 0x87, 0x39, 0x88, 0x39,
    0x68, 0x41, 0x88, 0x39, 0x68, 0x39, 0x88, 0x39, 0x68, 0x39, 0x68, 0x39,
    0x88, 0x41, 0x88, 0x39, 0x67, 0x39, 0x88, 0x39, 0x88, 0x41, 0x68, 0x39,
    0x88, 0x41, 0x68, 0x39, 0x68, 0x39, 0x88, 0x39, 0x88, 0x39, 0x67, 0x39,
    0x88, 0x39, 0x68, 0x39, 0x68, 0x41, 0x87, 0x39, 0x88, 0x39, 0x68, 0x39,
    0x88, 0x41, 0x68, 0x39, 0x88, 0x39, 0x88, 0x41, 0x68, 0x39, 0x88, 0x39,
    0x68, 0x39, 0x87, 0x41, 0x88, 0x39, 0x68, 0x41, 0x87, 0x39, 0x68, 0x41,
    0x88, 0x39, 0x88, 0x39, 0x68, 0x39, 0x88, 0x41, 0x68, 0x39, 0x68, 0x39,
    0x87, 0x41, 0x88, 0x39, 0x68, 0x39, 0x68, 0x39, 0x88, 0x41, 0x68, 0x39,
    0x88, 0x39, 0x88, 0x39, 0x68, 0x41, 0x88, 0x39, 0x68, 0x39, 0x68, 0x41,
    0x88, 0x39, 0x68, 0x39, 0x88, 0x41, 0x88, 0x39, 0x68, 0x41, 0x88, 0x39,
    0x68, 0x41, 0x68, 0x39, 0x88, 0x41, 0x88, 0x39, 0x67, 0x39, 0x88, 0x39,
    0x68, 0x39, 0x88, 0x39, 0x88, 0x39, 0x68, 0x39, 0x88, 0x41, 0x68, 0x39,
    0x68, 0x39, 0x88, 0x39, 0x68, 0x39, 0x87, 0x39, 0x88, 0x41, 0x68, 0x39,
    0x67, 0x39, 0x88, 0x41, 0x68, 0x39, 0x88, 0x39, 0x68, 0x39, 0x67, 0x39,
    0x88, 0x39, 0x68, 0x41, 0x68, 0x39, 0x88, 0x39, 0x68, 0x39, 0x88, 0x41,
    0x68, 0x39, 0x88, 0x39, 0x68, 0x41, 0x67, 0x41, 0x88, 0x39, 0x88, 0x39,
    0x68, 0x39, 0x88, 0x39, 0x68, 0x39, 0x68, 0x41, 0x87, 0x39, 0x68, 0x39,
    0x88, 0x39, 0x88, 0x41, 0x68, 0x39, 0x88, 0x39, 0x68, 0x41, 0x68, 0x41,
    0x88, 0x39, 0x68, 0x39, 0x68, 0x41, 0x88, 0x39, 0x68, 0x39, 0x68, 0x39,
    0x88, 0x39, 0x68, 0x39, 0x68, 0x39, 0x88, 0x39, 0x67, 0x41, 0x88, 0x39,
    0x88, 0x39, 0x68, 0x41, 0x88, 0x39, 0x68, 0x39, 0x68, 0x39, 0x87, 0x39,
    0x68, 0x39, 0x88, 0x41, 0x67, 0x39, 0x68, 0x39, 0x88, 0x41, 0x68, 0x39,
    0x68, 0x39, 0x88, 0x39, 0x68, 0x41, 0x87, 0x39, 0x88, 0x39, 0x68, 0x39,
    0x68, 0x39, 0x88, 0x39, 0x68, 0x41, 0x88, 0x39, 0x88, 0x39, 0x68, 0x41,
    0x88, 0x39, 0x88, 0x39, 0x68, 0x41, 0x68, 0x39, 0x88, 0x39, 0x68, 0x39,
    0x88, 0x39, 0x88, 0x39, 0x68, 0x41, 0x88, 0x39, 0x68, 0x39, 0x88, 0x41,
    0x68, 0x39, 0x88, 0x39, 0x88, 0x41, 0x68, 0x39, 0x88, 0x39, 0x68, 0x41,
    0x68, 0x41, 0x88, 0x39, 0x88, 0x39, 0x67, 0x41, 0x88, 0x39, 0x68, 0x39,
    0x68, 0x39, 0x88, 0x39, 0x88, 0x41, 0x68, 0x39, 0x88, 0x41, 0x68, 0x41,
    0x88, 0x39, 0x68, 0x39, 0x88, 0x39, 0x68, 0x39, 0x88, 0x39, 0x88, 0x39,
    0x68, 0x41, 0x68, 0x39, 0x88, 0x39, 0x88, 0x41, 0x68, 0x39, 0x88, 0x39,
    0x88, 0x41, 0x68, 0x39, 0x68, 0x39, 0x88, 0x41, 0x68, 0x39, 0x88, 0x41,
    0x88, 0x39, 0x68, 0x41, 0x88, 0x39, 0x88, 0x39, 0x68, 0x39, 0x88, 0x39,
    0x68, 0x41, 0x68, 0x39, 0x88, 0x39, 0x67, 0x39, 0x68, 0x39, 0x88, 0x39,
    0x68, 0x39, 0x88, 0x39, 0x67, 0x41, 0x68, 0x39, 0x88, 0x39, 0x67, 0x39,
    0x88, 0x39, 0x88, 0x39, 0x67, 0x41, 0x88, 0x39, 0x68, 0x39, 0x67, 0x39,
    0x88, 0x41, 0x68, 0x39, 0x88, 0x39, 0x68, 0x41, 0x88, 0x39, 0x68, 0x39,
    0x88, 0x41, 0x68, 0x39, 0x68, 0x39, 0x88, 0x39, 0x88, 0x39, 0x67, 0x41,
    0x68, 0x39, 0x88, 0x39, 0x68, 0x41, 0x68, 0x39, 0x88, 0x39, 0x68, 0x41,
    0x88, 0x39, 0x88, 0x39, 0x88, 0x39, 0x68, 0x41, 0x68, 0x39, 0x88, 0x39,
    0x68, 0x39, 0x87, 0x41, 0x88, 0x39, 0x68, 0x39, 0x88, 0x41, 0x68, 0x39,
    0x68, 0x39, 0x88, 0x41, 0x68, 0x39, 0x68, 0x39, 0x87, 0x39, 0x68, 0x39,
    0x88, 0x41, 0x87, 0x39, 0x68, 0x41, 0x68, 0x39, 0x88, 0x41, 0x88, 0x39,
    0x68, 0x39, 0x88, 0x41, 0x68, 0x39, 0x68, 0x39, 0x88, 0x41, 0x87, 0x39,
    0x68, 0x39, 0x68, 0x39, 0x88, 0x41, 0x68, 0x39, 0x88, 0x39, 0x68, 0x39,
    0x68, 0x39, 0x88, 0x39, 0x68, 0x41, 0x88, 0x39, 0x68, 0x39, 0x68, 0x39,
    0x87, 0x41, 0x68, 0x39, 0x88, 0x39, 0x88, 0x39, 0x68, 0x39, 0x68, 0x39,
    0x88, 0x39, 0x68, 0x41, 0x88, 0x39, 0x87, 0x39, 0x68, 0x41, 0x68, 0x39,
    0x88, 0x39, 0x67, 0x41, 0x88, 0x39, 0x88, 0x39, 0x67, 0x39, 0x88, 0x41,
    0x68, 0x39, 0x68, 0x39, 0x88, 0x39, 0x67, 0x39, 0x88, 0x39, 0x88, 0x39,
    0x68, 0x39, 0x87, 0x41, 0x68, 0x39, 0x68, 0x39, 0x88, 0x41, 0x68, 0x39,
    0x68, 0x41, 0x88, 0x41, 0x68, 0x39, 0x88, 0x39, 0x88, 0x39, 0x67, 0x41,
    0x88, 0x39, 0x68, 0x39, 0x68, 0x41, 0x88, 0x39, 0x88, 0x39, 0x68, 0x39,
    0x88, 0x41, 0x68, 0x39, 0x88, 0x41, 0x87, 0x39, 0x68, 0x39, 0x88, 0x41,
    0x88, 0x39, 0x68, 0x39, 0x88, 0x41, 0x68, 0x39, 0x87, 0x39, 0x68, 0x39,
    0x88, 0x41, 0x87, 0x39, 0x68, 0x39, 0x88, 0x39, 0x68, 0x41, 0x68, 0x39,
    0x88, 0x39, 0x88, 0x41, 0x88, 0x39, 0x68, 0x39, 0x68, 0x39, 0x88, 0x39,
    0x68, 0x41, 0x87, 0x39, 0x68, 0x39, 0x88, 0x39, 0x87, 0x39, 0x68, 0x39,
    0x88, 0x39, 0x87, 0x41, 0x68, 0x39, 0x88, 0x39, 0x88, 0x41, 0x67, 0x39,
    0x88, 0x41, 0x68, 0x39, 0x88, 0x39, 0x68, 0x39, 0x68, 0x39, 0x88, 0x39,
    0x68, 0x39, 0x87, 0x39, 0x88, 0x41, 0x68, 0x39, 0x88, 0x41, 0x68, 0x39,
    0x88, 0x39, 0x68, 0x41, 0x88, 0x39, 0x88, 0x39, 0x67, 0x41, 0x88, 0x39,
    0x88, 0x39, 0x68, 0x41, 0x68, 0x39, 0x88, 0x39, 0x88, 0x41, 0x68, 0x39,
    0x87, 0x39, 0x68, 0x41, 0x68, 0x39, 0x88, 0x39, 0x67, 0x41, 0x68, 0x39,
    0x88, 0x39, 0x87, 0x39, 0x68, 0x39, 0x88, 0x39, 0x68, 0x41, 0x67, 0x39,
    0x88, 0x39, 0x68, 0x41, 0x88, 0x39, 0x88, 0x39, 0x68, 0x39, 0x87, 0x41,
    0x68, 0x39, 0x68, 0x39, 0x87, 0x39, 0x68, 0x41, 0x88, 0x39, 0x88, 0x39,
    0x67, 0x39, 0x68, 0x39, 0x88, 0x41, 0x68, 0x39, 0x88, 0x39, 0x68, 0x39,
    0x88, 0x39, 0x68, 0x39, 0x87, 0x39, 0x88, 0x39, 0x68, 0x39, 0x88, 0x39,
    0x68, 0x41, 0x88, 0x39, 0x67, 0x41, 0x68, 0x39, 0x88, 0x39, 0x88, 0x41,
    0x67, 0x39, 0x88, 0x39, 0x68, 0x41, 0x88, 0x39, 0x67, 0x39, 0x68, 0x39,
    0x88, 0x39, 0x88, 0x39, 0x68, 0x39, 0x68, 0x39, 0x88, 0x39, 0x68, 0x39,
    0x67, 0x41, 0x88, 0x39, 0x68, 0x39, 0x68, 0x41, 0x88, 0x39, 0x88, 0x39,
    0x68, 0x41, 0x88, 0x39, 0x88, 0x41, 0x68, 0x41, 0x88, 0x39, 0x68, 0x41,
    0x87, 0x39, 0x88, 0x39, 0x68, 0x39, 0x88, 0x41, 0x68, 0x39, 0x68, 0x39,
    0x88, 0x41, 0x68, 0x39, 0x88, 0x39, 0x88, 0x41, 0x68, 0x39, 0x88, 0x39,
    0x68, 0x39, 0x88, 0x41, 0x88, 0x39, 0x68, 0x39, 0x67, 0x41, 0x88, 0x39,
    0x88, 0x39, 0x67, 0x39, 0x68, 0x41, 0x88, 0x39, 0x68, 0x39, 0x68, 0x39,
    0x88, 0x39, 0x88, 0x39, 0x67, 0x41, 0x88, 0x39, 0x88, 0x39, 0x68, 0x39,
    0x68, 0x39, 0x88, 0x39, 0x67, 0x39, 0x88, 0x39, 0x88, 0x41, 0x68, 0x39,
    0x68, 0x39, 0x88, 0x39, 0x68, 0x41, 0x68, 0x39, 0x87, 0x39, 0x88, 0x39,
    0x68, 0x39, 0x87, 0x39, 0x88, 0x41, 0x68, 0x39, 0x88, 0x39, 0x68, 0x39,
    0x68, 0x39, 0x88, 0x39, 0x88, 0x39, 0x68, 0x41, 0x67, 0x39, 0x88, 0x39,
    0x68, 0x41, 0x88, 0x39, 0x87, 0x39, 0x68, 0x39, 0x68, 0x39, 0x88, 0x41,
    0x68, 0x39, 0x88, 0x39, 0x67, 0x39, 0x68, 0x39, 0x88, 0x41, 0x87, 0x41,
    0x68, 0x39, 0x68, 0x39, 0x88, 0x39, 0x88, 0x39, 0x68, 0x39, 0x88, 0x39,
    0x68, 0x41, 0x68, 0x39, 0x88, 0x39, 0x67, 0x41, 0x88, 0x39, 0x88, 0x39,
    0x68, 0x41, 0x68, 0x39, 0x88, 0x39, 0x88, 0x39, 0x68, 0x39, 0x88, 0x39,
    0x68, 0x39, 0x68, 0x39, 0x88, 0x39, 0x68, 0x39, 0x88, 0x41, 0x88, 0x39,
    0x67, 0x39, 0x88, 0x41, 0x68, 0x39, 0x68, 0x39, 0x88, 0x41, 0x68, 0x39,
    0x88, 0x39, 0x88, 0x39, 0x68, 0x39, 0x88, 0x39, 0x88, 0x39, 0x68, 0x39,
    0x87, 0x39, 0x68, 0x39, 0x68, 0x39, 0x87, 0x41, 0x68, 0x39, 0x88, 0x39,
    0x88, 0x41, 0x68, 0x39, 0x88, 0x39, 0x68, 0x41, 0x68, 0x39, 0x88, 0x39,
    0x68, 0x39, 0x88, 0x39, 0x68, 0x39, 0x68, 0x41, 0x88, 0x39, 0x68, 0x39,
    0x88, 0x39, 0x88, 0x39, 0x68, 0x39, 0x88, 0x41, 0x68, 0x39, 0x68, 0x39,
    0x88, 0x39, 0x68, 0x41, 0x88, 0x39, 0x88, 0x39, 0x68, 0x39, 0x67, 0x39,
    0x88, 0x41, 0x68, 0x39, 0x87, 0x39, 0x88, 0x41, 0x68, 0x39, 0x88, 0x39,
    0x68, 0x41, 0x68, 0x39, 0x88, 0x39, 0x68, 0x41, 0x88, 0x39, 0x68, 0x39,
    0x68, 0x39, 0x88, 0x39, 0x68, 0x39, 0x68, 0x39, 0x88, 0x39, 0x88, 0x41,
    0x68, 0x39, 0x88, 0x39, 0x87, 0x41, 0x68, 0x41, 0x88, 0x39, 0x68, 0x41,
    0x68, 0x39, 0x88, 0x39, 0x68, 0x39, 0x88, 0x39, 0x68, 0x41, 0x88, 0x39,
    0x68, 0x39, 0x68, 0x39, 0x88, 0x39, 0x68, 0x39, 0x68, 0x39, 0x88, 0x39,
    0x87, 0x39, 0x68, 0x39, 0x88, 0x39, 0x68, 0x39, 0x68, 0x41, 0x88, 0x39,
    0x88, 0x39, 0x68, 0x39, 0x88, 0x39, 0x88, 0x39, 0x68, 0x39, 0x68, 0x39,
    0x88, 0x41, 0x68, 0x39, 0x88, 0x39, 0x88, 0x41, 0x68, 0x39, 0x88, 0x39,
    0x68, 0x41, 0x68, 0x39, 0x87, 0x39, 0x68, 0x39, 0x68, 0x39, 0x88, 0x39,
    0x88, 0x41, 0x68, 0x39, 0x68, 0x39, 0x88, 0x39, 0x68, 0x39, 0x88, 0x39,
    0x68, 0x39, 0x88, 0x41, 0x68, 0x39, 0x88, 0x39, 0x68, 0x39, 0x88, 0x41,
    0x68, 0x39, 0x68, 0x39, 0x68, 0x41, 0x88, 0x39, 0x68, 0x39, 0x67, 0x39,
    0x88, 0x39, 0x88, 0x39, 0x68, 0x41, 0x88, 0x39, 0x68, 0x39, 0x68, 0x39,
    0x88, 0x39, 0x68, 0x39, 0x88, 0x39, 0x68, 0x39, 0x88, 0x41, 0x68, 0x39,
    0x87, 0x41, 0x88, 0x39, 0x68, 0x41, 0x87, 0x39, 0x88, 0x39, 0x68, 0x39,
    0x68, 0x39, 0x88, 0x39, 0x88, 0x39, 0x67, 0x41, 0x68, 0x39, 0x88, 0x39,
    0x67, 0x39, 0x68, 0x39, 0x88, 0x39, 0x68, 0x39, 0x88, 0x39, 0x68, 0x39,
    0x68, 0x41, 0x88, 0x39, 0x88, 0x39, 0x68, 0x39, 0x88, 0x41, 0x88, 0x39,
    0x68, 0x39, 0x68, 0x39, 0x88, 0x39, 0x67, 0x39, 0x88, 0x41, 0x68, 0x39,
    0x88, 0x39, 0x67, 0x39, 0x88, 0x39, 0x68, 0x39, 0x88, 0x41, 0x68, 0x39,
    0x88, 0x39, 0x88, 0x39, 0x68, 0x41, 0x88, 0x39, 0x87, 0x39, 0x68, 0x41,
    0x88, 0x39, 0x68, 0x39, 0x88, 0x39, 0x68, 0x39, 0x88, 0x41, 0x67, 0x39,
    0x88, 0x41, 0x68, 0x41, 0x68, 0x39, 0x88, 0x39, 0x68, 0x39, 0x87, 0x41,
    0x88, 0x39, 0x68, 0x39, 0x88, 0x39, 0x68, 0x41, 0x88, 0x39, 0x68, 0x41,
    0x68, 0x39, 0x88, 0x39, 0x68, 0x39, 0x88, 0x41, 0x88, 0x39, 0x68, 0x41,
    0x68, 0x39, 0x88, 0x39, 0x88, 0x39, 0x68, 0x39, 0x88, 0x39, 0x68, 0x39,
    0x68, 0x39, 0x88, 0x39, 0x88, 0x41, 0x68, 0x39, 0x88, 0x39, 0x68, 0x39,
    0x88, 0x41, 0x88, 0x39, 0x68, 0x39, 0x88, 0x39, 0x68, 0x39, 0x88, 0x39,
    0x88, 0x41, 0x68, 0x39, 0x87, 0x39, 0x68, 0x41, 0x88, 0x39, 0x87, 0x39,
    0x68, 0x39, 0x88, 0x39, 0x68, 0x41, 0x68, 0x39, 0x88, 0x39, 0x87, 0x41,
    0x68, 0x39, 0x88, 0x39, 0x67, 0x41, 0x68, 0x39, 0x88, 0x39, 0x87, 0x41,
    0x68, 0x41, 0x88, 0x39, 0x68, 0x39, 0x68, 0x41, 0x88, 0x39, 0x68, 0x39,
    0x88, 0x39, 0x88, 0x41, 0x68, 0x39, 0x88, 0x39, 0x68, 0x41, 0x67, 0x39,
    0x88, 0x39, 0x68, 0x41, 0x68, 0x39, 0x87, 0x41, 0x68, 0x39, 0x88, 0x39,
    0x88, 0x41, 0x68, 0x39, 0x88, 0x39, 0x68, 0x39, 0x68, 0x39, 0x88, 0x39,
    0x68, 0x39, 0x87, 0x39, 0x88, 0x39, 0x68, 0x39, 0x87, 0x41, 0x68, 0x39,
    0x88, 0x39, 0x87, 0x41, 0x68, 0x39, 0x88, 0x39, 0x68, 0x41, 0x68, 0x39,
    0x87, 0x41, 0x68, 0x39, 0x68, 0x39, 0x87, 0x39, 0x88, 0x41, 0x68, 0x39,
    0x68, 0x39, 0x88, 0x39, 0x68, 0x41, 0x68, 0x39, 0x88, 0x39, 0x88, 0x41,
    0x68, 0x39, 0x68, 0x39, 0x68, 0x39, 0x88, 0x41, 0x88, 0x39, 0x67, 0x39,
    0x88, 0x39, 0x88, 0x39, 0x68, 0x41, 0x68, 0x39, 0x88, 0x41, 0x88, 0x39,
    0x68, 0x41, 0x88, 0x39, 0x88, 0x41, 0x67, 0x39, 0x68, 0x39, 0x88, 0x39,
    0x68, 0x39, 0x68, 0x39, 0x88, 0x39, 0x68, 0x39, 0x88, 0x39, 0x87, 0x41,
    0x68, 0x39, 0x68, 0x39, 0x88, 0x41, 0x67, 0x39, 0x88, 0x39, 0x88, 0x39,
    0x67, 0x41, 0x88, 0x39, 0x88, 0x41, 0x67, 0x39, 0x68, 0x41, 0x88, 0x39,
    0x68, 0x41, 0x68, 0x39, 0x88, 0x39, 0x87, 0x41, 0x68, 0x39, 0x68, 0x39,
    0x88, 0x41, 0x67, 0x39, 0x68, 0x41, 0x88, 0x39, 0x88, 0x39, 0x68, 0x41,
    0x88, 0x39, 0x68, 0x39, 0x67, 0x41, 0x88, 0x39, 0x88, 0x39, 0x68, 0x39,
    0x88, 0x39, 0x88, 0x39, 0x68, 0x41, 0x88, 0x41, 0x68, 0x39, 0x88, 0x39,
    0x88, 0x39, 0x68, 0x41, 0x88, 0x39, 0x87, 0x39, 0x68, 0x41, 0x68, 0x41,
    0x88, 0x39, 0x87, 0x39, 0x68, 0x39, 0x68, 0x41, 0x87, 0x39, 0x68, 0x39,
    0x88, 0x39, 0x88, 0x39, 0x68, 0x41, 0x88, 0x39, 0x88, 0x41, 0x68, 0x39,
    0x88, 0x39, 0x68, 0x39, 0x88, 0x39, 0x88, 0x41, 0x67, 0x39, 0x88, 0x39,
    0x68, 0x41, 0x87, 0x39, 0x68, 0x39, 0x88, 0x41, 0x88, 0x39, 0x68, 0x39,
    0x68, 0x39, 0x88, 0x41, 0x68, 0x39, 0x68, 0x41, 0x88, 0x39, 0x88, 0x41,
    0x68, 0x39, 0x88, 0x39, 0x88, 0x41, 0x68, 0x39, 0x88, 0x39, 0x88, 0x41,
    0x68, 0x39, 0x88, 0x39, 0x67, 0x39, 0x88, 0x39, 0x68, 0x39, 0x87, 0x39,
    0x68, 0x41, 0x68, 0x39, 0x88, 0x39, 0x67, 0x39, 0x88, 0x39, 0x88, 0x41,
    0x67, 0x39, 0x88, 0x41, 0x68, 0x39, 0x68, 0x39, 0x88, 0x39, 0x88, 0x41,
    0x68, 0x39, 0x68, 0x41, 0x88, 0x39, 0x88, 0x39, 0x68, 0x39, 0x68, 0x41,
    0x88, 0x39, 0x68, 0x39, 0x68, 0x39, 0x88, 0x39, 0x68, 0x41, 0x88, 0x39,
    0x68, 0x39, 0x87, 0x41, 0x68, 0x39, 0x68, 0x39, 0x88, 0x39, 0x88, 0x39,
    0x68, 0x39, 0x88, 0x39, 0x88, 0x39, 0x68, 0x41, 0x68, 0x39, 0x88, 0x39,
    0x68, 0x41, 0x88, 0x39, 0x67, 0x39, 0x88, 0x39, 0x88, 0x39, 0x68, 0x39,
    0x88, 0x41, 0x68, 0x39, 0x68, 0x39, 0x87, 0x39, 0x68, 0x41, 0x88, 0x39,
    0x87, 0x39, 0x68, 0x41, 0x68, 0x41, 0x87, 0x39, 0x88, 0x41, 0x68, 0x39,
    0x88, 0x39, 0x68, 0x41, 0x68, 0x39, 0x88, 0x39, 0x87, 0x41, 0x68, 0x39,
    0x68, 0x39, 0x88, 0x41, 0x88, 0x39, 0x68, 0x41, 0x68, 0x39, 0x88, 0x39,
    0x68, 0x39, 0x88, 0x41, 0x68, 0x39, 0x68, 0x39, 0x88, 0x41, 0x68, 0x39,
    0x88, 0x39, 0x88, 0x41, 0x68, 0x39, 0x88, 0x39, 0x68, 0x39, 0x68, 0x39,
    0x88, 0x39, 0x88, 0x39, 0x68, 0x41, 0x68, 0x39, 0x88, 0x39, 0x68, 0x39,
    0x88, 0x39, 0x88, 0x41, 0x67, 0x39, 0x88, 0x39, 0x68, 0x39, 0x67, 0x39,
    0x88, 0x41, 0x68, 0x39, 0x87, 0x39, 0x88, 0x39, 0x68, 0x39, 0x88, 0x39,
    0x88, 0x41, 0x68, 0x39, 0x88, 0x39, 0x68, 0x41, 0x68, 0x39, 0x88, 0x39,
    0x68, 0x41, 0x88, 0x39, 0x88, 0x39, 0x68, 0x41, 0x88, 0x39, 0x68, 0x41,
    0x68, 0x39, 0x88, 0x41, 0x68, 0x39, 0x88, 0x39, 0x68, 0x39, 0x88, 0x41,
    0x68, 0x39, 0x68, 0x39, 0x88, 0x39, 0x88, 0x39, 0x68, 0x39, 0x88, 0x39,
    0x88, 0x39, 0x68, 0x41, 0x88, 0x39, 0x68, 0x39, 0x88, 0x39, 0x88, 0x41,
    0x67, 0x39, 0x88, 0x39, 0x88, 0x39, 0x67, 0x39, 0x88, 0x41, 0x88, 0x39,
    0x68, 0x39, 0x88, 0x39, 0x68, 0x39, 0x68, 0x39, 0x88, 0x41, 0x68, 0x39,
    0x68, 0x39, 0x88, 0x41, 0x87, 0x39, 0x68, 0x39, 0x88, 0x39, 0x67, 0x39,
    0x68, 0x39, 0x88, 0x41, 0x88, 0x39, 0x68, 0x39, 0x88, 0x41, 0x68, 0x39,
    0x87, 0x41, 0x68, 0x39, 0x88, 0x39, 0x68, 0x39, 0x68, 0x39, 0x88, 0x39,
    0x88, 0x39, 0x68, 0x41, 0x88, 0x39, 0x68, 0x39, 0x68, 0x39, 0x88, 0x41,
    0x68, 0x39, 0x88, 0x39, 0x88, 0x39, 0x68, 0x41, 0x88, 0x39, 0x88, 0x39,
    0x68, 0x39, 0x88, 0x41, 0x68, 0x39, 0x88, 0x39, 0x88, 0x39, 0x68, 0x39,
    0x88, 0x39, 0x88, 0x41, 0x68, 0x39, 0x67, 0x39, 0x88, 0x41, 0x88, 0x39,
    0x67, 0x39, 0x88, 0x39, 0x68, 0x39, 0x68, 0x39, 0x88, 0x41, 0x67, 0x39,
    0x68, 0x39, 0x88, 0x39, 0x68, 0x39, 0x87, 0x39, 0x68, 0x41, 0x68, 0x39,
    0x87, 0x39, 0x68, 0x39, 0x68, 0x41, 0x88, 0x39, 0x88, 0x39, 0x68, 0x39,
    0x88, 0x39, 0x68, 0x39, 0x88, 0x41, 0x88, 0x39, 0x68, 0x39, 0x88, 0x39
};
