// 4.26.1 0x4862ab98 D2 AY R0 FARGB8888 U565 N0 SExtFlashSection
// Generated by imageconverter. Please, do not edit!

#include <touchgfx/hal/Config.hpp>

LOCATION_PRAGMA("ExtFlashSection")
KEEP extern const unsigned char image_blueforcefield[] LOCATION_ATTRIBUTE("ExtFlashSection") = { // 80x80 ARGB8888 pixels.
    0x00, 0x00, 0x00, 0x00, 0x00, 0x00, 0x00, 0x00, 0x00, 0x00, 0x00, 0x00,
    0x00, 0x00, 0x00, 0x00, 0x00, 0x00, 0x00, 0x00, 0x00, 0x00, 0x00, 0x00,
    0x00, 0x00, 0x00, 0x00, 0x00, 0x00, 0x00, 0x00, 0x00, 0x00, 0x00, 0x00,
    0x00, 0x00, 0x00, 0x00, 0x00, 0x00, 0x00, 0x00, 0x00, 0x00, 0x00, 0x00,
    0x00, 0x00, 0x00, 0x00, 0x00, 0x00, 0x00, 0x00, 0x00, 0x00, 0x00, 0x00,
    0x00, 0x00, 0x00, 0x00, 0x00, 0x00, 0x00, 0x00, 0x00, 0x00, 0x00, 0x00,
    0x00, 0x00, 0x00, 0x00, 0x00, 0x00, 0x00, 0x00, 0x00, 0x00, 0x00, 0x00,
    0x00, 0x00, 0x00, 0x00, 0x00, 0x00, 0x00, 0x00, 0x00, 0x00, 0x00, 0x00,
    0xf0, 0xc8, 0x90, 0x00, 0xf8, 0xe4, 0x20, 0x00, 0xf8, 0xcc, 0x80, 0x00,
    0xf8, 0xcc, 0x88, 0x00, 0xf8, 0xcc, 0x78, 0x00, 0xe8, 0xc8, 0x98, 0x0c,
    0xf8, 0xcc, 0x88, 0x2c, 0xf8, 0xcc, 0x88, 0x51, 0xf8, 0xc8, 0x88, 0x82,
    0xf8, 0xcc, 0x80, 0xb6, 0xf8, 0xcc, 0x80, 0xd3, 0xf8, 0xc8, 0x80, 0xfb,
    0xf8, 0xc8, 0x80, 0xff, 0xf8, 0xc8, 0x80, 0xff, 0xf8, 0xcc, 0x80, 0xff,
    0xf8, 0xc8, 0x80, 0xff, 0xf8, 0xc8, 0x78, 0xff, 0xf8, 0xc8, 0x80, 0xff,
    0xf8, 0xc8, 0x80, 0xff, 0xf8, 0xcc, 0x80, 0xff, 0xf8, 0xc8, 0x88, 0xfb,
    0xf8, 0xcc, 0x80, 0xd3, 0xf8, 0xcc, 0x80, 0xb6, 0xf8, 0xc8, 0x88, 0x82,
    0xf8, 0xcc, 0x88, 0x51, 0xf8, 0xcc, 0x88, 0x2c, 0xe8, 0xc8, 0x98, 0x0c,
    0xf8, 0xcc, 0x80, 0x00, 0xf8, 0xcc, 0x88, 0x00, 0xf8, 0xcc, 0x80, 0x00,
    0xf8, 0xe0, 0x30, 0x00, 0xf0, 0xc8, 0x90, 0x00, 0x00, 0x00, 0x00, 0x00,
    0x00, 0x00, 0x00, 0x00, 0x00, 0x00, 0x00, 0x00, 0x00, 0x00, 0x00, 0x00,
    0x00, 0x00, 0x00, 0x00, 0x00, 0x00, 0x00, 0x00, 0x00, 0x00, 0x00, 0x00,
    0x00, 0x00, 0x00, 0x00, 0x00, 0x00, 0x00, 0x00, 0x00, 0x00, 0x00, 0x00,
    0x00, 0x00, 0x00, 0x00, 0x00, 0x00, 0x00, 0x00, 0x00, 0x00, 0x00, 0x00,
    0x00, 0x00, 0x00, 0x00, 0x00, 0x00, 0x00, 0x00, 0x00, 0x00, 0x00, 0x00,
    0x00, 0x00, 0x00, 0x00, 0x00, 0x00, 0x00, 0x00, 0x00, 0x00, 0x00, 0x00,
    0x00, 0x00, 0x00, 0x00, 0x00, 0x00, 0x00, 0x00, 0x00, 0x00, 0x00, 0x00,
    0x00, 0x00, 0x00, 0x00, 0x00, 0x00, 0x00, 0x00, 0x00, 0x00, 0x00, 0x00,
    0x00, 0x00, 0x00, 0x00, 0x00, 0x00, 0x00, 0x00, 0x00, 0x00, 0x00, 0x00,
    0x00, 0x00, 0x00, 0x00, 0x00, 0x00, 0x00, 0x00, 0x00, 0x00, 0x00, 0x00,
    0x00, 0x00, 0x00, 0x00, 0x00, 0x00, 0x00, 0x00, 0x00, 0x00, 0x00, 0x00,
    0x00, 0x00, 0x00, 0x00, 0x00, 0x00, 0x00, 0x00, 0x00, 0x00, 0x00, 0x00,
    0x00, 0x00, 0x00, 0x00, 0x00, 0x00, 0x00, 0x00, 0x00, 0x00, 0x00, 0x00,
    0x00, 0x00, 0x00, 0x00, 0x00, 0x00, 0x00, 0x00, 0x00, 0x00, 0x00, 0x00,
    0x00, 0x00, 0x00, 0x00, 0x00, 0x00, 0x00, 0x00, 0x00, 0x00, 0x00, 0x00,
    0xf8, 0xcc, 0x88, 0x00, 0xf8, 0xcc, 0x88, 0x00, 0xf0, 0xc8, 0x88, 0x00,
    0xf8, 0xcc, 0x78, 0x00, 0xf8, 0xcc, 0x88, 0x0c, 0xf8, 0xcc, 0x88, 0x38,
    0xf8, 0xcc, 0x80, 0x7d, 0xf8, 0xcc, 0x88, 0xbe, 0xf8, 0xcc, 0x80, 0xdf,
    0xf8, 0xc8, 0x80, 0xf3, 0xf8, 0xc8, 0x78, 0xff, 0xf8, 0xc8, 0x78, 0xff,
    0xf8, 0xc8, 0x78, 0xff, 0xf8, 0xc8, 0x78, 0xfb, 0xf8, 0xc8, 0x78, 0xfb,
    0xf8, 0xc8, 0x78, 0xfb, 0xf8, 0xc4, 0x70, 0xfb, 0xf8, 0xc8, 0x70, 0xfb,
    0xf8, 0xc8, 0x70, 0xfb, 0xf8, 0xc8, 0x70, 0xfb, 0xf8, 0xc4, 0x70, 0xfb,
    0xf8, 0xc8, 0x78, 0xfb, 0xf8, 0xc8, 0x78, 0xfb, 0xf8, 0xc8, 0x78, 0xff,
    0xf8, 0xc8, 0x78, 0xff, 0xf8, 0xc8, 0x80, 0xfb, 0xf8, 0xc8, 0x78, 0xf3,
    0xf8, 0xcc, 0x80, 0xe3, 0xf8, 0xcc, 0x80, 0xbe, 0xf8, 0xc8, 0x80, 0x7d,
    0xf8, 0xcc, 0x88, 0x38, 0xf8, 0xcc, 0x88, 0x0c, 0xf8, 0xcc, 0x78, 0x00,
    0xf0, 0xc8, 0x88, 0x00, 0xf8, 0xcc, 0x80, 0x00, 0xf8, 0xcc, 0x80, 0x00,
    0x00, 0x00, 0x00, 0x00, 0x00, 0x00, 0x00, 0x00, 0x00, 0x00, 0x00, 0x00,
    0x00, 0x00, 0x00, 0x00, 0x00, 0x00, 0x00, 0x00, 0x00, 0x00, 0x00, 0x00,
    0x00, 0x00, 0x00, 0x00, 0x00, 0x00, 0x00, 0x00, 0x00, 0x00, 0x00, 0x00,
    0x00, 0x00, 0x00, 0x00, 0x00, 0x00, 0x00, 0x00, 0x00, 0x00, 0x00, 0x00,
    0x00, 0x00, 0x00, 0x00, 0x00, 0x00, 0x00, 0x00, 0x00, 0x00, 0x00, 0x00,
    0x00, 0x00, 0x00, 0x00, 0x00, 0x00, 0x00, 0x00, 0x00, 0x00, 0x00, 0x00,
    0x00, 0x00, 0x00, 0x00, 0x00, 0x00, 0x00, 0x00, 0x00, 0x00, 0x00, 0x00,
    0x00, 0x00, 0x00, 0x00, 0x00, 0x00, 0x00, 0x00, 0x00, 0x00, 0x00, 0x00,
    0x00, 0x00, 0x00, 0x00, 0x00, 0x00, 0x00, 0x00, 0x00, 0x00, 0x00, 0x00,
    0x00, 0x00, 0x00, 0x00, 0x00, 0x00, 0x00, 0x00, 0x00, 0x00, 0x00, 0x00,
    0x00, 0x00, 0x00, 0x00, 0x00, 0x00, 0x00, 0x00, 0x00, 0x00, 0x00, 0x00,
    0x00, 0x00, 0x00, 0x00, 0x00, 0x00, 0x00, 0x00, 0x00, 0x00, 0x00, 0x00,
    0x00, 0x00, 0x00, 0x00, 0x00, 0x00, 0x00, 0x00, 0x00, 0x00, 0x00, 0x00,
    0x00, 0x00, 0x00, 0x00, 0x00, 0x00, 0x00, 0x00, 0x00, 0x00, 0x00, 0x00,
    0xf0, 0xc8, 0x90, 0x00, 0xf0, 0xc8, 0x90, 0x00, 0xf8, 0xcc, 0x80, 0x00,
    0xf0, 0xcc, 0x90, 0x00, 0xf0, 0xcc, 0x90, 0x28, 0xf8, 0xcc, 0x88, 0x75,
    0xf8, 0xcc, 0x80, 0xc3, 0xf8, 0xc8, 0x80, 0xef, 0xf8, 0xc8, 0x80, 0xff,
    0xf8, 0xcc, 0x78, 0xff, 0xf8, 0xc8, 0x78, 0xff, 0xf8, 0xc4, 0x70, 0xfb,
    0xf8, 0xc8, 0x70, 0xfb, 0xf8, 0xc4, 0x70, 0xfb, 0xf8, 0xc4, 0x70, 0xfb,
    0xf8, 0xc4, 0x70, 0xfb, 0xf8, 0xc4, 0x68, 0xfb, 0xf8, 0xc4, 0x68, 0xfb,
    0xf8, 0xc0, 0x68, 0xf7, 0xf8, 0xc0, 0x68, 0xf7, 0xf8, 0xc4, 0x68, 0xfb,
    0xf8, 0xc0, 0x68, 0xfb, 0xf8, 0xc4, 0x68, 0xfb, 0xf8, 0xc4, 0x68, 0xfb,
    0xf8, 0xc4, 0x68, 0xfb, 0xf8, 0xc4, 0x70, 0xfb, 0xf8, 0xc4, 0x70, 0xfb,
    0xf8, 0xc4, 0x70, 0xfb, 0xf8, 0xc4, 0x70, 0xfb, 0xf8, 0xc8, 0x70, 0xff,
    0xf8, 0xc8, 0x78, 0xff, 0xf8, 0xc8, 0x78, 0xff, 0xf8, 0xc8, 0x80, 0xef,
    0xf8, 0xcc, 0x80, 0xc3, 0xf8, 0xcc, 0x88, 0x75, 0xf0, 0xc8, 0x90, 0x28,
    0xf0, 0xc8, 0x88, 0x00, 0xf8, 0xcc, 0x88, 0x00, 0xf0, 0xc8, 0x90, 0x00,
    0xf0, 0xc8, 0x90, 0x00, 0x00, 0x00, 0x00, 0x00, 0x00, 0x00, 0x00, 0x00,
    0x00, 0x00, 0x00, 0x00, 0x00, 0x00, 0x00, 0x00, 0x00, 0x00, 0x00, 0x00,
    0x00, 0x00, 0x00, 0x00, 0x00, 0x00, 0x00, 0x00, 0x00, 0x00, 0x00, 0x00,
    0x00, 0x00, 0x00, 0x00, 0x00, 0x00, 0x00, 0x00, 0x00, 0x00, 0x00, 0x00,
    0x00, 0x00, 0x00, 0x00, 0x00, 0x00, 0x00, 0x00, 0x00, 0x00, 0x00, 0x00,
    0x00, 0x00, 0x00, 0x00, 0x00, 0x00, 0x00, 0x00, 0x00, 0x00, 0x00, 0x00,
    0x00, 0x00, 0x00, 0x00, 0x00, 0x00, 0x00, 0x00, 0x00, 0x00, 0x00, 0x00,
    0x00, 0x00, 0x00, 0x00, 0x00, 0x00, 0x00, 0x00, 0x00, 0x00, 0x00, 0x00,
    0x00, 0x00, 0x00, 0x00, 0x00, 0x00, 0x00, 0x00, 0x00, 0x00, 0x00, 0x00,
    0x00, 0x00, 0x00, 0x00, 0x00, 0x00, 0x00, 0x00, 0x00, 0x00, 0x00, 0x00,
    0x00, 0x00, 0x00, 0x00, 0x00, 0x00, 0x00, 0x00, 0x00, 0x00, 0x00, 0x00,
    0x00, 0x00, 0x00, 0x00, 0x00, 0x00, 0x00, 0x00, 0x00, 0x00, 0x00, 0x00,
    0x00, 0x00, 0x00, 0x00, 0x00, 0x00, 0x00, 0x00, 0x00, 0x00, 0x00, 0x00,
    0xf8, 0xcc, 0x88, 0x00, 0xf8, 0xd0, 0x88, 0x00, 0xf8, 0xcc, 0x80, 0x00,
    0xc8, 0xcc, 0xb0, 0x00, 0xf8, 0xcc, 0x88, 0x30, 0xf8, 0xcc, 0x88, 0x92,
    0xf8, 0xcc, 0x80, 0xe3, 0xf8, 0xc8, 0x80, 0xfb, 0xf8, 0xc8, 0x78, 0xff,
    0xf8, 0xc8, 0x70, 0xfb, 0xf8, 0xc4, 0x70, 0xfb, 0xf8, 0xc4, 0x70, 0xfb,
    0xf8, 0xc4, 0x68, 0xf7, 0xf8, 0xc0, 0x68, 0xf7, 0xf8, 0xc4, 0x68, 0xf7,
    0xf8, 0xc0, 0x60, 0xf7, 0xf8, 0xc0, 0x60, 0xf7, 0xf8, 0xc0, 0x60, 0xf7,
    0xf8, 0xc0, 0x60, 0xf3, 0xf8, 0xc0, 0x60, 0xf3, 0xf8, 0xc0, 0x60, 0xf7,
    0xf8, 0xc0, 0x60, 0xf3, 0xf8, 0xc0, 0x60, 0xf3, 0xf8, 0xc0, 0x60, 0xf3,
    0xf8, 0xc0, 0x60, 0xf7, 0xf8, 0xc0, 0x60, 0xf7, 0xf8, 0xc0, 0x60, 0xf7,
    0xf8, 0xc0, 0x60, 0xf7, 0xf8, 0xc0, 0x68, 0xf7, 0xf8, 0xc4, 0x68, 0xfb,
    0xf8, 0xc4, 0x68, 0xfb, 0xf8, 0xc4, 0x68, 0xfb, 0xf8, 0xc4, 0x70, 0xfb,
    0xf8, 0xc4, 0x70, 0xfb, 0xf8, 0xc8, 0x78, 0xfb, 0xf8, 0xc8, 0x78, 0xff,
    0xf8, 0xcc, 0x80, 0xff, 0xf8, 0xcc, 0x80, 0xe3, 0xf8, 0xcc, 0x80, 0x92,
    0xf8, 0xcc, 0x88, 0x30, 0xd8, 0xcc, 0xc0, 0x00, 0xf8, 0xcc, 0x80, 0x00,
    0xf8, 0xc8, 0x88, 0x00, 0xf8, 0xc8, 0x88, 0x00, 0x00, 0x00, 0x00, 0x00,
    0x00, 0x00, 0x00, 0x00, 0x00, 0x00, 0x00, 0x00, 0x00, 0x00, 0x00, 0x00,
    0x00, 0x00, 0x00, 0x00, 0x00, 0x00, 0x00, 0x00, 0x00, 0x00, 0x00, 0x00,
    0x00, 0x00, 0x00, 0x00, 0x00, 0x00, 0x00, 0x00, 0x00, 0x00, 0x00, 0x00,
    0x00, 0x00, 0x00, 0x00, 0x00, 0x00, 0x00, 0x00, 0x00, 0x00, 0x00, 0x00,
    0x00, 0x00, 0x00, 0x00, 0x00, 0x00, 0x00, 0x00, 0x00, 0x00, 0x00, 0x00,
    0x00, 0x00, 0x00, 0x00, 0x00, 0x00, 0x00, 0x00, 0x00, 0x00, 0x00, 0x00,
    0x00, 0x00, 0x00, 0x00, 0x00, 0x00, 0x00, 0x00, 0x00, 0x00, 0x00, 0x00,
    0x00, 0x00, 0x00, 0x00, 0x00, 0x00, 0x00, 0x00, 0x00, 0x00, 0x00, 0x00,
    0x00, 0x00, 0x00, 0x00, 0x00, 0x00, 0x00, 0x00, 0x00, 0x00, 0x00, 0x00,
    0x00, 0x00, 0x00, 0x00, 0x00, 0x00, 0x00, 0x00, 0x00, 0x00, 0x00, 0x00,
    0x00, 0x00, 0x00, 0x00, 0x00, 0x00, 0x00, 0x00, 0x00, 0x00, 0x00, 0x00,
    0xf0, 0xc8, 0x90, 0x00, 0xf8, 0xcc, 0x88, 0x00, 0xf8, 0xcc, 0x88, 0x00,
    0xf8, 0xc8, 0x80, 0x00, 0xf8, 0xcc, 0x88, 0x2c, 0xf8, 0xcc, 0x80, 0x92,
    0xf8, 0xc8, 0x80, 0xe7, 0xf8, 0xc8, 0x80, 0xff, 0xf8, 0xc8, 0x78, 0xff,
    0xf8, 0xc4, 0x70, 0xfb, 0xf8, 0xc4, 0x70, 0xfb, 0xf8, 0xc4, 0x68, 0xf7,
    0xf8, 0xc4, 0x68, 0xf7, 0xf8, 0xc0, 0x60, 0xf7, 0xf8, 0xc0, 0x60, 0xf7,
    0xf8, 0xc0, 0x60, 0xf3, 0xf8, 0xbc, 0x60, 0xf3, 0xf8, 0xbc, 0x58, 0xf3,
    0xf8, 0xbc, 0x58, 0xef, 0xf8, 0xbc, 0x58, 0xef, 0xf8, 0xbc, 0x58, 0xef,
    0xf8, 0xbc, 0x58, 0xef, 0xf8, 0xb8, 0x58, 0xef, 0xf8, 0xbc, 0x58, 0xef,
    0xf8, 0xbc, 0x58, 0xef, 0xf8, 0xb8, 0x58, 0xef, 0xf8, 0xbc, 0x58, 0xef,
    0xf8, 0xbc, 0x58, 0xef, 0xf8, 0xb8, 0x58, 0xef, 0xf8, 0xbc, 0x58, 0xf3,
    0xf8, 0xbc, 0x58, 0xf3, 0xf8, 0xbc, 0x58, 0xf3, 0xf8, 0xbc, 0x60, 0xf7,
    0xf8, 0xc0, 0x60, 0xf7, 0xf8, 0xc0, 0x68, 0xf7, 0xf8, 0xc0, 0x68, 0xf7,
    0xf8, 0xc0, 0x68, 0xfb, 0xf8, 0xc4, 0x70, 0xfb, 0xf8, 0xc4, 0x70, 0xfb,
    0xf8, 0xc8, 0x78, 0xff, 0xf8, 0xc8, 0x78, 0xff, 0xf8, 0xc8, 0x80, 0xe7,
    0xf8, 0xcc, 0x80, 0x92, 0xf8, 0xcc, 0x88, 0x30, 0xd8, 0xc8, 0x88, 0x00,
    0xf8, 0xcc, 0x88, 0x00, 0xf8, 0xc8, 0x88, 0x00, 0xf0, 0xc8, 0x90, 0x00,
    0x00, 0x00, 0x00, 0x00, 0x00, 0x00, 0x00, 0x00, 0x00, 0x00, 0x00, 0x00,
    0x00, 0x00, 0x00, 0x00, 0x00, 0x00, 0x00, 0x00, 0x00, 0x00, 0x00, 0x00,
    0x00, 0x00, 0x00, 0x00, 0x00, 0x00, 0x00, 0x00, 0x00, 0x00, 0x00, 0x00,
    0x00, 0x00, 0x00, 0x00, 0x00, 0x00, 0x00, 0x00, 0x00, 0x00, 0x00, 0x00,
    0x00, 0x00, 0x00, 0x00, 0x00, 0x00, 0x00, 0x00, 0x00, 0x00, 0x00, 0x00,
    0x00, 0x00, 0x00, 0x00, 0x00, 0x00, 0x00, 0x00, 0x00, 0x00, 0x00, 0x00,
    0x00, 0x00, 0x00, 0x00, 0x00, 0x00, 0x00, 0x00, 0x00, 0x00, 0x00, 0x00,
    0x00, 0x00, 0x00, 0x00, 0x00, 0x00, 0x00, 0x00, 0x00, 0x00, 0x00, 0x00,
    0x00, 0x00, 0x00, 0x00, 0x00, 0x00, 0x00, 0x00, 0x00, 0x00, 0x00, 0x00,
    0x00, 0x00, 0x00, 0x00, 0x00, 0x00, 0x00, 0x00, 0x00, 0x00, 0x00, 0x00,
    0x00, 0x00, 0x00, 0x00, 0xf8, 0xc8, 0x88, 0x00, 0xf0, 0xc8, 0x90, 0x00,
    0xf8, 0xcc, 0x88, 0x00, 0xf0, 0xcc, 0x90, 0x14, 0xf8, 0xcc, 0x88, 0x75,
    0xf8, 0xcc, 0x80, 0xdf, 0xf8, 0xcc, 0x78, 0xff, 0xf8, 0xc8, 0x78, 0xfb,
    0xf8, 0xc4, 0x70, 0xfb, 0xf8, 0xc4, 0x68, 0xfb, 0xf8, 0xc4, 0x68, 0xf7,
    0xf8, 0xc0, 0x60, 0xf7, 0xf8, 0xc0, 0x60, 0xf7, 0xf8, 0xbc, 0x60, 0xf3,
    0xf8, 0xbc, 0x60, 0xf3, 0xf8, 0xbc, 0x58, 0xef, 0xf8, 0xb8, 0x58, 0xef,
    0xf8, 0xb8, 0x50, 0xef, 0xf8, 0xbc, 0x58, 0xeb, 0xf8, 0xb8, 0x50, 0xeb,
    0xf8, 0xb8, 0x50, 0xe7, 0xf8, 0xb8, 0x50, 0xe7, 0xf8, 0xb8, 0x50, 0xe7,
    0xf8, 0xb8, 0x50, 0xe7, 0xf8, 0xb8, 0x50, 0xe7, 0xf8, 0xb8, 0x50, 0xe7,
    0xf8, 0xb8, 0x50, 0xe7, 0xf8, 0xb8, 0x50, 0xe7, 0xf8, 0xb8, 0x50, 0xeb,
    0xf8, 0xb8, 0x50, 0xeb, 0xf8, 0xb8, 0x58, 0xeb, 0xf8, 0xb8, 0x58, 0xeb,
    0xf8, 0xbc, 0x50, 0xef, 0xf8, 0xbc, 0x58, 0xef, 0xf8, 0xbc, 0x58, 0xf3,
    0xf8, 0xbc, 0x58, 0xf3, 0xf8, 0xbc, 0x60, 0xf7, 0xf8, 0xc0, 0x60, 0xf7,
    0xf8, 0xc0, 0x60, 0xf7, 0xf8, 0xc0, 0x68, 0xfb, 0xf8, 0xc4, 0x68, 0xfb,
    0xf8, 0xc4, 0x70, 0xfb, 0xf8, 0xc8, 0x78, 0xff, 0xf8, 0xc8, 0x78, 0xff,
    0xf8, 0xcc, 0x80, 0xe7, 0xf8, 0xcc, 0x88, 0x82, 0xf0, 0xcc, 0x90, 0x14,
    0xf8, 0xcc, 0x88, 0x00, 0xf0, 0xc8, 0x88, 0x00, 0xf8, 0xcc, 0x88, 0x00,
    0x00, 0x00, 0x00, 0x00, 0x00, 0x00, 0x00, 0x00, 0x00, 0x00, 0x00, 0x00,
    0x00, 0x00, 0x00, 0x00, 0x00, 0x00, 0x00, 0x00, 0x00, 0x00, 0x00, 0x00,
    0x00, 0x00, 0x00, 0x00, 0x00, 0x00, 0x00, 0x00, 0x00, 0x00, 0x00, 0x00,
    0x00, 0x00, 0x00, 0x00, 0x00, 0x00, 0x00, 0x00, 0x00, 0x00, 0x00, 0x00,
    0x00, 0x00, 0x00, 0x00, 0x00, 0x00, 0x00, 0x00, 0x00, 0x00, 0x00, 0x00,
    0x00, 0x00, 0x00, 0x00, 0x00, 0x00, 0x00, 0x00, 0x00, 0x00, 0x00, 0x00,
    0x00, 0x00, 0x00, 0x00, 0x00, 0x00, 0x00, 0x00, 0x00, 0x00, 0x00, 0x00,
    0x00, 0x00, 0x00, 0x00, 0x00, 0x00, 0x00, 0x00, 0x00, 0x00, 0x00, 0x00,
    0x00, 0x00, 0x00, 0x00, 0x00, 0x00, 0x00, 0x00, 0x00, 0x00, 0x00, 0x00,
    0x00, 0x00, 0x00, 0x00, 0xf8, 0xcc, 0x88, 0x00, 0xf0, 0xc8, 0x90, 0x00,
    0xf8, 0xcc, 0x88, 0x00, 0xa0, 0xd0, 0xf8, 0x00, 0xf8, 0xc8, 0x88, 0x41,
    0xf8, 0xcc, 0x80, 0xbe, 0xf8, 0xcc, 0x80, 0xfb, 0xf8, 0xc8, 0x78, 0xff,
    0xf8, 0xc4, 0x70, 0xfb, 0xf8, 0xc4, 0x68, 0xfb, 0xf8, 0xc0, 0x68, 0xf7,
    0xf8, 0xc0, 0x60, 0xf7, 0xf8, 0xc0, 0x60, 0xf3, 0xf8, 0xbc, 0x58, 0xf3,
    0xf8, 0xbc, 0x58, 0xef, 0xf8, 0xb8, 0x58, 0xef, 0xf8, 0xb8, 0x50, 0xeb,
    0xf8, 0xb8, 0x50, 0xeb, 0xf8, 0xb8, 0x50, 0xe7, 0xf8, 0xb8, 0x50, 0xe3,
    0xf8, 0xb8, 0x50, 0xe3, 0xf8, 0xb8, 0x48, 0xe3, 0xf8, 0xb8, 0x50, 0xdf,
    0xf8, 0xb4, 0x48, 0xdf, 0xf8, 0xb4, 0x48, 0xdf, 0xf8, 0xb8, 0x48, 0xdf,
    0xf8, 0xb4, 0x48, 0xdb, 0xf8, 0xb4, 0x48, 0xdf, 0xf8, 0xb8, 0x48, 0xdf,
    0xf8, 0xb4, 0x48, 0xdf, 0xf8, 0xb4, 0x48, 0xdf, 0xf8, 0xb8, 0x50, 0xdf,
    0xf8, 0xb8, 0x50, 0xe3, 0xf8, 0xb4, 0x50, 0xe7, 0xf8, 0xb8, 0x50, 0xe7,
    0xf8, 0xb8, 0x50, 0xe7, 0xf8, 0xb8, 0x50, 0xeb, 0xf8, 0xbc, 0x50, 0xef,
    0xf8, 0xbc, 0x58, 0xef, 0xf8, 0xbc, 0x58, 0xf3, 0xf8, 0xbc, 0x58, 0xf3,
    0xf8, 0xbc, 0x60, 0xf7, 0xf8, 0xc0, 0x60, 0xf7, 0xf8, 0xc0, 0x68, 0xfb,
    0xf8, 0xc4, 0x68, 0xfb, 0xf8, 0xc8, 0x70, 0xfb, 0xf8, 0xc8, 0x78, 0xff,
    0xf8, 0xc8, 0x80, 0xfb, 0xf8, 0xc8, 0x80, 0xbe, 0xf8, 0xc8, 0x88, 0x41,
    0x50, 0x94, 0xe8, 0x00, 0xf8, 0xcc, 0x88, 0x00, 0xf0, 0xcc, 0x90, 0x00,
    0xf8, 0xc8, 0x80, 0x00, 0x00, 0x00, 0x00, 0x00, 0x00, 0x00, 0x00, 0x00,
    0x00, 0x00, 0x00, 0x00, 0x00, 0x00, 0x00, 0x00, 0x00, 0x00, 0x00, 0x00,
    0x00, 0x00, 0x00, 0x00, 0x00, 0x00, 0x00, 0x00, 0x00, 0x00, 0x00, 0x00,
    0x00, 0x00, 0x00, 0x00, 0x00, 0x00, 0x00, 0x00, 0x00, 0x00, 0x00, 0x00,
    0x00, 0x00, 0x00, 0x00, 0x00, 0x00, 0x00, 0x00, 0x00, 0x00, 0x00, 0x00,
    0x00, 0x00, 0x00, 0x00, 0x00, 0x00, 0x00, 0x00, 0x00, 0x00, 0x00, 0x00,
    0x00, 0x00, 0x00, 0x00, 0x00, 0x00, 0x00, 0x00, 0x00, 0x00, 0x00, 0x00,
    0x00, 0x00, 0x00, 0x00, 0x00, 0x00, 0x00, 0x00, 0x00, 0x00, 0x00, 0x00,
    0x00, 0x00, 0x00, 0x00, 0x00, 0x00, 0x00, 0x00, 0xf8, 0xc8, 0x88, 0x00,
    0xf8, 0xd0, 0x80, 0x00, 0xf8, 0xcc, 0x88, 0x00, 0xf0, 0xcc, 0x90, 0x0c,
    0xf8, 0xc8, 0x88, 0x7d, 0xf8, 0xcc, 0x80, 0xe7, 0xf8, 0xc8, 0x78, 0xff,
    0xf8, 0xc8, 0x70, 0xfb, 0xf8, 0xc4, 0x70, 0xfb, 0xf8, 0xc0, 0x68, 0xf7,
    0xf8, 0xc0, 0x60, 0xf7, 0xf8, 0xc0, 0x60, 0xf3, 0xf8, 0xbc, 0x58, 0xf3,
    0xf8, 0xbc, 0x58, 0xef, 0xf8, 0xb8, 0x58, 0xeb, 0xf8, 0xb8, 0x50, 0xeb,
    0xf8, 0xb8, 0x50, 0xe7, 0xf8, 0xb8, 0x50, 0xe3, 0xf8, 0xb8, 0x48, 0xe3,
    0xf8, 0xb4, 0x48, 0xdf, 0xf8, 0xb8, 0x48, 0xdb, 0xf8, 0xb4, 0x48, 0xd7,
    0xf8, 0xb4, 0x48, 0xd7, 0xf8, 0xb4, 0x48, 0xd3, 0xf8, 0xb4, 0x48, 0xd3,
    0xf8, 0xb4, 0x48, 0xd3, 0xf8, 0xb4, 0x48, 0xcf, 0xf8, 0xb4, 0x48, 0xcf,
    0xf8, 0xb4, 0x48, 0xcf, 0xf8, 0xb4, 0x48, 0xd3, 0xf8, 0xb4, 0x48, 0xd3,
    0xf8, 0xb4, 0x48, 0xd3, 0xf8, 0xb4, 0x48, 0xd7, 0xf8, 0xb4, 0x48, 0xd7,
    0xf8, 0xb4, 0x48, 0xdb, 0xf8, 0xb4, 0x48, 0xdf, 0xf8, 0xb4, 0x48, 0xe3,
    0xf8, 0xb4, 0x48, 0xe3, 0xf8, 0xb8, 0x50, 0xe7, 0xf8, 0xb8, 0x50, 0xeb,
    0xf8, 0xb8, 0x50, 0xeb, 0xf8, 0xb8, 0x50, 0xef, 0xf8, 0xbc, 0x58, 0xf3,
    0xf8, 0xbc, 0x58, 0xf7, 0xf8, 0xc0, 0x60, 0xf7, 0xf8, 0xc0, 0x60, 0xf7,
    0xf8, 0xc0, 0x68, 0xfb, 0xf8, 0xc4, 0x70, 0xfb, 0xf8, 0xc8, 0x70, 0xfb,
    0xf8, 0xc8, 0x78, 0xff, 0xf8, 0xc8, 0x80, 0xeb, 0xf8, 0xcc, 0x88, 0x7d,
    0xf0, 0xcc, 0x90, 0x0c, 0xf8, 0xcc, 0x88, 0x00, 0xf8, 0xcc, 0x80, 0x00,
    0xf8, 0xcc, 0x88, 0x00, 0x00, 0x00, 0x00, 0x00, 0x00, 0x00, 0x00, 0x00,
    0x00, 0x00, 0x00, 0x00, 0x00, 0x00, 0x00, 0x00, 0x00, 0x00, 0x00, 0x00,
    0x00, 0x00, 0x00, 0x00, 0x00, 0x00, 0x00, 0x00, 0x00, 0x00, 0x00, 0x00,
    0x00, 0x00, 0x00, 0x00, 0x00, 0x00, 0x00, 0x00, 0x00, 0x00, 0x00, 0x00,
    0x00, 0x00, 0x00, 0x00, 0x00, 0x00, 0x00, 0x00, 0x00, 0x00, 0x00, 0x00,
    0x00, 0x00, 0x00, 0x00, 0x00, 0x00, 0x00, 0x00, 0x00, 0x00, 0x00, 0x00,
    0x00, 0x00, 0x00, 0x00, 0x00, 0x00, 0x00, 0x00, 0x00, 0x00, 0x00, 0x00,
    0x00, 0x00, 0x00, 0x00, 0x00, 0x00, 0x00, 0x00, 0x00, 0x00, 0x00, 0x00,
    0xf0, 0xcc, 0x90, 0x00, 0xe8, 0xcc, 0x98, 0x00, 0xf8, 0xcc, 0x88, 0x00,
    0xf8, 0xd0, 0x88, 0x24, 0xf8, 0xcc, 0x88, 0xaa, 0xf8, 0xc8, 0x80, 0xfb,
    0xf8, 0xc8, 0x78, 0xfb, 0xf8, 0xc4, 0x70, 0xfb, 0xf8, 0xc0, 0x68, 0xfb,
    0xf8, 0xc0, 0x60, 0xf7, 0xf8, 0xc0, 0x60, 0xf3, 0xf8, 0xbc, 0x58, 0xf3,
    0xf8, 0xb8, 0x58, 0xef, 0xf8, 0xb8, 0x50, 0xeb, 0xf8, 0xb8, 0x50, 0xeb,
    0xf8, 0xb8, 0x50, 0xe3, 0xf8, 0xb8, 0x48, 0xe3, 0xf8, 0xb8, 0x48, 0xdf,
    0xf8, 0xb4, 0x48, 0xdb, 0xf8, 0xb4, 0x48, 0xd7, 0xf8, 0xb4, 0x40, 0xd3,
    0xf8, 0xb4, 0x40, 0xcf, 0xf8, 0xb4, 0x40, 0xcb, 0xf8, 0xb4, 0x40, 0xc7,
    0xf8, 0xb4, 0x40, 0xc7, 0xf8, 0xb0, 0x40, 0xc3, 0xf8, 0xb4, 0x40, 0xc3,
    0xf8, 0xb4, 0x40, 0xc3, 0xf8, 0xb0, 0x40, 0xc3, 0xf8, 0xb4, 0x40, 0xc3,
    0xf8, 0xb4, 0x40, 0xc3, 0xf8, 0xb0, 0x40, 0xc3, 0xf8, 0xb4, 0x40, 0xc7,
    0xf8, 0xb0, 0x40, 0xcb, 0xf8, 0xb4, 0x40, 0xcb, 0xf8, 0xb4, 0x40, 0xcf,
    0xf8, 0xb4, 0x40, 0xd3, 0xf8, 0xb4, 0x48, 0xd7, 0xf8, 0xb4, 0x48, 0xdb,
    0xf8, 0xb4, 0x48, 0xdf, 0xf8, 0xb4, 0x48, 0xe3, 0xf8, 0xb8, 0x48, 0xe7,
    0xf8, 0xb8, 0x50, 0xeb, 0xf8, 0xb8, 0x50, 0xeb, 0xf8, 0xb8, 0x50, 0xef,
    0xf8, 0xbc, 0x58, 0xf3, 0xf8, 0xbc, 0x58, 0xf3, 0xf8, 0xbc, 0x60, 0xf7,
    0xf8, 0xc0, 0x60, 0xfb, 0xf8, 0xc0, 0x68, 0xfb, 0xf8, 0xc4, 0x70, 0xfb,
    0xf8, 0xc8, 0x78, 0xff, 0xf8, 0xc8, 0x80, 0xfb, 0xf8, 0xcc, 0x80, 0xaa,
    0xf8, 0xcc, 0x88, 0x24, 0xf8, 0xcc, 0x88, 0x00, 0xe8, 0xc8, 0x90, 0x00,
    0xf0, 0xcc, 0x90, 0x00, 0x00, 0x00, 0x00, 0x00, 0x00, 0x00, 0x00, 0x00,
    0x00, 0x00, 0x00, 0x00, 0x00, 0x00, 0x00, 0x00, 0x00, 0x00, 0x00, 0x00,
    0x00, 0x00, 0x00, 0x00, 0x00, 0x00, 0x00, 0x00, 0x00, 0x00, 0x00, 0x00,
    0x00, 0x00, 0x00, 0x00, 0x00, 0x00, 0x00, 0x00, 0x00, 0x00, 0x00, 0x00,
    0x00, 0x00, 0x00, 0x00, 0x00, 0x00, 0x00, 0x00, 0x00, 0x00, 0x00, 0x00,
    0x00, 0x00, 0x00, 0x00, 0x00, 0x00, 0x00, 0x00, 0x00, 0x00, 0x00, 0x00,
    0x00, 0x00, 0x00, 0x00, 0x00, 0x00, 0x00, 0x00, 0x00, 0x00, 0x00, 0x00,
    0x00, 0x00, 0x00, 0x00, 0xf0, 0xc8, 0x90, 0x00, 0xf0, 0xcc, 0x90, 0x00,
    0xf8, 0xc8, 0x78, 0x00, 0xf8, 0xcc, 0x88, 0x34, 0xf8, 0xcc, 0x80, 0xc3,
    0xf8, 0xc8, 0x78, 0xff, 0xf8, 0xc8, 0x70, 0xfb, 0xf8, 0xc4, 0x70, 0xfb,
    0xf8, 0xc0, 0x68, 0xf7, 0xf8, 0xc0, 0x60, 0xf7, 0xf8, 0xbc, 0x60, 0xf3,
    0xf8, 0xbc, 0x58, 0xf3, 0xf8, 0xb8, 0x50, 0xeb, 0xf8, 0xb8, 0x50, 0xeb,
    0xf8, 0xb8, 0x50, 0xe7, 0xf8, 0xb8, 0x48, 0xdf, 0xf8, 0xb8, 0x48, 0xdf,
    0xf8, 0xb4, 0x48, 0xd7, 0xf8, 0xb4, 0x40, 0xd3, 0xf8, 0xb4, 0x40, 0xcf,
    0xf8, 0xb4, 0x48, 0xc7, 0xf8, 0xb4, 0x40, 0xc7, 0xf8, 0xb0, 0x40, 0xc3,
    0xf8, 0xb0, 0x40, 0xbe, 0xf8, 0xb4, 0x40, 0xba, 0xf8, 0xb0, 0x40, 0xba,
    0xf8, 0xb0, 0x40, 0xb6, 0xf8, 0xb0, 0x40, 0xb6, 0xf8, 0xb0, 0x40, 0xb6,
    0xf8, 0xb0, 0x40, 0xb6, 0xf8, 0xb0, 0x38, 0xb6, 0xf8, 0xb0, 0x38, 0xb6,
    0xf8, 0xb0, 0x40, 0xb6, 0xf8, 0xb0, 0x40, 0xba, 0xf8, 0xb0, 0x40, 0xba,
    0xf8, 0xb4, 0x40, 0xbe, 0xf8, 0xb0, 0x40, 0xc3, 0xf8, 0xb0, 0x40, 0xc7,
    0xf8, 0xb4, 0x40, 0xcb, 0xf8, 0xb4, 0x40, 0xcf, 0xf8, 0xb4, 0x40, 0xd3,
    0xf8, 0xb4, 0x40, 0xd7, 0xf8, 0xb4, 0x48, 0xdb, 0xf8, 0xb4, 0x48, 0xe3,
    0xf8, 0xb4, 0x48, 0xe7, 0xf8, 0xb8, 0x48, 0xeb, 0xf8, 0xb8, 0x50, 0xef,
    0xf8, 0xb8, 0x50, 0xef, 0xf8, 0xbc, 0x58, 0xf3, 0xf8, 0xbc, 0x58, 0xf7,
    0xf8, 0xbc, 0x60, 0xf7, 0xf8, 0xc0, 0x68, 0xfb, 0xf8, 0xc4, 0x68, 0xfb,
    0xf8, 0xc8, 0x70, 0xfb, 0xf8, 0xc8, 0x78, 0xff, 0xf8, 0xcc, 0x80, 0xc7,
    0xf8, 0xcc, 0x88, 0x41, 0xf8, 0xcc, 0x80, 0x00, 0xf0, 0xc8, 0x90, 0x00,
    0xf0, 0xcc, 0x90, 0x00, 0x00, 0x00, 0x00, 0x00, 0x00, 0x00, 0x00, 0x00,
    0x00, 0x00, 0x00, 0x00, 0x00, 0x00, 0x00, 0x00, 0x00, 0x00, 0x00, 0x00,
    0x00, 0x00, 0x00, 0x00, 0x00, 0x00, 0x00, 0x00, 0x00, 0x00, 0x00, 0x00,
    0x00, 0x00, 0x00, 0x00, 0x00, 0x00, 0x00, 0x00, 0x00, 0x00, 0x00, 0x00,
    0x00, 0x00, 0x00, 0x00, 0x00, 0x00, 0x00, 0x00, 0x00, 0x00, 0x00, 0x00,
    0x00, 0x00, 0x00, 0x00, 0x00, 0x00, 0x00, 0x00, 0x00, 0x00, 0x00, 0x00,
    0x00, 0x00, 0x00, 0x00, 0x00, 0x00, 0x00, 0x00, 0xf0, 0xcc, 0x88, 0x00,
    0xf0, 0xcc, 0x90, 0x00, 0xf8, 0xcc, 0x80, 0x00, 0xf8, 0xcc, 0x88, 0x49,
    0xf8, 0xcc, 0x80, 0xdf, 0xf8, 0xcc, 0x78, 0xff, 0xf8, 0xc4, 0x70, 0xfb,
    0xf8, 0xc4, 0x68, 0xfb, 0xf8, 0xc0, 0x60, 0xf7, 0xf8, 0xc0, 0x60, 0xf7,
    0xf8, 0xbc, 0x58, 0xf3, 0xf8, 0xbc, 0x50, 0xef, 0xf8, 0xb8, 0x50, 0xeb,
    0xf8, 0xb8, 0x50, 0xe7, 0xf8, 0xb4, 0x48, 0xe3, 0xf8, 0xb4, 0x48, 0xdf,
    0xf8, 0xb4, 0x48, 0xd7, 0xf8, 0xb4, 0x48, 0xd3, 0xf8, 0xb4, 0x40, 0xcb,
    0xf8, 0xb0, 0x40, 0xc7, 0xf8, 0xb0, 0x40, 0xc3, 0xf8, 0xb0, 0x40, 0xba,
    0xf8, 0xb0, 0x40, 0xb6, 0xf8, 0xb0, 0x40, 0xb2, 0xf8, 0xb0, 0x40, 0xae,
    0xf8, 0xb0, 0x38, 0xaa, 0xf8, 0xb0, 0x38, 0xaa, 0xf8, 0xb0, 0x40, 0xa6,
    0xf8, 0xb0, 0x38, 0xa2, 0xf8, 0xb0, 0x38, 0xa2, 0xf8, 0xb0, 0x38, 0xa2,
    0xf8, 0xb0, 0x38, 0xa2, 0xf8, 0xb0, 0x38, 0xa2, 0xf8, 0xb0, 0x38, 0xa6,
    0xf8, 0xb0, 0x38, 0xaa, 0xf8, 0xb0, 0x38, 0xaa, 0xf8, 0xb0, 0x40, 0xae,
    0xf8, 0xb0, 0x40, 0xb2, 0xf8, 0xb0, 0x40, 0xb6, 0xf8, 0xb0, 0x40, 0xba,
    0xf8, 0xb0, 0x40, 0xc3, 0xf8, 0xb0, 0x40, 0xc7, 0xf8, 0xb4, 0x40, 0xcb,
    0xf8, 0xb0, 0x40, 0xd3, 0xf8, 0xb4, 0x40, 0xd7, 0xf8, 0xb4, 0x48, 0xdf,
    0xf8, 0xb4, 0x48, 0xe3, 0xf8, 0xb8, 0x48, 0xe7, 0xf8, 0xb8, 0x50, 0xeb,
    0xf8, 0xb8, 0x50, 0xef, 0xf8, 0xb8, 0x58, 0xf3, 0xf8, 0xbc, 0x58, 0xf7,
    0xf8, 0xc0, 0x60, 0xf7, 0xf8, 0xc0, 0x60, 0xfb, 0xf8, 0xc4, 0x68, 0xfb,
    0xf8, 0xc8, 0x70, 0xfb, 0xf8, 0xc8, 0x78, 0xff, 0xf8, 0xcc, 0x80, 0xe3,
    0xf8, 0xcc, 0x88, 0x49, 0xf8, 0xcc, 0x80, 0x00, 0xe8, 0xc8, 0x90, 0x00,
    0xf0, 0xc8, 0x88, 0x00, 0x00, 0x00, 0x00, 0x00, 0x00, 0x00, 0x00, 0x00,
    0x00, 0x00, 0x00, 0x00, 0x00, 0x00, 0x00, 0x00, 0x00, 0x00, 0x00, 0x00,
    0x00, 0x00, 0x00, 0x00, 0x00, 0x00, 0x00, 0x00, 0x00, 0x00, 0x00, 0x00,
    0x00, 0x00, 0x00, 0x00, 0x00, 0x00, 0x00, 0x00, 0x00, 0x00, 0x00, 0x00,
    0x00, 0x00, 0x00, 0x00, 0x00, 0x00, 0x00, 0x00, 0x00, 0x00, 0x00, 0x00,
    0x00, 0x00, 0x00, 0x00, 0x00, 0x00, 0x00, 0x00, 0x00, 0x00, 0x00, 0x00,
    0xf0, 0xc8, 0x90, 0x00, 0xf0, 0xcc, 0x90, 0x00, 0xf8, 0xcc, 0x88, 0x00,
    0xf8, 0xcc, 0x90, 0x49, 0xf8, 0xcc, 0x80, 0xdf, 0xf8, 0xc8, 0x78, 0xff,
    0xf8, 0xc8, 0x70, 0xfb, 0xf8, 0xc0, 0x68, 0xfb, 0xf8, 0xc0, 0x68, 0xf7,
    0xf8, 0xbc, 0x60, 0xf3, 0xf8, 0xb8, 0x58, 0xf3, 0xf8, 0xb8, 0x50, 0xef,
    0xf8, 0xb8, 0x50, 0xeb, 0xf8, 0xb4, 0x48, 0xe3, 0xf8, 0xb4, 0x48, 0xdf,
    0xf8, 0xb4, 0x48, 0xd7, 0xf8, 0xb4, 0x48, 0xd3, 0xf8, 0xb0, 0x40, 0xcf,
    0xf8, 0xb0, 0x40, 0xc7, 0xf8, 0xb4, 0x40, 0xbe, 0xf8, 0xb0, 0x40, 0xba,
    0xf8, 0xb0, 0x40, 0xb2, 0xf8, 0xb0, 0x40, 0xaa, 0xf8, 0xb0, 0x38, 0xa6,
    0xf8, 0xb0, 0x38, 0xa2, 0xf8, 0xb0, 0x38, 0x9e, 0xf8, 0xb0, 0x38, 0x9a,
    0xf8, 0xb0, 0x38, 0x96, 0xf8, 0xb0, 0x38, 0x92, 0xf8, 0xb0, 0x38, 0x92,
    0xf8, 0xb0, 0x38, 0x8e, 0xf8, 0xb0, 0x38, 0x92, 0xf8, 0xb0, 0x40, 0x8e,
    0xf8, 0xb0, 0x38, 0x92, 0xf8, 0xb0, 0x38, 0x92, 0xf8, 0xb0, 0x38, 0x96,
    0xf8, 0xb0, 0x38, 0x9a, 0xf8, 0xb0, 0x38, 0x9e, 0xf8, 0xb0, 0x38, 0xa2,
    0xf8, 0xb0, 0x38, 0xa6, 0xf8, 0xb0, 0x38, 0xae, 0xf8, 0xb0, 0x38, 0xb2,
    0xf8, 0xb0, 0x40, 0xba, 0xf8, 0xb0, 0x40, 0xc3, 0xf8, 0xb0, 0x40, 0xc7,
    0xf8, 0xb0, 0x40, 0xcb, 0xf8, 0xb4, 0x40, 0xd3, 0xf8, 0xb4, 0x40, 0xdb,
    0xf8, 0xb4, 0x48, 0xdf, 0xf8, 0xb4, 0x48, 0xe7, 0xf8, 0xb8, 0x48, 0xeb,
    0xf8, 0xb8, 0x50, 0xef, 0xf8, 0xb8, 0x50, 0xf3, 0xf8, 0xbc, 0x58, 0xf3,
    0xf8, 0xbc, 0x58, 0xf7, 0xf8, 0xc0, 0x60, 0xfb, 0xf8, 0xc0, 0x68, 0xfb,
    0xf8, 0xc8, 0x70, 0xfb, 0xf8, 0xc8, 0x78, 0xff, 0xf8, 0xcc, 0x80, 0xe3,
    0xf0, 0xcc, 0x88, 0x49, 0xf8, 0xcc, 0x80, 0x00, 0xf0, 0xc8, 0x90, 0x00,
    0xf0, 0xcc, 0x90, 0x00, 0x00, 0x00, 0x00, 0x00, 0x00, 0x00, 0x00, 0x00,
    0x00, 0x00, 0x00, 0x00, 0x00, 0x00, 0x00, 0x00, 0x00, 0x00, 0x00, 0x00,
    0x00, 0x00, 0x00, 0x00, 0x00, 0x00, 0x00, 0x00, 0x00, 0x00, 0x00, 0x00,
    0x00, 0x00, 0x00, 0x00, 0x00, 0x00, 0x00, 0x00, 0x00, 0x00, 0x00, 0x00,
    0x00, 0x00, 0x00, 0x00, 0x00, 0x00, 0x00, 0x00, 0x00, 0x00, 0x00, 0x00,
    0x00, 0x00, 0x00, 0x00, 0xf8, 0xcc, 0x88, 0x00, 0xe8, 0xc8, 0x98, 0x00,
    0xf8, 0xd0, 0x78, 0x00, 0xf8, 0xcc, 0x88, 0x49, 0xf8, 0xcc, 0x80, 0xdf,
    0xf8, 0xc8, 0x78, 0xff, 0xf8, 0xc4, 0x70, 0xfb, 0xf8, 0xc0, 0x68, 0xfb,
    0xf8, 0xc0, 0x60, 0xf7, 0xf8, 0xbc, 0x58, 0xf3, 0xf8, 0xbc, 0x58, 0xf3,
    0xf8, 0xb8, 0x50, 0xeb, 0xf8, 0xb8, 0x50, 0xe7, 0xf8, 0xb8, 0x48, 0xe3,
    0xf8, 0xb4, 0x48, 0xdf, 0xf8, 0xb4, 0x48, 0xd7, 0xf8, 0xb4, 0x40, 0xcf,
    0xf8, 0xb4, 0x40, 0xc7, 0xf8, 0xb0, 0x40, 0xbe, 0xf8, 0xb4, 0x40, 0xba,
    0xf8, 0xb0, 0x38, 0xb2, 0xf8, 0xb0, 0x38, 0xaa, 0xf8, 0xb0, 0x38, 0xa2,
    0xf8, 0xb0, 0x38, 0x9a, 0xf8, 0xb0, 0x38, 0x96, 0xf8, 0xb0, 0x38, 0x8e,
    0xf8, 0xb0, 0x38, 0x8a, 0xf8, 0xb0, 0x38, 0x86, 0xf8, 0xb0, 0x38, 0x82,
    0xf8, 0xb0, 0x38, 0x82, 0xf8, 0xb0, 0x38, 0x7d, 0xf8, 0xb0, 0x38, 0x7d,
    0xf8, 0xb0, 0x38, 0x7d, 0xf8, 0xb0, 0x38, 0x7d, 0xf8, 0xb0, 0x38, 0x7d,
    0xf8, 0xb0, 0x38, 0x82, 0xf8, 0xb0, 0x38, 0x82, 0xf8, 0xb0, 0x38, 0x86,
    0xf8, 0xb0, 0x38, 0x8a, 0xf8, 0xb0, 0x38, 0x92, 0xf8, 0xb0, 0x38, 0x96,
    0xf8, 0xb0, 0x38, 0x9e, 0xf8, 0xb0, 0x38, 0xa2, 0xf8, 0xb0, 0x38, 0xaa,
    0xf8, 0xb0, 0x40, 0xb2, 0xf8, 0xb0, 0x40, 0xba, 0xf8, 0xb0, 0x40, 0xc3,
    0xf8, 0xb0, 0x40, 0xc7, 0xf8, 0xb4, 0x40, 0xcf, 0xf8, 0xb0, 0x40, 0xd7,
    0xf8, 0xb4, 0x48, 0xdf, 0xf8, 0xb4, 0x48, 0xe3, 0xf8, 0xb8, 0x48, 0xe7,
    0xf8, 0xb8, 0x50, 0xef, 0xf8, 0xb8, 0x50, 0xf3, 0xf8, 0xbc, 0x58, 0xf7,
    0xf8, 0xbc, 0x58, 0xf7, 0xf8, 0xc0, 0x60, 0xfb, 0xf8, 0xc0, 0x68, 0xfb,
    0xf8, 0xc4, 0x70, 0xfb, 0xf8, 0xc8, 0x78, 0xff, 0xf8, 0xc8, 0x80, 0xdf,
    0xf8, 0xcc, 0x88, 0x49, 0xf8, 0xcc, 0x78, 0x00, 0xe8, 0xc8, 0x98, 0x00,
    0xf8, 0xc8, 0x88, 0x00, 0x00, 0x00, 0x00, 0x00, 0x00, 0x00, 0x00, 0x00,
    0x00, 0x00, 0x00, 0x00, 0x00, 0x00, 0x00, 0x00, 0x00, 0x00, 0x00, 0x00,
    0x00, 0x00, 0x00, 0x00, 0x00, 0x00, 0x00, 0x00, 0x00, 0x00, 0x00, 0x00,
    0x00, 0x00, 0x00, 0x00, 0x00, 0x00, 0x00, 0x00, 0x00, 0x00, 0x00, 0x00,
    0x00, 0x00, 0x00, 0x00, 0x00, 0x00, 0x00, 0x00, 0x00, 0x00, 0x00, 0x00,
    0xf8, 0xcc, 0x80, 0x00, 0xf8, 0xcc, 0x88, 0x00, 0xf8, 0xcc, 0x88, 0x28,
    0xf8, 0xcc, 0x88, 0xd7, 0xf8, 0xc8, 0x78, 0xff, 0xf8, 0xc4, 0x70, 0xfb,
    0xf8, 0xc0, 0x68, 0xfb, 0xf8, 0xc0, 0x60, 0xf7, 0xf8, 0xbc, 0x60, 0xf3,
    0xf8, 0xb8, 0x58, 0xf3, 0xf8, 0xb8, 0x50, 0xef, 0xf8, 0xb8, 0x48, 0xe7,
    0xf8, 0xb8, 0x48, 0xe3, 0xf8, 0xb4, 0x48, 0xdb, 0xf8, 0xb4, 0x40, 0xd3,
    0xf8, 0xb0, 0x40, 0xcb, 0xf8, 0xb4, 0x40, 0xc3, 0xf8, 0xb0, 0x40, 0xba,
    0xf8, 0xb0, 0x38, 0xb2, 0xf8, 0xb0, 0x38, 0xaa, 0xf8, 0xb0, 0x40, 0xa2,
    0xf8, 0xb0, 0x38, 0x9a, 0xf8, 0xb0, 0x38, 0x92, 0xf8, 0xb0, 0x38, 0x8a,
    0xf8, 0xb0, 0x38, 0x82, 0xf8, 0xb0, 0x38, 0x7d, 0xf8, 0xb0, 0x38, 0x79,
    0xf8, 0xb0, 0x38, 0x71, 0xf8, 0xb0, 0x38, 0x6d, 0xf8, 0xac, 0x38, 0x6d,
    0xf8, 0xb0, 0x38, 0x6d, 0xf8, 0xb0, 0x38, 0x69, 0xf8, 0xb0, 0x38, 0x69,
    0xf8, 0xb0, 0x38, 0x69, 0xf8, 0xb0, 0x38, 0x6d, 0xf8, 0xb0, 0x38, 0x6d,
    0xf8, 0xb0, 0x38, 0x71, 0xf8, 0xb0, 0x38, 0x71, 0xf8, 0xb0, 0x38, 0x79,
    0xf8, 0xb0, 0x38, 0x7d, 0xf8, 0xb0, 0x38, 0x82, 0xf8, 0xb0, 0x38, 0x8a,
    0xf8, 0xb0, 0x38, 0x92, 0xf8, 0xb0, 0x38, 0x9a, 0xf8, 0xb0, 0x38, 0xa2,
    0xf8, 0xb0, 0x38, 0xaa, 0xf8, 0xb4, 0x38, 0xb2, 0xf8, 0xb0, 0x38, 0xbe,
    0xf8, 0xb0, 0x40, 0xc3, 0xf8, 0xb0, 0x40, 0xcb, 0xf8, 0xb4, 0x40, 0xd3,
    0xf8, 0xb4, 0x40, 0xdb, 0xf8, 0xb4, 0x48, 0xe3, 0xf8, 0xb4, 0x48, 0xe7,
    0xf8, 0xb8, 0x48, 0xeb, 0xf8, 0xb8, 0x50, 0xf3, 0xf8, 0xb8, 0x58, 0xf3,
    0xf8, 0xbc, 0x58, 0xf7, 0xf8, 0xc0, 0x60, 0xfb, 0xf8, 0xc0, 0x68, 0xfb,
    0xf8, 0xc4, 0x70, 0xff, 0xf8, 0xc8, 0x78, 0xff, 0xf8, 0xcc, 0x88, 0xdf,
    0xf8, 0xcc, 0x88, 0x34, 0xf8, 0xcc, 0x88, 0x00, 0xf8, 0xcc, 0x80, 0x00,
    0x00, 0x00, 0x00, 0x00, 0x00, 0x00, 0x00, 0x00, 0x00, 0x00, 0x00, 0x00,
    0x00, 0x00, 0x00, 0x00, 0x00, 0x00, 0x00, 0x00, 0x00, 0x00, 0x00, 0x00,
    0x00, 0x00, 0x00, 0x00, 0x00, 0x00, 0x00, 0x00, 0x00, 0x00, 0x00, 0x00,
    0x00, 0x00, 0x00, 0x00, 0x00, 0x00, 0x00, 0x00, 0x00, 0x00, 0x00, 0x00,
    0x00, 0x00, 0x00, 0x00, 0xf0, 0xc8, 0x90, 0x00, 0xf8, 0xc8, 0x88, 0x00,
    0xf8, 0xcc, 0x88, 0x20, 0xf8, 0xcc, 0x80, 0xbe, 0xf8, 0xc8, 0x78, 0xff,
    0xf8, 0xc4, 0x70, 0xfb, 0xf8, 0xc4, 0x68, 0xfb, 0xf8, 0xc0, 0x68, 0xf7,
    0xf8, 0xbc, 0x58, 0xf3, 0xf8, 0xb8, 0x58, 0xf3, 0xf8, 0xb8, 0x50, 0xeb,
    0xf8, 0xb8, 0x48, 0xe7, 0xf8, 0xb4, 0x48, 0xdf, 0xf8, 0xb4, 0x48, 0xdb,
    0xf8, 0xb4, 0x40, 0xd3, 0xf8, 0xb0, 0x40, 0xcb, 0xf8, 0xb0, 0x40, 0xbe,
    0xf8, 0xb0, 0x40, 0xb6, 0xf8, 0xb0, 0x40, 0xae, 0xf8, 0xb0, 0x38, 0xa2,
    0xf8, 0xb0, 0x38, 0x9a, 0xf8, 0xb0, 0x38, 0x8e, 0xf8, 0xb0, 0x38, 0x86,
    0xf8, 0xb0, 0x38, 0x7d, 0xf8, 0xb0, 0x38, 0x79, 0xf8, 0xb0, 0x38, 0x71,
    0xf8, 0xb0, 0x38, 0x69, 0xf8, 0xac, 0x38, 0x65, 0xf8, 0xac, 0x38, 0x61,
    0xf8, 0xb0, 0x38, 0x5d, 0xf8, 0xac, 0x38, 0x59, 0xf8, 0xac, 0x38, 0x59,
    0xf8, 0xac, 0x38, 0x55, 0xf8, 0xac, 0x38, 0x55, 0xf8, 0xac, 0x38, 0x59,
    0xf8, 0xac, 0x38, 0x59, 0xf8, 0xac, 0x38, 0x59, 0xf8, 0xac, 0x38, 0x5d,
    0xf8, 0xac, 0x38, 0x61, 0xf8, 0xac, 0x38, 0x65, 0xf8, 0xb0, 0x38, 0x6d,
    0xf8, 0xac, 0x38, 0x71, 0xf8, 0xac, 0x38, 0x79, 0xf8, 0xb0, 0x38, 0x82,
    0xf8, 0xb0, 0x38, 0x86, 0xf8, 0xb0, 0x38, 0x92, 0xf8, 0xb0, 0x38, 0x9a,
    0xf8, 0xb0, 0x38, 0xa2, 0xf8, 0xb0, 0x38, 0xae, 0xf8, 0xb0, 0x38, 0xb6,
    0xf8, 0xb0, 0x40, 0xc3, 0xf8, 0xb0, 0x40, 0xcb, 0xf8, 0xb4, 0x40, 0xd3,
    0xf8, 0xb4, 0x40, 0xdb, 0xf8, 0xb4, 0x40, 0xdf, 0xf8, 0xb4, 0x48, 0xe7,
    0xf8, 0xb8, 0x50, 0xef, 0xf8, 0xb8, 0x50, 0xef, 0xf8, 0xbc, 0x58, 0xf7,
    0xf8, 0xbc, 0x58, 0xf7, 0xf8, 0xc0, 0x60, 0xfb, 0xf8, 0xc0, 0x68, 0xfb,
    0xf8, 0xc4, 0x70, 0xff, 0xf8, 0xc8, 0x78, 0xff, 0xf8, 0xcc, 0x80, 0xbe,
    0xf8, 0xc8, 0x88, 0x20, 0xf8, 0xcc, 0x88, 0x00, 0xf0, 0xc8, 0x90, 0x00,
    0x00, 0x00, 0x00, 0x00, 0x00, 0x00, 0x00, 0x00, 0x00, 0x00, 0x00, 0x00,
    0x00, 0x00, 0x00, 0x00, 0x00, 0x00, 0x00, 0x00, 0x00, 0x00, 0x00, 0x00,
    0x00, 0x00, 0x00, 0x00, 0x00, 0x00, 0x00, 0x00, 0x00, 0x00, 0x00, 0x00,
    0x00, 0x00, 0x00, 0x00, 0x00, 0x00, 0x00, 0x00, 0xf8, 0xcc, 0x80, 0x00,
    0xf8, 0xc8, 0x88, 0x00, 0xf0, 0xc8, 0x98, 0x08, 0xf8, 0xcc, 0x88, 0x9a,
    0xf8, 0xc8, 0x78, 0xff, 0xf8, 0xc8, 0x70, 0xfb, 0xf8, 0xc4, 0x68, 0xfb,
    0xf8, 0xc0, 0x60, 0xf7, 0xf8, 0xbc, 0x60, 0xf7, 0xf8, 0xbc, 0x50, 0xf3,
    0xf8, 0xb8, 0x50, 0xeb, 0xf8, 0xb8, 0x48, 0xe7, 0xf8, 0xb4, 0x48, 0xe3,
    0xf8, 0xb4, 0x40, 0xd7, 0xf8, 0xb4, 0x40, 0xcf, 0xf8, 0xb0, 0x40, 0xc7,
    0xf8, 0xb0, 0x40, 0xbe, 0xf8, 0xb4, 0x38, 0xb6, 0xf8, 0xb0, 0x38, 0xaa,
    0xf8, 0xb0, 0x38, 0x9e, 0xf8, 0xb0, 0x38, 0x96, 0xf8, 0xb0, 0x38, 0x8a,
    0xf8, 0xb0, 0x38, 0x82, 0xf8, 0xb0, 0x38, 0x75, 0xf8, 0xb0, 0x38, 0x6d,
    0xf8, 0xac, 0x38, 0x65, 0xf8, 0xac, 0x38, 0x61, 0xf8, 0xb0, 0x38, 0x59,
    0xf8, 0xac, 0x38, 0x55, 0xf8, 0xb0, 0x38, 0x51, 0xf8, 0xb0, 0x38, 0x4d,
    0xf8, 0xb0, 0x38, 0x49, 0xf8, 0xac, 0x38, 0x45, 0xf8, 0xb0, 0x38, 0x45,
    0xf8, 0xb0, 0x30, 0x45, 0xf8, 0xb0, 0x38, 0x45, 0xf8, 0xb0, 0x38, 0x49,
    0xf8, 0xb0, 0x30, 0x49, 0xf8, 0xac, 0x38, 0x4d, 0xf8, 0xb0, 0x38, 0x51,
    0xf8, 0xb0, 0x30, 0x55, 0xf8, 0xac, 0x38, 0x59, 0xf8, 0xb0, 0x38, 0x61,
    0xf8, 0xac, 0x38, 0x65, 0xf8, 0xb0, 0x38, 0x6d, 0xf8, 0xac, 0x38, 0x75,
    0xf8, 0xac, 0x38, 0x82, 0xf8, 0xb0, 0x38, 0x8a, 0xf8, 0xb0, 0x38, 0x92,
    0xf8, 0xb0, 0x38, 0x9e, 0xf8, 0xb0, 0x38, 0xaa, 0xf8, 0xb0, 0x40, 0xb6,
    0xf8, 0xb0, 0x38, 0xbe, 0xf8, 0xb0, 0x40, 0xc7, 0xf8, 0xb4, 0x40, 0xd3,
    0xf8, 0xb0, 0x40, 0xdb, 0xf8, 0xb4, 0x48, 0xdf, 0xf8, 0xb4, 0x48, 0xe7,
    0xf8, 0xb8, 0x48, 0xef, 0xf8, 0xb8, 0x50, 0xf3, 0xf8, 0xb8, 0x58, 0xf3,
    0xf8, 0xbc, 0x58, 0xf7, 0xf8, 0xc0, 0x60, 0xfb, 0xf8, 0xc4, 0x68, 0xfb,
    0xf8, 0xc8, 0x70, 0xfb, 0xf8, 0xc8, 0x80, 0xff, 0xf8, 0xc8, 0x88, 0x9a,
    0xf0, 0xc8, 0x90, 0x08, 0xf8, 0xcc, 0x88, 0x00, 0xf8, 0xc8, 0x88, 0x00,
    0x00, 0x00, 0x00, 0x00, 0x00, 0x00, 0x00, 0x00, 0x00, 0x00, 0x00, 0x00,
    0x00, 0x00, 0x00, 0x00, 0x00, 0x00, 0x00, 0x00, 0x00, 0x00, 0x00, 0x00,
    0x00, 0x00, 0x00, 0x00, 0x00, 0x00, 0x00, 0x00, 0x00, 0x00, 0x00, 0x00,
    0xf8, 0xcc, 0x88, 0x00, 0xf8, 0xcc, 0x80, 0x00, 0xf8, 0xc8, 0x88, 0x00,
    0xf8, 0xc8, 0x88, 0x69, 0xf8, 0xc8, 0x80, 0xf7, 0xf8, 0xc8, 0x70, 0xff,
    0xf8, 0xc4, 0x68, 0xfb, 0xf8, 0xc0, 0x60, 0xf7, 0xf8, 0xbc, 0x58, 0xf7,
    0xf8, 0xb8, 0x58, 0xf3, 0xf8, 0xb8, 0x50, 0xef, 0xf8, 0xb8, 0x48, 0xe7,
    0xf8, 0xb4, 0x48, 0xe3, 0xf8, 0xb4, 0x48, 0xdb, 0xf8, 0xb4, 0x40, 0xd3,
    0xf8, 0xb0, 0x40, 0xc7, 0xf8, 0xb0, 0x40, 0xbe, 0xf8, 0xb0, 0x40, 0xb2,
    0xf8, 0xb0, 0x38, 0xa6, 0xf8, 0xb0, 0x38, 0x9a, 0xf8, 0xb0, 0x38, 0x8e,
    0xf8, 0xb0, 0x38, 0x82, 0xf8, 0xb0, 0x38, 0x79, 0xf8, 0xb0, 0x38, 0x71,
    0xf8, 0xac, 0x38, 0x65, 0xf8, 0xb0, 0x38, 0x5d, 0xf8, 0xac, 0x38, 0x55,
    0xf8, 0xac, 0x38, 0x4d, 0xf8, 0xb0, 0x38, 0x49, 0xf8, 0xb0, 0x30, 0x45,
    0xf8, 0xac, 0x38, 0x41, 0xf8, 0xb0, 0x38, 0x3c, 0xf8, 0xac, 0x30, 0x38,
    0xf8, 0xb0, 0x38, 0x38, 0xf8, 0xb0, 0x30, 0x38, 0xf8, 0xac, 0x30, 0x38,
    0xf8, 0xac, 0x38, 0x38, 0xf8, 0xb0, 0x38, 0x38, 0xf8, 0xac, 0x30, 0x38,
    0xf8, 0xb0, 0x38, 0x3c, 0xf8, 0xb0, 0x38, 0x41, 0xf8, 0xb0, 0x30, 0x45,
    0xf8, 0xb0, 0x38, 0x49, 0xf8, 0xac, 0x38, 0x4d, 0xf8, 0xb0, 0x38, 0x55,
    0xf8, 0xb0, 0x38, 0x5d, 0xf8, 0xac, 0x38, 0x65, 0xf8, 0xb0, 0x38, 0x6d,
    0xf8, 0xac, 0x38, 0x79, 0xf8, 0xb0, 0x38, 0x86, 0xf8, 0xb0, 0x38, 0x92,
    0xf8, 0xb0, 0x38, 0x9a, 0xf8, 0xb0, 0x38, 0xa6, 0xf8, 0xb0, 0x38, 0xb2,
    0xf8, 0xb0, 0x40, 0xbe, 0xf8, 0xb0, 0x40, 0xc7, 0xf8, 0xb0, 0x40, 0xd3,
    0xf8, 0xb4, 0x40, 0xdb, 0xf8, 0xb4, 0x40, 0xe3, 0xf8, 0xb4, 0x48, 0xe7,
    0xf8, 0xb8, 0x48, 0xef, 0xf8, 0xb8, 0x50, 0xf3, 0xf8, 0xb8, 0x58, 0xf7,
    0xf8, 0xbc, 0x58, 0xfb, 0xf8, 0xc0, 0x60, 0xfb, 0xf8, 0xc4, 0x68, 0xfb,
    0xf8, 0xc8, 0x70, 0xff, 0xf8, 0xc8, 0x80, 0xfb, 0xf8, 0xcc, 0x88, 0x69,
    0xf8, 0xc8, 0x68, 0x00, 0xf8, 0xc8, 0x90, 0x00, 0xf0, 0xc8, 0x90, 0x00,
    0x00, 0x00, 0x00, 0x00, 0x00, 0x00, 0x00, 0x00, 0x00, 0x00, 0x00, 0x00,
    0x00, 0x00, 0x00, 0x00, 0x00, 0x00, 0x00, 0x00, 0x00, 0x00, 0x00, 0x00,
    0x00, 0x00, 0x00, 0x00, 0x00, 0x00, 0x00, 0x00, 0xf8, 0xcc, 0x88, 0x00,
    0xf8, 0xcc, 0x88, 0x00, 0xf8, 0xcc, 0x88, 0x2c, 0xf8, 0xc8, 0x80, 0xdf,
    0xf8, 0xc8, 0x78, 0xff, 0xf8, 0xc4, 0x70, 0xfb, 0xf8, 0xc0, 0x68, 0xfb,
    0xf8, 0xbc, 0x60, 0xf7, 0xf8, 0xbc, 0x58, 0xf3, 0xf8, 0xb8, 0x50, 0xef,
    0xf8, 0xb4, 0x50, 0xe7, 0xf8, 0xb4, 0x48, 0xe3, 0xf8, 0xb4, 0x48, 0xdb,
    0xf8, 0xb4, 0x40, 0xd3, 0xf8, 0xb4, 0x40, 0xc7, 0xf8, 0xb0, 0x40, 0xbe,
    0xf8, 0xb0, 0x38, 0xb2, 0xf8, 0xb0, 0x38, 0xa6, 0xf8, 0xb0, 0x38, 0x96,
    0xf8, 0xb0, 0x38, 0x8e, 0xf8, 0xb0, 0x38, 0x82, 0xf8, 0xac, 0x38, 0x75,
    0xf8, 0xb0, 0x38, 0x69, 0xf8, 0xac, 0x38, 0x5d, 0xf8, 0xac, 0x38, 0x55,
    0xf8, 0xb0, 0x38, 0x4d, 0xf8, 0xb0, 0x38, 0x45, 0xf8, 0xac, 0x30, 0x41,
    0xf8, 0xb0, 0x38, 0x38, 0xf8, 0xac, 0x38, 0x34, 0xf8, 0xac, 0x30, 0x30,
    0xf8, 0xb0, 0x30, 0x30, 0xf8, 0xac, 0x38, 0x2c, 0xf8, 0xac, 0x38, 0x2c,
    0xf8, 0xac, 0x38, 0x2c, 0xf8, 0xac, 0x30, 0x28, 0xf8, 0xac, 0x38, 0x2c,
    0xf8, 0xb0, 0x38, 0x2c, 0xf8, 0xac, 0x30, 0x2c, 0xf8, 0xac, 0x38, 0x30,
    0xf8, 0xac, 0x38, 0x30, 0xf8, 0xac, 0x30, 0x34, 0xf8, 0xac, 0x30, 0x38,
    0xf8, 0xb0, 0x38, 0x41, 0xf8, 0xb0, 0x30, 0x45, 0xf8, 0xb0, 0x30, 0x4d,
    0xf8, 0xb0, 0x38, 0x55, 0xf8, 0xac, 0x38, 0x61, 0xf8, 0xb0, 0x38, 0x69,
    0xf8, 0xac, 0x38, 0x75, 0xf8, 0xac, 0x38, 0x82, 0xf8, 0xb0, 0x38, 0x8a,
    0xf8, 0xb0, 0x38, 0x9a, 0xf8, 0xb0, 0x38, 0xa6, 0xf8, 0xb0, 0x38, 0xb2,
    0xf8, 0xb0, 0x38, 0xbe, 0xf8, 0xb0, 0x40, 0xc7, 0xf8, 0xb0, 0x40, 0xd3,
    0xf8, 0xb4, 0x40, 0xdb, 0xf8, 0xb4, 0x40, 0xe3, 0xf8, 0xb4, 0x48, 0xe7,
    0xf8, 0xb8, 0x48, 0xef, 0xf8, 0xb8, 0x50, 0xf3, 0xf8, 0xbc, 0x58, 0xf7,
    0xf8, 0xbc, 0x58, 0xfb, 0xf8, 0xc0, 0x68, 0xfb, 0xf8, 0xc4, 0x70, 0xff,
    0xf8, 0xc4, 0x78, 0xff, 0xf8, 0xcc, 0x80, 0xe7, 0xf8, 0xc8, 0x88, 0x3c,
    0xf8, 0xcc, 0x88, 0x00, 0xf8, 0xcc, 0x80, 0x00, 0x00, 0x00, 0x00, 0x00,
    0x00, 0x00, 0x00, 0x00, 0x00, 0x00, 0x00, 0x00, 0x00, 0x00, 0x00, 0x00,
    0x00, 0x00, 0x00, 0x00, 0x00, 0x00, 0x00, 0x00, 0x00, 0x00, 0x00, 0x00,
    0xf0, 0xc8, 0x90, 0x00, 0xf8, 0xcc, 0x88, 0x00, 0xf8, 0xcc, 0x88, 0x08,
    0xf8, 0xcc, 0x80, 0xaa, 0xf8, 0xc8, 0x78, 0xff, 0xf8, 0xc4, 0x70, 0xfb,
    0xf8, 0xc4, 0x68, 0xfb, 0xf8, 0xc0, 0x60, 0xf7, 0xf8, 0xbc, 0x58, 0xf7,
    0xf8, 0xb8, 0x50, 0xef, 0xf8, 0xb8, 0x48, 0xeb, 0xf8, 0xb4, 0x48, 0xe3,
    0xf8, 0xb4, 0x40, 0xdb, 0xf8, 0xb4, 0x40, 0xd3, 0xf8, 0xb0, 0x40, 0xc7,
    0xf8, 0xb4, 0x40, 0xbe, 0xf8, 0xb0, 0x38, 0xb2, 0xf8, 0xb0, 0x38, 0xa2,
    0xf8, 0xb0, 0x38, 0x96, 0xf8, 0xb0, 0x38, 0x8a, 0xf8, 0xb0, 0x38, 0x7d,
    0xf8, 0xb0, 0x38, 0x71, 0xf8, 0xac, 0x38, 0x65, 0xf8, 0xb0, 0x38, 0x59,
    0xf8, 0xb0, 0x38, 0x51, 0xf8, 0xac, 0x38, 0x49, 0xf8, 0xac, 0x30, 0x41,
    0xf8, 0xb0, 0x38, 0x38, 0xf8, 0xb0, 0x30, 0x30, 0xf8, 0xac, 0x38, 0x2c,
    0xf8, 0xac, 0x38, 0x28, 0xf8, 0xb0, 0x30, 0x24, 0xf8, 0xb0, 0x30, 0x24,
    0xf8, 0xac, 0x38, 0x20, 0xf8, 0xb0, 0x30, 0x20, 0xf8, 0xac, 0x30, 0x20,
    0xf8, 0xac, 0x38, 0x20, 0xf8, 0xac, 0x30, 0x20, 0xf8, 0xb0, 0x30, 0x20,
    0xf8, 0xb0, 0x30, 0x20, 0xf8, 0xac, 0x30, 0x24, 0xf8, 0xb0, 0x38, 0x28,
    0xf8, 0xb0, 0x38, 0x28, 0xf8, 0xac, 0x38, 0x2c, 0xf8, 0xac, 0x38, 0x34,
    0xf8, 0xac, 0x30, 0x38, 0xf8, 0xb0, 0x38, 0x41, 0xf8, 0xb0, 0x30, 0x49,
    0xf8, 0xb0, 0x30, 0x51, 0xf8, 0xb0, 0x38, 0x59, 0xf8, 0xac, 0x38, 0x65,
    0xf8, 0xac, 0x38, 0x71, 0xf8, 0xb0, 0x38, 0x7d, 0xf8, 0xb0, 0x38, 0x8a,
    0xf8, 0xb0, 0x38, 0x96, 0xf8, 0xb0, 0x38, 0xa6, 0xf8, 0xb0, 0x38, 0xb2,
    0xf8, 0xb0, 0x38, 0xbe, 0xf8, 0xb0, 0x40, 0xc7, 0xf8, 0xb4, 0x40, 0xd3,
    0xf8, 0xb0, 0x40, 0xdb, 0xf8, 0xb4, 0x40, 0xe3, 0xf8, 0xb4, 0x48, 0xeb,
    0xf8, 0xb8, 0x50, 0xef, 0xf8, 0xb8, 0x50, 0xf3, 0xf8, 0xbc, 0x58, 0xf7,
    0xf8, 0xbc, 0x60, 0xfb, 0xf8, 0xc0, 0x68, 0xfb, 0xf8, 0xc4, 0x70, 0xff,
    0xf8, 0xc8, 0x78, 0xff, 0xf8, 0xcc, 0x80, 0xb6, 0xf8, 0xcc, 0x88, 0x0c,
    0xf8, 0xcc, 0x80, 0x00, 0xf0, 0xc8, 0x90, 0x00, 0x00, 0x00, 0x00, 0x00,
    0x00, 0x00, 0x00, 0x00, 0x00, 0x00, 0x00, 0x00, 0x00, 0x00, 0x00, 0x00,
    0x00, 0x00, 0x00, 0x00, 0x00, 0x00, 0x00, 0x00, 0xd0, 0xc0, 0xb8, 0x00,
    0xf8, 0xcc, 0x78, 0x00, 0xf8, 0xcc, 0x88, 0x69, 0xf8, 0xc8, 0x78, 0xfb,
    0xf8, 0xc4, 0x70, 0xfb, 0xf8, 0xc4, 0x68, 0xfb, 0xf8, 0xc0, 0x60, 0xfb,
    0xf8, 0xbc, 0x58, 0xf7, 0xf8, 0xb8, 0x50, 0xf3, 0xf8, 0xb8, 0x48, 0xeb,
    0xf8, 0xb4, 0x48, 0xe7, 0xf8, 0xb4, 0x48, 0xdf, 0xf8, 0xb4, 0x40, 0xd7,
    0xf8, 0xb0, 0x40, 0xcb, 0xf8, 0xb0, 0x40, 0xbe, 0xf8, 0xb0, 0x38, 0xb2,
    0xf8, 0xb0, 0x38, 0xa6, 0xf8, 0xb0, 0x38, 0x96, 0xf8, 0xb0, 0x38, 0x8a,
    0xf8, 0xb0, 0x38, 0x7d, 0xf8, 0xac, 0x38, 0x6d, 0xf8, 0xac, 0x38, 0x61,
    0xf8, 0xb0, 0x38, 0x55, 0xf8, 0xac, 0x38, 0x49, 0xf8, 0xb0, 0x30, 0x41,
    0xf8, 0xb0, 0x38, 0x38, 0xf8, 0xb0, 0x38, 0x30, 0xf8, 0xac, 0x30, 0x2c,
    0xf8, 0xb0, 0x30, 0x28, 0xf8, 0xac, 0x30, 0x20, 0xf8, 0xac, 0x38, 0x20,
    0xf8, 0xac, 0x38, 0x1c, 0xf8, 0xac, 0x30, 0x18, 0xf8, 0xac, 0x38, 0x18,
    0xf8, 0xb0, 0x30, 0x14, 0xf8, 0xb0, 0x38, 0x14, 0xf8, 0xac, 0x38, 0x14,
    0xf8, 0xac, 0x38, 0x14, 0xf8, 0xac, 0x38, 0x14, 0xf8, 0xac, 0x38, 0x18,
    0xf8, 0xac, 0x30, 0x18, 0xf8, 0xac, 0x30, 0x1c, 0xf8, 0xac, 0x30, 0x20,
    0xf8, 0xb0, 0x38, 0x20, 0xf8, 0xac, 0x30, 0x28, 0xf8, 0xac, 0x38, 0x2c,
    0xf8, 0xac, 0x38, 0x30, 0xf8, 0xac, 0x38, 0x38, 0xf8, 0xac, 0x38, 0x41,
    0xf8, 0xb0, 0x38, 0x4d, 0xf8, 0xb0, 0x30, 0x59, 0xf8, 0xac, 0x38, 0x61,
    0xf8, 0xac, 0x38, 0x71, 0xf8, 0xb0, 0x38, 0x7d, 0xf8, 0xac, 0x38, 0x8a,
    0xf8, 0xac, 0x38, 0x96, 0xf8, 0xb0, 0x38, 0xa6, 0xf8, 0xb0, 0x38, 0xb2,
    0xf8, 0xb0, 0x38, 0xbe, 0xf8, 0xb0, 0x40, 0xcb, 0xf8, 0xb0, 0x40, 0xd7,
    0xf8, 0xb4, 0x40, 0xdf, 0xf8, 0xb4, 0x48, 0xe7, 0xf8, 0xb4, 0x48, 0xef,
    0xf8, 0xb8, 0x50, 0xf3, 0xf8, 0xb8, 0x50, 0xf7, 0xf8, 0xbc, 0x58, 0xf7,
    0xf8, 0xc0, 0x60, 0xfb, 0xf8, 0xc4, 0x68, 0xff, 0xf8, 0xc4, 0x70, 0xff,
    0xf8, 0xc8, 0x80, 0xfb, 0xf8, 0xcc, 0x88, 0x65, 0xf8, 0xcc, 0x78, 0x00,
    0xc8, 0xc8, 0xb0, 0x00, 0x00, 0x00, 0x00, 0x00, 0x00, 0x00, 0x00, 0x00,
    0x00, 0x00, 0x00, 0x00, 0x00, 0x00, 0x00, 0x00, 0x00, 0x00, 0x00, 0x00,
    0xf8, 0xc8, 0x88, 0x00, 0xf8, 0xcc, 0x88, 0x00, 0xf0, 0xc8, 0x90, 0x18,
    0xf8, 0xcc, 0x80, 0xcf, 0xf8, 0xc8, 0x78, 0xff, 0xf8, 0xc4, 0x70, 0xfb,
    0xf8, 0xc0, 0x60, 0xfb, 0xf8, 0xbc, 0x58, 0xf7, 0xf8, 0xb8, 0x50, 0xf3,
    0xf8, 0xb8, 0x50, 0xef, 0xf8, 0xb8, 0x48, 0xe7, 0xf8, 0xb4, 0x48, 0xe3,
    0xf8, 0xb4, 0x40, 0xd7, 0xf8, 0xb0, 0x40, 0xcf, 0xf8, 0xb4, 0x40, 0xc3,
    0xf8, 0xb0, 0x40, 0xb6, 0xf8, 0xb0, 0x38, 0xa6, 0xf8, 0xb0, 0x38, 0x9a,
    0xf8, 0xb0, 0x38, 0x8a, 0xf8, 0xb0, 0x38, 0x7d, 0xf8, 0xac, 0x38, 0x6d,
    0xf8, 0xb0, 0x38, 0x61, 0xf8, 0xb0, 0x38, 0x55, 0xf8, 0xac, 0x38, 0x49,
    0xf8, 0xac, 0x30, 0x41, 0xf8, 0xb0, 0x38, 0x34, 0xf8, 0xb0, 0x38, 0x2c,
    0xf8, 0xb0, 0x38, 0x28, 0xf8, 0xac, 0x30, 0x20, 0xf8, 0xac, 0x38, 0x1c,
    0xf8, 0xac, 0x38, 0x18, 0xf8, 0xac, 0x30, 0x14, 0xf8, 0xb0, 0x38, 0x14,
    0xf8, 0xb0, 0x38, 0x10, 0xf8, 0xb0, 0x38, 0x10, 0xf8, 0xb0, 0x30, 0x10,
    0xf8, 0xac, 0x30, 0x0c, 0xf8, 0xac, 0x30, 0x0c, 0xf8, 0xb0, 0x30, 0x10,
    0xf8, 0xb0, 0x30, 0x0c, 0xf8, 0xb0, 0x38, 0x10, 0xf8, 0xb0, 0x38, 0x10,
    0xf8, 0xb0, 0x38, 0x14, 0xf8, 0xac, 0x38, 0x14, 0xf8, 0xac, 0x30, 0x18,
    0xf8, 0xac, 0x30, 0x1c, 0xf8, 0xb0, 0x30, 0x20, 0xf8, 0xb0, 0x38, 0x28,
    0xf8, 0xac, 0x30, 0x30, 0xf8, 0xb0, 0x38, 0x34, 0xf8, 0xac, 0x30, 0x41,
    0xf8, 0xb0, 0x38, 0x49, 0xf8, 0xb0, 0x30, 0x55, 0xf8, 0xac, 0x30, 0x61,
    0xf8, 0xb0, 0x38, 0x71, 0xf8, 0xac, 0x38, 0x7d, 0xf8, 0xb0, 0x38, 0x8a,
    0xf8, 0xb0, 0x38, 0x9a, 0xf8, 0xb0, 0x38, 0xaa, 0xf8, 0xb0, 0x38, 0xb6,
    0xf8, 0xb0, 0x38, 0xc3, 0xf8, 0xb0, 0x40, 0xcf, 0xf8, 0xb0, 0x40, 0xd7,
    0xf8, 0xb4, 0x40, 0xe3, 0xf8, 0xb4, 0x48, 0xe7, 0xf8, 0xb4, 0x48, 0xef,
    0xf8, 0xb8, 0x50, 0xf3, 0xf8, 0xb8, 0x50, 0xf7, 0xf8, 0xbc, 0x60, 0xfb,
    0xf8, 0xc0, 0x60, 0xfb, 0xf8, 0xc4, 0x68, 0xfb, 0xf8, 0xc8, 0x78, 0xff,
    0xf8, 0xcc, 0x80, 0xd3, 0xf0, 0xcc, 0x88, 0x18, 0xf8, 0xcc, 0x88, 0x00,
    0xf8, 0xc8, 0x88, 0x00, 0x00, 0x00, 0x00, 0x00, 0x00, 0x00, 0x00, 0x00,
    0x00, 0x00, 0x00, 0x00, 0x00, 0x00, 0x00, 0x00, 0xf8, 0xdc, 0x28, 0x00,
    0xf8, 0xcc, 0x80, 0x00, 0xf8, 0xcc, 0x88, 0x71, 0xf8, 0xc8, 0x80, 0xfb,
    0xf8, 0xc8, 0x70, 0xff, 0xf8, 0xc4, 0x68, 0xfb, 0xf8, 0xbc, 0x60, 0xf7,
    0xf8, 0xbc, 0x58, 0xf7, 0xf8, 0xb8, 0x50, 0xef, 0xf8, 0xb8, 0x48, 0xeb,
    0xf8, 0xb4, 0x48, 0xe3, 0xf8, 0xb4, 0x40, 0xdb, 0xf8, 0xb0, 0x40, 0xd3,
    0xf8, 0xb0, 0x40, 0xc7, 0xf8, 0xb0, 0x38, 0xba, 0xf8, 0xb0, 0x38, 0xaa,
    0xf8, 0xb0, 0x38, 0x9e, 0xf8, 0xb0, 0x38, 0x8e, 0xf8, 0xac, 0x38, 0x82,
    0xf8, 0xac, 0x38, 0x71, 0xf8, 0xb0, 0x38, 0x61, 0xf8, 0xb0, 0x38, 0x55,
    0xf8, 0xb0, 0x38, 0x49, 0xf8, 0xb0, 0x30, 0x3c, 0xf8, 0xac, 0x38, 0x34,
    0xf8, 0xac, 0x30, 0x2c, 0xf8, 0xac, 0x38, 0x20, 0xf8, 0xac, 0x30, 0x1c,
    0xf8, 0xac, 0x38, 0x18, 0xf8, 0xb0, 0x38, 0x14, 0xf8, 0xb0, 0x38, 0x10,
    0xf8, 0xb0, 0x30, 0x0c, 0xf8, 0xb0, 0x30, 0x0c, 0xf8, 0xb0, 0x30, 0x0c,
    0xf8, 0xac, 0x30, 0x08, 0xf8, 0xac, 0x30, 0x08, 0xf8, 0xac, 0x30, 0x08,
    0xf8, 0xac, 0x30, 0x08, 0xf8, 0xac, 0x30, 0x08, 0xf8, 0xac, 0x30, 0x08,
    0xf8, 0xac, 0x30, 0x08, 0xf8, 0xb0, 0x30, 0x0c, 0xf8, 0xb0, 0x30, 0x0c,
    0xf8, 0xb0, 0x38, 0x0c, 0xf8, 0xb0, 0x38, 0x10, 0xf8, 0xb0, 0x38, 0x14,
    0xf8, 0xac, 0x38, 0x18, 0xf8, 0xac, 0x30, 0x1c, 0xf8, 0xb0, 0x30, 0x24,
    0xf8, 0xb0, 0x38, 0x28, 0xf8, 0xac, 0x38, 0x34, 0xf8, 0xac, 0x38, 0x3c,
    0xf8, 0xb0, 0x38, 0x49, 0xf8, 0xb0, 0x30, 0x55, 0xf8, 0xac, 0x38, 0x61,
    0xf8, 0xb0, 0x38, 0x71, 0xf8, 0xac, 0x38, 0x82, 0xf8, 0xac, 0x38, 0x8e,
    0xf8, 0xb0, 0x38, 0x9e, 0xf8, 0xb0, 0x38, 0xaa, 0xf8, 0xb0, 0x38, 0xba,
    0xf8, 0xb0, 0x38, 0xc7, 0xf8, 0xb0, 0x40, 0xd3, 0xf8, 0xb4, 0x40, 0xdb,
    0xf8, 0xb4, 0x40, 0xe3, 0xf8, 0xb4, 0x48, 0xeb, 0xf8, 0xb8, 0x48, 0xf3,
    0xf8, 0xb8, 0x50, 0xf7, 0xf8, 0xbc, 0x58, 0xf7, 0xf8, 0xc0, 0x60, 0xfb,
    0xf8, 0xc4, 0x68, 0xfb, 0xf8, 0xc8, 0x70, 0xff, 0xf8, 0xc8, 0x80, 0xff,
    0xf8, 0xc8, 0x88, 0x71, 0xf8, 0xcc, 0x80, 0x00, 0xf8, 0xfc, 0x60, 0x00,
    0x00, 0x00, 0x00, 0x00, 0x00, 0x00, 0x00, 0x00, 0x00, 0x00, 0x00, 0x00,
    0xf0, 0xc8, 0x90, 0x00, 0xf0, 0xc8, 0x90, 0x00, 0xf0, 0xcc, 0x90, 0x18,
    0xf8, 0xcc, 0x80, 0xcf, 0xf8, 0xc8, 0x78, 0xff, 0xf8, 0xc4, 0x68, 0xfb,
    0xf8, 0xc0, 0x60, 0xfb, 0xf8, 0xbc, 0x60, 0xf7, 0xf8, 0xb8, 0x50, 0xf3,
    0xf8, 0xb8, 0x50, 0xef, 0xf8, 0xb4, 0x48, 0xe7, 0xf8, 0xb4, 0x48, 0xdf,
    0xf8, 0xb4, 0x40, 0xd7, 0xf8, 0xb0, 0x40, 0xcb, 0xf8, 0xb0, 0x40, 0xbe,
    0xf8, 0xb0, 0x38, 0xae, 0xf8, 0xb0, 0x38, 0xa2, 0xf8, 0xb0, 0x38, 0x92,
    0xf8, 0xac, 0x38, 0x82, 0xf8, 0xb0, 0x38, 0x71, 0xf8, 0xb0, 0x38, 0x65,
    0xf8, 0xac, 0x38, 0x55, 0xf8, 0xb0, 0x30, 0x49, 0xf8, 0xb0, 0x38, 0x3c,
    0xf8, 0xb0, 0x38, 0x30, 0xf8, 0xb0, 0x30, 0x28, 0xf8, 0xb0, 0x30, 0x20,
    0xf8, 0xac, 0x38, 0x1c, 0xf8, 0xb0, 0x38, 0x14, 0xf8, 0xb0, 0x30, 0x10,
    0xf8, 0xb0, 0x30, 0x0c, 0xf8, 0xb0, 0x30, 0x0c, 0xf8, 0xac, 0x30, 0x08,
    0xf8, 0xac, 0x30, 0x08, 0xf8, 0xa8, 0x30, 0x04, 0xf8, 0xa8, 0x38, 0x04,
    0xf8, 0xa8, 0x38, 0x04, 0xf8, 0xa8, 0x38, 0x04, 0xf8, 0xa8, 0x38, 0x04,
    0xf8, 0xa8, 0x38, 0x04, 0xf8, 0xa8, 0x38, 0x04, 0xf8, 0xa8, 0x38, 0x04,
    0xf8, 0xac, 0x30, 0x08, 0xf8, 0xac, 0x30, 0x08, 0xf8, 0xac, 0x30, 0x08,
    0xf8, 0xb0, 0x30, 0x0c, 0xf8, 0xb0, 0x30, 0x0c, 0xf8, 0xb0, 0x38, 0x10,
    0xf8, 0xac, 0x38, 0x14, 0xf8, 0xac, 0x30, 0x1c, 0xf8, 0xb0, 0x30, 0x20,
    0xf8, 0xac, 0x38, 0x28, 0xf8, 0xb0, 0x30, 0x30, 0xf8, 0xac, 0x38, 0x3c,
    0xf8, 0xac, 0x38, 0x49, 0xf8, 0xb0, 0x30, 0x55, 0xf8, 0xb0, 0x38, 0x65,
    0xf8, 0xac, 0x30, 0x71, 0xf8, 0xac, 0x38, 0x82, 0xf8, 0xb0, 0x38, 0x92,
    0xf8, 0xb0, 0x38, 0xa2, 0xf8, 0xb0, 0x38, 0xae, 0xf8, 0xb0, 0x38, 0xbe,
    0xf8, 0xb0, 0x38, 0xcb, 0xf8, 0xb0, 0x40, 0xd7, 0xf8, 0xb4, 0x40, 0xdf,
    0xf8, 0xb4, 0x40, 0xe7, 0xf8, 0xb8, 0x48, 0xef, 0xf8, 0xb8, 0x50, 0xf3,
    0xf8, 0xb8, 0x50, 0xf7, 0xf8, 0xbc, 0x58, 0xfb, 0xf8, 0xc0, 0x60, 0xfb,
    0xf8, 0xc4, 0x70, 0xff, 0xf8, 0xc8, 0x78, 0xff, 0xf8, 0xcc, 0x80, 0xcf,
    0xf0, 0xc8, 0x90, 0x18, 0xf0, 0xcc, 0x90, 0x00, 0xf0, 0xcc, 0x90, 0x00,
    0x00, 0x00, 0x00, 0x00, 0x00, 0x00, 0x00, 0x00, 0xf0, 0xcc, 0x90, 0x00,
    0xf8, 0xcc, 0x78, 0x00, 0xf8, 0xc8, 0x88, 0x71, 0xf8, 0xc8, 0x80, 0xff,
    0xf8, 0xc4, 0x70, 0xfb, 0xf8, 0xc0, 0x68, 0xfb, 0xf8, 0xbc, 0x60, 0xfb,
    0xf8, 0xbc, 0x58, 0xf7, 0xf8, 0xb8, 0x50, 0xf3, 0xf8, 0xb8, 0x48, 0xeb,
    0xf8, 0xb4, 0x48, 0xe3, 0xf8, 0xb4, 0x40, 0xdb, 0xf8, 0xb0, 0x40, 0xcf,
    0xf8, 0xb0, 0x40, 0xc3, 0xf8, 0xb0, 0x38, 0xb6, 0xf8, 0xb0, 0x38, 0xa6,
    0xf8, 0xb0, 0x38, 0x96, 0xf8, 0xac, 0x38, 0x86, 0xf8, 0xac, 0x38, 0x79,
    0xf8, 0xb0, 0x38, 0x65, 0xf8, 0xac, 0x38, 0x59, 0xf8, 0xb0, 0x38, 0x49,
    0xf8, 0xb0, 0x30, 0x3c, 0xf8, 0xb0, 0x38, 0x34, 0xf8, 0xac, 0x38, 0x28,
    0xf8, 0xac, 0x30, 0x20, 0xf8, 0xac, 0x38, 0x18, 0xf8, 0xb0, 0x38, 0x14,
    0xf8, 0xb0, 0x30, 0x0c, 0xf8, 0xb0, 0x30, 0x0c, 0xf8, 0xac, 0x30, 0x08,
    0xf8, 0xa8, 0x30, 0x04, 0xf8, 0xac, 0x38, 0x04, 0xf8, 0xa8, 0x38, 0x04,
    0xf8, 0xa4, 0x30, 0x04, 0xf8, 0xac, 0x28, 0x00, 0xf8, 0xac, 0x18, 0x04,
    0xf8, 0xb8, 0x10, 0x00, 0xf8, 0xcc, 0x10, 0x00, 0xf8, 0xb4, 0x10, 0x00,
    0xf8, 0xac, 0x18, 0x04, 0xf8, 0xa8, 0x20, 0x00, 0xf8, 0xa4, 0x30, 0x04,
    0xf8, 0xa8, 0x38, 0x04, 0xf8, 0xa8, 0x38, 0x04, 0xf8, 0xa8, 0x30, 0x04,
    0xf8, 0xac, 0x30, 0x08, 0xf8, 0xb0, 0x30, 0x0c, 0xf8, 0xb0, 0x38, 0x10,
    0xf8, 0xac, 0x38, 0x14, 0xf8, 0xac, 0x38, 0x18, 0xf8, 0xac, 0x30, 0x20,
    0xf8, 0xb0, 0x38, 0x28, 0xf8, 0xb0, 0x30, 0x30, 0xf8, 0xac, 0x38, 0x3c,
    0xf8, 0xb0, 0x38, 0x49, 0xf8, 0xb0, 0x38, 0x59, 0xf8, 0xb0, 0x38, 0x65,
    0xf8, 0xac, 0x30, 0x75, 0xf8, 0xac, 0x38, 0x86, 0xf8, 0xac, 0x38, 0x96,
    0xf8, 0xb0, 0x38, 0xa6, 0xf8, 0xb0, 0x38, 0xb6, 0xf8, 0xb0, 0x38, 0xc3,
    0xf8, 0xb0, 0x38, 0xcf, 0xf8, 0xb4, 0x40, 0xdb, 0xf8, 0xb0, 0x40, 0xe3,
    0xf8, 0xb4, 0x48, 0xeb, 0xf8, 0xb4, 0x48, 0xf3, 0xf8, 0xb8, 0x50, 0xf7,
    0xf8, 0xbc, 0x58, 0xfb, 0xf8, 0xbc, 0x60, 0xfb, 0xf8, 0xc0, 0x68, 0xfb,
    0xf8, 0xc4, 0x70, 0xff, 0xf8, 0xcc, 0x80, 0xff, 0xf8, 0xcc, 0x88, 0x6d,
    0xf8, 0xcc, 0x78, 0x00, 0xf0, 0xcc, 0x98, 0x00, 0x00, 0x00, 0x00, 0x00,
    0x00, 0x00, 0x00, 0x00, 0xf8, 0xcc, 0x88, 0x00, 0xf8, 0xcc, 0x88, 0x10,
    0xf8, 0xcc, 0x80, 0xc7, 0xf8, 0xc8, 0x78, 0xff, 0xf8, 0xc4, 0x68, 0xff,
    0xf8, 0xc0, 0x60, 0xfb, 0xf8, 0xbc, 0x58, 0xf7, 0xf8, 0xb8, 0x50, 0xf3,
    0xf8, 0xb8, 0x50, 0xef, 0xf8, 0xb4, 0x48, 0xe7, 0xf8, 0xb4, 0x40, 0xdf,
    0xf8, 0xb0, 0x40, 0xd7, 0xf8, 0xb0, 0x40, 0xcb, 0xf8, 0xb0, 0x38, 0xbe,
    0xf8, 0xb0, 0x38, 0xae, 0xf8, 0xb0, 0x38, 0x9e, 0xf8, 0xb0, 0x38, 0x8e,
    0xf8, 0xb0, 0x38, 0x7d, 0xf8, 0xac, 0x38, 0x6d, 0xf8, 0xb0, 0x38, 0x5d,
    0xf8, 0xb0, 0x30, 0x4d, 0xf8, 0xb0, 0x38, 0x41, 0xf8, 0xac, 0x38, 0x34,
    0xf8, 0xb0, 0x30, 0x28, 0xf8, 0xac, 0x30, 0x20, 0xf8, 0xac, 0x38, 0x18,
    0xf8, 0xb0, 0x38, 0x10, 0xf8, 0xb0, 0x30, 0x0c, 0xf8, 0xac, 0x30, 0x0c,
    0xf8, 0xac, 0x30, 0x08, 0xf8, 0xac, 0x38, 0x04, 0xf8, 0xa8, 0x38, 0x04,
    0xf8, 0xa4, 0x28, 0x04, 0xf8, 0xb4, 0x10, 0x00, 0xf8, 0xd8, 0x00, 0x00,
    0xf8, 0xf8, 0x00, 0x00, 0xf8, 0xfc, 0x00, 0x00, 0xf8, 0xfc, 0x00, 0x00,
    0xf8, 0xfc, 0x00, 0x00, 0xf8, 0xfc, 0x00, 0x00, 0xf8, 0xfc, 0x00, 0x00,
    0xf8, 0xf8, 0x00, 0x00, 0xf8, 0xd8, 0x00, 0x00, 0xf8, 0xb8, 0x10, 0x00,
    0xf8, 0xa4, 0x28, 0x00, 0xf8, 0xa4, 0x40, 0x04, 0xf8, 0xa8, 0x38, 0x04,
    0xf8, 0xac, 0x30, 0x08, 0xf8, 0xac, 0x30, 0x08, 0xf8, 0xb0, 0x38, 0x0c,
    0xf8, 0xb0, 0x38, 0x14, 0xf8, 0xac, 0x38, 0x18, 0xf8, 0xac, 0x30, 0x20,
    0xf8, 0xac, 0x38, 0x28, 0xf8, 0xac, 0x30, 0x34, 0xf8, 0xac, 0x30, 0x41,
    0xf8, 0xb0, 0x38, 0x4d, 0xf8, 0xb0, 0x38, 0x5d, 0xf8, 0xb0, 0x38, 0x6d,
    0xf8, 0xb0, 0x38, 0x7d, 0xf8, 0xac, 0x38, 0x8e, 0xf8, 0xb0, 0x38, 0x9e,
    0xf8, 0xb0, 0x38, 0xae, 0xf8, 0xb0, 0x38, 0xbe, 0xf8, 0xb0, 0x38, 0xcb,
    0xf8, 0xb4, 0x40, 0xd7, 0xf8, 0xb0, 0x40, 0xdf, 0xf8, 0xb4, 0x40, 0xe7,
    0xf8, 0xb4, 0x48, 0xef, 0xf8, 0xb8, 0x50, 0xf3, 0xf8, 0xbc, 0x50, 0xf7,
    0xf8, 0xbc, 0x58, 0xfb, 0xf8, 0xc0, 0x60, 0xff, 0xf8, 0xc4, 0x68, 0xff,
    0xf8, 0xc8, 0x78, 0xff, 0xf8, 0xcc, 0x80, 0xc7, 0xf8, 0xcc, 0x88, 0x10,
    0xf8, 0xcc, 0x88, 0x00, 0x00, 0x00, 0x00, 0x00, 0xf8, 0xcc, 0x80, 0x00,
    0xf8, 0xcc, 0x80, 0x00, 0xf8, 0xcc, 0x88, 0x4d, 0xf8, 0xc8, 0x80, 0xf7,
    0xf8, 0xc4, 0x70, 0xff, 0xf8, 0xc4, 0x68, 0xfb, 0xf8, 0xc0, 0x60, 0xfb,
    0xf8, 0xbc, 0x58, 0xf7, 0xf8, 0xb8, 0x50, 0xf3, 0xf8, 0xb4, 0x48, 0xeb,
    0xf8, 0xb4, 0x48, 0xe7, 0xf8, 0xb4, 0x40, 0xdb, 0xf8, 0xb4, 0x40, 0xd3,
    0xf8, 0xb0, 0x38, 0xc3, 0xf8, 0xb0, 0x38, 0xb6, 0xf8, 0xb0, 0x38, 0xa6,
    0xf8, 0xb0, 0x38, 0x96, 0xf8, 0xac, 0x38, 0x86, 0xf8, 0xb0, 0x38, 0x71,
    0xf8, 0xac, 0x38, 0x61, 0xf8, 0xb0, 0x38, 0x55, 0xf8, 0xb0, 0x30, 0x45,
    0xf8, 0xac, 0x38, 0x38, 0xf8, 0xac, 0x38, 0x2c, 0xf8, 0xb0, 0x30, 0x20,
    0xf8, 0xac, 0x38, 0x18, 0xf8, 0xac, 0x38, 0x14, 0xf8, 0xb0, 0x30, 0x0c,
    0xf8, 0xb0, 0x30, 0x08, 0xf8, 0xa8, 0x30, 0x08, 0xf8, 0xac, 0x38, 0x04,
    0xf8, 0xa0, 0x38, 0x04, 0xf8, 0xb0, 0x10, 0x00, 0xf8, 0xe4, 0x00, 0x00,
    0xf8, 0xfc, 0x00, 0x00, 0xf8, 0xfc, 0x00, 0x00, 0xf8, 0xec, 0x00, 0x00,
    0xf8, 0xfc, 0x00, 0x00, 0xf8, 0xfc, 0x00, 0x00, 0xf8, 0xfc, 0x00, 0x00,
    0xf8, 0xfc, 0x00, 0x00, 0xf8, 0xfc, 0x00, 0x00, 0xf8, 0xf0, 0x00, 0x00,
    0xf8, 0xfc, 0x00, 0x00, 0xf8, 0xfc, 0x00, 0x00, 0xf8, 0xe0, 0x00, 0x00,
    0xf8, 0xac, 0x10, 0x04, 0xf8, 0xa4, 0x38, 0x04, 0xf8, 0xa8, 0x38, 0x04,
    0xf8, 0xa8, 0x30, 0x04, 0xf8, 0xb0, 0x30, 0x08, 0xf8, 0xb0, 0x38, 0x0c,
    0xf8, 0xb0, 0x38, 0x14, 0xf8, 0xac, 0x30, 0x18, 0xf8, 0xb0, 0x38, 0x24,
    0xf8, 0xb0, 0x38, 0x2c, 0xf8, 0xac, 0x30, 0x38, 0xf8, 0xac, 0x30, 0x45,
    0xf8, 0xb0, 0x38, 0x55, 0xf8, 0xb0, 0x38, 0x61, 0xf8, 0xac, 0x30, 0x75,
    0xf8, 0xb0, 0x38, 0x86, 0xf8, 0xac, 0x38, 0x96, 0xf8, 0xb0, 0x38, 0xa6,
    0xf8, 0xb0, 0x38, 0xb6, 0xf8, 0xb0, 0x38, 0xc3, 0xf8, 0xb0, 0x40, 0xcf,
    0xf8, 0xb4, 0x40, 0xdb, 0xf8, 0xb4, 0x40, 0xe7, 0xf8, 0xb4, 0x48, 0xeb,
    0xf8, 0xb4, 0x48, 0xf3, 0xf8, 0xb8, 0x50, 0xf7, 0xf8, 0xbc, 0x58, 0xfb,
    0xf8, 0xbc, 0x60, 0xfb, 0xf8, 0xc4, 0x68, 0xff, 0xf8, 0xc4, 0x70, 0xff,
    0xf8, 0xc8, 0x80, 0xf7, 0xf8, 0xcc, 0x88, 0x4d, 0xf8, 0xcc, 0x80, 0x00,
    0xf8, 0xcc, 0x80, 0x00, 0xf8, 0xcc, 0x88, 0x00, 0x00, 0x00, 0xf8, 0x00,
    0xf8, 0xcc, 0x88, 0x96, 0xf8, 0xc8, 0x78, 0xff, 0xf8, 0xc4, 0x70, 0xfb,
    0xf8, 0xc0, 0x68, 0xfb, 0xf8, 0xbc, 0x60, 0xfb, 0xf8, 0xb8, 0x50, 0xf7,
    0xf8, 0xb8, 0x50, 0xef, 0xf8, 0xb4, 0x48, 0xeb, 0xf8, 0xb4, 0x40, 0xe3,
    0xf8, 0xb0, 0x40, 0xd7, 0xf8, 0xb0, 0x40, 0xcb, 0xf8, 0xb0, 0x40, 0xbe,
    0xf8, 0xb0, 0x38, 0xae, 0xf8, 0xb0, 0x38, 0x9e, 0xf8, 0xb0, 0x38, 0x8e,
    0xf8, 0xac, 0x38, 0x79, 0xf8, 0xac, 0x38, 0x69, 0xf8, 0xb0, 0x38, 0x59,
    0xf8, 0xac, 0x30, 0x49, 0xf8, 0xac, 0x38, 0x3c, 0xf8, 0xb0, 0x30, 0x30,
    0xf8, 0xac, 0x38, 0x24, 0xf8, 0xac, 0x30, 0x1c, 0xf8, 0xb0, 0x38, 0x14,
    0xf8, 0xb0, 0x30, 0x0c, 0xf8, 0xac, 0x30, 0x08, 0xf8, 0xa8, 0x30, 0x08,
    0xf8, 0xac, 0x40, 0x04, 0xf8, 0xa0, 0x28, 0x00, 0xf8, 0xc0, 0x00, 0x00,
    0xf8, 0xfc, 0x00, 0x00, 0xf8, 0xfc, 0x00, 0x00, 0xf8, 0xfc, 0x00, 0x00,
    0xf8, 0xfc, 0x00, 0x00, 0xf8, 0xfc, 0x00, 0x00, 0xf8, 0xfc, 0x00, 0x00,
    0x00, 0x00, 0x00, 0x00, 0x00, 0x00, 0x00, 0x00, 0x00, 0x00, 0x00, 0x00,
    0xf8, 0xfc, 0x00, 0x00, 0xf8, 0xfc, 0x00, 0x00, 0xf8, 0xfc, 0x00, 0x00,
    0xf8, 0xfc, 0x00, 0x00, 0xf8, 0xfc, 0x00, 0x00, 0xf8, 0xfc, 0x00, 0x00,
    0xf8, 0xbc, 0x00, 0x00, 0xf8, 0xa0, 0x30, 0x04, 0xf8, 0xac, 0x38, 0x04,
    0xf8, 0xac, 0x30, 0x08, 0xf8, 0xac, 0x30, 0x08, 0xf8, 0xb0, 0x30, 0x0c,
    0xf8, 0xb0, 0x38, 0x14, 0xf8, 0xac, 0x30, 0x1c, 0xf8, 0xb0, 0x38, 0x24,
    0xf8, 0xb0, 0x38, 0x30, 0xf8, 0xac, 0x30, 0x3c, 0xf8, 0xac, 0x38, 0x49,
    0xf8, 0xb0, 0x38, 0x59, 0xf8, 0xac, 0x30, 0x69, 0xf8, 0xb0, 0x30, 0x79,
    0xf8, 0xb0, 0x38, 0x8e, 0xf8, 0xac, 0x38, 0x9e, 0xf8, 0xb0, 0x38, 0xae,
    0xf8, 0xb0, 0x38, 0xbe, 0xf8, 0xb0, 0x38, 0xcb, 0xf8, 0xb0, 0x40, 0xd7,
    0xf8, 0xb0, 0x40, 0xe3, 0xf8, 0xb4, 0x40, 0xeb, 0xf8, 0xb4, 0x48, 0xef,
    0xf8, 0xb8, 0x50, 0xf7, 0xf8, 0xb8, 0x50, 0xf7, 0xf8, 0xbc, 0x58, 0xfb,
    0xf8, 0xc0, 0x68, 0xfb, 0xf8, 0xc4, 0x70, 0xff, 0xf8, 0xc8, 0x78, 0xff,
    0xf8, 0xcc, 0x88, 0x96, 0x00, 0x0c, 0xf8, 0x00, 0xf8, 0xc8, 0x88, 0x00,
    0xf8, 0xcc, 0x88, 0x00, 0xf8, 0xcc, 0x88, 0x18, 0xf8, 0xc8, 0x80, 0xd7,
    0xf8, 0xc8, 0x78, 0xff, 0xf8, 0xc4, 0x68, 0xfb, 0xf8, 0xc0, 0x60, 0xfb,
    0xf8, 0xb8, 0x58, 0xf7, 0xf8, 0xb8, 0x50, 0xf3, 0xf8, 0xb8, 0x48, 0xef,
    0xf8, 0xb4, 0x48, 0xe7, 0xf8, 0xb4, 0x40, 0xdf, 0xf8, 0xb4, 0x40, 0xd3,
    0xf8, 0xb0, 0x38, 0xc7, 0xf8, 0xb0, 0x38, 0xba, 0xf8, 0xb0, 0x38, 0xaa,
    0xf8, 0xb0, 0x38, 0x96, 0xf8, 0xb0, 0x38, 0x86, 0xf8, 0xac, 0x38, 0x75,
    0xf8, 0xb0, 0x38, 0x61, 0xf8, 0xb0, 0x30, 0x51, 0xf8, 0xac, 0x38, 0x41,
    0xf8, 0xb0, 0x38, 0x34, 0xf8, 0xb0, 0x38, 0x28, 0xf8, 0xac, 0x30, 0x20,
    0xf8, 0xac, 0x38, 0x14, 0xf8, 0xb0, 0x30, 0x10, 0xf8, 0xb0, 0x30, 0x0c,
    0xf8, 0xa8, 0x30, 0x04, 0xf8, 0xac, 0x40, 0x04, 0xf8, 0xa0, 0x28, 0x04,
    0xf8, 0xc4, 0x00, 0x00, 0xf8, 0xfc, 0x00, 0x00, 0xf8, 0xfc, 0x00, 0x00,
    0xf8, 0xfc, 0x00, 0x00, 0xf8, 0xfc, 0x00, 0x00, 0xf8, 0xfc, 0x00, 0x00,
    0x00, 0x00, 0x00, 0x00, 0x00, 0x00, 0x00, 0x00, 0x00, 0x00, 0x00, 0x00,
    0x00, 0x00, 0x00, 0x00, 0x00, 0x00, 0x00, 0x00, 0x00, 0x00, 0x00, 0x00,
    0x00, 0x00, 0x00, 0x00, 0xf8, 0xfc, 0x00, 0x00, 0xf8, 0xfc, 0x00, 0x00,
    0xf8, 0xfc, 0x00, 0x00, 0xf8, 0xfc, 0x00, 0x00, 0xf8, 0xfc, 0x00, 0x00,
    0xf8, 0xd4, 0x00, 0x00, 0xf8, 0xa0, 0x28, 0x04, 0xf8, 0xac, 0x40, 0x04,
    0xf8, 0xac, 0x30, 0x08, 0xf8, 0xb0, 0x30, 0x0c, 0xf8, 0xb0, 0x38, 0x10,
    0xf8, 0xac, 0x38, 0x14, 0xf8, 0xac, 0x30, 0x1c, 0xf8, 0xb0, 0x38, 0x28,
    0xf8, 0xac, 0x30, 0x34, 0xf8, 0xac, 0x38, 0x41, 0xf8, 0xb0, 0x38, 0x51,
    0xf8, 0xac, 0x38, 0x61, 0xf8, 0xac, 0x38, 0x75, 0xf8, 0xb0, 0x38, 0x86,
    0xf8, 0xac, 0x38, 0x96, 0xf8, 0xb0, 0x38, 0xaa, 0xf8, 0xb0, 0x38, 0xba,
    0xf8, 0xb0, 0x38, 0xc7, 0xf8, 0xb0, 0x38, 0xd3, 0xf8, 0xb0, 0x40, 0xdf,
    0xf8, 0xb4, 0x40, 0xe7, 0xf8, 0xb4, 0x48, 0xef, 0xf8, 0xb4, 0x48, 0xf3,
    0xf8, 0xb8, 0x50, 0xf7, 0xf8, 0xbc, 0x58, 0xfb, 0xf8, 0xc0, 0x60, 0xff,
    0xf8, 0xc4, 0x68, 0xff, 0xf8, 0xc8, 0x78, 0xff, 0xf8, 0xcc, 0x80, 0xd7,
    0xf8, 0xcc, 0x88, 0x18, 0xf8, 0xcc, 0x88, 0x00, 0xf8, 0xc8, 0x88, 0x00,
    0xf8, 0xc8, 0x88, 0x4d, 0xf8, 0xc8, 0x80, 0xf7, 0xf8, 0xc4, 0x70, 0xff,
    0xf8, 0xc0, 0x68, 0xff, 0xf8, 0xc0, 0x60, 0xfb, 0xf8, 0xbc, 0x58, 0xf7,
    0xf8, 0xb8, 0x50, 0xf3, 0xf8, 0xb4, 0x48, 0xef, 0xf8, 0xb4, 0x48, 0xe3,
    0xf8, 0xb4, 0x40, 0xdb, 0xf8, 0xb0, 0x40, 0xcf, 0xf8, 0xb0, 0x38, 0xc3,
    0xf8, 0xb0, 0x38, 0xb2, 0xf8, 0xb0, 0x38, 0xa2, 0xf8, 0xac, 0x38, 0x8e,
    0xf8, 0xb0, 0x38, 0x7d, 0xf8, 0xac, 0x38, 0x6d, 0xf8, 0xb0, 0x38, 0x59,
    0xf8, 0xac, 0x30, 0x4d, 0xf8, 0xb0, 0x38, 0x3c, 0xf8, 0xac, 0x30, 0x30,
    0xf8, 0xac, 0x30, 0x24, 0xf8, 0xac, 0x38, 0x18, 0xf8, 0xb0, 0x38, 0x10,
    0xf8, 0xb0, 0x30, 0x0c, 0xf8, 0xac, 0x30, 0x08, 0xf8, 0xac, 0x38, 0x04,
    0xf8, 0xa0, 0x30, 0x00, 0xf8, 0xc4, 0x00, 0x00, 0xf8, 0xfc, 0x00, 0x00,
    0xf8, 0xc8, 0x00, 0x00, 0xf8, 0xfc, 0x00, 0x00, 0xf8, 0xfc, 0x00, 0x00,
    0x00, 0x00, 0x00, 0x00, 0x00, 0x00, 0x00, 0x00, 0x00, 0x00, 0x00, 0x00,
    0x00, 0x00, 0x00, 0x00, 0x00, 0x00, 0x00, 0x00, 0x00, 0x00, 0x00, 0x00,
    0x00, 0x00, 0x00, 0x00, 0x00, 0x00, 0x00, 0x00, 0x00, 0x00, 0x00, 0x00,
    0x00, 0x00, 0x00, 0x00, 0xf8, 0xfc, 0x00, 0x00, 0xf8, 0xfc, 0x00, 0x00,
    0xf8, 0xfc, 0x00, 0x00, 0xf8, 0xfc, 0x00, 0x00, 0xf8, 0xfc, 0x00, 0x00,
    0xf8, 0xcc, 0x00, 0x00, 0xf8, 0xa0, 0x30, 0x00, 0xf8, 0xac, 0x38, 0x04,
    0xf8, 0xa8, 0x30, 0x08, 0xf8, 0xb0, 0x38, 0x0c, 0xf8, 0xac, 0x38, 0x14,
    0xf8, 0xac, 0x30, 0x18, 0xf8, 0xb0, 0x30, 0x24, 0xf8, 0xac, 0x38, 0x30,
    0xf8, 0xac, 0x30, 0x3c, 0xf8, 0xb0, 0x30, 0x49, 0xf8, 0xb0, 0x38, 0x59,
    0xf8, 0xac, 0x38, 0x6d, 0xf8, 0xb0, 0x30, 0x7d, 0xf8, 0xac, 0x38, 0x8e,
    0xf8, 0xac, 0x38, 0xa2, 0xf8, 0xb0, 0x38, 0xb2, 0xf8, 0xb0, 0x38, 0xc3,
    0xf8, 0xb0, 0x38, 0xcf, 0xf8, 0xb0, 0x40, 0xdb, 0xf8, 0xb4, 0x40, 0xe3,
    0xf8, 0xb4, 0x40, 0xeb, 0xf8, 0xb4, 0x48, 0xf3, 0xf8, 0xb8, 0x50, 0xf7,
    0xf8, 0xb8, 0x58, 0xfb, 0xf8, 0xbc, 0x60, 0xfb, 0xf8, 0xc0, 0x68, 0xff,
    0xf8, 0xc4, 0x70, 0xff, 0xf8, 0xc8, 0x78, 0xf7, 0xf8, 0xcc, 0x88, 0x4d,
    0xf8, 0xcc, 0x88, 0x00, 0xf8, 0xcc, 0x70, 0x00, 0xf8, 0xcc, 0x80, 0x8e,
    0xf8, 0xc8, 0x78, 0xff, 0xf8, 0xc4, 0x70, 0xff, 0xf8, 0xc0, 0x60, 0xfb,
    0xf8, 0xbc, 0x58, 0xfb, 0xf8, 0xb8, 0x50, 0xf7, 0xf8, 0xb8, 0x48, 0xf3,
    0xf8, 0xb4, 0x48, 0xeb, 0xf8, 0xb4, 0x40, 0xe3, 0xf8, 0xb0, 0x40, 0xd7,
    0xf8, 0xb0, 0x40, 0xcb, 0xf8, 0xb0, 0x40, 0xbe, 0xf8, 0xb0, 0x38, 0xae,
    0xf8, 0xb0, 0x38, 0x9a, 0xf8, 0xb0, 0x38, 0x8a, 0xf8, 0xac, 0x38, 0x79,
    0xf8, 0xb0, 0x38, 0x65, 0xf8, 0xb0, 0x38, 0x55, 0xf8, 0xac, 0x30, 0x45,
    0xf8, 0xac, 0x30, 0x38, 0xf8, 0xb0, 0x38, 0x28, 0xf8, 0xb0, 0x30, 0x20,
    0xf8, 0xac, 0x38, 0x18, 0xf8, 0xb0, 0x38, 0x10, 0xf8, 0xac, 0x30, 0x08,
    0xf8, 0xac, 0x38, 0x04, 0xf8, 0xa4, 0x38, 0x04, 0xf8, 0xb4, 0x08, 0x00,
    0xf8, 0xfc, 0x00, 0x00, 0xf8, 0xdc, 0x00, 0x00, 0xf8, 0xfc, 0x00, 0x00,
    0xf8, 0xfc, 0x00, 0x00, 0x00, 0x00, 0x00, 0x00, 0x00, 0x00, 0x00, 0x00,
    0x00, 0x00, 0x00, 0x00, 0x00, 0x00, 0x00, 0x00, 0x00, 0x00, 0x00, 0x00,
    0x00, 0x00, 0x00, 0x00, 0x00, 0x00, 0x00, 0x00, 0x00, 0x00, 0x00, 0x00,
    0x00, 0x00, 0x00, 0x00, 0x00, 0x00, 0x00, 0x00, 0x00, 0x00, 0x00, 0x00,
    0x00, 0x00, 0x00, 0x00, 0x00, 0x00, 0x00, 0x00, 0xf8, 0xfc, 0x00, 0x00,
    0xf8, 0xfc, 0x00, 0x00, 0xf8, 0xfc, 0x00, 0x00, 0xf8, 0xfc, 0x00, 0x00,
    0xf8, 0xb8, 0x08, 0x00, 0xf8, 0xa4, 0x38, 0x04, 0xf8, 0xac, 0x30, 0x04,
    0xf8, 0xac, 0x30, 0x08, 0xf8, 0xb0, 0x30, 0x0c, 0xf8, 0xac, 0x38, 0x14,
    0xf8, 0xb0, 0x38, 0x20, 0xf8, 0xb0, 0x38, 0x28, 0xf8, 0xac, 0x30, 0x38,
    0xf8, 0xac, 0x30, 0x45, 0xf8, 0xb0, 0x38, 0x55, 0xf8, 0xb0, 0x30, 0x65,
    0xf8, 0xac, 0x38, 0x75, 0xf8, 0xb0, 0x38, 0x8a, 0xf8, 0xb0, 0x38, 0x9a,
    0xf8, 0xb0, 0x38, 0xaa, 0xf8, 0xb0, 0x38, 0xbe, 0xf8, 0xb0, 0x38, 0xcb,
    0xf8, 0xb0, 0x40, 0xd7, 0xf8, 0xb0, 0x40, 0xe3, 0xf8, 0xb4, 0x40, 0xeb,
    0xf8, 0xb4, 0x48, 0xef, 0xf8, 0xb8, 0x50, 0xf7, 0xf8, 0xb8, 0x50, 0xfb,
    0xf8, 0xbc, 0x58, 0xfb, 0xf8, 0xc0, 0x68, 0xff, 0xf8, 0xc4, 0x70, 0xff,
    0xf8, 0xcc, 0x78, 0xff, 0xf8, 0xcc, 0x80, 0x8a, 0xf8, 0xd0, 0x70, 0x00,
    0xf0, 0xcc, 0x98, 0x0c, 0xf8, 0xcc, 0x88, 0xbe, 0xf8, 0xc8, 0x78, 0xff,
    0xf8, 0xc4, 0x70, 0xff, 0xf8, 0xc0, 0x60, 0xfb, 0xf8, 0xbc, 0x58, 0xfb,
    0xf8, 0xb8, 0x50, 0xf7, 0xf8, 0xb8, 0x48, 0xef, 0xf8, 0xb4, 0x48, 0xe7,
    0xf8, 0xb4, 0x40, 0xdf, 0xf8, 0xb0, 0x40, 0xd7, 0xf8, 0xb0, 0x40, 0xc7,
    0xf8, 0xb0, 0x38, 0xba, 0xf8, 0xb0, 0x38, 0xaa, 0xf8, 0xac, 0x38, 0x96,
    0xf8, 0xb0, 0x38, 0x86, 0xf8, 0xac, 0x38, 0x71, 0xf8, 0xac, 0x30, 0x61,
    0xf8, 0xb0, 0x38, 0x4d, 0xf8, 0xb0, 0x38, 0x41, 0xf8, 0xac, 0x38, 0x30,
    0xf8, 0xb0, 0x38, 0x24, 0xf8, 0xac, 0x30, 0x1c, 0xf8, 0xb0, 0x38, 0x14,
    0xf8, 0xb0, 0x30, 0x0c, 0xf8, 0xac, 0x30, 0x08, 0xf8, 0xa8, 0x38, 0x04,
    0xf8, 0xa8, 0x18, 0x04, 0xf8, 0xf8, 0x00, 0x00, 0xf8, 0xfc, 0x00, 0x00,
    0xf8, 0xfc, 0x00, 0x00, 0xf8, 0xfc, 0x00, 0x00, 0x00, 0x00, 0x00, 0x00,
    0x00, 0x00, 0x00, 0x00, 0x00, 0x00, 0x00, 0x00, 0x00, 0x00, 0x00, 0x00,
    0x00, 0x00, 0x00, 0x00, 0x00, 0x00, 0x00, 0x00, 0x00, 0x00, 0x00, 0x00,
    0x00, 0x00, 0x00, 0x00, 0x00, 0x00, 0x00, 0x00, 0x00, 0x00, 0x00, 0x00,
    0x00, 0x00, 0x00, 0x00, 0x00, 0x00, 0x00, 0x00, 0x00, 0x00, 0x00, 0x00,
    0x00, 0x00, 0x00, 0x00, 0x00, 0x00, 0x00, 0x00, 0xf8, 0xfc, 0x00, 0x00,
    0xf8, 0xfc, 0x00, 0x00, 0xf8, 0xfc, 0x00, 0x00, 0xf8, 0xf4, 0x00, 0x00,
    0xf8, 0xa8, 0x18, 0x04, 0xf8, 0xa8, 0x40, 0x04, 0xf8, 0xac, 0x30, 0x08,
    0xf8, 0xb0, 0x38, 0x0c, 0xf8, 0xac, 0x38, 0x14, 0xf8, 0xac, 0x30, 0x1c,
    0xf8, 0xb0, 0x30, 0x24, 0xf8, 0xac, 0x38, 0x30, 0xf8, 0xac, 0x38, 0x3c,
    0xf8, 0xac, 0x30, 0x4d, 0xf8, 0xb0, 0x38, 0x5d, 0xf8, 0xb0, 0x38, 0x71,
    0xf8, 0xac, 0x38, 0x82, 0xf8, 0xac, 0x30, 0x96, 0xf8, 0xb0, 0x38, 0xa6,
    0xf8, 0xb0, 0x38, 0xb6, 0xf8, 0xb0, 0x38, 0xc7, 0xf8, 0xb0, 0x38, 0xd3,
    0xf8, 0xb0, 0x40, 0xdf, 0xf8, 0xb4, 0x40, 0xe7, 0xf8, 0xb4, 0x40, 0xef,
    0xf8, 0xb8, 0x48, 0xf7, 0xf8, 0xb8, 0x50, 0xfb, 0xf8, 0xbc, 0x58, 0xfb,
    0xf8, 0xc0, 0x60, 0xff, 0xf8, 0xc4, 0x70, 0xff, 0xf8, 0xc8, 0x78, 0xff,
    0xf8, 0xcc, 0x80, 0xbe, 0xf0, 0xc8, 0x90, 0x0c, 0xf8, 0xcc, 0x88, 0x2c,
    0xf8, 0xcc, 0x80, 0xe3, 0xf8, 0xc8, 0x78, 0xff, 0xf8, 0xc0, 0x68, 0xfb,
    0xf8, 0xc0, 0x60, 0xfb, 0xf8, 0xbc, 0x58, 0xfb, 0xf8, 0xb8, 0x50, 0xf3,
    0xf8, 0xb8, 0x48, 0xef, 0xf8, 0xb4, 0x48, 0xe7, 0xf8, 0xb0, 0x40, 0xdb,
    0xf8, 0xb0, 0x40, 0xd3, 0xf8, 0xb0, 0x38, 0xc3, 0xf8, 0xb0, 0x38, 0xb6,
    0xf8, 0xac, 0x38, 0xa6, 0xf8, 0xb0, 0x38, 0x92, 0xf8, 0xac, 0x38, 0x82,
    0xf8, 0xb0, 0x30, 0x6d, 0xf8, 0xac, 0x38, 0x59, 0xf8, 0xac, 0x30, 0x49,
    0xf8, 0xac, 0x30, 0x3c, 0xf8, 0xb0, 0x38, 0x2c, 0xf8, 0xac, 0x30, 0x20,
    0xf8, 0xac, 0x30, 0x18, 0xf8, 0xb0, 0x38, 0x10, 0xf8, 0xac, 0x30, 0x08,
    0xf8, 0xac, 0x38, 0x04, 0xf8, 0xa4, 0x38, 0x04, 0xf8, 0xc8, 0x00, 0x00,
    0xf8, 0xfc, 0x00, 0x00, 0xf8, 0xfc, 0x00, 0x00, 0xf8, 0xfc, 0x00, 0x00,
    0x00, 0x00, 0x00, 0x00, 0x00, 0x00, 0x00, 0x00, 0x00, 0x00, 0x00, 0x00,
    0x00, 0x00, 0x00, 0x00, 0x00, 0x00, 0x00, 0x00, 0x00, 0x00, 0x00, 0x00,
    0x00, 0x00, 0x00, 0x00, 0x00, 0x00, 0x00, 0x00, 0x00, 0x00, 0x00, 0x00,
    0x00, 0x00, 0x00, 0x00, 0x00, 0x00, 0x00, 0x00, 0x00, 0x00, 0x00, 0x00,
    0x00, 0x00, 0x00, 0x00, 0x00, 0x00, 0x00, 0x00, 0x00, 0x00, 0x00, 0x00,
    0x00, 0x00, 0x00, 0x00, 0x00, 0x00, 0x00, 0x00, 0xf8, 0xfc, 0x00, 0x00,
    0xf8, 0xfc, 0x00, 0x00, 0xf8, 0xfc, 0x00, 0x00, 0xf8, 0xc8, 0x00, 0x00,
    0xf8, 0xa4, 0x38, 0x04, 0xf8, 0xa8, 0x38, 0x04, 0xf8, 0xb0, 0x30, 0x08,
    0xf8, 0xb0, 0x30, 0x10, 0xf8, 0xac, 0x38, 0x18, 0xf8, 0xac, 0x30, 0x20,
    0xf8, 0xb0, 0x38, 0x2c, 0xf8, 0xb0, 0x30, 0x3c, 0xf8, 0xac, 0x30, 0x49,
    0xf8, 0xac, 0x38, 0x59, 0xf8, 0xb0, 0x30, 0x6d, 0xf8, 0xac, 0x38, 0x7d,
    0xf8, 0xac, 0x38, 0x92, 0xf8, 0xac, 0x38, 0xa6, 0xf8, 0xac, 0x38, 0xb6,
    0xf8, 0xb0, 0x38, 0xc3, 0xf8, 0xb0, 0x38, 0xcf, 0xf8, 0xb0, 0x40, 0xdf,
    0xf8, 0xb4, 0x40, 0xe7, 0xf8, 0xb4, 0x48, 0xef, 0xf8, 0xb4, 0x48, 0xf3,
    0xf8, 0xb8, 0x50, 0xf7, 0xf8, 0xbc, 0x58, 0xfb, 0xf8, 0xbc, 0x60, 0xfb,
    0xf8, 0xc0, 0x68, 0xff, 0xf8, 0xc8, 0x78, 0xff, 0xf8, 0xcc, 0x80, 0xe3,
    0xf8, 0xcc, 0x88, 0x2c, 0xf8, 0xcc, 0x88, 0x51, 0xf8, 0xc8, 0x78, 0xf7,
    0xf8, 0xc4, 0x70, 0xff, 0xf8, 0xc0, 0x68, 0xff, 0xf8, 0xbc, 0x60, 0xfb,
    0xf8, 0xbc, 0x58, 0xf7, 0xf8, 0xb8, 0x50, 0xf3, 0xf8, 0xb4, 0x48, 0xef,
    0xf8, 0xb4, 0x48, 0xe7, 0xf8, 0xb0, 0x40, 0xdb, 0xf8, 0xb0, 0x40, 0xcf,
    0xf8, 0xb0, 0x38, 0xc3, 0xf8, 0xb0, 0x38, 0xb2, 0xf8, 0xb0, 0x38, 0xa2,
    0xf8, 0xac, 0x38, 0x8e, 0xf8, 0xb0, 0x38, 0x79, 0xf8, 0xb0, 0x38, 0x69,
    0xf8, 0xb0, 0x38, 0x55, 0xf8, 0xac, 0x38, 0x45, 0xf8, 0xac, 0x30, 0x38,
    0xf8, 0xb0, 0x38, 0x2c, 0xf8, 0xac, 0x30, 0x20, 0xf8, 0xac, 0x38, 0x14,
    0xf8, 0xb0, 0x38, 0x10, 0xf8, 0xac, 0x30, 0x08, 0xf8, 0xa8, 0x38, 0x04,
    0xf8, 0xa8, 0x20, 0x04, 0xf8, 0xf4, 0x00, 0x00, 0xf8, 0xc8, 0x00, 0x00,
    0xf8, 0xfc, 0x00, 0x00, 0x00, 0x00, 0x00, 0x00, 0x00, 0x00, 0x00, 0x00,
    0x00, 0x00, 0x00, 0x00, 0x00, 0x00, 0x00, 0x00, 0x00, 0x00, 0x00, 0x00,
    0x00, 0x00, 0x00, 0x00, 0x00, 0x00, 0x00, 0x00, 0x00, 0x00, 0x00, 0x00,
    0x00, 0x00, 0x00, 0x00, 0x00, 0x00, 0x00, 0x00, 0x00, 0x00, 0x00, 0x00,
    0x00, 0x00, 0x00, 0x00, 0x00, 0x00, 0x00, 0x00, 0x00, 0x00, 0x00, 0x00,
    0x00, 0x00, 0x00, 0x00, 0x00, 0x00, 0x00, 0x00, 0x00, 0x00, 0x00, 0x00,
    0x00, 0x00, 0x00, 0x00, 0xf8, 0xfc, 0x00, 0x00, 0xf8, 0xfc, 0x00, 0x00,
    0xf8, 0xd0, 0x00, 0x00, 0xf8, 0xf8, 0x00, 0x00, 0xf8, 0xa8, 0x18, 0x04,
    0xf8, 0xa8, 0x38, 0x04, 0xf8, 0xac, 0x30, 0x08, 0xf8, 0xb0, 0x38, 0x0c,
    0xf8, 0xac, 0x38, 0x14, 0xf8, 0xac, 0x30, 0x20, 0xf8, 0xb0, 0x38, 0x28,
    0xf8, 0xac, 0x38, 0x38, 0xf8, 0xb0, 0x30, 0x45, 0xf8, 0xac, 0x38, 0x55,
    0xf8, 0xb0, 0x38, 0x69, 0xf8, 0xb0, 0x30, 0x79, 0xf8, 0xb0, 0x38, 0x8e,
    0xf8, 0xb0, 0x38, 0x9e, 0xf8, 0xac, 0x38, 0xb2, 0xf8, 0xb0, 0x38, 0xc3,
    0xf8, 0xb0, 0x38, 0xcf, 0xf8, 0xb0, 0x40, 0xdb, 0xf8, 0xb0, 0x40, 0xe3,
    0xf8, 0xb4, 0x40, 0xef, 0xf8, 0xb4, 0x48, 0xf3, 0xf8, 0xb8, 0x50, 0xf7,
    0xf8, 0xb8, 0x58, 0xfb, 0xf8, 0xbc, 0x60, 0xff, 0xf8, 0xc0, 0x68, 0xff,
    0xf8, 0xc8, 0x70, 0xff, 0xf8, 0xc8, 0x80, 0xf7, 0xf8, 0xc8, 0x88, 0x51,
    0xf0, 0xc8, 0x88, 0x7d, 0xf8, 0xc8, 0x80, 0xff, 0xf8, 0xc4, 0x70, 0xff,
    0xf8, 0xc0, 0x68, 0xfb, 0xf8, 0xc0, 0x58, 0xfb, 0xf8, 0xb8, 0x50, 0xf7,
    0xf8, 0xb4, 0x50, 0xf3, 0xf8, 0xb4, 0x48, 0xef, 0xf8, 0xb4, 0x40, 0xe3,
    0xf8, 0xb0, 0x40, 0xdb, 0xf8, 0xb0, 0x40, 0xcf, 0xf8, 0xb0, 0x38, 0xbe,
    0xf8, 0xb0, 0x38, 0xb2, 0xf8, 0xac, 0x38, 0x9e, 0xf8, 0xb0, 0x38, 0x8a,
    0xf8, 0xb0, 0x30, 0x79, 0xf8, 0xb0, 0x38, 0x65, 0xf8, 0xac, 0x30, 0x55,
    0xf8, 0xb0, 0x38, 0x41, 0xf8, 0xac, 0x38, 0x34, 0xf8, 0xb0, 0x38, 0x28,
    0xf8, 0xac, 0x30, 0x1c, 0xf8, 0xb0, 0x38, 0x14, 0xf8, 0xb0, 0x30, 0x0c,
    0xf8, 0xac, 0x30, 0x08, 0xf8, 0xa8, 0x38, 0x04, 0xf8, 0xb8, 0x08, 0x00,
    0xf8, 0xfc, 0x00, 0x00, 0xf8, 0xfc, 0x00, 0x00, 0xf8, 0xfc, 0x00, 0x00,
    0x00, 0x00, 0x00, 0x00, 0x00, 0x00, 0x00, 0x00, 0x00, 0x00, 0x00, 0x00,
    0x00, 0x00, 0x00, 0x00, 0x00, 0x00, 0x00, 0x00, 0x00, 0x00, 0x00, 0x00,
    0x00, 0x00, 0x00, 0x00, 0x00, 0x00, 0x00, 0x00, 0x00, 0x00, 0x00, 0x00,
    0x00, 0x00, 0x00, 0x00, 0x00, 0x00, 0x00, 0x00, 0x00, 0x00, 0x00, 0x00,
    0x00, 0x00, 0x00, 0x00, 0x00, 0x00, 0x00, 0x00, 0x00, 0x00, 0x00, 0x00,
    0x00, 0x00, 0x00, 0x00, 0x00, 0x00, 0x00, 0x00, 0x00, 0x00, 0x00, 0x00,
    0x00, 0x00, 0x00, 0x00, 0xf8, 0xfc, 0x00, 0x00, 0xf8, 0xfc, 0x00, 0x00,
    0xf8, 0xfc, 0x00, 0x00, 0xf8, 0xbc, 0x08, 0x00, 0xf8, 0xa8, 0x38, 0x04,
    0xf8, 0xac, 0x30, 0x08, 0xf8, 0xb0, 0x30, 0x0c, 0xf8, 0xb0, 0x30, 0x14,
    0xf8, 0xb0, 0x30, 0x1c, 0xf8, 0xac, 0x38, 0x28, 0xf8, 0xac, 0x38, 0x34,
    0xf8, 0xb0, 0x30, 0x41, 0xf8, 0xac, 0x30, 0x51, 0xf8, 0xac, 0x38, 0x65,
    0xf8, 0xb0, 0x38, 0x79, 0xf8, 0xac, 0x30, 0x8a, 0xf8, 0xb0, 0x38, 0x9e,
    0xf8, 0xb0, 0x38, 0xae, 0xf8, 0xb0, 0x38, 0xbe, 0xf8, 0xb0, 0x38, 0xcb,
    0xf8, 0xb0, 0x38, 0xdb, 0xf8, 0xb0, 0x40, 0xe3, 0xf8, 0xb0, 0x40, 0xeb,
    0xf8, 0xb4, 0x48, 0xf3, 0xf8, 0xb8, 0x50, 0xf7, 0xf8, 0xb8, 0x50, 0xfb,
    0xf8, 0xbc, 0x58, 0xff, 0xf8, 0xc0, 0x68, 0xff, 0xf8, 0xc4, 0x70, 0xff,
    0xf8, 0xc8, 0x80, 0xff, 0xf0, 0xc8, 0x88, 0x7d, 0xf8, 0xcc, 0x80, 0x96,
    0xf8, 0xc8, 0x78, 0xff, 0xf8, 0xc4, 0x70, 0xff, 0xf8, 0xc0, 0x60, 0xfb,
    0xf8, 0xbc, 0x58, 0xfb, 0xf8, 0xb8, 0x50, 0xfb, 0xf8, 0xb8, 0x50, 0xf3,
    0xf8, 0xb4, 0x48, 0xeb, 0xf8, 0xb4, 0x40, 0xe3, 0xf8, 0xb4, 0x40, 0xdb,
    0xf8, 0xb0, 0x38, 0xcb, 0xf8, 0xb0, 0x38, 0xbe, 0xf8, 0xb0, 0x38, 0xae,
    0xf8, 0xac, 0x38, 0x9a, 0xf8, 0xac, 0x38, 0x8a, 0xf8, 0xac, 0x38, 0x75,
    0xf8, 0xb0, 0x30, 0x65, 0xf8, 0xac, 0x38, 0x51, 0xf8, 0xac, 0x30, 0x41,
    0xf8, 0xac, 0x30, 0x30, 0xf8, 0xb0, 0x30, 0x28, 0xf8, 0xac, 0x38, 0x1c,
    0xf8, 0xac, 0x38, 0x10, 0xf8, 0xb0, 0x30, 0x0c, 0xf8, 0xa8, 0x38, 0x04,
    0xf8, 0xa8, 0x38, 0x04, 0xf8, 0xd4, 0x00, 0x00, 0xf8, 0xfc, 0x00, 0x00,
    0xf8, 0xfc, 0x00, 0x00, 0x00, 0x00, 0x00, 0x00, 0x00, 0x00, 0x00, 0x00,
    0x00, 0x00, 0x00, 0x00, 0x00, 0x00, 0x00, 0x00, 0x00, 0x00, 0x00, 0x00,
    0x00, 0x00, 0x00, 0x00, 0x00, 0x00, 0x00, 0x00, 0x00, 0x00, 0x00, 0x00,
    0x00, 0x00, 0x00, 0x00, 0x00, 0x00, 0x00, 0x00, 0x00, 0x00, 0x00, 0x00,
    0x00, 0x00, 0x00, 0x00, 0x00, 0x00, 0x00, 0x00, 0x00, 0x00, 0x00, 0x00,
    0x00, 0x00, 0x00, 0x00, 0x00, 0x00, 0x00, 0x00, 0x00, 0x00, 0x00, 0x00,
    0x00, 0x00, 0x00, 0x00, 0x00, 0x00, 0x00, 0x00, 0x00, 0x00, 0x00, 0x00,
    0x00, 0x00, 0x00, 0x00, 0xf8, 0xfc, 0x00, 0x00, 0xf8, 0xfc, 0x00, 0x00,
    0xf8, 0xdc, 0x00, 0x00, 0xf8, 0xa8, 0x30, 0x04, 0xf8, 0xac, 0x30, 0x04,
    0xf8, 0xb0, 0x38, 0x0c, 0xf8, 0xb0, 0x38, 0x14, 0xf8, 0xac, 0x30, 0x18,
    0xf8, 0xac, 0x30, 0x24, 0xf8, 0xac, 0x38, 0x30, 0xf8, 0xac, 0x38, 0x41,
    0xf8, 0xb0, 0x30, 0x4d, 0xf8, 0xb0, 0x38, 0x61, 0xf8, 0xac, 0x38, 0x75,
    0xf8, 0xac, 0x38, 0x86, 0xf8, 0xac, 0x38, 0x9a, 0xf8, 0xb0, 0x38, 0xae,
    0xf8, 0xb0, 0x38, 0xbe, 0xf8, 0xb0, 0x38, 0xcb, 0xf8, 0xb0, 0x38, 0xd7,
    0xf8, 0xb0, 0x40, 0xe3, 0xf8, 0xb4, 0x40, 0xeb, 0xf8, 0xb4, 0x48, 0xf3,
    0xf8, 0xb8, 0x48, 0xf7, 0xf8, 0xb8, 0x50, 0xfb, 0xf8, 0xbc, 0x58, 0xfb,
    0xf8, 0xc0, 0x68, 0xff, 0xf8, 0xc4, 0x70, 0xff, 0xf8, 0xcc, 0x78, 0xff,
    0xf8, 0xcc, 0x88, 0x96, 0xf8, 0xcc, 0x80, 0xc3, 0xf8, 0xc8, 0x78, 0xff,
    0xf8, 0xc4, 0x70, 0xff, 0xf8, 0xc0, 0x60, 0xff, 0xf8, 0xbc, 0x58, 0xfb,
    0xf8, 0xb8, 0x50, 0xf7, 0xf8, 0xb8, 0x48, 0xf3, 0xf8, 0xb4, 0x48, 0xeb,
    0xf8, 0xb4, 0x40, 0xe3, 0xf8, 0xb0, 0x40, 0xd7, 0xf8, 0xb0, 0x40, 0xcb,
    0xf8, 0xb0, 0x38, 0xbe, 0xf8, 0xb0, 0x38, 0xaa, 0xf8, 0xb0, 0x38, 0x9a,
    0xf8, 0xb0, 0x30, 0x86, 0xf8, 0xac, 0x38, 0x75, 0xf8, 0xb0, 0x38, 0x61,
    0xf8, 0xb0, 0x30, 0x4d, 0xf8, 0xac, 0x38, 0x41, 0xf8, 0xb0, 0x38, 0x30,
    0xf8, 0xac, 0x38, 0x24, 0xf8, 0xb0, 0x30, 0x1c, 0xf8, 0xb0, 0x30, 0x10,
    0xf8, 0xac, 0x30, 0x0c, 0xf8, 0xac, 0x30, 0x04, 0xf8, 0xa4, 0x28, 0x04,
    0xf8, 0xdc, 0x00, 0x00, 0xf8, 0xa4, 0x00, 0x00, 0xf8, 0xfc, 0x00, 0x00,
    0x00, 0x00, 0x00, 0x00, 0x00, 0x00, 0x00, 0x00, 0x00, 0x00, 0x00, 0x00,
    0x00, 0x00, 0x00, 0x00, 0x00, 0x00, 0x00, 0x00, 0x00, 0x00, 0x00, 0x00,
    0x00, 0x00, 0x00, 0x00, 0x00, 0x00, 0x00, 0x00, 0x00, 0x00, 0x00, 0x00,
    0x00, 0x00, 0x00, 0x00, 0x00, 0x00, 0x00, 0x00, 0x00, 0x00, 0x00, 0x00,
    0x00, 0x00, 0x00, 0x00, 0x00, 0x00, 0x00, 0x00, 0x00, 0x00, 0x00, 0x00,
    0x00, 0x00, 0x00, 0x00, 0x00, 0x00, 0x00, 0x00, 0x00, 0x00, 0x00, 0x00,
    0x00, 0x00, 0x00, 0x00, 0x00, 0x00, 0x00, 0x00, 0x00, 0x00, 0x00, 0x00,
    0xf8, 0xfc, 0x00, 0x00, 0xf8, 0xc4, 0x00, 0x00, 0xf8, 0xe8, 0x00, 0x00,
    0xf8, 0xa4, 0x28, 0x04, 0xf8, 0xa8, 0x30, 0x04, 0xf8, 0xb0, 0x30, 0x08,
    0xf8, 0xac, 0x30, 0x10, 0xf8, 0xac, 0x38, 0x18, 0xf8, 0xb0, 0x38, 0x24,
    0xf8, 0xac, 0x30, 0x30, 0xf8, 0xac, 0x38, 0x41, 0xf8, 0xac, 0x30, 0x4d,
    0xf8, 0xb0, 0x38, 0x5d, 0xf8, 0xac, 0x30, 0x71, 0xf8, 0xb0, 0x30, 0x86,
    0xf8, 0xb0, 0x38, 0x9a, 0xf8, 0xb0, 0x38, 0xaa, 0xf8, 0xac, 0x38, 0xba,
    0xf8, 0xb0, 0x38, 0xcb, 0xf8, 0xb0, 0x38, 0xd7, 0xf8, 0xb0, 0x40, 0xe3,
    0xf8, 0xb0, 0x40, 0xeb, 0xf8, 0xb4, 0x40, 0xf3, 0xf8, 0xb8, 0x48, 0xf7,
    0xf8, 0xb8, 0x50, 0xfb, 0xf8, 0xbc, 0x58, 0xff, 0xf8, 0xc0, 0x60, 0xff,
    0xf8, 0xc4, 0x70, 0xfb, 0xf8, 0xc8, 0x78, 0xff, 0xf8, 0xcc, 0x80, 0xc3,
    0xf8, 0xcc, 0x80, 0xc3, 0xf8, 0xc8, 0x78, 0xff, 0xf8, 0xc4, 0x70, 0xff,
    0xf8, 0xc0, 0x60, 0xfb, 0xf8, 0xbc, 0x58, 0xfb, 0xf8, 0xb8, 0x50, 0xf7,
    0xf8, 0xb4, 0x48, 0xf3, 0xf8, 0xb4, 0x40, 0xeb, 0xf8, 0xb0, 0x40, 0xe3,
    0xf8, 0xb0, 0x40, 0xd7, 0xf8, 0xb0, 0x38, 0xcb, 0xf8, 0xb0, 0x38, 0xbe,
    0xf8, 0xb0, 0x38, 0xae, 0xf8, 0xac, 0x38, 0x9a, 0xf8, 0xb0, 0x38, 0x86,
    0xf8, 0xb0, 0x30, 0x75, 0xf8, 0xac, 0x38, 0x61, 0xf8, 0xb0, 0x30, 0x4d,
    0xf8, 0xb0, 0x30, 0x41, 0xf8, 0xac, 0x38, 0x30, 0xf8, 0xac, 0x38, 0x24,
    0xf8, 0xac, 0x38, 0x18, 0xf8, 0xb0, 0x38, 0x10, 0xf8, 0xb0, 0x30, 0x0c,
    0xf8, 0xac, 0x30, 0x08, 0xf8, 0xb0, 0x30, 0x00, 0xf8, 0xf8, 0x00, 0x00,
    0xf8, 0xec, 0x00, 0x00, 0xf8, 0xfc, 0x00, 0x00, 0x00, 0x00, 0x00, 0x00,
    0x00, 0x00, 0x00, 0x00, 0x00, 0x00, 0x00, 0x00, 0x00, 0x00, 0x00, 0x00,
    0x00, 0x00, 0x00, 0x00, 0x00, 0x00, 0x00, 0x00, 0x00, 0x00, 0x00, 0x00,
    0x00, 0x00, 0x00, 0x00, 0x00, 0x00, 0x00, 0x00, 0x00, 0x00, 0x00, 0x00,
    0x00, 0x00, 0x00, 0x00, 0x00, 0x00, 0x00, 0x00, 0x00, 0x00, 0x00, 0x00,
    0x00, 0x00, 0x00, 0x00, 0x00, 0x00, 0x00, 0x00, 0x00, 0x00, 0x00, 0x00,
    0x00, 0x00, 0x00, 0x00, 0x00, 0x00, 0x00, 0x00, 0x00, 0x00, 0x00, 0x00,
    0x00, 0x00, 0x00, 0x00, 0x00, 0x00, 0x00, 0x00, 0xf8, 0xfc, 0x00, 0x00,
    0xf8, 0xec, 0x00, 0x00, 0xf8, 0xf8, 0x00, 0x00, 0xf8, 0xac, 0x28, 0x04,
    0xf8, 0xac, 0x30, 0x04, 0xf8, 0xac, 0x30, 0x0c, 0xf8, 0xb0, 0x38, 0x10,
    0xf8, 0xb0, 0x30, 0x18, 0xf8, 0xac, 0x30, 0x24, 0xf8, 0xac, 0x38, 0x30,
    0xf8, 0xb0, 0x30, 0x3c, 0xf8, 0xb0, 0x38, 0x4d, 0xf8, 0xac, 0x30, 0x5d,
    0xf8, 0xac, 0x38, 0x71, 0xf8, 0xb0, 0x38, 0x86, 0xf8, 0xac, 0x30, 0x9a,
    0xf8, 0xac, 0x38, 0xaa, 0xf8, 0xb0, 0x38, 0xba, 0xf8, 0xb0, 0x38, 0xc7,
    0xf8, 0xb0, 0x38, 0xd7, 0xf8, 0xb0, 0x40, 0xdf, 0xf8, 0xb4, 0x40, 0xeb,
    0xf8, 0xb4, 0x48, 0xf3, 0xf8, 0xb4, 0x48, 0xf7, 0xf8, 0xb8, 0x50, 0xfb,
    0xf8, 0xbc, 0x58, 0xfb, 0xf8, 0xc0, 0x60, 0xff, 0xf8, 0xc4, 0x70, 0xff,
    0xf8, 0xc8, 0x78, 0xff, 0xf8, 0xcc, 0x80, 0xc3, 0xf8, 0xcc, 0x80, 0xcf,
    0xf8, 0xc8, 0x78, 0xff, 0xf8, 0xc4, 0x68, 0xff, 0xf8, 0xc0, 0x60, 0xfb,
    0xf8, 0xbc, 0x58, 0xfb, 0xf8, 0xb8, 0x50, 0xf7, 0xf8, 0xb4, 0x48, 0xf3,
    0xf8, 0xb4, 0x48, 0xeb, 0xf8, 0xb4, 0x40, 0xe3, 0xf8, 0xb0, 0x40, 0xd7,
    0xf8, 0xb0, 0x38, 0xcb, 0xf8, 0xb0, 0x38, 0xba, 0xf8, 0xb0, 0x38, 0xae,
    0xf8, 0xac, 0x38, 0x9a, 0xf8, 0xac, 0x38, 0x86, 0xf8, 0xb0, 0x38, 0x71,
    0xf8, 0xac, 0x38, 0x61, 0xf8, 0xac, 0x30, 0x4d, 0xf8, 0xb0, 0x30, 0x3c,
    0xf8, 0xac, 0x38, 0x30, 0xf8, 0xac, 0x30, 0x24, 0xf8, 0xac, 0x38, 0x18,
    0xf8, 0xb0, 0x38, 0x10, 0xf8, 0xb0, 0x38, 0x0c, 0xf8, 0xb0, 0x30, 0x04,
    0xf8, 0xb0, 0x30, 0x04, 0xf8, 0xfc, 0x00, 0x00, 0xf8, 0xf8, 0x00, 0x00,
    0x00, 0x00, 0x00, 0x00, 0x00, 0x00, 0x00, 0x00, 0x00, 0x00, 0x00, 0x00,
    0x00, 0x00, 0x00, 0x00, 0x00, 0x00, 0x00, 0x00, 0x00, 0x00, 0x00, 0x00,
    0x00, 0x00, 0x00, 0x00, 0x00, 0x00, 0x00, 0x00, 0x00, 0x00, 0x00, 0x00,
    0x00, 0x00, 0x00, 0x00, 0x00, 0x00, 0x00, 0x00, 0x00, 0x00, 0x00, 0x00,
    0x00, 0x00, 0x00, 0x00, 0x00, 0x00, 0x00, 0x00, 0x00, 0x00, 0x00, 0x00,
    0x00, 0x00, 0x00, 0x00, 0x00, 0x00, 0x00, 0x00, 0x00, 0x00, 0x00, 0x00,
    0x00, 0x00, 0x00, 0x00, 0x00, 0x00, 0x00, 0x00, 0x00, 0x00, 0x00, 0x00,
    0x00, 0x00, 0x00, 0x00, 0x00, 0x00, 0x00, 0x00, 0xf8, 0xfc, 0x00, 0x00,
    0xf8, 0xfc, 0x00, 0x00, 0xf8, 0xb4, 0x28, 0x00, 0xf8, 0xac, 0x30, 0x04,
    0xf8, 0xac, 0x30, 0x0c, 0xf8, 0xac, 0x38, 0x10, 0xf8, 0xac, 0x38, 0x18,
    0xf8, 0xac, 0x30, 0x24, 0xf8, 0xb0, 0x38, 0x30, 0xf8, 0xac, 0x30, 0x3c,
    0xf8, 0xb0, 0x38, 0x4d, 0xf8, 0xac, 0x30, 0x5d, 0xf8, 0xb0, 0x38, 0x71,
    0xf8, 0xac, 0x38, 0x86, 0xf8, 0xb0, 0x30, 0x96, 0xf8, 0xac, 0x38, 0xaa,
    0xf8, 0xb0, 0x38, 0xba, 0xf8, 0xb0, 0x38, 0xcb, 0xf8, 0xb0, 0x38, 0xd7,
    0xf8, 0xb0, 0x40, 0xdf, 0xf8, 0xb4, 0x40, 0xeb, 0xf8, 0xb4, 0x40, 0xef,
    0xf8, 0xb8, 0x48, 0xf7, 0xf8, 0xb8, 0x50, 0xfb, 0xf8, 0xbc, 0x58, 0xfb,
    0xf8, 0xc0, 0x60, 0xff, 0xf8, 0xc4, 0x68, 0xff, 0xf8, 0xc8, 0x78, 0xff,
    0xf8, 0xcc, 0x80, 0xcf, 0xf8, 0xc8, 0x88, 0xfb, 0xf8, 0xc8, 0x78, 0xff,
    0xf8, 0xc4, 0x68, 0xff, 0xf8, 0xc0, 0x60, 0xff, 0xf8, 0xbc, 0x58, 0xfb,
    0xf8, 0xb8, 0x50, 0xf7, 0xf8, 0xb8, 0x48, 0xf3, 0xf8, 0xb4, 0x48, 0xeb,
    0xf8, 0xb0, 0x40, 0xe3, 0xf8, 0xb0, 0x40, 0xd7, 0xf8, 0xb0, 0x38, 0xcb,
    0xf8, 0xb0, 0x38, 0xba, 0xf8, 0xb0, 0x38, 0xaa, 0xf8, 0xac, 0x38, 0x9a,
    0xf8, 0xb0, 0x30, 0x86, 0xf8, 0xb0, 0x38, 0x75, 0xf8, 0xac, 0x30, 0x61,
    0xf8, 0xb0, 0x38, 0x4d, 0xf8, 0xb0, 0x38, 0x41, 0xf8, 0xac, 0x38, 0x30,
    0xf8, 0xac, 0x30, 0x24, 0xf8, 0xac, 0x30, 0x1c, 0xf8, 0xb0, 0x38, 0x10,
    0xf8, 0xb0, 0x30, 0x0c, 0xf8, 0xac, 0x30, 0x04, 0xf8, 0xa8, 0x30, 0x04,
    0xf8, 0xe0, 0x00, 0x00, 0xf8, 0xb8, 0x00, 0x00, 0xf8, 0xfc, 0x00, 0x00,
    0x00, 0x00, 0x00, 0x00, 0x00, 0x00, 0x00, 0x00, 0x00, 0x00, 0x00, 0x00,
    0x00, 0x00, 0x00, 0x00, 0x00, 0x00, 0x00, 0x00, 0x00, 0x00, 0x00, 0x00,
    0x00, 0x00, 0x00, 0x00, 0x00, 0x00, 0x00, 0x00, 0x00, 0x00, 0x00, 0x00,
    0x00, 0x00, 0x00, 0x00, 0x00, 0x00, 0x00, 0x00, 0x00, 0x00, 0x00, 0x00,
    0x00, 0x00, 0x00, 0x00, 0x00, 0x00, 0x00, 0x00, 0x00, 0x00, 0x00, 0x00,
    0x00, 0x00, 0x00, 0x00, 0x00, 0x00, 0x00, 0x00, 0x00, 0x00, 0x00, 0x00,
    0x00, 0x00, 0x00, 0x00, 0x00, 0x00, 0x00, 0x00, 0x00, 0x00, 0x00, 0x00,
    0xf8, 0xfc, 0x00, 0x00, 0xf8, 0xe0, 0x00, 0x00, 0xf8, 0xe8, 0x00, 0x00,
    0xf8, 0xa8, 0x28, 0x04, 0xf8, 0xa8, 0x30, 0x04, 0xf8, 0xb0, 0x30, 0x0c,
    0xf8, 0xb0, 0x38, 0x10, 0xf8, 0xac, 0x38, 0x18, 0xf8, 0xac, 0x30, 0x24,
    0xf8, 0xac, 0x38, 0x30, 0xf8, 0xb0, 0x38, 0x3c, 0xf8, 0xac, 0x30, 0x4d,
    0xf8, 0xac, 0x30, 0x5d, 0xf8, 0xac, 0x38, 0x71, 0xf8, 0xb0, 0x38, 0x86,
    0xf8, 0xac, 0x30, 0x96, 0xf8, 0xb0, 0x38, 0xaa, 0xf8, 0xac, 0x38, 0xba,
    0xf8, 0xb0, 0x38, 0xcb, 0xf8, 0xb0, 0x38, 0xd7, 0xf8, 0xb0, 0x40, 0xdf,
    0xf8, 0xb4, 0x40, 0xeb, 0xf8, 0xb4, 0x48, 0xf3, 0xf8, 0xb4, 0x48, 0xf7,
    0xf8, 0xb8, 0x50, 0xfb, 0xf8, 0xbc, 0x58, 0xff, 0xf8, 0xbc, 0x60, 0xff,
    0xf8, 0xc0, 0x68, 0xff, 0xf8, 0xc8, 0x78, 0xff, 0xf8, 0xcc, 0x80, 0xfb,
    0xf8, 0xc8, 0x88, 0xff, 0xf8, 0xc8, 0x78, 0xff, 0xf8, 0xc4, 0x68, 0xff,
    0xf8, 0xbc, 0x60, 0xfb, 0xf8, 0xbc, 0x58, 0xfb, 0xf8, 0xb8, 0x50, 0xf7,
    0xf8, 0xb4, 0x48, 0xf3, 0xf8, 0xb4, 0x40, 0xeb, 0xf8, 0xb0, 0x40, 0xe3,
    0xf8, 0xb0, 0x40, 0xd7, 0xf8, 0xb0, 0x38, 0xcb, 0xf8, 0xb0, 0x38, 0xbe,
    0xf8, 0xb0, 0x38, 0xae, 0xf8, 0xac, 0x38, 0x9e, 0xf8, 0xb0, 0x30, 0x86,
    0xf8, 0xac, 0x38, 0x75, 0xf8, 0xac, 0x38, 0x61, 0xf8, 0xac, 0x30, 0x51,
    0xf8, 0xac, 0x38, 0x41, 0xf8, 0xac, 0x38, 0x30, 0xf8, 0xb0, 0x38, 0x24,
    0xf8, 0xb0, 0x30, 0x1c, 0xf8, 0xac, 0x30, 0x14, 0xf8, 0xb0, 0x30, 0x0c,
    0xf8, 0xa8, 0x38, 0x04, 0xf8, 0xa8, 0x30, 0x04, 0xf8, 0xd4, 0x00, 0x00,
    0xf8, 0xfc, 0x00, 0x00, 0xf8, 0xfc, 0x00, 0x00, 0x00, 0x00, 0x00, 0x00,
    0x00, 0x00, 0x00, 0x00, 0x00, 0x00, 0x00, 0x00, 0x00, 0x00, 0x00, 0x00,
    0x00, 0x00, 0x00, 0x00, 0x00, 0x00, 0x00, 0x00, 0x00, 0x00, 0x00, 0x00,
    0x00, 0x00, 0x00, 0x00, 0x00, 0x00, 0x00, 0x00, 0x00, 0x00, 0x00, 0x00,
    0x00, 0x00, 0x00, 0x00, 0x00, 0x00, 0x00, 0x00, 0x00, 0x00, 0x00, 0x00,
    0x00, 0x00, 0x00, 0x00, 0x00, 0x00, 0x00, 0x00, 0x00, 0x00, 0x00, 0x00,
    0x00, 0x00, 0x00, 0x00, 0x00, 0x00, 0x00, 0x00, 0x00, 0x00, 0x00, 0x00,
    0x00, 0x00, 0x00, 0x00, 0x00, 0x00, 0x00, 0x00, 0xf8, 0xfc, 0x00, 0x00,
    0xf8, 0xa8, 0x00, 0x00, 0xf8, 0xe4, 0x00, 0x00, 0xf8, 0xa8, 0x30, 0x04,
    0xf8, 0xa8, 0x38, 0x04, 0xf8, 0xb0, 0x30, 0x08, 0xf8, 0xac, 0x30, 0x10,
    0xf8, 0xb0, 0x38, 0x1c, 0xf8, 0xb0, 0x30, 0x24, 0xf8, 0xac, 0x30, 0x30,
    0xf8, 0xac, 0x38, 0x3c, 0xf8, 0xac, 0x38, 0x4d, 0xf8, 0xb0, 0x38, 0x61,
    0xf8, 0xb0, 0x30, 0x75, 0xf8, 0xac, 0x38, 0x86, 0xf8, 0xb0, 0x38, 0x9a,
    0xf8, 0xac, 0x38, 0xaa, 0xf8, 0xb0, 0x38, 0xbe, 0xf8, 0xb0, 0x38, 0xcb,
    0xf8, 0xb0, 0x38, 0xd7, 0xf8, 0xb0, 0x40, 0xe3, 0xf8, 0xb0, 0x40, 0xeb,
    0xf8, 0xb4, 0x40, 0xf3, 0xf8, 0xb4, 0x48, 0xf7, 0xf8, 0xb8, 0x50, 0xfb,
    0xf8, 0xbc, 0x58, 0xfb, 0xf8, 0xbc, 0x60, 0xff, 0xf8, 0xc0, 0x70, 0xff,
    0xf8, 0xc8, 0x78, 0xfb, 0xf8, 0xcc, 0x80, 0xff, 0xf8, 0xc8, 0x80, 0xff,
    0xf8, 0xc8, 0x78, 0xff, 0xf8, 0xc4, 0x68, 0xff, 0xf8, 0xbc, 0x60, 0xfb,
    0xf8, 0xbc, 0x58, 0xfb, 0xf8, 0xb8, 0x50, 0xf7, 0xf8, 0xb4, 0x48, 0xf3,
    0xf8, 0xb4, 0x48, 0xeb, 0xf8, 0xb4, 0x40, 0xe3, 0xf8, 0xb0, 0x40, 0xdb,
    0xf8, 0xb0, 0x38, 0xcf, 0xf8, 0xb0, 0x38, 0xbe, 0xf8, 0xb0, 0x38, 0xae,
    0xf8, 0xac, 0x38, 0x9e, 0xf8, 0xb0, 0x38, 0x8a, 0xf8, 0xb0, 0x30, 0x79,
    0xf8, 0xb0, 0x38, 0x65, 0xf8, 0xb0, 0x30, 0x51, 0xf8, 0xac, 0x30, 0x41,
    0xf8, 0xb0, 0x30, 0x34, 0xf8, 0xb0, 0x38, 0x28, 0xf8, 0xac, 0x38, 0x1c,
    0xf8, 0xb0, 0x38, 0x14, 0xf8, 0xb0, 0x38, 0x0c, 0xf8, 0xac, 0x30, 0x08,
    0xf8, 0xa8, 0x38, 0x04, 0xf8, 0xc4, 0x08, 0x00, 0xf8, 0xfc, 0x00, 0x00,
    0xf8, 0xfc, 0x00, 0x00, 0xf8, 0xfc, 0x00, 0x00, 0x00, 0x00, 0x00, 0x00,
    0x00, 0x00, 0x00, 0x00, 0x00, 0x00, 0x00, 0x00, 0x00, 0x00, 0x00, 0x00,
    0x00, 0x00, 0x00, 0x00, 0x00, 0x00, 0x00, 0x00, 0x00, 0x00, 0x00, 0x00,
    0x00, 0x00, 0x00, 0x00, 0x00, 0x00, 0x00, 0x00, 0x00, 0x00, 0x00, 0x00,
    0x00, 0x00, 0x00, 0x00, 0x00, 0x00, 0x00, 0x00, 0x00, 0x00, 0x00, 0x00,
    0x00, 0x00, 0x00, 0x00, 0x00, 0x00, 0x00, 0x00, 0x00, 0x00, 0x00, 0x00,
    0x00, 0x00, 0x00, 0x00, 0x00, 0x00, 0x00, 0x00, 0x00, 0x00, 0x00, 0x00,
    0x00, 0x00, 0x00, 0x00, 0xf8, 0xfc, 0x00, 0x00, 0xf8, 0xfc, 0x00, 0x00,
    0xf8, 0xd0, 0x00, 0x00, 0xf8, 0xa4, 0x30, 0x04, 0xf8, 0xa8, 0x30, 0x08,
    0xf8, 0xb0, 0x30, 0x0c, 0xf8, 0xb0, 0x38, 0x10, 0xf8, 0xac, 0x38, 0x1c,
    0xf8, 0xb0, 0x38, 0x24, 0xf8, 0xb0, 0x30, 0x30, 0xf8, 0xac, 0x30, 0x41,
    0xf8, 0xb0, 0x38, 0x51, 0xf8, 0xb0, 0x30, 0x61, 0xf8, 0xac, 0x30, 0x75,
    0xf8, 0xac, 0x38, 0x86, 0xf8, 0xb0, 0x30, 0x9a, 0xf8, 0xac, 0x38, 0xae,
    0xf8, 0xac, 0x38, 0xbe, 0xf8, 0xb0, 0x38, 0xcb, 0xf8, 0xb0, 0x38, 0xd7,
    0xf8, 0xb0, 0x40, 0xe3, 0xf8, 0xb0, 0x40, 0xeb, 0xf8, 0xb4, 0x40, 0xf3,
    0xf8, 0xb8, 0x48, 0xf7, 0xf8, 0xb8, 0x50, 0xfb, 0xf8, 0xb8, 0x58, 0xfb,
    0xf8, 0xc0, 0x60, 0xff, 0xf8, 0xc4, 0x68, 0xff, 0xf8, 0xc8, 0x78, 0xff,
    0xf8, 0xcc, 0x80, 0xff, 0xf8, 0xc8, 0x80, 0xf3, 0xf8, 0xc8, 0x78, 0xff,
    0xf8, 0xc4, 0x70, 0xff, 0xf8, 0xc0, 0x60, 0xfb, 0xf8, 0xbc, 0x58, 0xfb,
    0xf8, 0xb8, 0x50, 0xf7, 0xf8, 0xb4, 0x48, 0xf3, 0xf8, 0xb4, 0x40, 0xef,
    0xf8, 0xb4, 0x40, 0xe7, 0xf8, 0xb0, 0x40, 0xdb, 0xf8, 0xb0, 0x38, 0xcf,
    0xf8, 0xb0, 0x38, 0xc3, 0xf8, 0xb0, 0x38, 0xb2, 0xf8, 0xac, 0x38, 0x9e,
    0xf8, 0xac, 0x30, 0x8e, 0xf8, 0xac, 0x38, 0x79, 0xf8, 0xb0, 0x38, 0x69,
    0xf8, 0xac, 0x30, 0x55, 0xf8, 0xac, 0x38, 0x45, 0xf8, 0xb0, 0x30, 0x38,
    0xf8, 0xac, 0x38, 0x28, 0xf8, 0xac, 0x30, 0x1c, 0xf8, 0xac, 0x38, 0x14,
    0xf8, 0xb0, 0x30, 0x0c, 0xf8, 0xac, 0x30, 0x08, 0xf8, 0xac, 0x38, 0x04,
    0xf8, 0xb0, 0x18, 0x04, 0xf8, 0xfc, 0x00, 0x00, 0xf8, 0xf4, 0x00, 0x00,
    0xf8, 0xfc, 0x00, 0x00, 0x00, 0x00, 0x00, 0x00, 0x00, 0x00, 0x00, 0x00,
    0x00, 0x00, 0x00, 0x00, 0x00, 0x00, 0x00, 0x00, 0x00, 0x00, 0x00, 0x00,
    0x00, 0x00, 0x00, 0x00, 0x00, 0x00, 0x00, 0x00, 0x00, 0x00, 0x00, 0x00,
    0x00, 0x00, 0x00, 0x00, 0x00, 0x00, 0x00, 0x00, 0x00, 0x00, 0x00, 0x00,
    0x00, 0x00, 0x00, 0x00, 0x00, 0x00, 0x00, 0x00, 0x00, 0x00, 0x00, 0x00,
    0x00, 0x00, 0x00, 0x00, 0x00, 0x00, 0x00, 0x00, 0x00, 0x00, 0x00, 0x00,
    0x00, 0x00, 0x00, 0x00, 0x00, 0x00, 0x00, 0x00, 0xf8, 0xfc, 0x00, 0x00,
    0xf8, 0xfc, 0x00, 0x00, 0xf8, 0xfc, 0x00, 0x00, 0xf8, 0xbc, 0x10, 0x00,
    0xf8, 0xa8, 0x38, 0x04, 0xf8, 0xac, 0x30, 0x08, 0xf8, 0xb0, 0x30, 0x0c,
    0xf8, 0xac, 0x38, 0x14, 0xf8, 0xb0, 0x30, 0x1c, 0xf8, 0xac, 0x38, 0x28,
    0xf8, 0xac, 0x38, 0x34, 0xf8, 0xac, 0x38, 0x45, 0xf8, 0xb0, 0x30, 0x55,
    0xf8, 0xac, 0x38, 0x65, 0xf8, 0xac, 0x38, 0x79, 0xf8, 0xb0, 0x30, 0x8a,
    0xf8, 0xb0, 0x38, 0x9e, 0xf8, 0xb0, 0x38, 0xae, 0xf8, 0xb0, 0x38, 0xbe,
    0xf8, 0xb0, 0x38, 0xcb, 0xf8, 0xb0, 0x38, 0xd7, 0xf8, 0xb0, 0x40, 0xe3,
    0xf8, 0xb0, 0x40, 0xeb, 0xf8, 0xb4, 0x40, 0xf3, 0xf8, 0xb8, 0x48, 0xf7,
    0xf8, 0xb8, 0x50, 0xfb, 0xf8, 0xb8, 0x58, 0xff, 0xf8, 0xc0, 0x60, 0xff,
    0xf8, 0xc0, 0x68, 0xfb, 0xf8, 0xc8, 0x78, 0xff, 0xf8, 0xcc, 0x80, 0xf3,
    0xf8, 0xcc, 0x80, 0xc7, 0xf8, 0xc8, 0x78, 0xff, 0xf8, 0xc0, 0x68, 0xff,
    0xf8, 0xc0, 0x60, 0xfb, 0xf8, 0xbc, 0x58, 0xfb, 0xf8, 0xb8, 0x50, 0xfb,
    0xf8, 0xb4, 0x48, 0xf7, 0xf8, 0xb4, 0x48, 0xef, 0xf8, 0xb0, 0x40, 0xe7,
    0xf8, 0xb0, 0x40, 0xdb, 0xf8, 0xb0, 0x38, 0xcf, 0xf8, 0xb0, 0x38, 0xc3,
    0xf8, 0xb0, 0x38, 0xb6, 0xf8, 0xb0, 0x38, 0xa6, 0xf8, 0xb0, 0x30, 0x92,
    0xf8, 0xac, 0x38, 0x7d, 0xf8, 0xb0, 0x38, 0x69, 0xf8, 0xac, 0x30, 0x59,
    0xf8, 0xac, 0x38, 0x49, 0xf8, 0xb0, 0x38, 0x38, 0xf8, 0xac, 0x30, 0x2c,
    0xf8, 0xb0, 0x30, 0x20, 0xf8, 0xac, 0x38, 0x18, 0xf8, 0xb0, 0x30, 0x10,
    0xf8, 0xac, 0x30, 0x08, 0xf8, 0xac, 0x38, 0x04, 0xf8, 0xa4, 0x28, 0x00,
    0xf8, 0xe4, 0x00, 0x00, 0xf8, 0xfc, 0x00, 0x00, 0xf8, 0xfc, 0x00, 0x00,
    0xf8, 0xfc, 0x00, 0x00, 0x00, 0x00, 0x00, 0x00, 0x00, 0x00, 0x00, 0x00,
    0x00, 0x00, 0x00, 0x00, 0x00, 0x00, 0x00, 0x00, 0x00, 0x00, 0x00, 0x00,
    0x00, 0x00, 0x00, 0x00, 0x00, 0x00, 0x00, 0x00, 0x00, 0x00, 0x00, 0x00,
    0x00, 0x00, 0x00, 0x00, 0x00, 0x00, 0x00, 0x00, 0x00, 0x00, 0x00, 0x00,
    0x00, 0x00, 0x00, 0x00, 0x00, 0x00, 0x00, 0x00, 0x00, 0x00, 0x00, 0x00,
    0x00, 0x00, 0x00, 0x00, 0x00, 0x00, 0x00, 0x00, 0x00, 0x00, 0x00, 0x00,
    0xf8, 0xfc, 0x00, 0x00, 0xf8, 0xfc, 0x00, 0x00, 0xf8, 0xfc, 0x00, 0x00,
    0xf8, 0xf0, 0x00, 0x00, 0xf8, 0xa8, 0x20, 0x04, 0xf8, 0xa8, 0x38, 0x04,
    0xf8, 0xac, 0x30, 0x08, 0xf8, 0xb0, 0x38, 0x0c, 0xf8, 0xb0, 0x30, 0x18,
    0xf8, 0xb0, 0x30, 0x20, 0xf8, 0xac, 0x30, 0x28, 0xf8, 0xac, 0x38, 0x38,
    0xf8, 0xac, 0x30, 0x45, 0xf8, 0xac, 0x30, 0x55, 0xf8, 0xb0, 0x38, 0x69,
    0xf8, 0xb0, 0x38, 0x79, 0xf8, 0xac, 0x30, 0x8e, 0xf8, 0xac, 0x38, 0xa2,
    0xf8, 0xb0, 0x38, 0xb2, 0xf8, 0xac, 0x38, 0xc3, 0xf8, 0xb0, 0x38, 0xcf,
    0xf8, 0xb0, 0x38, 0xdb, 0xf8, 0xb4, 0x38, 0xe7, 0xf8, 0xb0, 0x40, 0xef,
    0xf8, 0xb4, 0x48, 0xf3, 0xf8, 0xb4, 0x48, 0xfb, 0xf8, 0xb8, 0x50, 0xfb,
    0xf8, 0xbc, 0x58, 0xfb, 0xf8, 0xc0, 0x60, 0xff, 0xf8, 0xc4, 0x70, 0xff,
    0xf8, 0xc4, 0x78, 0xff, 0xf8, 0xcc, 0x80, 0xc7, 0xf8, 0xcc, 0x80, 0xc7,
    0xf8, 0xc8, 0x78, 0xff, 0xf8, 0xc0, 0x70, 0xff, 0xf8, 0xc0, 0x60, 0xff,
    0xf8, 0xbc, 0x58, 0xfb, 0xf8, 0xb8, 0x50, 0xfb, 0xf8, 0xb4, 0x48, 0xf3,
    0xf8, 0xb4, 0x48, 0xef, 0xf8, 0xb4, 0x40, 0xe7, 0xf8, 0xb0, 0x38, 0xdf,
    0xf8, 0xb0, 0x38, 0xd3, 0xf8, 0xb0, 0x38, 0xc7, 0xf8, 0xb0, 0x38, 0xb6,
    0xf8, 0xb0, 0x38, 0xa6, 0xf8, 0xac, 0x38, 0x96, 0xf8, 0xb0, 0x30, 0x82,
    0xf8, 0xb0, 0x38, 0x71, 0xf8, 0xac, 0x30, 0x5d, 0xf8, 0xac, 0x30, 0x4d,
    0xf8, 0xb0, 0x38, 0x41, 0xf8, 0xac, 0x38, 0x30, 0xf8, 0xac, 0x38, 0x24,
    0xf8, 0xac, 0x30, 0x1c, 0xf8, 0xb0, 0x38, 0x10, 0xf8, 0xb0, 0x30, 0x0c,
    0xf8, 0xa8, 0x30, 0x08, 0xf8, 0xa8, 0x38, 0x04, 0xf8, 0xb0, 0x08, 0x04,
    0xf8, 0xfc, 0x00, 0x00, 0xf8, 0xf4, 0x00, 0x00, 0xf8, 0xfc, 0x00, 0x00,
    0xf8, 0xfc, 0x00, 0x00, 0x00, 0x00, 0x00, 0x00, 0x00, 0x00, 0x00, 0x00,
    0x00, 0x00, 0x00, 0x00, 0x00, 0x00, 0x00, 0x00, 0x00, 0x00, 0x00, 0x00,
    0x00, 0x00, 0x00, 0x00, 0x00, 0x00, 0x00, 0x00, 0x00, 0x00, 0x00, 0x00,
    0x00, 0x00, 0x00, 0x00, 0x00, 0x00, 0x00, 0x00, 0x00, 0x00, 0x00, 0x00,
    0x00, 0x00, 0x00, 0x00, 0x00, 0x00, 0x00, 0x00, 0x00, 0x00, 0x00, 0x00,
    0x00, 0x00, 0x00, 0x00, 0x00, 0x00, 0x00, 0x00, 0xf8, 0xfc, 0x00, 0x00,
    0xf8, 0xfc, 0x00, 0x00, 0xf8, 0xfc, 0x00, 0x00, 0xf8, 0xc4, 0x00, 0x00,
    0xf8, 0xa8, 0x38, 0x04, 0xf8, 0xac, 0x30, 0x08, 0xf8, 0xb0, 0x30, 0x08,
    0xf8, 0xb0, 0x38, 0x10, 0xf8, 0xac, 0x38, 0x18, 0xf8, 0xac, 0x30, 0x24,
    0xf8, 0xac, 0x38, 0x2c, 0xf8, 0xb0, 0x30, 0x3c, 0xf8, 0xb0, 0x38, 0x49,
    0xf8, 0xac, 0x30, 0x59, 0xf8, 0xac, 0x38, 0x6d, 0xf8, 0xb0, 0x38, 0x82,
    0xf8, 0xac, 0x30, 0x92, 0xf8, 0xb0, 0x30, 0xa6, 0xf8, 0xac, 0x38, 0xb6,
    0xf8, 0xb0, 0x38, 0xc3, 0xf8, 0xb0, 0x38, 0xd3, 0xf8, 0xb0, 0x38, 0xdf,
    0xf8, 0xb0, 0x40, 0xe7, 0xf8, 0xb4, 0x40, 0xef, 0xf8, 0xb4, 0x40, 0xf3,
    0xf8, 0xb4, 0x48, 0xfb, 0xf8, 0xb8, 0x50, 0xfb, 0xf8, 0xbc, 0x58, 0xfb,
    0xf8, 0xc0, 0x60, 0xff, 0xf8, 0xc4, 0x70, 0xff, 0xf8, 0xc8, 0x78, 0xff,
    0xf8, 0xcc, 0x80, 0xc7, 0xf8, 0xcc, 0x80, 0xbe, 0xf8, 0xc8, 0x78, 0xff,
    0xf8, 0xc4, 0x70, 0xff, 0xf8, 0xc0, 0x68, 0xff, 0xf8, 0xbc, 0x58, 0xfb,
    0xf8, 0xb8, 0x58, 0xfb, 0xf8, 0xb8, 0x48, 0xf7, 0xf8, 0xb4, 0x40, 0xef,
    0xf8, 0xb4, 0x40, 0xeb, 0xf8, 0xb0, 0x40, 0xe3, 0xf8, 0xb0, 0x38, 0xd7,
    0xf8, 0xb0, 0x38, 0xcb, 0xf8, 0xb0, 0x38, 0xbe, 0xf8, 0xac, 0x38, 0xaa,
    0xf8, 0xac, 0x38, 0x9a, 0xf8, 0xb0, 0x30, 0x8a, 0xf8, 0xac, 0x38, 0x75,
    0xf8, 0xb0, 0x38, 0x61, 0xf8, 0xac, 0x30, 0x51, 0xf8, 0xb0, 0x30, 0x41,
    0xf8, 0xac, 0x38, 0x34, 0xf8, 0xb0, 0x38, 0x28, 0xf8, 0xac, 0x30, 0x1c,
    0xf8, 0xac, 0x38, 0x14, 0xf8, 0xb0, 0x38, 0x0c, 0xf8, 0xac, 0x30, 0x08,
    0xf8, 0xa8, 0x38, 0x04, 0xf8, 0xa0, 0x30, 0x00, 0xf8, 0xd4, 0x00, 0x00,
    0xf8, 0xfc, 0x00, 0x00, 0xf8, 0xfc, 0x00, 0x00, 0xf8, 0xfc, 0x00, 0x00,
    0xf8, 0xfc, 0x00, 0x00, 0x00, 0x00, 0x00, 0x00, 0x00, 0x00, 0x00, 0x00,
    0x00, 0x00, 0x00, 0x00, 0x00, 0x00, 0x00, 0x00, 0x00, 0x00, 0x00, 0x00,
    0x00, 0x00, 0x00, 0x00, 0x00, 0x00, 0x00, 0x00, 0x00, 0x00, 0x00, 0x00,
    0x00, 0x00, 0x00, 0x00, 0x00, 0x00, 0x00, 0x00, 0x00, 0x00, 0x00, 0x00,
    0x00, 0x00, 0x00, 0x00, 0x00, 0x00, 0x00, 0x00, 0x00, 0x00, 0x00, 0x00,
    0xf8, 0xfc, 0x00, 0x00, 0xf8, 0xfc, 0x00, 0x00, 0xf8, 0xfc, 0x00, 0x00,
    0xf8, 0xe0, 0x00, 0x00, 0xf8, 0xa0, 0x28, 0x04, 0xf8, 0xac, 0x38, 0x04,
    0xf8, 0xac, 0x30, 0x08, 0xf8, 0xb0, 0x38, 0x0c, 0xf8, 0xac, 0x38, 0x14,
    0xf8, 0xac, 0x38, 0x1c, 0xf8, 0xb0, 0x38, 0x24, 0xf8, 0xac, 0x38, 0x34,
    0xf8, 0xac, 0x30, 0x41, 0xf8, 0xb0, 0x38, 0x51, 0xf8, 0xac, 0x38, 0x61,
    0xf8, 0xac, 0x30, 0x71, 0xf8, 0xb0, 0x38, 0x86, 0xf8, 0xb0, 0x38, 0x96,
    0xf8, 0xac, 0x38, 0xaa, 0xf8, 0xb0, 0x38, 0xba, 0xf8, 0xb0, 0x38, 0xc7,
    0xf8, 0xb0, 0x38, 0xd3, 0xf8, 0xb0, 0x38, 0xdf, 0xf8, 0xb0, 0x40, 0xe7,
    0xf8, 0xb4, 0x40, 0xef, 0xf8, 0xb4, 0x48, 0xf7, 0xf8, 0xb8, 0x48, 0xfb,
    0xf8, 0xb8, 0x50, 0xfb, 0xf8, 0xbc, 0x58, 0xff, 0xf8, 0xc0, 0x68, 0xff,
    0xf8, 0xc0, 0x70, 0xff, 0xf8, 0xc8, 0x78, 0xff, 0xf8, 0xcc, 0x80, 0xbe,
    0xf8, 0xcc, 0x88, 0x86, 0xf8, 0xc8, 0x80, 0xff, 0xf8, 0xc4, 0x70, 0xff,
    0xf8, 0xc0, 0x60, 0xff, 0xf8, 0xbc, 0x60, 0xfb, 0xf8, 0xb8, 0x50, 0xfb,
    0xf8, 0xb8, 0x50, 0xf7, 0xf8, 0xb4, 0x48, 0xf3, 0xf8, 0xb4, 0x40, 0xeb,
    0xf8, 0xb0, 0x40, 0xe3, 0xf8, 0xb0, 0x40, 0xdb, 0xf8, 0xb0, 0x38, 0xcf,
    0xf8, 0xb0, 0x38, 0xbe, 0xf8, 0xac, 0x38, 0xb2, 0xf8, 0xb0, 0x38, 0xa2,
    0xf8, 0xac, 0x30, 0x8e, 0xf8, 0xb0, 0x38, 0x79, 0xf8, 0xac, 0x38, 0x69,
    0xf8, 0xac, 0x38, 0x59, 0xf8, 0xac, 0x30, 0x49, 0xf8, 0xac, 0x30, 0x3c,
    0xf8, 0xb0, 0x38, 0x2c, 0xf8, 0xac, 0x30, 0x20, 0xf8, 0xac, 0x38, 0x18,
    0xf8, 0xb0, 0x38, 0x10, 0xf8, 0xb0, 0x30, 0x0c, 0xf8, 0xa8, 0x30, 0x08,
    0xf8, 0xa8, 0x38, 0x04, 0xf8, 0xa0, 0x20, 0x04, 0xf8, 0xe4, 0x00, 0x00,
    0xf8, 0xfc, 0x00, 0x00, 0xf8, 0xfc, 0x00, 0x00, 0xf8, 0xfc, 0x00, 0x00,
    0xf8, 0xfc, 0x00, 0x00, 0x00, 0x00, 0x00, 0x00, 0x00, 0x00, 0x00, 0x00,
    0x00, 0x00, 0x00, 0x00, 0x00, 0x00, 0x00, 0x00, 0x00, 0x00, 0x00, 0x00,
    0x00, 0x00, 0x00, 0x00, 0x00, 0x00, 0x00, 0x00, 0x00, 0x00, 0x00, 0x00,
    0x00, 0x00, 0x00, 0x00, 0x00, 0x00, 0x00, 0x00, 0x00, 0x00, 0x00, 0x00,
    0xf8, 0xfc, 0x00, 0x00, 0xf8, 0xfc, 0x00, 0x00, 0xf8, 0xfc, 0x00, 0x00,
    0xf8, 0xfc, 0x00, 0x00, 0xf8, 0xf8, 0x00, 0x00, 0xf8, 0xac, 0x10, 0x04,
    0xf8, 0xa8, 0x40, 0x04, 0xf8, 0xa8, 0x30, 0x04, 0xf8, 0xb0, 0x30, 0x08,
    0xf8, 0xb0, 0x38, 0x10, 0xf8, 0xac, 0x30, 0x18, 0xf8, 0xb0, 0x30, 0x20,
    0xf8, 0xac, 0x38, 0x28, 0xf8, 0xb0, 0x30, 0x38, 0xf8, 0xac, 0x30, 0x45,
    0xf8, 0xac, 0x38, 0x55, 0xf8, 0xac, 0x30, 0x65, 0xf8, 0xac, 0x30, 0x79,
    0xf8, 0xb0, 0x38, 0x8a, 0xf8, 0xb0, 0x38, 0x9e, 0xf8, 0xac, 0x30, 0xae,
    0xf8, 0xac, 0x38, 0xbe, 0xf8, 0xac, 0x38, 0xcb, 0xf8, 0xb0, 0x38, 0xd7,
    0xf8, 0xb0, 0x38, 0xe3, 0xf8, 0xb0, 0x40, 0xeb, 0xf8, 0xb4, 0x40, 0xf3,
    0xf8, 0xb4, 0x48, 0xf7, 0xf8, 0xb8, 0x48, 0xfb, 0xf8, 0xb8, 0x50, 0xfb,
    0xf8, 0xbc, 0x60, 0xff, 0xf8, 0xc0, 0x68, 0xff, 0xf8, 0xc4, 0x70, 0xfb,
    0xf8, 0xc8, 0x78, 0xff, 0xf8, 0xcc, 0x88, 0x86, 0xf8, 0xcc, 0x88, 0x75,
    0xf8, 0xc8, 0x80, 0xfb, 0xf8, 0xc4, 0x70, 0xff, 0xf8, 0xc0, 0x68, 0xff,
    0xf8, 0xbc, 0x58, 0xfb, 0xf8, 0xb8, 0x58, 0xfb, 0xf8, 0xb8, 0x48, 0xf7,
    0xf8, 0xb4, 0x48, 0xf3, 0xf8, 0xb0, 0x40, 0xef, 0xf8, 0xb0, 0x40, 0xe7,
    0xf8, 0xb0, 0x40, 0xdb, 0xf8, 0xb0, 0x38, 0xd3, 0xf8, 0xb0, 0x38, 0xc3,
    0xf8, 0xb0, 0x38, 0xb6, 0xf8, 0xac, 0x38, 0xa6, 0xf8, 0xb0, 0x38, 0x96,
    0xf8, 0xb0, 0x30, 0x82, 0xf8, 0xac, 0x38, 0x71, 0xf8, 0xac, 0x38, 0x61,
    0xf8, 0xac, 0x38, 0x4d, 0xf8, 0xac, 0x38, 0x41, 0xf8, 0xac, 0x30, 0x34,
    0xf8, 0xac, 0x38, 0x28, 0xf8, 0xac, 0x30, 0x1c, 0xf8, 0xb0, 0x38, 0x14,
    0xf8, 0xb0, 0x30, 0x10, 0xf8, 0xac, 0x30, 0x08, 0xf8, 0xa8, 0x30, 0x08,
    0xf8, 0xa8, 0x40, 0x04, 0xf8, 0xa8, 0x10, 0x00, 0xf8, 0xf0, 0x00, 0x00,
    0xf8, 0xfc, 0x00, 0x00, 0xf8, 0xfc, 0x00, 0x00, 0xf8, 0xfc, 0x00, 0x00,
    0xf8, 0xfc, 0x00, 0x00, 0x00, 0x00, 0x00, 0x00, 0x00, 0x00, 0x00, 0x00,
    0x00, 0x00, 0x00, 0x00, 0x00, 0x00, 0x00, 0x00, 0x00, 0x00, 0x00, 0x00,
    0x00, 0x00, 0x00, 0x00, 0x00, 0x00, 0x00, 0x00, 0x00, 0x00, 0x00, 0x00,
    0x00, 0x00, 0x00, 0x00, 0xf8, 0xfc, 0x00, 0x00, 0xf8, 0xfc, 0x00, 0x00,
    0xf8, 0xfc, 0x00, 0x00, 0xf8, 0xfc, 0x00, 0x00, 0xf8, 0xf8, 0x00, 0x00,
    0xf8, 0xac, 0x08, 0x04, 0xf8, 0xa4, 0x38, 0x04, 0xf8, 0xac, 0x38, 0x04,
    0xf8, 0xac, 0x30, 0x08, 0xf8, 0xb0, 0x30, 0x0c, 0xf8, 0xb0, 0x38, 0x14,
    0xf8, 0xac, 0x38, 0x1c, 0xf8, 0xb0, 0x30, 0x24, 0xf8, 0xb0, 0x38, 0x30,
    0xf8, 0xac, 0x30, 0x3c, 0xf8, 0xb0, 0x38, 0x4d, 0xf8, 0xb0, 0x38, 0x5d,
    0xf8, 0xb0, 0x30, 0x6d, 0xf8, 0xac, 0x38, 0x7d, 0xf8, 0xac, 0x38, 0x92,
    0xf8, 0xb0, 0x30, 0xa2, 0xf8, 0xb0, 0x30, 0xb2, 0xf8, 0xac, 0x38, 0xc3,
    0xf8, 0xb0, 0x38, 0xcf, 0xf8, 0xb0, 0x38, 0xdb, 0xf8, 0xb0, 0x38, 0xe7,
    0xf8, 0xb0, 0x40, 0xef, 0xf8, 0xb4, 0x40, 0xf3, 0xf8, 0xb4, 0x48, 0xf7,
    0xf8, 0xb8, 0x50, 0xfb, 0xf8, 0xb8, 0x50, 0xfb, 0xf8, 0xbc, 0x60, 0xff,
    0xf8, 0xc0, 0x68, 0xff, 0xf8, 0xc4, 0x70, 0xff, 0xf8, 0xc8, 0x80, 0xfb,
    0xf8, 0xc8, 0x88, 0x75, 0xf8, 0xcc, 0x88, 0x45, 0xf8, 0xcc, 0x80, 0xef,
    0xf8, 0xc8, 0x70, 0xff, 0xf8, 0xc0, 0x68, 0xff, 0xf8, 0xbc, 0x60, 0xfb,
    0xf8, 0xbc, 0x58, 0xfb, 0xf8, 0xb8, 0x50, 0xfb, 0xf8, 0xb4, 0x48, 0xf7,
    0xf8, 0xb4, 0x40, 0xef, 0xf8, 0xb0, 0x40, 0xeb, 0xf8, 0xb0, 0x38, 0xdf,
    0xf8, 0xb0, 0x38, 0xd7, 0xf8, 0xb0, 0x38, 0xcb, 0xf8, 0xac, 0x38, 0xba,
    0xf8, 0xac, 0x38, 0xae, 0xf8, 0xb0, 0x38, 0x9a, 0xf8, 0xac, 0x30, 0x8a,
    0xf8, 0xb0, 0x30, 0x79, 0xf8, 0xb0, 0x38, 0x65, 0xf8, 0xb0, 0x30, 0x55,
    0xf8, 0xac, 0x38, 0x45, 0xf8, 0xb0, 0x30, 0x38, 0xf8, 0xac, 0x38, 0x2c,
    0xf8, 0xb0, 0x30, 0x24, 0xf8, 0xac, 0x38, 0x18, 0xf8, 0xb0, 0x38, 0x10,
    0xf8, 0xb0, 0x30, 0x0c, 0xf8, 0xac, 0x30, 0x08, 0xf8, 0xac, 0x38, 0x04,
    0xf8, 0xa8, 0x38, 0x04, 0xf8, 0xa8, 0x10, 0x04, 0xf8, 0xec, 0x00, 0x00,
    0xf8, 0xfc, 0x00, 0x00, 0xf8, 0xf8, 0x00, 0x00, 0xf8, 0xfc, 0x00, 0x00,
    0xf8, 0xfc, 0x00, 0x00, 0xf8, 0xfc, 0x00, 0x00, 0x00, 0x00, 0x00, 0x00,
    0x00, 0x00, 0x00, 0x00, 0x00, 0x00, 0x00, 0x00, 0x00, 0x00, 0x00, 0x00,
    0x00, 0x00, 0x00, 0x00, 0xf8, 0xfc, 0x00, 0x00, 0xf8, 0xfc, 0x00, 0x00,
    0xf8, 0xfc, 0x00, 0x00, 0xf8, 0xfc, 0x00, 0x00, 0xf8, 0xfc, 0x00, 0x00,
    0xf8, 0xf8, 0x00, 0x00, 0xf8, 0xac, 0x08, 0x04, 0xf8, 0xa4, 0x38, 0x04,
    0xf8, 0xac, 0x38, 0x04, 0xf8, 0xac, 0x30, 0x08, 0xf8, 0xb0, 0x38, 0x0c,
    0xf8, 0xb0, 0x38, 0x10, 0xf8, 0xac, 0x38, 0x18, 0xf8, 0xac, 0x30, 0x20,
    0xf8, 0xb0, 0x38, 0x28, 0xf8, 0xac, 0x38, 0x38, 0xf8, 0xac, 0x38, 0x45,
    0xf8, 0xb0, 0x30, 0x51, 0xf8, 0xac, 0x38, 0x65, 0xf8, 0xac, 0x30, 0x75,
    0xf8, 0xb0, 0x38, 0x86, 0xf8, 0xac, 0x38, 0x9a, 0xf8, 0xb0, 0x38, 0xaa,
    0xf8, 0xac, 0x38, 0xba, 0xf8, 0xb0, 0x38, 0xc7, 0xf8, 0xb0, 0x38, 0xd3,
    0xf8, 0xb0, 0x38, 0xdf, 0xf8, 0xb0, 0x40, 0xe7, 0xf8, 0xb0, 0x40, 0xef,
    0xf8, 0xb4, 0x40, 0xf3, 0xf8, 0xb4, 0x48, 0xf7, 0xf8, 0xb8, 0x50, 0xfb,
    0xf8, 0xbc, 0x58, 0xff, 0xf8, 0xbc, 0x60, 0xff, 0xf8, 0xc0, 0x68, 0xff,
    0xf8, 0xc4, 0x70, 0xff, 0xf8, 0xcc, 0x80, 0xef, 0xf8, 0xcc, 0x88, 0x45,
    0xf8, 0xcc, 0x88, 0x24, 0xf8, 0xcc, 0x80, 0xdb, 0xf8, 0xc8, 0x78, 0xff,
    0xf8, 0xc4, 0x68, 0xff, 0xf8, 0xc0, 0x60, 0xff, 0xf8, 0xbc, 0x58, 0xfb,
    0xf8, 0xb8, 0x50, 0xfb, 0xf8, 0xb4, 0x48, 0xf7, 0xf8, 0xb4, 0x48, 0xf3,
    0xf8, 0xb4, 0x40, 0xeb, 0xf8, 0xb0, 0x40, 0xe3, 0xf8, 0xb0, 0x38, 0xdb,
    0xf8, 0xb0, 0x38, 0xcf, 0xf8, 0xac, 0x38, 0xc3, 0xf8, 0xb0, 0x38, 0xb2,
    0xf8, 0xac, 0x38, 0xa2, 0xf8, 0xac, 0x38, 0x92, 0xf8, 0xb0, 0x38, 0x82,
    0xf8, 0xb0, 0x30, 0x71, 0xf8, 0xac, 0x38, 0x61, 0xf8, 0xac, 0x38, 0x51,
    0xf8, 0xac, 0x38, 0x41, 0xf8, 0xb0, 0x30, 0x34, 0xf8, 0xb0, 0x38, 0x28,
    0xf8, 0xac, 0x30, 0x20, 0xf8, 0xac, 0x38, 0x18, 0xf8, 0xb0, 0x38, 0x10,
    0xf8, 0xb0, 0x38, 0x0c, 0xf8, 0xac, 0x30, 0x08, 0xf8, 0xac, 0x30, 0x04,
    0xf8, 0xa8, 0x40, 0x04, 0xf8, 0xa4, 0x18, 0x04, 0xf8, 0xd4, 0x00, 0x00,
    0xf8, 0xfc, 0x00, 0x00, 0xf8, 0xfc, 0x00, 0x00, 0xf8, 0xfc, 0x00, 0x00,
    0xf8, 0xfc, 0x00, 0x00, 0xf8, 0xfc, 0x00, 0x00, 0xf8, 0xfc, 0x00, 0x00,
    0x00, 0x00, 0x00, 0x00, 0xf8, 0xfc, 0x00, 0x00, 0xf8, 0xfc, 0x00, 0x00,
    0xf8, 0xfc, 0x00, 0x00, 0xf8, 0xfc, 0x00, 0x00, 0xf8, 0xfc, 0x08, 0x00,
    0xf8, 0xfc, 0x00, 0x00, 0xf8, 0xe0, 0x00, 0x00, 0xf8, 0xa8, 0x10, 0x04,
    0xf8, 0xa4, 0x38, 0x04, 0xf8, 0xac, 0x38, 0x04, 0xf8, 0xa8, 0x30, 0x08,
    0xf8, 0xac, 0x30, 0x08, 0xf8, 0xac, 0x30, 0x10, 0xf8, 0xac, 0x38, 0x14,
    0xf8, 0xb0, 0x30, 0x1c, 0xf8, 0xb0, 0x30, 0x24, 0xf8, 0xac, 0x38, 0x34,
    0xf8, 0xac, 0x30, 0x3c, 0xf8, 0xac, 0x30, 0x4d, 0xf8, 0xb0, 0x38, 0x5d,
    0xf8, 0xac, 0x30, 0x6d, 0xf8, 0xac, 0x38, 0x7d, 0xf8, 0xb0, 0x30, 0x8e,
    0xf8, 0xb0, 0x30, 0x9e, 0xf8, 0xb0, 0x38, 0xae, 0xf8, 0xac, 0x38, 0xbe,
    0xf8, 0xb0, 0x38, 0xcb, 0xf8, 0xb0, 0x38, 0xd7, 0xf8, 0xb0, 0x38, 0xe3,
    0xf8, 0xb0, 0x40, 0xeb, 0xf8, 0xb4, 0x40, 0xef, 0xf8, 0xb4, 0x40, 0xf7,
    0xf8, 0xb4, 0x48, 0xfb, 0xf8, 0xb8, 0x50, 0xfb, 0xf8, 0xbc, 0x58, 0xfb,
    0xf8, 0xc0, 0x60, 0xff, 0xf8, 0xc4, 0x68, 0xff, 0xf8, 0xc8, 0x78, 0xff,
    0xf8, 0xcc, 0x80, 0xdb, 0xf8, 0xcc, 0x88, 0x24, 0xe8, 0xc8, 0x98, 0x08,
    0xf8, 0xcc, 0x80, 0xb2, 0xf8, 0xc8, 0x78, 0xff, 0xf8, 0xc4, 0x70, 0xff,
    0xf8, 0xc0, 0x60, 0xff, 0xf8, 0xbc, 0x58, 0xfb, 0xf8, 0xb8, 0x50, 0xfb,
    0xf8, 0xb8, 0x50, 0xf7, 0xf8, 0xb4, 0x48, 0xf3, 0xf8, 0xb0, 0x40, 0xef,
    0xf8, 0xb0, 0x40, 0xe7, 0xf8, 0xb0, 0x38, 0xdf, 0xf8, 0xb0, 0x38, 0xd3,
    0xf8, 0xb0, 0x38, 0xc7, 0xf8, 0xb0, 0x38, 0xba, 0xf8, 0xb0, 0x38, 0xaa,
    0xf8, 0xac, 0x38, 0x9a, 0xf8, 0xac, 0x30, 0x8a, 0xf8, 0xb0, 0x38, 0x79,
    0xf8, 0xac, 0x30, 0x69, 0xf8, 0xac, 0x30, 0x59, 0xf8, 0xac, 0x38, 0x49,
    0xf8, 0xb0, 0x30, 0x3c, 0xf8, 0xac, 0x38, 0x30, 0xf8, 0xac, 0x30, 0x28,
    0xf8, 0xac, 0x30, 0x1c, 0xf8, 0xac, 0x38, 0x14, 0xf8, 0xb0, 0x30, 0x10,
    0xf8, 0xb0, 0x30, 0x0c, 0xf8, 0xac, 0x30, 0x08, 0xf8, 0xa8, 0x30, 0x04,
    0xf8, 0xac, 0x38, 0x04, 0xf8, 0xa0, 0x28, 0x04, 0xf8, 0xb0, 0x08, 0x00,
    0xf8, 0xe8, 0x00, 0x00, 0xf8, 0xfc, 0x00, 0x00, 0xf8, 0xfc, 0x00, 0x00,
    0xf8, 0xfc, 0x08, 0x00, 0xf8, 0xbc, 0x00, 0x00, 0xf8, 0xf8, 0x00, 0x00,
    0xf8, 0xd8, 0x00, 0x00, 0xf8, 0x00, 0x00, 0x00, 0xf8, 0xfc, 0x00, 0x00,
    0xf8, 0xfc, 0x00, 0x00, 0xf8, 0xec, 0x00, 0x00, 0xf8, 0xbc, 0x08, 0x00,
    0xf8, 0xa0, 0x20, 0x04, 0xf8, 0xa8, 0x38, 0x04, 0xf8, 0xac, 0x38, 0x04,
    0xf8, 0xac, 0x30, 0x08, 0xf8, 0xb0, 0x30, 0x08, 0xf8, 0xac, 0x30, 0x10,
    0xf8, 0xac, 0x38, 0x14, 0xf8, 0xac, 0x38, 0x1c, 0xf8, 0xb0, 0x30, 0x24,
    0xf8, 0xac, 0x38, 0x30, 0xf8, 0xac, 0x30, 0x38, 0xf8, 0xac, 0x38, 0x49,
    0xf8, 0xac, 0x38, 0x55, 0xf8, 0xb0, 0x30, 0x65, 0xf8, 0xb0, 0x38, 0x75,
    0xf8, 0xac, 0x38, 0x86, 0xf8, 0xac, 0x38, 0x96, 0xf8, 0xb0, 0x30, 0xaa,
    0xf8, 0xac, 0x38, 0xb6, 0xf8, 0xac, 0x38, 0xc7, 0xf8, 0xb0, 0x38, 0xd3,
    0xf8, 0xb0, 0x38, 0xdf, 0xf8, 0xb0, 0x38, 0xe7, 0xf8, 0xb0, 0x40, 0xeb,
    0xf8, 0xb0, 0x40, 0xf3, 0xf8, 0xb4, 0x48, 0xf7, 0xf8, 0xb4, 0x48, 0xfb,
    0xf8, 0xb8, 0x50, 0xfb, 0xf8, 0xbc, 0x58, 0xff, 0xf8, 0xc0, 0x60, 0xff,
    0xf8, 0xc4, 0x68, 0xfb, 0xf8, 0xc8, 0x78, 0xff, 0xf8, 0xcc, 0x80, 0xb2,
    0xe8, 0xc8, 0x98, 0x08, 0xf8, 0xcc, 0x80, 0x00, 0xf8, 0xcc, 0x80, 0x7d,
    0xf8, 0xc8, 0x80, 0xff, 0xf8, 0xc4, 0x70, 0xff, 0xf8, 0xc0, 0x68, 0xff,
    0xf8, 0xbc, 0x58, 0xfb, 0xf8, 0xb8, 0x50, 0xfb, 0xf8, 0xb8, 0x50, 0xfb,
    0xf8, 0xb4, 0x48, 0xf7, 0xf8, 0xb4, 0x40, 0xef, 0xf8, 0xb0, 0x40, 0xeb,
    0xf8, 0xb0, 0x40, 0xe3, 0xf8, 0xb0, 0x38, 0xd7, 0xf8, 0xb0, 0x38, 0xcf,
    0xf8, 0xb0, 0x38, 0xc3, 0xf8, 0xac, 0x38, 0xb2, 0xf8, 0xb0, 0x30, 0xa6,
    0xf8, 0xb0, 0x38, 0x96, 0xf8, 0xac, 0x38, 0x82, 0xf8, 0xb0, 0x30, 0x71,
    0xf8, 0xb0, 0x30, 0x65, 0xf8, 0xb0, 0x38, 0x55, 0xf8, 0xac, 0x38, 0x45,
    0xf8, 0xac, 0x30, 0x38, 0xf8, 0xb0, 0x38, 0x30, 0xf8, 0xb0, 0x38, 0x24,
    0xf8, 0xac, 0x38, 0x1c, 0xf8, 0xac, 0x38, 0x14, 0xf8, 0xb0, 0x38, 0x10,
    0xf8, 0xb0, 0x30, 0x0c, 0xf8, 0xac, 0x30, 0x08, 0xf8, 0xac, 0x30, 0x08,
    0xf8, 0xac, 0x38, 0x04, 0xf8, 0xa8, 0x38, 0x04, 0xf8, 0xa0, 0x28, 0x04,
    0xf8, 0xb0, 0x10, 0x04, 0xf8, 0xc4, 0x00, 0x00, 0xf8, 0xdc, 0x00, 0x00,
    0xf8, 0xe0, 0x00, 0x00, 0xf8, 0xfc, 0x00, 0x00, 0xf8, 0xec, 0x00, 0x00,
    0xf8, 0xdc, 0x00, 0x00, 0xf8, 0xd0, 0x00, 0x00, 0xf8, 0xb8, 0x10, 0x04,
    0xf8, 0xa4, 0x28, 0x04, 0xf8, 0xa8, 0x38, 0x04, 0xf8, 0xac, 0x38, 0x04,
    0xf8, 0xa8, 0x30, 0x04, 0xf8, 0xac, 0x30, 0x08, 0xf8, 0xb0, 0x30, 0x0c,
    0xf8, 0xb0, 0x38, 0x10, 0xf8, 0xac, 0x38, 0x14, 0xf8, 0xac, 0x30, 0x1c,
    0xf8, 0xb0, 0x30, 0x20, 0xf8, 0xac, 0x38, 0x2c, 0xf8, 0xac, 0x38, 0x38,
    0xf8, 0xb0, 0x30, 0x41, 0xf8, 0xb0, 0x30, 0x51, 0xf8, 0xb0, 0x38, 0x61,
    0xf8, 0xac, 0x30, 0x6d, 0xf8, 0xac, 0x38, 0x82, 0xf8, 0xb0, 0x38, 0x8e,
    0xf8, 0xb0, 0x30, 0xa2, 0xf8, 0xb0, 0x38, 0xb2, 0xf8, 0xb0, 0x38, 0xbe,
    0xf8, 0xac, 0x38, 0xcb, 0xf8, 0xb0, 0x38, 0xd7, 0xf8, 0xb0, 0x38, 0xdf,
    0xf8, 0xb0, 0x40, 0xeb, 0xf8, 0xb0, 0x40, 0xef, 0xf8, 0xb4, 0x40, 0xf7,
    0xf8, 0xb4, 0x48, 0xf7, 0xf8, 0xb8, 0x48, 0xfb, 0xf8, 0xbc, 0x50, 0xfb,
    0xf8, 0xbc, 0x58, 0xff, 0xf8, 0xc0, 0x68, 0xff, 0xf8, 0xc4, 0x70, 0xff,
    0xf8, 0xc8, 0x78, 0xff, 0xf8, 0xcc, 0x80, 0x7d, 0xf8, 0xcc, 0x80, 0x00,
    0xf8, 0xcc, 0x88, 0x00, 0xf8, 0xcc, 0x88, 0x3c, 0xf8, 0xc8, 0x80, 0xef,
    0xf8, 0xc8, 0x70, 0xff, 0xf8, 0xc4, 0x68, 0xff, 0xf8, 0xc0, 0x60, 0xfb,
    0xf8, 0xbc, 0x58, 0xfb, 0xf8, 0xb8, 0x50, 0xfb, 0xf8, 0xb8, 0x48, 0xf7,
    0xf8, 0xb4, 0x40, 0xf3, 0xf8, 0xb4, 0x40, 0xeb, 0xf8, 0xb0, 0x40, 0xe7,
    0xf8, 0xb0, 0x38, 0xdf, 0xf8, 0xb0, 0x38, 0xd3, 0xf8, 0xb0, 0x38, 0xc7,
    0xf8, 0xac, 0x38, 0xba, 0xf8, 0xac, 0x38, 0xae, 0xf8, 0xb0, 0x30, 0x9e,
    0xf8, 0xac, 0x38, 0x8e, 0xf8, 0xac, 0x38, 0x7d, 0xf8, 0xb0, 0x30, 0x6d,
    0xf8, 0xb0, 0x30, 0x61, 0xf8, 0xac, 0x38, 0x51, 0xf8, 0xb0, 0x30, 0x45,
    0xf8, 0xac, 0x30, 0x38, 0xf8, 0xb0, 0x38, 0x2c, 0xf8, 0xb0, 0x30, 0x24,
    0xf8, 0xac, 0x38, 0x1c, 0xf8, 0xac, 0x38, 0x18, 0xf8, 0xb0, 0x38, 0x14,
    0xf8, 0xb0, 0x38, 0x0c, 0xf8, 0xb0, 0x38, 0x08, 0xf8, 0xac, 0x30, 0x08,
    0xf8, 0xa8, 0x30, 0x04, 0xf8, 0xac, 0x38, 0x04, 0xf8, 0xac, 0x38, 0x04,
    0xf8, 0xa8, 0x38, 0x04, 0xf8, 0xa4, 0x30, 0x04, 0xf8, 0xa4, 0x28, 0x04,
    0xf8, 0xb0, 0x30, 0x04, 0xf8, 0xac, 0x28, 0x04, 0xf8, 0xa4, 0x28, 0x04,
    0xf8, 0xa8, 0x38, 0x04, 0xf8, 0xa8, 0x38, 0x04, 0xf8, 0xa8, 0x38, 0x04,
    0xf8, 0xac, 0x30, 0x04, 0xf8, 0xac, 0x30, 0x08, 0xf8, 0xac, 0x38, 0x0c,
    0xf8, 0xb0, 0x30, 0x0c, 0xf8, 0xb0, 0x38, 0x10, 0xf8, 0xac, 0x38, 0x14,
    0xf8, 0xac, 0x30, 0x1c, 0xf8, 0xb0, 0x30, 0x20, 0xf8, 0xac, 0x38, 0x2c,
    0xf8, 0xac, 0x30, 0x34, 0xf8, 0xac, 0x38, 0x41, 0xf8, 0xb0, 0x30, 0x4d,
    0xf8, 0xb0, 0x30, 0x5d, 0xf8, 0xac, 0x38, 0x69, 0xf8, 0xb0, 0x38, 0x79,
    0xf8, 0xac, 0x30, 0x8a, 0xf8, 0xb0, 0x30, 0x9a, 0xf8, 0xb0, 0x38, 0xaa,
    0xf8, 0xb0, 0x38, 0xb6, 0xf8, 0xb0, 0x30, 0xc7, 0xf8, 0xac, 0x38, 0xd3,
    0xf8, 0xb0, 0x38, 0xdb, 0xf8, 0xb0, 0x38, 0xe3, 0xf8, 0xb0, 0x40, 0xeb,
    0xf8, 0xb4, 0x40, 0xf3, 0xf8, 0xb4, 0x40, 0xf7, 0xf8, 0xb4, 0x48, 0xfb,
    0xf8, 0xb8, 0x50, 0xfb, 0xf8, 0xbc, 0x58, 0xff, 0xf8, 0xbc, 0x60, 0xff,
    0xf8, 0xc0, 0x68, 0xff, 0xf8, 0xc8, 0x70, 0xff, 0xf8, 0xcc, 0x80, 0xef,
    0xf8, 0xc8, 0x88, 0x3c, 0xf8, 0xc8, 0x88, 0x00, 0xf8, 0xcc, 0x80, 0x00,
    0xf8, 0xcc, 0x88, 0x10, 0xf8, 0xcc, 0x80, 0xc7, 0xf8, 0xc8, 0x78, 0xff,
    0xf8, 0xc4, 0x70, 0xff, 0xf8, 0xc0, 0x60, 0xff, 0xf8, 0xbc, 0x58, 0xfb,
    0xf8, 0xb8, 0x50, 0xfb, 0xf8, 0xb8, 0x48, 0xfb, 0xf8, 0xb4, 0x48, 0xf3,
    0xf8, 0xb4, 0x40, 0xef, 0xf8, 0xb0, 0x40, 0xeb, 0xf8, 0xb0, 0x38, 0xe3,
    0xf8, 0xb0, 0x38, 0xdb, 0xf8, 0xb0, 0x38, 0xcf, 0xf8, 0xac, 0x38, 0xc3,
    0xf8, 0xb0, 0x38, 0xb6, 0xf8, 0xac, 0x38, 0xa6, 0xf8, 0xb0, 0x30, 0x9a,
    0xf8, 0xb0, 0x38, 0x8a, 0xf8, 0xac, 0x30, 0x79, 0xf8, 0xac, 0x30, 0x69,
    0xf8, 0xb0, 0x38, 0x5d, 0xf8, 0xac, 0x38, 0x4d, 0xf8, 0xac, 0x38, 0x41,
    0xf8, 0xac, 0x30, 0x38, 0xf8, 0xb0, 0x30, 0x30, 0xf8, 0xac, 0x38, 0x24,
    0xf8, 0xac, 0x30, 0x20, 0xf8, 0xac, 0x30, 0x18, 0xf8, 0xb0, 0x38, 0x14,
    0xf8, 0xb0, 0x38, 0x10, 0xf8, 0xb0, 0x30, 0x0c, 0xf8, 0xb0, 0x30, 0x0c,
    0xf8, 0xac, 0x30, 0x08, 0xf8, 0xac, 0x30, 0x08, 0xf8, 0xac, 0x30, 0x08,
    0xf8, 0xa8, 0x38, 0x04, 0xf8, 0xac, 0x30, 0x08, 0xf8, 0xa8, 0x30, 0x04,
    0xf8, 0xa8, 0x30, 0x08, 0xf8, 0xac, 0x30, 0x04, 0xf8, 0xac, 0x30, 0x04,
    0xf8, 0xac, 0x30, 0x08, 0xf8, 0xac, 0x30, 0x08, 0xf8, 0xac, 0x30, 0x0c,
    0xf8, 0xb0, 0x38, 0x0c, 0xf8, 0xb0, 0x38, 0x10, 0xf8, 0xac, 0x38, 0x14,
    0xf8, 0xac, 0x38, 0x18, 0xf8, 0xac, 0x30, 0x1c, 0xf8, 0xb0, 0x38, 0x24,
    0xf8, 0xac, 0x38, 0x2c, 0xf8, 0xac, 0x38, 0x34, 0xf8, 0xb0, 0x30, 0x41,
    0xf8, 0xac, 0x30, 0x4d, 0xf8, 0xac, 0x38, 0x59, 0xf8, 0xac, 0x30, 0x69,
    0xf8, 0xac, 0x30, 0x75, 0xf8, 0xb0, 0x38, 0x86, 0xf8, 0xac, 0x38, 0x96,
    0xf8, 0xac, 0x30, 0xa6, 0xf8, 0xac, 0x38, 0xb2, 0xf8, 0xac, 0x38, 0xbe,
    0xf8, 0xb0, 0x38, 0xcf, 0xf8, 0xb0, 0x38, 0xd7, 0xf8, 0xb0, 0x38, 0xe3,
    0xf8, 0xb0, 0x38, 0xeb, 0xf8, 0xb0, 0x40, 0xef, 0xf8, 0xb4, 0x40, 0xf3,
    0xf8, 0xb4, 0x40, 0xf7, 0xf8, 0xb4, 0x48, 0xfb, 0xf8, 0xb8, 0x50, 0xfb,
    0xf8, 0xbc, 0x58, 0xff, 0xf8, 0xbc, 0x60, 0xff, 0xf8, 0xc4, 0x70, 0xfb,
    0xf8, 0xc8, 0x78, 0xff, 0xf8, 0xcc, 0x80, 0xc7, 0xf8, 0xc8, 0x88, 0x10,
    0xf8, 0xcc, 0x80, 0x00, 0xb8, 0xbc, 0xb8, 0x00, 0xf8, 0xd0, 0x70, 0x00,
    0xf8, 0xcc, 0x88, 0x82, 0xf8, 0xc8, 0x78, 0xff, 0xf8, 0xc4, 0x70, 0xff,
    0xf8, 0xc0, 0x68, 0xff, 0xf8, 0xbc, 0x58, 0xfb, 0xf8, 0xb8, 0x50, 0xfb,
    0xf8, 0xb8, 0x50, 0xfb, 0xf8, 0xb4, 0x48, 0xf7, 0xf8, 0xb4, 0x40, 0xf3,
    0xf8, 0xb4, 0x40, 0xef, 0xf8, 0xb0, 0x40, 0xe7, 0xf8, 0xb0, 0x38, 0xdf,
    0xf8, 0xb0, 0x38, 0xd7, 0xf8, 0xac, 0x38, 0xcb, 0xf8, 0xb0, 0x38, 0xbe,
    0xf8, 0xac, 0x38, 0xb2, 0xf8, 0xb0, 0x30, 0xa6, 0xf8, 0xb0, 0x38, 0x96,
    0xf8, 0xac, 0x38, 0x86, 0xf8, 0xb0, 0x38, 0x79, 0xf8, 0xb0, 0x30, 0x69,
    0xf8, 0xac, 0x38, 0x5d, 0xf8, 0xb0, 0x30, 0x51, 0xf8, 0xac, 0x38, 0x45,
    0xf8, 0xac, 0x30, 0x38, 0xf8, 0xac, 0x38, 0x30, 0xf8, 0xac, 0x38, 0x28,
    0xf8, 0xb0, 0x30, 0x24, 0xf8, 0xac, 0x30, 0x1c, 0xf8, 0xac, 0x38, 0x18,
    0xf8, 0xac, 0x38, 0x14, 0xf8, 0xb0, 0x38, 0x10, 0xf8, 0xb0, 0x38, 0x10,
    0xf8, 0xb0, 0x38, 0x0c, 0xf8, 0xb0, 0x38, 0x0c, 0xf8, 0xb0, 0x30, 0x0c,
    0xf8, 0xb0, 0x30, 0x08, 0xf8, 0xac, 0x30, 0x08, 0xf8, 0xac, 0x30, 0x0c,
    0xf8, 0xb0, 0x30, 0x0c, 0xf8, 0xb0, 0x38, 0x0c, 0xf8, 0xb0, 0x38, 0x0c,
    0xf8, 0xb0, 0x38, 0x10, 0xf8, 0xb0, 0x38, 0x10, 0xf8, 0xac, 0x30, 0x14,
    0xf8, 0xac, 0x30, 0x14, 0xf8, 0xac, 0x30, 0x1c, 0xf8, 0xb0, 0x30, 0x20,
    0xf8, 0xb0, 0x38, 0x28, 0xf8, 0xac, 0x38, 0x2c, 0xf8, 0xb0, 0x30, 0x38,
    0xf8, 0xac, 0x38, 0x41, 0xf8, 0xac, 0x38, 0x4d, 0xf8, 0xac, 0x30, 0x59,
    0xf8, 0xac, 0x38, 0x65, 0xf8, 0xb0, 0x38, 0x75, 0xf8, 0xb0, 0x30, 0x82,
    0xf8, 0xac, 0x38, 0x92, 0xf8, 0xb0, 0x38, 0x9e, 0xf8, 0xb0, 0x38, 0xae,
    0xf8, 0xb0, 0x38, 0xbe, 0xf8, 0xac, 0x38, 0xc7, 0xf8, 0xac, 0x38, 0xd3,
    0xf8, 0xb0, 0x38, 0xdf, 0xf8, 0xb0, 0x38, 0xe7, 0xf8, 0xb0, 0x40, 0xeb,
    0xf8, 0xb4, 0x40, 0xf3, 0xf8, 0xb4, 0x40, 0xf7, 0xf8, 0xb4, 0x48, 0xf7,
    0xf8, 0xb8, 0x50, 0xfb, 0xf8, 0xb8, 0x58, 0xff, 0xf8, 0xbc, 0x58, 0xff,
    0xf8, 0xc0, 0x68, 0xfb, 0xf8, 0xc4, 0x70, 0xff, 0xf8, 0xcc, 0x78, 0xff,
    0xf8, 0xcc, 0x80, 0x82, 0xf8, 0xd0, 0x70, 0x00, 0xc8, 0xbc, 0xc0, 0x00,
    0xf0, 0xc8, 0x90, 0x00, 0xf8, 0xcc, 0x88, 0x00, 0xf8, 0xcc, 0x80, 0x38,
    0xf8, 0xc8, 0x80, 0xeb, 0xf8, 0xc8, 0x78, 0xff, 0xf8, 0xc0, 0x68, 0xff,
    0xf8, 0xbc, 0x60, 0xff, 0xf8, 0xbc, 0x58, 0xff, 0xf8, 0xb8, 0x50, 0xfb,
    0xf8, 0xb4, 0x48, 0xf7, 0xf8, 0xb4, 0x40, 0xf7, 0xf8, 0xb4, 0x40, 0xef,
    0xf8, 0xb0, 0x40, 0xeb, 0xf8, 0xb0, 0x38, 0xe3, 0xf8, 0xb0, 0x38, 0xdb,
    0xf8, 0xb0, 0x38, 0xd3, 0xf8, 0xac, 0x38, 0xc7, 0xf8, 0xb0, 0x38, 0xbe,
    0xf8, 0xac, 0x38, 0xae, 0xf8, 0xb0, 0x30, 0xa2, 0xf8, 0xb0, 0x38, 0x92,
    0xf8, 0xac, 0x38, 0x82, 0xf8, 0xac, 0x30, 0x75, 0xf8, 0xb0, 0x30, 0x69,
    0xf8, 0xb0, 0x38, 0x5d, 0xf8, 0xb0, 0x30, 0x51, 0xf8, 0xac, 0x38, 0x45,
    0xf8, 0xb0, 0x30, 0x3c, 0xf8, 0xac, 0x38, 0x34, 0xf8, 0xac, 0x30, 0x2c,
    0xf8, 0xac, 0x30, 0x24, 0xf8, 0xac, 0x38, 0x20, 0xf8, 0xac, 0x30, 0x1c,
    0xf8, 0xac, 0x38, 0x1c, 0xf8, 0xac, 0x38, 0x18, 0xf8, 0xac, 0x30, 0x14,
    0xf8, 0xac, 0x38, 0x14, 0xf8, 0xac, 0x38, 0x14, 0xf8, 0xb0, 0x38, 0x10,
    0xf8, 0xac, 0x38, 0x10, 0xf8, 0xac, 0x38, 0x10, 0xf8, 0xb0, 0x38, 0x10,
    0xf8, 0xac, 0x38, 0x14, 0xf8, 0xac, 0x38, 0x14, 0xf8, 0xac, 0x30, 0x14,
    0xf8, 0xac, 0x38, 0x18, 0xf8, 0xac, 0x38, 0x1c, 0xf8, 0xb0, 0x30, 0x20,
    0xf8, 0xb0, 0x38, 0x24, 0xf8, 0xac, 0x38, 0x28, 0xf8, 0xac, 0x30, 0x30,
    0xf8, 0xb0, 0x30, 0x3c, 0xf8, 0xac, 0x30, 0x41, 0xf8, 0xb0, 0x38, 0x4d,
    0xf8, 0xac, 0x30, 0x59, 0xf8, 0xac, 0x30, 0x65, 0xf8, 0xb0, 0x38, 0x71,
    0xf8, 0xac, 0x38, 0x82, 0xf8, 0xb0, 0x30, 0x8e, 0xf8, 0xac, 0x38, 0x9e,
    0xf8, 0xb0, 0x38, 0xaa, 0xf8, 0xb0, 0x30, 0xba, 0xf8, 0xac, 0x38, 0xc7,
    0xf8, 0xb0, 0x38, 0xcf, 0xf8, 0xb0, 0x38, 0xdb, 0xf8, 0xb0, 0x38, 0xe3,
    0xf8, 0xb0, 0x38, 0xeb, 0xf8, 0xb0, 0x40, 0xef, 0xf8, 0xb4, 0x40, 0xf3,
    0xf8, 0xb4, 0x40, 0xf7, 0xf8, 0xb8, 0x48, 0xfb, 0xf8, 0xb8, 0x50, 0xfb,
    0xf8, 0xbc, 0x58, 0xff, 0xf8, 0xbc, 0x60, 0xff, 0xf8, 0xc0, 0x68, 0xff,
    0xf8, 0xc8, 0x70, 0xff, 0xf8, 0xcc, 0x80, 0xf3, 0xf8, 0xcc, 0x88, 0x3c,
    0xf8, 0xcc, 0x88, 0x00, 0xf0, 0xc8, 0x90, 0x00, 0x00, 0x00, 0x00, 0x00,
    0xf8, 0xcc, 0x88, 0x00, 0xf0, 0xcc, 0x90, 0x08, 0xf8, 0xcc, 0x80, 0xb2,
    0xf8, 0xc8, 0x78, 0xff, 0xf8, 0xc4, 0x70, 0xff, 0xf8, 0xc0, 0x68, 0xff,
    0xf8, 0xbc, 0x58, 0xfb, 0xf8, 0xbc, 0x50, 0xfb, 0xf8, 0xb8, 0x50, 0xfb,
    0xf8, 0xb4, 0x48, 0xf7, 0xf8, 0xb4, 0x40, 0xf3, 0xf8, 0xb0, 0x40, 0xef,
    0xf8, 0xb0, 0x40, 0xeb, 0xf8, 0xb0, 0x38, 0xe3, 0xf8, 0xb0, 0x38, 0xdb,
    0xf8, 0xb0, 0x38, 0xcf, 0xf8, 0xac, 0x38, 0xc3, 0xf8, 0xb0, 0x38, 0xba,
    0xf8, 0xac, 0x38, 0xae, 0xf8, 0xb0, 0x38, 0x9e, 0xf8, 0xac, 0x30, 0x92,
    0xf8, 0xac, 0x38, 0x86, 0xf8, 0xac, 0x38, 0x75, 0xf8, 0xac, 0x38, 0x69,
    0xf8, 0xac, 0x30, 0x5d, 0xf8, 0xb0, 0x38, 0x51, 0xf8, 0xac, 0x38, 0x49,
    0xf8, 0xac, 0x38, 0x41, 0xf8, 0xac, 0x30, 0x38, 0xf8, 0xb0, 0x38, 0x34,
    0xf8, 0xac, 0x30, 0x2c, 0xf8, 0xb0, 0x38, 0x28, 0xf8, 0xb0, 0x30, 0x24,
    0xf8, 0xb0, 0x30, 0x20, 0xf8, 0xac, 0x30, 0x1c, 0xf8, 0xac, 0x38, 0x1c,
    0xf8, 0xb0, 0x30, 0x18, 0xf8, 0xac, 0x30, 0x18, 0xf8, 0xac, 0x38, 0x18,
    0xf8, 0xac, 0x30, 0x18, 0xf8, 0xb0, 0x30, 0x1c, 0xf8, 0xac, 0x38, 0x1c,
    0xf8, 0xac, 0x30, 0x1c, 0xf8, 0xb0, 0x30, 0x20, 0xf8, 0xb0, 0x30, 0x20,
    0xf8, 0xb0, 0x38, 0x28, 0xf8, 0xac, 0x38, 0x2c, 0xf8, 0xb0, 0x38, 0x30,
    0xf8, 0xac, 0x30, 0x38, 0xf8, 0xb0, 0x38, 0x41, 0xf8, 0xac, 0x38, 0x45,
    0xf8, 0xac, 0x30, 0x51, 0xf8, 0xb0, 0x38, 0x5d, 0xf8, 0xb0, 0x38, 0x69,
    0xf8, 0xb0, 0x30, 0x75, 0xf8, 0xac, 0x38, 0x82, 0xf8, 0xac, 0x38, 0x8e,
    0xf8, 0xac, 0x30, 0x9e, 0xf8, 0xb0, 0x38, 0xaa, 0xf8, 0xac, 0x38, 0xb6,
    0xf8, 0xac, 0x30, 0xc3, 0xf8, 0xac, 0x38, 0xcf, 0xf8, 0xb0, 0x38, 0xd7,
    0xf8, 0xb0, 0x38, 0xdf, 0xf8, 0xb0, 0x38, 0xe7, 0xf8, 0xb0, 0x40, 0xef,
    0xf8, 0xb4, 0x40, 0xf3, 0xf8, 0xb4, 0x40, 0xf7, 0xf8, 0xb4, 0x48, 0xfb,
    0xf8, 0xb8, 0x50, 0xfb, 0xf8, 0xb8, 0x50, 0xfb, 0xf8, 0xbc, 0x58, 0xff,
    0xf8, 0xc0, 0x60, 0xff, 0xf8, 0xc4, 0x70, 0xfb, 0xf8, 0xc8, 0x78, 0xff,
    0xf8, 0xcc, 0x80, 0xb6, 0xf0, 0xcc, 0x90, 0x0c, 0xf0, 0xcc, 0x88, 0x00,
    0x00, 0x00, 0x00, 0x00, 0x00, 0x00, 0x00, 0x00, 0xf8, 0xd0, 0x70, 0x00,
    0xf8, 0xcc, 0x80, 0x00, 0xf8, 0xcc, 0x88, 0x51, 0xf8, 0xcc, 0x80, 0xf7,
    0xf8, 0xc8, 0x70, 0xff, 0xf8, 0xc4, 0x68, 0xff, 0xf8, 0xc0, 0x60, 0xff,
    0xf8, 0xbc, 0x58, 0xfb, 0xf8, 0xb8, 0x50, 0xfb, 0xf8, 0xb8, 0x48, 0xfb,
    0xf8, 0xb4, 0x48, 0xf7, 0xf8, 0xb4, 0x40, 0xf3, 0xf8, 0xb0, 0x40, 0xef,
    0xf8, 0xb0, 0x38, 0xe7, 0xf8, 0xb0, 0x38, 0xdf, 0xf8, 0xb0, 0x38, 0xd7,
    0xf8, 0xb0, 0x38, 0xcf, 0xf8, 0xac, 0x38, 0xc3, 0xf8, 0xac, 0x38, 0xb6,
    0xf8, 0xb0, 0x30, 0xae, 0xf8, 0xb0, 0x38, 0x9e, 0xf8, 0xb0, 0x30, 0x92,
    0xf8, 0xb0, 0x38, 0x86, 0xf8, 0xac, 0x30, 0x79, 0xf8, 0xb0, 0x30, 0x6d,
    0xf8, 0xac, 0x30, 0x61, 0xf8, 0xb0, 0x38, 0x59, 0xf8, 0xac, 0x30, 0x4d,
    0xf8, 0xac, 0x38, 0x45, 0xf8, 0xb0, 0x38, 0x41, 0xf8, 0xac, 0x30, 0x38,
    0xf8, 0xac, 0x38, 0x34, 0xf8, 0xac, 0x38, 0x30, 0xf8, 0xb0, 0x38, 0x2c,
    0xf8, 0xb0, 0x38, 0x28, 0xf8, 0xb0, 0x30, 0x24, 0xf8, 0xb0, 0x38, 0x24,
    0xf8, 0xac, 0x38, 0x24, 0xf8, 0xac, 0x30, 0x24, 0xf8, 0xac, 0x38, 0x24,
    0xf8, 0xb0, 0x30, 0x24, 0xf8, 0xb0, 0x38, 0x24, 0xf8, 0xac, 0x38, 0x28,
    0xf8, 0xb0, 0x38, 0x2c, 0xf8, 0xac, 0x30, 0x2c, 0xf8, 0xac, 0x30, 0x30,
    0xf8, 0xac, 0x38, 0x38, 0xf8, 0xac, 0x30, 0x3c, 0xf8, 0xb0, 0x30, 0x45,
    0xf8, 0xb0, 0x38, 0x4d, 0xf8, 0xac, 0x30, 0x55, 0xf8, 0xac, 0x38, 0x61,
    0xf8, 0xac, 0x30, 0x69, 0xf8, 0xac, 0x38, 0x75, 0xf8, 0xb0, 0x38, 0x82,
    0xf8, 0xac, 0x30, 0x8e, 0xf8, 0xb0, 0x38, 0x9a, 0xf8, 0xb0, 0x30, 0xaa,
    0xf8, 0xac, 0x38, 0xb6, 0xf8, 0xb0, 0x38, 0xc3, 0xf8, 0xb0, 0x38, 0xcb,
    0xf8, 0xac, 0x38, 0xd7, 0xf8, 0xb0, 0x38, 0xdf, 0xf8, 0xb0, 0x38, 0xe7,
    0xf8, 0xb0, 0x40, 0xeb, 0xf8, 0xb0, 0x40, 0xef, 0xf8, 0xb0, 0x40, 0xf3,
    0xf8, 0xb4, 0x48, 0xfb, 0xf8, 0xb4, 0x48, 0xfb, 0xf8, 0xb8, 0x50, 0xfb,
    0xf8, 0xbc, 0x58, 0xff, 0xf8, 0xbc, 0x60, 0xff, 0xf8, 0xc4, 0x68, 0xff,
    0xf8, 0xc4, 0x70, 0xff, 0xf8, 0xc8, 0x80, 0xf7, 0xf8, 0xcc, 0x88, 0x51,
    0xf8, 0xc8, 0x88, 0x00, 0xf0, 0xcc, 0x88, 0x00, 0x00, 0x00, 0x00, 0x00,
    0x00, 0x00, 0x00, 0x00, 0x00, 0x00, 0x00, 0x00, 0xf0, 0xc8, 0x90, 0x00,
    0xf0, 0xc8, 0x90, 0x0c, 0xf8, 0xc8, 0x80, 0xb6, 0xf8, 0xc8, 0x78, 0xff,
    0xf8, 0xc4, 0x70, 0xff, 0xf8, 0xc0, 0x60, 0xff, 0xf8, 0xbc, 0x58, 0xfb,
    0xf8, 0xb8, 0x50, 0xfb, 0xf8, 0xb8, 0x50, 0xfb, 0xf8, 0xb4, 0x48, 0xf7,
    0xf8, 0xb4, 0x40, 0xf3, 0xf8, 0xb0, 0x40, 0xef, 0xf8, 0xb0, 0x40, 0xeb,
    0xf8, 0xb0, 0x40, 0xe7, 0xf8, 0xb0, 0x38, 0xdf, 0xf8, 0xb0, 0x38, 0xd7,
    0xf8, 0xac, 0x38, 0xcf, 0xf8, 0xb0, 0x38, 0xc3, 0xf8, 0xac, 0x38, 0xb6,
    0xf8, 0xac, 0x38, 0xae, 0xf8, 0xb0, 0x38, 0x9e, 0xf8, 0xac, 0x30, 0x96,
    0xf8, 0xb0, 0x38, 0x8a, 0xf8, 0xac, 0x38, 0x7d, 0xf8, 0xb0, 0x38, 0x71,
    0xf8, 0xac, 0x30, 0x69, 0xf8, 0xb0, 0x38, 0x5d, 0xf8, 0xb0, 0x38, 0x55,
    0xf8, 0xac, 0x30, 0x4d, 0xf8, 0xb0, 0x38, 0x45, 0xf8, 0xac, 0x38, 0x41,
    0xf8, 0xac, 0x30, 0x3c, 0xf8, 0xac, 0x30, 0x38, 0xf8, 0xac, 0x38, 0x34,
    0xf8, 0xac, 0x30, 0x34, 0xf8, 0xac, 0x38, 0x30, 0xf8, 0xb0, 0x38, 0x30,
    0xf8, 0xac, 0x38, 0x30, 0xf8, 0xb0, 0x38, 0x30, 0xf8, 0xac, 0x38, 0x30,
    0xf8, 0xac, 0x30, 0x34, 0xf8, 0xac, 0x38, 0x34, 0xf8, 0xac, 0x30, 0x38,
    0xf8, 0xac, 0x38, 0x3c, 0xf8, 0xac, 0x38, 0x41, 0xf8, 0xac, 0x30, 0x45,
    0xf8, 0xac, 0x38, 0x4d, 0xf8, 0xac, 0x38, 0x51, 0xf8, 0xac, 0x30, 0x5d,
    0xf8, 0xac, 0x38, 0x65, 0xf8, 0xac, 0x30, 0x6d, 0xf8, 0xb0, 0x38, 0x79,
    0xf8, 0xac, 0x30, 0x86, 0xf8, 0xac, 0x38, 0x92, 0xf8, 0xb0, 0x38, 0x9e,
    0xf8, 0xb0, 0x30, 0xaa, 0xf8, 0xac, 0x38, 0xb6, 0xf8, 0xb0, 0x38, 0xbe,
    0xf8, 0xac, 0x38, 0xcb, 0xf8, 0xb0, 0x38, 0xd3, 0xf8, 0xb0, 0x38, 0xdb,
    0xf8, 0xb0, 0x38, 0xe3, 0xf8, 0xb0, 0x38, 0xeb, 0xf8, 0xb0, 0x40, 0xef,
    0xf8, 0xb0, 0x40, 0xf3, 0xf8, 0xb4, 0x40, 0xf7, 0xf8, 0xb4, 0x48, 0xfb,
    0xf8, 0xb8, 0x50, 0xfb, 0xf8, 0xb8, 0x50, 0xfb, 0xf8, 0xbc, 0x58, 0xff,
    0xf8, 0xc0, 0x68, 0xff, 0xf8, 0xc4, 0x70, 0xfb, 0xf8, 0xc8, 0x78, 0xff,
    0xf8, 0xcc, 0x80, 0xb6, 0xf0, 0xc8, 0x90, 0x0c, 0xf0, 0xc8, 0x90, 0x00,
    0x00, 0x00, 0x00, 0x00, 0x00, 0x00, 0x00, 0x00, 0x00, 0x00, 0x00, 0x00,
    0x00, 0x00, 0x00, 0x00, 0xf0, 0xcc, 0x90, 0x00, 0xf8, 0xcc, 0x88, 0x00,
    0xf8, 0xc8, 0x88, 0x51, 0xf8, 0xc8, 0x80, 0xf7, 0xf8, 0xc8, 0x70, 0xff,
    0xf8, 0xc0, 0x68, 0xff, 0xf8, 0xc0, 0x60, 0xff, 0xf8, 0xbc, 0x58, 0xfb,
    0xf8, 0xb8, 0x50, 0xfb, 0xf8, 0xb4, 0x48, 0xfb, 0xf8, 0xb4, 0x48, 0xf7,
    0xf8, 0xb4, 0x48, 0xf3, 0xf8, 0xb4, 0x40, 0xef, 0xf8, 0xb0, 0x40, 0xeb,
    0xf8, 0xb0, 0x38, 0xe7, 0xf8, 0xb0, 0x38, 0xdf, 0xf8, 0xb0, 0x38, 0xd7,
    0xf8, 0xb0, 0x38, 0xcb, 0xf8, 0xac, 0x38, 0xc3, 0xf8, 0xb0, 0x30, 0xba,
    0xf8, 0xb0, 0x38, 0xae, 0xf8, 0xac, 0x38, 0xa2, 0xf8, 0xac, 0x38, 0x9a,
    0xf8, 0xb0, 0x38, 0x8e, 0xf8, 0xac, 0x30, 0x82, 0xf8, 0xac, 0x30, 0x79,
    0xf8, 0xb0, 0x38, 0x6d, 0xf8, 0xac, 0x30, 0x65, 0xf8, 0xac, 0x38, 0x5d,
    0xf8, 0xb0, 0x30, 0x59, 0xf8, 0xb0, 0x30, 0x51, 0xf8, 0xb0, 0x38, 0x4d,
    0xf8, 0xac, 0x30, 0x45, 0xf8, 0xb0, 0x38, 0x45, 0xf8, 0xac, 0x30, 0x41,
    0xf8, 0xac, 0x38, 0x41, 0xf8, 0xb0, 0x30, 0x41, 0xf8, 0xac, 0x30, 0x3c,
    0xf8, 0xac, 0x30, 0x41, 0xf8, 0xac, 0x30, 0x41, 0xf8, 0xac, 0x38, 0x41,
    0xf8, 0xac, 0x30, 0x41, 0xf8, 0xb0, 0x38, 0x45, 0xf8, 0xac, 0x38, 0x49,
    0xf8, 0xb0, 0x30, 0x4d, 0xf8, 0xb0, 0x38, 0x55, 0xf8, 0xac, 0x30, 0x5d,
    0xf8, 0xac, 0x30, 0x61, 0xf8, 0xac, 0x38, 0x6d, 0xf8, 0xac, 0x30, 0x75,
    0xf8, 0xb0, 0x38, 0x7d, 0xf8, 0xac, 0x38, 0x8a, 0xf8, 0xb0, 0x30, 0x96,
    0xf8, 0xb0, 0x38, 0x9e, 0xf8, 0xac, 0x38, 0xaa, 0xf8, 0xac, 0x38, 0xb6,
    0xf8, 0xb0, 0x38, 0xc3, 0xf8, 0xac, 0x38, 0xcb, 0xf8, 0xac, 0x38, 0xd3,
    0xf8, 0xb0, 0x38, 0xdb, 0xf8, 0xb0, 0x38, 0xe3, 0xf8, 0xb0, 0x38, 0xeb,
    0xf8, 0xb0, 0x38, 0xef, 0xf8, 0xb4, 0x40, 0xf3, 0xf8, 0xb4, 0x40, 0xf7,
    0xf8, 0xb4, 0x48, 0xfb, 0xf8, 0xb4, 0x48, 0xfb, 0xf8, 0xb8, 0x50, 0xfb,
    0xf8, 0xbc, 0x58, 0xff, 0xf8, 0xc0, 0x60, 0xff, 0xf8, 0xc0, 0x68, 0xff,
    0xf8, 0xc4, 0x70, 0xff, 0xf8, 0xcc, 0x80, 0xf7, 0xf8, 0xcc, 0x88, 0x51,
    0xf8, 0xcc, 0x88, 0x00, 0xf0, 0xc8, 0x90, 0x00, 0x00, 0x00, 0x00, 0x00,
    0x00, 0x00, 0x00, 0x00, 0x00, 0x00, 0x00, 0x00, 0x00, 0x00, 0x00, 0x00,
    0xf0, 0xc4, 0x90, 0x00, 0xf8, 0xc8, 0x88, 0x00, 0xf0, 0xc8, 0x90, 0x0c,
    0xf8, 0xcc, 0x80, 0xba, 0xf8, 0xc8, 0x78, 0xff, 0xf8, 0xc4, 0x70, 0xff,
    0xf8, 0xc0, 0x68, 0xff, 0xf8, 0xbc, 0x58, 0xfb, 0xf8, 0xbc, 0x58, 0xfb,
    0xf8, 0xb8, 0x50, 0xfb, 0xf8, 0xb8, 0x48, 0xfb, 0xf8, 0xb4, 0x48, 0xf7,
    0xf8, 0xb4, 0x40, 0xf3, 0xf8, 0xb4, 0x40, 0xef, 0xf8, 0xb0, 0x38, 0xeb,
    0xf8, 0xb0, 0x38, 0xe3, 0xf8, 0xb0, 0x38, 0xdf, 0xf8, 0xb0, 0x38, 0xd7,
    0xf8, 0xac, 0x38, 0xcf, 0xf8, 0xb0, 0x38, 0xc3, 0xf8, 0xac, 0x30, 0xba,
    0xf8, 0xb0, 0x38, 0xb2, 0xf8, 0xb0, 0x38, 0xa6, 0xf8, 0xac, 0x30, 0x9e,
    0xf8, 0xac, 0x38, 0x92, 0xf8, 0xb0, 0x38, 0x8a, 0xf8, 0xac, 0x30, 0x82,
    0xf8, 0xb0, 0x30, 0x79, 0xf8, 0xac, 0x38, 0x71, 0xf8, 0xac, 0x38, 0x69,
    0xf8, 0xac, 0x30, 0x61, 0xf8, 0xac, 0x38, 0x5d, 0xf8, 0xac, 0x38, 0x59,
    0xf8, 0xb0, 0x30, 0x55, 0xf8, 0xb0, 0x38, 0x51, 0xf8, 0xac, 0x30, 0x4d,
    0xf8, 0xb0, 0x30, 0x4d, 0xf8, 0xb0, 0x38, 0x4d, 0xf8, 0xb0, 0x38, 0x4d,
    0xf8, 0xb0, 0x30, 0x4d, 0xf8, 0xac, 0x38, 0x51, 0xf8, 0xb0, 0x30, 0x51,
    0xf8, 0xac, 0x38, 0x55, 0xf8, 0xb0, 0x38, 0x5d, 0xf8, 0xb0, 0x30, 0x61,
    0xf8, 0xb0, 0x38, 0x65, 0xf8, 0xac, 0x38, 0x6d, 0xf8, 0xac, 0x30, 0x75,
    0xf8, 0xb0, 0x38, 0x7d, 0xf8, 0xac, 0x30, 0x86, 0xf8, 0xb0, 0x38, 0x92,
    0xf8, 0xac, 0x38, 0x9a, 0xf8, 0xac, 0x30, 0xa6, 0xf8, 0xb0, 0x38, 0xae,
    0xf8, 0xac, 0x38, 0xb6, 0xf8, 0xb0, 0x30, 0xc3, 0xf8, 0xb0, 0x38, 0xcb,
    0xf8, 0xb0, 0x38, 0xd3, 0xf8, 0xb0, 0x38, 0xdb, 0xf8, 0xb0, 0x38, 0xe3,
    0xf8, 0xb0, 0x38, 0xeb, 0xf8, 0xb0, 0x40, 0xef, 0xf8, 0xb0, 0x40, 0xf3,
    0xf8, 0xb4, 0x40, 0xf7, 0xf8, 0xb4, 0x48, 0xfb, 0xf8, 0xb4, 0x48, 0xfb,
    0xf8, 0xb8, 0x50, 0xfb, 0xf8, 0xbc, 0x50, 0xff, 0xf8, 0xbc, 0x58, 0xff,
    0xf8, 0xc0, 0x68, 0xff, 0xf8, 0xc4, 0x70, 0xfb, 0xf8, 0xc8, 0x78, 0xff,
    0xf8, 0xcc, 0x80, 0xba, 0xf0, 0xc8, 0x90, 0x0c, 0xf0, 0xc8, 0x88, 0x00,
    0xf0, 0xc8, 0x88, 0x00, 0x00, 0x00, 0x00, 0x00, 0x00, 0x00, 0x00, 0x00,
    0x00, 0x00, 0x00, 0x00, 0x00, 0x00, 0x00, 0x00, 0x00, 0x00, 0x00, 0x00,
    0xf8, 0xcc, 0x88, 0x00, 0xf8, 0xcc, 0x80, 0x00, 0xf8, 0xcc, 0x88, 0x45,
    0xf8, 0xcc, 0x80, 0xeb, 0xf8, 0xc4, 0x78, 0xff, 0xf8, 0xc4, 0x68, 0xff,
    0xf8, 0xc0, 0x60, 0xff, 0xf8, 0xbc, 0x58, 0xff, 0xf8, 0xb8, 0x50, 0xfb,
    0xf8, 0xb8, 0x50, 0xfb, 0xf8, 0xb4, 0x48, 0xfb, 0xf8, 0xb4, 0x40, 0xf7,
    0xf8, 0xb4, 0x40, 0xf3, 0xf8, 0xb0, 0x40, 0xef, 0xf8, 0xb0, 0x38, 0xeb,
    0xf8, 0xb0, 0x38, 0xe3, 0xf8, 0xb0, 0x38, 0xdf, 0xf8, 0xb0, 0x38, 0xd7,
    0xf8, 0xac, 0x38, 0xcf, 0xf8, 0xac, 0x38, 0xc7, 0xf8, 0xb0, 0x38, 0xbe,
    0xf8, 0xb0, 0x30, 0xb6, 0xf8, 0xb0, 0x38, 0xaa, 0xf8, 0xac, 0x38, 0xa2,
    0xf8, 0xb0, 0x38, 0x9a, 0xf8, 0xb0, 0x38, 0x92, 0xf8, 0xac, 0x30, 0x8a,
    0xf8, 0xb0, 0x38, 0x82, 0xf8, 0xb0, 0x30, 0x79, 0xf8, 0xac, 0x30, 0x75,
    0xf8, 0xac, 0x38, 0x6d, 0xf8, 0xb0, 0x30, 0x69, 0xf8, 0xac, 0x38, 0x65,
    0xf8, 0xac, 0x38, 0x65, 0xf8, 0xb0, 0x38, 0x61, 0xf8, 0xac, 0x30, 0x5d,
    0xf8, 0xac, 0x38, 0x61, 0xf8, 0xac, 0x38, 0x5d, 0xf8, 0xb0, 0x38, 0x61,
    0xf8, 0xb0, 0x30, 0x61, 0xf8, 0xac, 0x30, 0x65, 0xf8, 0xac, 0x38, 0x69,
    0xf8, 0xac, 0x30, 0x6d, 0xf8, 0xac, 0x30, 0x71, 0xf8, 0xb0, 0x38, 0x79,
    0xf8, 0xac, 0x30, 0x7d, 0xf8, 0xb0, 0x38, 0x86, 0xf8, 0xac, 0x38, 0x8e,
    0xf8, 0xb0, 0x38, 0x96, 0xf8, 0xb0, 0x30, 0x9e, 0xf8, 0xac, 0x38, 0xaa,
    0xf8, 0xb0, 0x30, 0xb2, 0xf8, 0xb0, 0x38, 0xbe, 0xf8, 0xb0, 0x30, 0xc3,
    0xf8, 0xb0, 0x30, 0xcb, 0xf8, 0xb0, 0x38, 0xd7, 0xf8, 0xb0, 0x38, 0xdb,
    0xf8, 0xb0, 0x38, 0xe3, 0xf8, 0xb0, 0x38, 0xeb, 0xf8, 0xb0, 0x38, 0xef,
    0xf8, 0xb4, 0x40, 0xf3, 0xf8, 0xb0, 0x40, 0xf7, 0xf8, 0xb4, 0x40, 0xf7,
    0xf8, 0xb4, 0x48, 0xfb, 0xf8, 0xb8, 0x50, 0xfb, 0xf8, 0xbc, 0x50, 0xfb,
    0xf8, 0xbc, 0x58, 0xff, 0xf8, 0xbc, 0x60, 0xff, 0xf8, 0xc4, 0x68, 0xfb,
    0xf8, 0xc8, 0x78, 0xff, 0xf8, 0xcc, 0x80, 0xef, 0xf8, 0xcc, 0x88, 0x45,
    0xf8, 0xcc, 0x80, 0x00, 0xf8, 0xcc, 0x88, 0x00, 0x00, 0x00, 0x00, 0x00,
    0x00, 0x00, 0x00, 0x00, 0x00, 0x00, 0x00, 0x00, 0x00, 0x00, 0x00, 0x00,
    0x00, 0x00, 0x00, 0x00, 0x00, 0x00, 0x00, 0x00, 0x00, 0x00, 0x00, 0x00,
    0xf8, 0xcc, 0x88, 0x00, 0xf8, 0xcc, 0x90, 0x04, 0xf8, 0xcc, 0x88, 0x96,
    0xf8, 0xc8, 0x78, 0xff, 0xf8, 0xc4, 0x70, 0xff, 0xf8, 0xc0, 0x68, 0xff,
    0xf8, 0xbc, 0x60, 0xff, 0xf8, 0xbc, 0x58, 0xfb, 0xf8, 0xb8, 0x50, 0xfb,
    0xf8, 0xb4, 0x50, 0xfb, 0xf8, 0xb4, 0x48, 0xfb, 0xf8, 0xb4, 0x40, 0xf7,
    0xf8, 0xb0, 0x40, 0xf3, 0xf8, 0xb4, 0x40, 0xef, 0xf8, 0xb0, 0x38, 0xeb,
    0xf8, 0xb0, 0x38, 0xe7, 0xf8, 0xb0, 0x38, 0xdf, 0xf8, 0xb0, 0x38, 0xdb,
    0xf8, 0xac, 0x38, 0xd3, 0xf8, 0xac, 0x38, 0xcb, 0xf8, 0xb0, 0x38, 0xc3,
    0xf8, 0xac, 0x38, 0xba, 0xf8, 0xac, 0x30, 0xb2, 0xf8, 0xb0, 0x38, 0xaa,
    0xf8, 0xac, 0x38, 0xa2, 0xf8, 0xac, 0x38, 0x9a, 0xf8, 0xb0, 0x38, 0x92,
    0xf8, 0xb0, 0x38, 0x8a, 0xf8, 0xac, 0x38, 0x86, 0xf8, 0xac, 0x30, 0x82,
    0xf8, 0xb0, 0x30, 0x7d, 0xf8, 0xac, 0x30, 0x79, 0xf8, 0xac, 0x38, 0x75,
    0xf8, 0xac, 0x38, 0x75, 0xf8, 0xac, 0x30, 0x71, 0xf8, 0xac, 0x30, 0x71,
    0xf8, 0xac, 0x30, 0x71, 0xf8, 0xac, 0x38, 0x75, 0xf8, 0xac, 0x38, 0x75,
    0xf8, 0xb0, 0x38, 0x79, 0xf8, 0xb0, 0x38, 0x7d, 0xf8, 0xac, 0x38, 0x82,
    0xf8, 0xac, 0x38, 0x86, 0xf8, 0xac, 0x30, 0x8a, 0xf8, 0xb0, 0x30, 0x92,
    0xf8, 0xac, 0x38, 0x9a, 0xf8, 0xac, 0x38, 0x9e, 0xf8, 0xb0, 0x30, 0xa6,
    0xf8, 0xac, 0x38, 0xb2, 0xf8, 0xb0, 0x38, 0xb6, 0xf8, 0xac, 0x38, 0xbe,
    0xf8, 0xac, 0x38, 0xc7, 0xf8, 0xb0, 0x38, 0xcf, 0xf8, 0xb0, 0x38, 0xd7,
    0xf8, 0xac, 0x38, 0xdf, 0xf8, 0xb0, 0x38, 0xe3, 0xf8, 0xb0, 0x38, 0xeb,
    0xf8, 0xb0, 0x38, 0xef, 0xf8, 0xb0, 0x40, 0xef, 0xf8, 0xb4, 0x40, 0xf7,
    0xf8, 0xb4, 0x48, 0xf7, 0xf8, 0xb4, 0x48, 0xfb, 0xf8, 0xb4, 0x48, 0xfb,
    0xf8, 0xb8, 0x50, 0xfb, 0xf8, 0xbc, 0x58, 0xff, 0xf8, 0xbc, 0x60, 0xff,
    0xf8, 0xc0, 0x68, 0xff, 0xf8, 0xc4, 0x70, 0xff, 0xf8, 0xc8, 0x80, 0xff,
    0xf8, 0xcc, 0x80, 0x96, 0xf0, 0xcc, 0x90, 0x04, 0xf8, 0xcc, 0x88, 0x00,
    0x00, 0x00, 0x00, 0x00, 0x00, 0x00, 0x00, 0x00, 0x00, 0x00, 0x00, 0x00,
    0x00, 0x00, 0x00, 0x00, 0x00, 0x00, 0x00, 0x00, 0x00, 0x00, 0x00, 0x00,
    0x00, 0x00, 0x00, 0x00, 0x00, 0x00, 0x00, 0x00, 0xf8, 0xcc, 0x80, 0x00,
    0xf8, 0xcc, 0x88, 0x00, 0xf8, 0xcc, 0x90, 0x20, 0xf8, 0xcc, 0x80, 0xcb,
    0xf8, 0xc8, 0x78, 0xff, 0xf8, 0xc4, 0x70, 0xff, 0xf8, 0xc0, 0x68, 0xff,
    0xf8, 0xbc, 0x60, 0xff, 0xf8, 0xbc, 0x58, 0xfb, 0xf8, 0xb8, 0x50, 0xfb,
    0xf8, 0xb8, 0x50, 0xfb, 0xf8, 0xb4, 0x48, 0xf7, 0xf8, 0xb4, 0x40, 0xf7,
    0xf8, 0xb0, 0x40, 0xf3, 0xf8, 0xb0, 0x40, 0xef, 0xf8, 0xb0, 0x40, 0xeb,
    0xf8, 0xb0, 0x38, 0xe7, 0xf8, 0xb0, 0x38, 0xe3, 0xf8, 0xb0, 0x38, 0xdb,
    0xf8, 0xac, 0x38, 0xd3, 0xf8, 0xb0, 0x38, 0xcf, 0xf8, 0xac, 0x38, 0xc7,
    0xf8, 0xb0, 0x30, 0xc3, 0xf8, 0xb0, 0x30, 0xba, 0xf8, 0xac, 0x38, 0xb2,
    0xf8, 0xb0, 0x30, 0xaa, 0xf8, 0xac, 0x30, 0xa2, 0xf8, 0xac, 0x38, 0x9e,
    0xf8, 0xb0, 0x38, 0x9a, 0xf8, 0xb0, 0x38, 0x92, 0xf8, 0xac, 0x38, 0x8e,
    0xf8, 0xb0, 0x38, 0x8a, 0xf8, 0xb0, 0x30, 0x8a, 0xf8, 0xac, 0x38, 0x86,
    0xf8, 0xac, 0x38, 0x86, 0xf8, 0xb0, 0x38, 0x86, 0xf8, 0xac, 0x30, 0x86,
    0xf8, 0xac, 0x30, 0x86, 0xf8, 0xb0, 0x38, 0x86, 0xf8, 0xac, 0x30, 0x8a,
    0xf8, 0xac, 0x30, 0x8e, 0xf8, 0xac, 0x30, 0x92, 0xf8, 0xb0, 0x38, 0x96,
    0xf8, 0xb0, 0x38, 0x9e, 0xf8, 0xac, 0x38, 0xa2, 0xf8, 0xb0, 0x30, 0xaa,
    0xf8, 0xb0, 0x38, 0xb2, 0xf8, 0xac, 0x30, 0xb6, 0xf8, 0xb0, 0x38, 0xbe,
    0xf8, 0xb0, 0x38, 0xc7, 0xf8, 0xac, 0x30, 0xcf, 0xf8, 0xb0, 0x38, 0xd3,
    0xf8, 0xac, 0x38, 0xdb, 0xf8, 0xb0, 0x38, 0xdf, 0xf8, 0xb0, 0x38, 0xe7,
    0xf8, 0xb0, 0x38, 0xeb, 0xf8, 0xb0, 0x40, 0xef, 0xf8, 0xb0, 0x40, 0xf3,
    0xf8, 0xb0, 0x40, 0xf7, 0xf8, 0xb4, 0x40, 0xf7, 0xf8, 0xb4, 0x48, 0xfb,
    0xf8, 0xb8, 0x48, 0xfb, 0xf8, 0xb8, 0x50, 0xfb, 0xf8, 0xbc, 0x58, 0xff,
    0xf8, 0xbc, 0x60, 0xff, 0xf8, 0xc0, 0x68, 0xff, 0xf8, 0xc4, 0x70, 0xfb,
    0xf8, 0xc8, 0x78, 0xff, 0xf8, 0xc8, 0x80, 0xd3, 0xf0, 0xc8, 0x90, 0x20,
    0xf8, 0xcc, 0x88, 0x00, 0xf8, 0xcc, 0x80, 0x00, 0x00, 0x00, 0x00, 0x00,
    0x00, 0x00, 0x00, 0x00, 0x00, 0x00, 0x00, 0x00, 0x00, 0x00, 0x00, 0x00,
    0x00, 0x00, 0x00, 0x00, 0x00, 0x00, 0x00, 0x00, 0x00, 0x00, 0x00, 0x00,
    0x00, 0x00, 0x00, 0x00, 0xf0, 0xc8, 0x90, 0x00, 0xf0, 0xc4, 0x90, 0x00,
    0xf8, 0xc8, 0x88, 0x00, 0xf8, 0xcc, 0x88, 0x45, 0xf8, 0xc8, 0x80, 0xef,
    0xf8, 0xc8, 0x78, 0xff, 0xf8, 0xc4, 0x68, 0xfb, 0xf8, 0xc0, 0x60, 0xff,
    0xf8, 0xbc, 0x58, 0xff, 0xf8, 0xbc, 0x58, 0xff, 0xf8, 0xb8, 0x50, 0xfb,
    0xf8, 0xb8, 0x48, 0xfb, 0xf8, 0xb4, 0x48, 0xfb, 0xf8, 0xb4, 0x40, 0xf7,
    0xf8, 0xb4, 0x40, 0xf3, 0xf8, 0xb0, 0x40, 0xf3, 0xf8, 0xb0, 0x40, 0xef,
    0xf8, 0xb0, 0x38, 0xe7, 0xf8, 0xb0, 0x38, 0xe3, 0xf8, 0xb0, 0x38, 0xdf,
    0xf8, 0xb0, 0x38, 0xd7, 0xf8, 0xac, 0x38, 0xd3, 0xf8, 0xb0, 0x38, 0xcb,
    0xf8, 0xac, 0x38, 0xc7, 0xf8, 0xb0, 0x38, 0xbe, 0xf8, 0xb0, 0x30, 0xba,
    0xf8, 0xac, 0x38, 0xb6, 0xf8, 0xb0, 0x30, 0xae, 0xf8, 0xac, 0x30, 0xaa,
    0xf8, 0xac, 0x38, 0xa6, 0xf8, 0xb0, 0x38, 0xa2, 0xf8, 0xac, 0x30, 0x9e,
    0xf8, 0xb0, 0x30, 0x9e, 0xf8, 0xb0, 0x30, 0x9a, 0xf8, 0xb0, 0x38, 0x9a,
    0xf8, 0xac, 0x38, 0x9a, 0xf8, 0xac, 0x38, 0x9a, 0xf8, 0xb0, 0x30, 0x9a,
    0xf8, 0xb0, 0x30, 0x9a, 0xf8, 0xac, 0x38, 0x9e, 0xf8, 0xb0, 0x38, 0xa2,
    0xf8, 0xb0, 0x30, 0xa2, 0xf8, 0xac, 0x38, 0xaa, 0xf8, 0xb0, 0x38, 0xae,
    0xf8, 0xb0, 0x30, 0xb2, 0xf8, 0xac, 0x38, 0xba, 0xf8, 0xb0, 0x38, 0xbe,
    0xf8, 0xb0, 0x38, 0xc3, 0xf8, 0xb0, 0x38, 0xcb, 0xf8, 0xac, 0x38, 0xd3,
    0xf8, 0xb0, 0x38, 0xd7, 0xf8, 0xac, 0x38, 0xdf, 0xf8, 0xb0, 0x38, 0xe3,
    0xf8, 0xb0, 0x38, 0xe7, 0xf8, 0xb0, 0x38, 0xeb, 0xf8, 0xb0, 0x38, 0xef,
    0xf8, 0xb0, 0x40, 0xf3, 0xf8, 0xb0, 0x40, 0xf7, 0xf8, 0xb4, 0x40, 0xf7,
    0xf8, 0xb4, 0x48, 0xfb, 0xf8, 0xb4, 0x48, 0xfb, 0xf8, 0xb8, 0x50, 0xfb,
    0xf8, 0xbc, 0x50, 0xff, 0xf8, 0xbc, 0x58, 0xff, 0xf8, 0xc0, 0x60, 0xff,
    0xf8, 0xc0, 0x70, 0xfb, 0xf8, 0xc8, 0x78, 0xff, 0xf8, 0xcc, 0x80, 0xef,
    0xf8, 0xcc, 0x88, 0x51, 0xf8, 0xc8, 0x88, 0x00, 0xf0, 0xc4, 0x90, 0x00,
    0xf0, 0xc8, 0x90, 0x00, 0x00, 0x00, 0x00, 0x00, 0x00, 0x00, 0x00, 0x00,
    0x00, 0x00, 0x00, 0x00, 0x00, 0x00, 0x00, 0x00, 0x00, 0x00, 0x00, 0x00,
    0x00, 0x00, 0x00, 0x00, 0x00, 0x00, 0x00, 0x00, 0x00, 0x00, 0x00, 0x00,
    0x00, 0x00, 0x00, 0x00, 0xf8, 0xd0, 0x88, 0x00, 0xf0, 0xc8, 0x88, 0x00,
    0xd8, 0xc8, 0xa8, 0x00, 0xf8, 0xcc, 0x80, 0x82, 0xf8, 0xc8, 0x80, 0xfb,
    0xf8, 0xc8, 0x78, 0xff, 0xf8, 0xc4, 0x68, 0xff, 0xf8, 0xc0, 0x60, 0xff,
    0xf8, 0xbc, 0x58, 0xff, 0xf8, 0xbc, 0x50, 0xfb, 0xf8, 0xb8, 0x50, 0xfb,
    0xf8, 0xb4, 0x50, 0xfb, 0xf8, 0xb4, 0x48, 0xfb, 0xf8, 0xb4, 0x40, 0xf7,
    0xf8, 0xb4, 0x40, 0xf7, 0xf8, 0xb0, 0x40, 0xf3, 0xf8, 0xb0, 0x38, 0xef,
    0xf8, 0xb0, 0x38, 0xeb, 0xf8, 0xb0, 0x38, 0xe7, 0xf8, 0xb0, 0x38, 0xe3,
    0xf8, 0xb0, 0x38, 0xdf, 0xf8, 0xb0, 0x38, 0xd7, 0xf8, 0xb0, 0x38, 0xd3,
    0xf8, 0xac, 0x38, 0xcf, 0xf8, 0xb0, 0x38, 0xc7, 0xf8, 0xb0, 0x38, 0xc3,
    0xf8, 0xac, 0x38, 0xbe, 0xf8, 0xb0, 0x38, 0xba, 0xf8, 0xb0, 0x38, 0xb6,
    0xf8, 0xac, 0x30, 0xb2, 0xf8, 0xac, 0x38, 0xb2, 0xf8, 0xac, 0x38, 0xae,
    0xf8, 0xb0, 0x38, 0xaa, 0xf8, 0xac, 0x38, 0xaa, 0xf8, 0xb0, 0x30, 0xaa,
    0xf8, 0xac, 0x38, 0xaa, 0xf8, 0xb0, 0x38, 0xaa, 0xf8, 0xac, 0x38, 0xae,
    0xf8, 0xac, 0x38, 0xae, 0xf8, 0xb0, 0x38, 0xb2, 0xf8, 0xac, 0x30, 0xb6,
    0xf8, 0xac, 0x38, 0xba, 0xf8, 0xb0, 0x30, 0xbe, 0xf8, 0xb0, 0x30, 0xc3,
    0xf8, 0xac, 0x38, 0xc7, 0xf8, 0xac, 0x38, 0xcb, 0xf8, 0xb0, 0x30, 0xd3,
    0xf8, 0xac, 0x38, 0xd7, 0xf8, 0xac, 0x38, 0xdb, 0xf8, 0xb0, 0x38, 0xdf,
    0xf8, 0xb0, 0x38, 0xe7, 0xf8, 0xb0, 0x38, 0xeb, 0xf8, 0xb0, 0x38, 0xef,
    0xf8, 0xb0, 0x40, 0xf3, 0xf8, 0xb4, 0x40, 0xf3, 0xf8, 0xb0, 0x40, 0xf7,
    0xf8, 0xb4, 0x40, 0xf7, 0xf8, 0xb4, 0x48, 0xfb, 0xf8, 0xb8, 0x48, 0xfb,
    0xf8, 0xb8, 0x50, 0xfb, 0xf8, 0xbc, 0x58, 0xff, 0xf8, 0xbc, 0x58, 0xff,
    0xf8, 0xc0, 0x60, 0xff, 0xf8, 0xc4, 0x68, 0xfb, 0xf8, 0xc4, 0x70, 0xff,
    0xf8, 0xc8, 0x78, 0xfb, 0xf8, 0xcc, 0x80, 0x82, 0xb8, 0xc8, 0xc0, 0x00,
    0xf0, 0xc8, 0x90, 0x00, 0xf8, 0xcc, 0x88, 0x00, 0x00, 0x00, 0x00, 0x00,
    0x00, 0x00, 0x00, 0x00, 0x00, 0x00, 0x00, 0x00, 0x00, 0x00, 0x00, 0x00,
    0x00, 0x00, 0x00, 0x00, 0x00, 0x00, 0x00, 0x00, 0x00, 0x00, 0x00, 0x00,
    0x00, 0x00, 0x00, 0x00, 0x00, 0x00, 0x00, 0x00, 0x00, 0x00, 0x00, 0x00,
    0x00, 0x00, 0x00, 0x00, 0xf0, 0xc8, 0x88, 0x00, 0xf8, 0xcc, 0x88, 0x00,
    0xf8, 0xcc, 0x80, 0x08, 0xf8, 0xc8, 0x80, 0x96, 0xf8, 0xc8, 0x80, 0xff,
    0xf8, 0xc8, 0x70, 0xff, 0xf8, 0xc4, 0x68, 0xff, 0xf8, 0xc0, 0x60, 0xff,
    0xf8, 0xbc, 0x58, 0xff, 0xf8, 0xbc, 0x58, 0xfb, 0xf8, 0xb8, 0x50, 0xfb,
    0xf8, 0xb4, 0x50, 0xfb, 0xf8, 0xb4, 0x48, 0xfb, 0xf8, 0xb4, 0x40, 0xf7,
    0xf8, 0xb0, 0x40, 0xf7, 0xf8, 0xb0, 0x40, 0xf3, 0xf8, 0xb0, 0x40, 0xef,
    0xf8, 0xb0, 0x38, 0xef, 0xf8, 0xb0, 0x38, 0xeb, 0xf8, 0xb0, 0x38, 0xe7,
    0xf8, 0xb0, 0x38, 0xe3, 0xf8, 0xb0, 0x38, 0xdb, 0xf8, 0xac, 0x38, 0xdb,
    0xf8, 0xac, 0x38, 0xd7, 0xf8, 0xb0, 0x38, 0xcf, 0xf8, 0xac, 0x38, 0xcb,
    0xf8, 0xb0, 0x38, 0xcb, 0xf8, 0xb0, 0x38, 0xc7, 0xf8, 0xb0, 0x30, 0xc3,
    0xf8, 0xac, 0x38, 0xbe, 0xf8, 0xb0, 0x38, 0xbe, 0xf8, 0xac, 0x38, 0xbe,
    0xf8, 0xb0, 0x38, 0xba, 0xf8, 0xb0, 0x38, 0xba, 0xf8, 0xb0, 0x38, 0xba,
    0xf8, 0xac, 0x38, 0xbe, 0xf8, 0xb0, 0x30, 0xbe, 0xf8, 0xb0, 0x30, 0xbe,
    0xf8, 0xb0, 0x38, 0xc3, 0xf8, 0xb0, 0x38, 0xc3, 0xf8, 0xb0, 0x38, 0xc7,
    0xf8, 0xac, 0x38, 0xcb, 0xf8, 0xb0, 0x38, 0xcf, 0xf8, 0xb0, 0x38, 0xd3,
    0xf8, 0xac, 0x38, 0xd7, 0xf8, 0xb0, 0x38, 0xdb, 0xf8, 0xb0, 0x38, 0xdf,
    0xf8, 0xb0, 0x38, 0xe3, 0xf8, 0xb0, 0x38, 0xe7, 0xf8, 0xb0, 0x38, 0xeb,
    0xf8, 0xb0, 0x40, 0xef, 0xf8, 0xb0, 0x40, 0xf3, 0xf8, 0xb0, 0x40, 0xf3,
    0xf8, 0xb4, 0x40, 0xf7, 0xf8, 0xb4, 0x40, 0xfb, 0xf8, 0xb4, 0x48, 0xfb,
    0xf8, 0xb4, 0x50, 0xfb, 0xf8, 0xb8, 0x50, 0xff, 0xf8, 0xbc, 0x50, 0xfb,
    0xf8, 0xbc, 0x58, 0xff, 0xf8, 0xc0, 0x68, 0xff, 0xf8, 0xc0, 0x68, 0xff,
    0xf8, 0xc8, 0x78, 0xff, 0xf8, 0xc8, 0x80, 0xff, 0xf8, 0xcc, 0x80, 0x96,
    0xf8, 0xcc, 0x88, 0x0c, 0xf8, 0xcc, 0x80, 0x00, 0xf0, 0xc8, 0x88, 0x00,
    0x00, 0x00, 0x00, 0x00, 0x00, 0x00, 0x00, 0x00, 0x00, 0x00, 0x00, 0x00,
    0x00, 0x00, 0x00, 0x00, 0x00, 0x00, 0x00, 0x00, 0x00, 0x00, 0x00, 0x00,
    0x00, 0x00, 0x00, 0x00, 0x00, 0x00, 0x00, 0x00, 0x00, 0x00, 0x00, 0x00,
    0x00, 0x00, 0x00, 0x00, 0x00, 0x00, 0x00, 0x00, 0x00, 0x00, 0x00, 0x00,
    0x00, 0x00, 0x00, 0x00, 0xf8, 0xcc, 0x80, 0x00, 0xf8, 0xc8, 0x88, 0x00,
    0xf8, 0xcc, 0x90, 0x1c, 0xf8, 0xcc, 0x80, 0xbe, 0xf8, 0xc8, 0x78, 0xff,
    0xf8, 0xc4, 0x78, 0xfb, 0xf8, 0xc0, 0x68, 0xff, 0xf8, 0xc0, 0x60, 0xff,
    0xf8, 0xbc, 0x60, 0xff, 0xf8, 0xbc, 0x58, 0xfb, 0xf8, 0xb8, 0x50, 0xfb,
    0xf8, 0xb4, 0x50, 0xfb, 0xf8, 0xb4, 0x48, 0xfb, 0xf8, 0xb4, 0x48, 0xf7,
    0xf8, 0xb4, 0x40, 0xf7, 0xf8, 0xb4, 0x40, 0xf3, 0xf8, 0xb0, 0x40, 0xf3,
    0xf8, 0xb0, 0x40, 0xef, 0xf8, 0xb0, 0x38, 0xeb, 0xf8, 0xb0, 0x38, 0xeb,
    0xf8, 0xb0, 0x38, 0xe7, 0xf8, 0xb0, 0x38, 0xe3, 0xf8, 0xac, 0x38, 0xdf,
    0xf8, 0xb0, 0x38, 0xdb, 0xf8, 0xac, 0x38, 0xd7, 0xf8, 0xac, 0x30, 0xd7,
    0xf8, 0xb0, 0x38, 0xd3, 0xf8, 0xac, 0x38, 0xcf, 0xf8, 0xb0, 0x38, 0xcf,
    0xf8, 0xb0, 0x30, 0xcb, 0xf8, 0xac, 0x30, 0xcb, 0xf8, 0xac, 0x38, 0xcb,
    0xf8, 0xb0, 0x30, 0xcb, 0xf8, 0xac, 0x38, 0xcb, 0xf8, 0xac, 0x38, 0xcb,
    0xf8, 0xb0, 0x38, 0xcb, 0xf8, 0xac, 0x38, 0xcb, 0xf8, 0xac, 0x38, 0xcf,
    0xf8, 0xb0, 0x38, 0xd3, 0xf8, 0xac, 0x38, 0xd3, 0xf8, 0xac, 0x38, 0xd7,
    0xf8, 0xb0, 0x38, 0xdb, 0xf8, 0xac, 0x38, 0xdf, 0xf8, 0xac, 0x38, 0xe3,
    0xf8, 0xb0, 0x38, 0xe3, 0xf8, 0xb0, 0x38, 0xeb, 0xf8, 0xb0, 0x38, 0xeb,
    0xf8, 0xb0, 0x38, 0xef, 0xf8, 0xb0, 0x40, 0xf3, 0xf8, 0xb0, 0x40, 0xf3,
    0xf8, 0xb0, 0x40, 0xf7, 0xf8, 0xb4, 0x40, 0xf7, 0xf8, 0xb4, 0x48, 0xfb,
    0xf8, 0xb4, 0x48, 0xfb, 0xf8, 0xb8, 0x48, 0xfb, 0xf8, 0xb8, 0x50, 0xff,
    0xf8, 0xb8, 0x58, 0xff, 0xf8, 0xbc, 0x58, 0xff, 0xf8, 0xc0, 0x60, 0xff,
    0xf8, 0xc4, 0x68, 0xfb, 0xf8, 0xc4, 0x70, 0xff, 0xf8, 0xc8, 0x78, 0xff,
    0xf8, 0xcc, 0x88, 0xbe, 0xf0, 0xc8, 0x88, 0x1c, 0xf8, 0xcc, 0x88, 0x00,
    0xf8, 0xcc, 0x80, 0x00, 0x00, 0x00, 0x00, 0x00, 0x00, 0x00, 0x00, 0x00,
    0x00, 0x00, 0x00, 0x00, 0x00, 0x00, 0x00, 0x00, 0x00, 0x00, 0x00, 0x00,
    0x00, 0x00, 0x00, 0x00, 0x00, 0x00, 0x00, 0x00, 0x00, 0x00, 0x00, 0x00,
    0x00, 0x00, 0x00, 0x00, 0x00, 0x00, 0x00, 0x00, 0x00, 0x00, 0x00, 0x00,
    0x00, 0x00, 0x00, 0x00, 0x00, 0x00, 0x00, 0x00, 0x00, 0x00, 0x00, 0x00,
    0x00, 0x00, 0x00, 0x00, 0xf8, 0xc8, 0x88, 0x00, 0xf8, 0xcc, 0x88, 0x00,
    0xf0, 0xc8, 0x88, 0x20, 0xf8, 0xc8, 0x80, 0xbe, 0xf8, 0xc8, 0x80, 0xff,
    0xf8, 0xc8, 0x70, 0xff, 0xf8, 0xc0, 0x68, 0xff, 0xf8, 0xbc, 0x60, 0xff,
    0xf8, 0xbc, 0x60, 0xff, 0xf8, 0xbc, 0x58, 0xfb, 0xf8, 0xb8, 0x50, 0xff,
    0xf8, 0xb8, 0x50, 0xfb, 0xf8, 0xb8, 0x48, 0xfb, 0xf8, 0xb4, 0x48, 0xfb,
    0xf8, 0xb4, 0x40, 0xf7, 0xf8, 0xb4, 0x40, 0xf7, 0xf8, 0xb0, 0x40, 0xf7,
    0xf8, 0xb0, 0x40, 0xf3, 0xf8, 0xb0, 0x40, 0xef, 0xf8, 0xb0, 0x38, 0xeb,
    0xf8, 0xb0, 0x38, 0xeb, 0xf8, 0xb0, 0x38, 0xe7, 0xf8, 0xb0, 0x38, 0xe7,
    0xf8, 0xb0, 0x38, 0xe3, 0xf8, 0xb0, 0x38, 0xdf, 0xf8, 0xac, 0x38, 0xdf,
    0xf8, 0xb0, 0x38, 0xdb, 0xf8, 0xac, 0x38, 0xdb, 0xf8, 0xb0, 0x38, 0xd7,
    0xf8, 0xb0, 0x38, 0xd7, 0xf8, 0xac, 0x38, 0xd7, 0xf8, 0xb0, 0x38, 0xd7,
    0xf8, 0xb0, 0x38, 0xd7, 0xf8, 0xac, 0x38, 0xd7, 0xf8, 0xb0, 0x38, 0xd7,
    0xf8, 0xb0, 0x38, 0xd7, 0xf8, 0xac, 0x38, 0xdb, 0xf8, 0xb0, 0x30, 0xdf,
    0xf8, 0xb0, 0x38, 0xdf, 0xf8, 0xb0, 0x38, 0xe3, 0xf8, 0xb0, 0x38, 0xe3,
    0xf8, 0xb0, 0x38, 0xe7, 0xf8, 0xb0, 0x38, 0xeb, 0xf8, 0xb0, 0x38, 0xef,
    0xf8, 0xb0, 0x38, 0xef, 0xf8, 0xb0, 0x38, 0xf3, 0xf8, 0xb0, 0x40, 0xf3,
    0xf8, 0xb4, 0x40, 0xf7, 0xf8, 0xb0, 0x40, 0xf7, 0xf8, 0xb4, 0x40, 0xfb,
    0xf8, 0xb4, 0x48, 0xfb, 0xf8, 0xb4, 0x48, 0xfb, 0xf8, 0xb8, 0x50, 0xfb,
    0xf8, 0xb8, 0x50, 0xff, 0xf8, 0xbc, 0x58, 0xff, 0xf8, 0xbc, 0x58, 0xfb,
    0xf8, 0xc0, 0x60, 0xff, 0xf8, 0xc0, 0x68, 0xff, 0xf8, 0xc4, 0x70, 0xff,
    0xf8, 0xc8, 0x78, 0xff, 0xf8, 0xcc, 0x80, 0xbe, 0xf8, 0xc8, 0x88, 0x20,
    0xf8, 0xcc, 0x88, 0x00, 0xf8, 0xc8, 0x88, 0x00, 0x00, 0x00, 0x00, 0x00,
    0x00, 0x00, 0x00, 0x00, 0x00, 0x00, 0x00, 0x00, 0x00, 0x00, 0x00, 0x00,
    0x00, 0x00, 0x00, 0x00, 0x00, 0x00, 0x00, 0x00, 0x00, 0x00, 0x00, 0x00,
    0x00, 0x00, 0x00, 0x00, 0x00, 0x00, 0x00, 0x00, 0x00, 0x00, 0x00, 0x00,
    0x00, 0x00, 0x00, 0x00, 0x00, 0x00, 0x00, 0x00, 0x00, 0x00, 0x00, 0x00,
    0x00, 0x00, 0x00, 0x00, 0x00, 0x00, 0x00, 0x00, 0x00, 0x00, 0x00, 0x00,
    0xf0, 0xc8, 0x90, 0x00, 0xf8, 0xcc, 0x80, 0x00, 0xf8, 0xcc, 0x88, 0x00,
    0xf8, 0xc8, 0x88, 0x20, 0xf8, 0xcc, 0x80, 0xbe, 0xf8, 0xc8, 0x78, 0xff,
    0xf8, 0xc8, 0x70, 0xff, 0xf8, 0xc0, 0x68, 0xff, 0xf8, 0xc0, 0x60, 0xff,
    0xf8, 0xbc, 0x60, 0xff, 0xf8, 0xbc, 0x58, 0xff, 0xf8, 0xb8, 0x50, 0xfb,
    0xf8, 0xb8, 0x50, 0xfb, 0xf8, 0xb8, 0x48, 0xfb, 0xf8, 0xb4, 0x48, 0xfb,
    0xf8, 0xb4, 0x48, 0xfb, 0xf8, 0xb4, 0x40, 0xf7, 0xf8, 0xb4, 0x40, 0xf7,
    0xf8, 0xb0, 0x40, 0xf3, 0xf8, 0xb4, 0x40, 0xf3, 0xf8, 0xb0, 0x40, 0xf3,
    0xf8, 0xb0, 0x38, 0xef, 0xf8, 0xb0, 0x38, 0xeb, 0xf8, 0xb0, 0x38, 0xeb,
    0xf8, 0xb0, 0x38, 0xe7, 0xf8, 0xb0, 0x38, 0xe7, 0xf8, 0xb0, 0x38, 0xe3,
    0xf8, 0xb0, 0x38, 0xe3, 0xf8, 0xb0, 0x38, 0xe3, 0xf8, 0xb0, 0x38, 0xe3,
    0xf8, 0xb0, 0x38, 0xdf, 0xf8, 0xb0, 0x38, 0xdf, 0xf8, 0xb0, 0x38, 0xdf,
    0xf8, 0xb0, 0x38, 0xe3, 0xf8, 0xb0, 0x38, 0xe3, 0xf8, 0xb0, 0x38, 0xe3,
    0xf8, 0xb0, 0x38, 0xe7, 0xf8, 0xb0, 0x38, 0xe7, 0xf8, 0xb0, 0x38, 0xe7,
    0xf8, 0xb0, 0x38, 0xeb, 0xf8, 0xb0, 0x38, 0xeb, 0xf8, 0xb0, 0x38, 0xef,
    0xf8, 0xb0, 0x38, 0xef, 0xf8, 0xb0, 0x40, 0xf3, 0xf8, 0xb4, 0x40, 0xf3,
    0xf8, 0xb0, 0x40, 0xf7, 0xf8, 0xb4, 0x40, 0xf7, 0xf8, 0xb4, 0x40, 0xfb,
    0xf8, 0xb4, 0x48, 0xfb, 0xf8, 0xb4, 0x48, 0xfb, 0xf8, 0xb4, 0x48, 0xfb,
    0xf8, 0xb8, 0x50, 0xff, 0xf8, 0xb8, 0x50, 0xfb, 0xf8, 0xbc, 0x58, 0xff,
    0xf8, 0xbc, 0x60, 0xff, 0xf8, 0xc0, 0x60, 0xff, 0xf8, 0xc0, 0x68, 0xfb,
    0xf8, 0xc8, 0x70, 0xff, 0xf8, 0xc8, 0x80, 0xff, 0xf8, 0xc8, 0x88, 0xbe,
    0xf8, 0xc8, 0x88, 0x20, 0xf8, 0xc8, 0x88, 0x00, 0xf8, 0xcc, 0x80, 0x00,
    0xf0, 0xc8, 0x90, 0x00, 0x00, 0x00, 0x00, 0x00, 0x00, 0x00, 0x00, 0x00,
    0x00, 0x00, 0x00, 0x00, 0x00, 0x00, 0x00, 0x00, 0x00, 0x00, 0x00, 0x00,
    0x00, 0x00, 0x00, 0x00, 0x00, 0x00, 0x00, 0x00, 0x00, 0x00, 0x00, 0x00,
    0x00, 0x00, 0x00, 0x00, 0x00, 0x00, 0x00, 0x00, 0x00, 0x00, 0x00, 0x00,
    0x00, 0x00, 0x00, 0x00, 0x00, 0x00, 0x00, 0x00, 0x00, 0x00, 0x00, 0x00,
    0x00, 0x00, 0x00, 0x00, 0x00, 0x00, 0x00, 0x00, 0x00, 0x00, 0x00, 0x00,
    0xf0, 0xc8, 0x90, 0x00, 0xf8, 0xcc, 0x80, 0x00, 0xf8, 0xcc, 0x88, 0x00,
    0xf0, 0xc8, 0x90, 0x24, 0xf8, 0xcc, 0x88, 0xbe, 0xf8, 0xc8, 0x80, 0xff,
    0xf8, 0xc8, 0x70, 0xff, 0xf8, 0xc4, 0x70, 0xfb, 0xf8, 0xc0, 0x68, 0xff,
    0xf8, 0xbc, 0x60, 0xff, 0xf8, 0xbc, 0x58, 0xff, 0xf8, 0xb8, 0x50, 0xff,
    0xf8, 0xb8, 0x50, 0xff, 0xf8, 0xb8, 0x50, 0xfb, 0xf8, 0xb4, 0x48, 0xfb,
    0xf8, 0xb4, 0x48, 0xfb, 0xf8, 0xb4, 0x48, 0xfb, 0xf8, 0xb4, 0x40, 0xfb,
    0xf8, 0xb4, 0x40, 0xf7, 0xf8, 0xb0, 0x40, 0xf7, 0xf8, 0xb4, 0x40, 0xf3,
    0xf8, 0xb0, 0x40, 0xf3, 0xf8, 0xb0, 0x38, 0xf3, 0xf8, 0xb0, 0x38, 0xef,
    0xf8, 0xb0, 0x38, 0xef, 0xf8, 0xb0, 0x38, 0xef, 0xf8, 0xb0, 0x38, 0xeb,
    0xf8, 0xb0, 0x38, 0xeb, 0xf8, 0xb0, 0x38, 0xeb, 0xf8, 0xb0, 0x38, 0xeb,
    0xf8, 0xb0, 0x38, 0xeb, 0xf8, 0xb0, 0x38, 0xeb, 0xf8, 0xb0, 0x38, 0xeb,
    0xf8, 0xb0, 0x38, 0xeb, 0xf8, 0xb0, 0x38, 0xeb, 0xf8, 0xb0, 0x38, 0xeb,
    0xf8, 0xb0, 0x38, 0xef, 0xf8, 0xb0, 0x38, 0xef, 0xf8, 0xb0, 0x38, 0xef,
    0xf8, 0xb0, 0x40, 0xf3, 0xf8, 0xb0, 0x40, 0xf3, 0xf8, 0xb0, 0x40, 0xf7,
    0xf8, 0xb0, 0x40, 0xf7, 0xf8, 0xb4, 0x40, 0xf7, 0xf8, 0xb4, 0x40, 0xfb,
    0xf8, 0xb4, 0x48, 0xfb, 0xf8, 0xb4, 0x48, 0xfb, 0xf8, 0xb4, 0x48, 0xfb,
    0xf8, 0xb8, 0x48, 0xfb, 0xf8, 0xb8, 0x50, 0xff, 0xf8, 0xbc, 0x58, 0xff,
    0xf8, 0xbc, 0x58, 0xff, 0xf8, 0xbc, 0x60, 0xff, 0xf8, 0xc0, 0x68, 0xff,
    0xf8, 0xc4, 0x70, 0xff, 0xf8, 0xc8, 0x70, 0xff, 0xf8, 0xc8, 0x80, 0xff,
    0xf8, 0xcc, 0x80, 0xbe, 0xf8, 0xcc, 0x88, 0x24, 0xf8, 0xc8, 0x88, 0x00,
    0xf8, 0xc8, 0x88, 0x00, 0xf0, 0xc8, 0x90, 0x00, 0x00, 0x00, 0x00, 0x00,
    0x00, 0x00, 0x00, 0x00, 0x00, 0x00, 0x00, 0x00, 0x00, 0x00, 0x00, 0x00,
    0x00, 0x00, 0x00, 0x00, 0x00, 0x00, 0x00, 0x00, 0x00, 0x00, 0x00, 0x00,
    0x00, 0x00, 0x00, 0x00, 0x00, 0x00, 0x00, 0x00, 0x00, 0x00, 0x00, 0x00,
    0x00, 0x00, 0x00, 0x00, 0x00, 0x00, 0x00, 0x00, 0x00, 0x00, 0x00, 0x00,
    0x00, 0x00, 0x00, 0x00, 0x00, 0x00, 0x00, 0x00, 0x00, 0x00, 0x00, 0x00,
    0x00, 0x00, 0x00, 0x00, 0x00, 0x00, 0x00, 0x00, 0x00, 0x00, 0x00, 0x00,
    0xf0, 0xc8, 0x90, 0x00, 0xf8, 0xcc, 0x80, 0x00, 0xf8, 0xc8, 0x88, 0x00,
    0xf8, 0xcc, 0x88, 0x1c, 0xf8, 0xcc, 0x80, 0x96, 0xf8, 0xc8, 0x80, 0xfb,
    0xf8, 0xc4, 0x78, 0xff, 0xf8, 0xc4, 0x70, 0xff, 0xf8, 0xc0, 0x60, 0xff,
    0xf8, 0xc0, 0x60, 0xfb, 0xf8, 0xbc, 0x60, 0xff, 0xf8, 0xbc, 0x58, 0xff,
    0xf8, 0xbc, 0x50, 0xfb, 0xf8, 0xb8, 0x50, 0xff, 0xf8, 0xb8, 0x50, 0xfb,
    0xf8, 0xb4, 0x48, 0xfb, 0xf8, 0xb4, 0x48, 0xfb, 0xf8, 0xb4, 0x48, 0xfb,
    0xf8, 0xb4, 0x40, 0xfb, 0xf8, 0xb4, 0x40, 0xf7, 0xf8, 0xb4, 0x40, 0xf7,
    0xf8, 0xb0, 0x40, 0xf7, 0xf8, 0xb0, 0x40, 0xf7, 0xf8, 0xb0, 0x40, 0xf7,
    0xf8, 0xb0, 0x40, 0xf3, 0xf8, 0xb0, 0x40, 0xf3, 0xf8, 0xb0, 0x40, 0xf3,
    0xf8, 0xb0, 0x38, 0xf3, 0xf8, 0xb0, 0x40, 0xf3, 0xf8, 0xb0, 0x38, 0xf3,
    0xf8, 0xb0, 0x38, 0xf3, 0xf8, 0xb0, 0x40, 0xf3, 0xf8, 0xb0, 0x38, 0xf3,
    0xf8, 0xb0, 0x38, 0xf3, 0xf8, 0xb0, 0x40, 0xf3, 0xf8, 0xb0, 0x40, 0xf3,
    0xf8, 0xb0, 0x40, 0xf7, 0xf8, 0xb0, 0x40, 0xf7, 0xf8, 0xb4, 0x40, 0xf7,
    0xf8, 0xb4, 0x40, 0xf7, 0xf8, 0xb0, 0x40, 0xfb, 0xf8, 0xb4, 0x40, 0xfb,
    0xf8, 0xb4, 0x48, 0xfb, 0xf8, 0xb4, 0x48, 0xfb, 0xf8, 0xb4, 0x48, 0xfb,
    0xf8, 0xb8, 0x50, 0xfb, 0xf8, 0xb8, 0x50, 0xff, 0xf8, 0xb8, 0x50, 0xff,
    0xf8, 0xbc, 0x58, 0xff, 0xf8, 0xbc, 0x60, 0xff, 0xf8, 0xc0, 0x60, 0xfb,
    0xf8, 0xc0, 0x68, 0xff, 0xf8, 0xc4, 0x70, 0xfb, 0xf8, 0xc8, 0x78, 0xff,
    0xf8, 0xc8, 0x80, 0xfb, 0xf8, 0xcc, 0x80, 0x96, 0xf8, 0xcc, 0x90, 0x1c,
    0xf8, 0xcc, 0x88, 0x00, 0xf8, 0xcc, 0x80, 0x00, 0xf0, 0xc8, 0x88, 0x00,
    0x00, 0x00, 0x00, 0x00, 0x00, 0x00, 0x00, 0x00, 0x00, 0x00, 0x00, 0x00,
    0x00, 0x00, 0x00, 0x00, 0x00, 0x00, 0x00, 0x00, 0x00, 0x00, 0x00, 0x00,
    0x00, 0x00, 0x00, 0x00, 0x00, 0x00, 0x00, 0x00, 0x00, 0x00, 0x00, 0x00,
    0x00, 0x00, 0x00, 0x00, 0x00, 0x00, 0x00, 0x00, 0x00, 0x00, 0x00, 0x00,
    0x00, 0x00, 0x00, 0x00, 0x00, 0x00, 0x00, 0x00, 0x00, 0x00, 0x00, 0x00,
    0x00, 0x00, 0x00, 0x00, 0x00, 0x00, 0x00, 0x00, 0x00, 0x00, 0x00, 0x00,
    0x00, 0x00, 0x00, 0x00, 0x00, 0x00, 0x00, 0x00, 0x00, 0x00, 0x00, 0x00,
    0xf0, 0xc8, 0x90, 0x00, 0xf8, 0xcc, 0x80, 0x00, 0xf8, 0xcc, 0x88, 0x00,
    0xf8, 0xcc, 0x80, 0x0c, 0xf8, 0xcc, 0x88, 0x86, 0xf8, 0xc8, 0x80, 0xef,
    0xf8, 0xc8, 0x78, 0xff, 0xf8, 0xc4, 0x70, 0xff, 0xf8, 0xc4, 0x68, 0xff,
    0xf8, 0xc0, 0x68, 0xff, 0xf8, 0xbc, 0x60, 0xff, 0xf8, 0xbc, 0x58, 0xff,
    0xf8, 0xbc, 0x58, 0xff, 0xf8, 0xbc, 0x50, 0xff, 0xf8, 0xb8, 0x50, 0xfb,
    0xf8, 0xb8, 0x48, 0xfb, 0xf8, 0xb8, 0x48, 0xfb, 0xf8, 0xb4, 0x48, 0xfb,
    0xf8, 0xb4, 0x48, 0xfb, 0xf8, 0xb4, 0x40, 0xfb, 0xf8, 0xb4, 0x48, 0xfb,
    0xf8, 0xb4, 0x40, 0xfb, 0xf8, 0xb4, 0x40, 0xf7, 0xf8, 0xb0, 0x40, 0xfb,
    0xf8, 0xb4, 0x40, 0xf7, 0xf8, 0xb0, 0x40, 0xf7, 0xf8, 0xb0, 0x40, 0xf7,
    0xf8, 0xb0, 0x40, 0xf7, 0xf8, 0xb4, 0x40, 0xf7, 0xf8, 0xb0, 0x40, 0xf7,
    0xf8, 0xb0, 0x40, 0xf7, 0xf8, 0xb0, 0x40, 0xf7, 0xf8, 0xb0, 0x40, 0xf7,
    0xf8, 0xb0, 0x40, 0xf7, 0xf8, 0xb0, 0x40, 0xfb, 0xf8, 0xb4, 0x40, 0xf7,
    0xf8, 0xb4, 0x40, 0xfb, 0xf8, 0xb4, 0x40, 0xfb, 0xf8, 0xb4, 0x48, 0xfb,
    0xf8, 0xb4, 0x48, 0xfb, 0xf8, 0xb4, 0x48, 0xfb, 0xf8, 0xb4, 0x48, 0xfb,
    0xf8, 0xb8, 0x50, 0xff, 0xf8, 0xb8, 0x50, 0xff, 0xf8, 0xb8, 0x50, 0xff,
    0xf8, 0xbc, 0x58, 0xff, 0xf8, 0xbc, 0x60, 0xff, 0xf8, 0xbc, 0x60, 0xfb,
    0xf8, 0xc0, 0x68, 0xff, 0xf8, 0xc0, 0x68, 0xff, 0xf8, 0xc4, 0x70, 0xff,
    0xf8, 0xc8, 0x78, 0xff, 0xf8, 0xcc, 0x80, 0xef, 0xf8, 0xcc, 0x88, 0x86,
    0xf8, 0xcc, 0x80, 0x0c, 0xf8, 0xcc, 0x88, 0x00, 0xf8, 0xcc, 0x88, 0x00,
    0xf0, 0xc8, 0x90, 0x00, 0x00, 0x00, 0x00, 0x00, 0x00, 0x00, 0x00, 0x00,
    0x00, 0x00, 0x00, 0x00, 0x00, 0x00, 0x00, 0x00, 0x00, 0x00, 0x00, 0x00,
    0x00, 0x00, 0x00, 0x00, 0x00, 0x00, 0x00, 0x00, 0x00, 0x00, 0x00, 0x00,
    0x00, 0x00, 0x00, 0x00, 0x00, 0x00, 0x00, 0x00, 0x00, 0x00, 0x00, 0x00,
    0x00, 0x00, 0x00, 0x00, 0x00, 0x00, 0x00, 0x00, 0x00, 0x00, 0x00, 0x00,
    0x00, 0x00, 0x00, 0x00, 0x00, 0x00, 0x00, 0x00, 0x00, 0x00, 0x00, 0x00,
    0x00, 0x00, 0x00, 0x00, 0x00, 0x00, 0x00, 0x00, 0x00, 0x00, 0x00, 0x00,
    0x00, 0x00, 0x00, 0x00, 0x00, 0x00, 0x00, 0x00, 0x00, 0x00, 0x00, 0x00,
    0x00, 0x00, 0x00, 0x00, 0xf8, 0xcc, 0x80, 0x00, 0xf8, 0xcc, 0x88, 0x00,
    0xa0, 0xb4, 0xe0, 0x00, 0xf8, 0xcc, 0x88, 0x55, 0xf8, 0xcc, 0x80, 0xd3,
    0xf8, 0xc8, 0x78, 0xff, 0xf8, 0xc8, 0x78, 0xff, 0xf8, 0xc4, 0x70, 0xfb,
    0xf8, 0xc4, 0x68, 0xff, 0xf8, 0xc0, 0x60, 0xff, 0xf8, 0xbc, 0x60, 0xff,
    0xf8, 0xbc, 0x58, 0xff, 0xf8, 0xbc, 0x58, 0xff, 0xf8, 0xb8, 0x50, 0xff,
    0xf8, 0xb8, 0x50, 0xff, 0xf8, 0xb8, 0x50, 0xff, 0xf8, 0xb8, 0x48, 0xff,
    0xf8, 0xb8, 0x48, 0xfb, 0xf8, 0xb4, 0x48, 0xfb, 0xf8, 0xb8, 0x48, 0xfb,
    0xf8, 0xb4, 0x48, 0xfb, 0xf8, 0xb4, 0x48, 0xfb, 0xf8, 0xb4, 0x40, 0xfb,
    0xf8, 0xb4, 0x40, 0xfb, 0xf8, 0xb4, 0x40, 0xfb, 0xf8, 0xb4, 0x40, 0xfb,
    0xf8, 0xb4, 0x40, 0xfb, 0xf8, 0xb4, 0x40, 0xfb, 0xf8, 0xb4, 0x40, 0xfb,
    0xf8, 0xb4, 0x40, 0xfb, 0xf8, 0xb4, 0x48, 0xfb, 0xf8, 0xb4, 0x40, 0xfb,
    0xf8, 0xb4, 0x48, 0xfb, 0xf8, 0xb4, 0x48, 0xfb, 0xf8, 0xb4, 0x48, 0xfb,
    0xf8, 0xb4, 0x48, 0xff, 0xf8, 0xb8, 0x48, 0xfb, 0xf8, 0xb8, 0x48, 0xfb,
    0xf8, 0xb8, 0x50, 0xff, 0xf8, 0xb8, 0x50, 0xff, 0xf8, 0xb8, 0x50, 0xff,
    0xf8, 0xbc, 0x58, 0xff, 0xf8, 0xbc, 0x58, 0xff, 0xf8, 0xbc, 0x60, 0xfb,
    0xf8, 0xc0, 0x60, 0xff, 0xf8, 0xc4, 0x68, 0xff, 0xf8, 0xc4, 0x70, 0xfb,
    0xf8, 0xc8, 0x70, 0xff, 0xf8, 0xc8, 0x80, 0xff, 0xf8, 0xcc, 0x80, 0xd3,
    0xf8, 0xcc, 0x88, 0x55, 0xa0, 0xc0, 0xe0, 0x00, 0xf8, 0xcc, 0x88, 0x00,
    0xf8, 0xcc, 0x80, 0x00, 0x00, 0x00, 0x00, 0x00, 0x00, 0x00, 0x00, 0x00,
    0x00, 0x00, 0x00, 0x00, 0x00, 0x00, 0x00, 0x00, 0x00, 0x00, 0x00, 0x00,
    0x00, 0x00, 0x00, 0x00, 0x00, 0x00, 0x00, 0x00, 0x00, 0x00, 0x00, 0x00,
    0x00, 0x00, 0x00, 0x00, 0x00, 0x00, 0x00, 0x00, 0x00, 0x00, 0x00, 0x00,
    0x00, 0x00, 0x00, 0x00, 0x00, 0x00, 0x00, 0x00, 0x00, 0x00, 0x00, 0x00,
    0x00, 0x00, 0x00, 0x00, 0x00, 0x00, 0x00, 0x00, 0x00, 0x00, 0x00, 0x00,
    0x00, 0x00, 0x00, 0x00, 0x00, 0x00, 0x00, 0x00, 0x00, 0x00, 0x00, 0x00,
    0x00, 0x00, 0x00, 0x00, 0x00, 0x00, 0x00, 0x00, 0x00, 0x00, 0x00, 0x00,
    0x00, 0x00, 0x00, 0x00, 0x00, 0x00, 0x00, 0x00, 0x00, 0x00, 0x00, 0x00,
    0x00, 0x00, 0x00, 0x00, 0xf0, 0xc8, 0x90, 0x00, 0xf0, 0xc8, 0x90, 0x00,
    0xf8, 0xc8, 0x80, 0x00, 0xf8, 0xcc, 0x88, 0x24, 0xf8, 0xcc, 0x88, 0x9a,
    0xf8, 0xcc, 0x80, 0xef, 0xf8, 0xc8, 0x78, 0xff, 0xf8, 0xc4, 0x70, 0xff,
    0xf8, 0xc4, 0x70, 0xfb, 0xf8, 0xc0, 0x68, 0xff, 0xf8, 0xc0, 0x68, 0xff,
    0xf8, 0xbc, 0x60, 0xff, 0xf8, 0xbc, 0x58, 0xff, 0xf8, 0xbc, 0x58, 0xff,
    0xf8, 0xbc, 0x58, 0xff, 0xf8, 0xb8, 0x50, 0xff, 0xf8, 0xb8, 0x50, 0xff,
    0xf8, 0xb8, 0x50, 0xff, 0xf8, 0xb8, 0x50, 0xff, 0xf8, 0xb8, 0x50, 0xff,
    0xf8, 0xb4, 0x48, 0xff, 0xf8, 0xb8, 0x48, 0xff, 0xf8, 0xb8, 0x48, 0xff,
    0xf8, 0xb4, 0x48, 0xfb, 0xf8, 0xb4, 0x48, 0xfb, 0xf8, 0xb4, 0x48, 0xff,
    0xf8, 0xb4, 0x48, 0xfb, 0xf8, 0xb4, 0x48, 0xfb, 0xf8, 0xb8, 0x48, 0xff,
    0xf8, 0xb8, 0x48, 0xff, 0xf8, 0xb8, 0x48, 0xfb, 0xf8, 0xb4, 0x48, 0xff,
    0xf8, 0xb8, 0x48, 0xff, 0xf8, 0xb8, 0x50, 0xff, 0xf8, 0xb8, 0x50, 0xff,
    0xf8, 0xb8, 0x50, 0xff, 0xf8, 0xb8, 0x58, 0xff, 0xf8, 0xbc, 0x58, 0xff,
    0xf8, 0xbc, 0x58, 0xff, 0xf8, 0xbc, 0x58, 0xfb, 0xf8, 0xbc, 0x60, 0xff,
    0xf8, 0xc0, 0x68, 0xff, 0xf8, 0xc4, 0x68, 0xff, 0xf8, 0xc4, 0x70, 0xff,
    0xf8, 0xc4, 0x70, 0xff, 0xf8, 0xc8, 0x78, 0xff, 0xf8, 0xcc, 0x80, 0xef,
    0xf8, 0xcc, 0x80, 0x9a, 0xf8, 0xcc, 0x88, 0x24, 0xf8, 0xcc, 0x80, 0x00,
    0xf0, 0xcc, 0x90, 0x00, 0xf0, 0xcc, 0x90, 0x00, 0x00, 0x00, 0x00, 0x00,
    0x00, 0x00, 0x00, 0x00, 0x00, 0x00, 0x00, 0x00, 0x00, 0x00, 0x00, 0x00,
    0x00, 0x00, 0x00, 0x00, 0x00, 0x00, 0x00, 0x00, 0x00, 0x00, 0x00, 0x00,
    0x00, 0x00, 0x00, 0x00, 0x00, 0x00, 0x00, 0x00, 0x00, 0x00, 0x00, 0x00,
    0x00, 0x00, 0x00, 0x00, 0x00, 0x00, 0x00, 0x00, 0x00, 0x00, 0x00, 0x00,
    0x00, 0x00, 0x00, 0x00, 0x00, 0x00, 0x00, 0x00, 0x00, 0x00, 0x00, 0x00,
    0x00, 0x00, 0x00, 0x00, 0x00, 0x00, 0x00, 0x00, 0x00, 0x00, 0x00, 0x00,
    0x00, 0x00, 0x00, 0x00, 0x00, 0x00, 0x00, 0x00, 0x00, 0x00, 0x00, 0x00,
    0x00, 0x00, 0x00, 0x00, 0x00, 0x00, 0x00, 0x00, 0x00, 0x00, 0x00, 0x00,
    0x00, 0x00, 0x00, 0x00, 0x00, 0x00, 0x00, 0x00, 0x00, 0x00, 0x00, 0x00,
    0x00, 0x00, 0x00, 0x00, 0xf8, 0xcc, 0x88, 0x00, 0x00, 0x3c, 0xf8, 0x00,
    0xf8, 0xcc, 0x88, 0x00, 0xe0, 0xc8, 0xa8, 0x04, 0xf8, 0xcc, 0x88, 0x49,
    0xf8, 0xcc, 0x80, 0xba, 0xf8, 0xc8, 0x80, 0xf7, 0xf8, 0xc8, 0x78, 0xff,
    0xf8, 0xc4, 0x70, 0xff, 0xf8, 0xc4, 0x70, 0xfb, 0xf8, 0xc4, 0x68, 0xfb,
    0xf8, 0xc0, 0x68, 0xff, 0xf8, 0xc0, 0x60, 0xfb, 0xf8, 0xbc, 0x60, 0xff,
    0xf8, 0xbc, 0x60, 0xff, 0xf8, 0xbc, 0x58, 0xff, 0xf8, 0xb8, 0x58, 0xff,
    0xf8, 0xb8, 0x58, 0xff, 0xf8, 0xb8, 0x50, 0xff, 0xf8, 0xb8, 0x50, 0xff,
    0xf8, 0xb8, 0x58, 0xff, 0xf8, 0xb8, 0x50, 0xff, 0xf8, 0xb8, 0x50, 0xff,
    0xf8, 0xb8, 0x50, 0xff, 0xf8, 0xb8, 0x50, 0xff, 0xf8, 0xb8, 0x50, 0xff,
    0xf8, 0xb8, 0x50, 0xff, 0xf8, 0xb8, 0x50, 0xff, 0xf8, 0xb8, 0x50, 0xff,
    0xf8, 0xb8, 0x50, 0xff, 0xf8, 0xb8, 0x50, 0xff, 0xf8, 0xb8, 0x50, 0xff,
    0xf8, 0xb8, 0x58, 0xff, 0xf8, 0xb8, 0x58, 0xff, 0xf8, 0xbc, 0x58, 0xff,
    0xf8, 0xbc, 0x58, 0xff, 0xf8, 0xbc, 0x60, 0xff, 0xf8, 0xc0, 0x60, 0xff,
    0xf8, 0xc0, 0x68, 0xfb, 0xf8, 0xc4, 0x68, 0xff, 0xf8, 0xc4, 0x70, 0xff,
    0xf8, 0xc4, 0x70, 0xfb, 0xf8, 0xc8, 0x78, 0xff, 0xf8, 0xc8, 0x80, 0xf7,
    0xf8, 0xc8, 0x80, 0xba, 0xf8, 0xcc, 0x88, 0x49, 0xe0, 0xc4, 0xa0, 0x04,
    0xf8, 0xcc, 0x80, 0x00, 0x38, 0xfc, 0xf8, 0x00, 0xf8, 0xcc, 0x88, 0x00,
    0x00, 0x00, 0x00, 0x00, 0x00, 0x00, 0x00, 0x00, 0x00, 0x00, 0x00, 0x00,
    0x00, 0x00, 0x00, 0x00, 0x00, 0x00, 0x00, 0x00, 0x00, 0x00, 0x00, 0x00,
    0x00, 0x00, 0x00, 0x00, 0x00, 0x00, 0x00, 0x00, 0x00, 0x00, 0x00, 0x00,
    0x00, 0x00, 0x00, 0x00, 0x00, 0x00, 0x00, 0x00, 0x00, 0x00, 0x00, 0x00,
    0x00, 0x00, 0x00, 0x00, 0x00, 0x00, 0x00, 0x00, 0x00, 0x00, 0x00, 0x00,
    0x00, 0x00, 0x00, 0x00, 0x00, 0x00, 0x00, 0x00, 0x00, 0x00, 0x00, 0x00,
    0x00, 0x00, 0x00, 0x00, 0x00, 0x00, 0x00, 0x00, 0x00, 0x00, 0x00, 0x00,
    0x00, 0x00, 0x00, 0x00, 0x00, 0x00, 0x00, 0x00, 0x00, 0x00, 0x00, 0x00,
    0x00, 0x00, 0x00, 0x00, 0x00, 0x00, 0x00, 0x00, 0x00, 0x00, 0x00, 0x00,
    0x00, 0x00, 0x00, 0x00, 0x00, 0x00, 0x00, 0x00, 0x00, 0x00, 0x00, 0x00,
    0x00, 0x00, 0x00, 0x00, 0xf0, 0xc8, 0x90, 0x00, 0xf0, 0xc8, 0x90, 0x00,
    0xf0, 0xc8, 0x90, 0x00, 0xf8, 0xcc, 0x88, 0x00, 0xf0, 0xcc, 0x88, 0x0c,
    0xf8, 0xcc, 0x80, 0x59, 0xf8, 0xcc, 0x80, 0xbe, 0xf8, 0xc8, 0x80, 0xf7,
    0xf8, 0xc8, 0x78, 0xff, 0xf8, 0xc8, 0x70, 0xff, 0xf8, 0xc4, 0x70, 0xff,
    0xf8, 0xc4, 0x68, 0xff, 0xf8, 0xc0, 0x68, 0xfb, 0xf8, 0xc0, 0x60, 0xff,
    0xf8, 0xc0, 0x60, 0xfb, 0xf8, 0xc0, 0x60, 0xff, 0xf8, 0xbc, 0x60, 0xfb,
    0xf8, 0xbc, 0x58, 0xfb, 0xf8, 0xbc, 0x60, 0xff, 0xf8, 0xbc, 0x58, 0xfb,
    0xf8, 0xbc, 0x58, 0xff, 0xf8, 0xb8, 0x58, 0xff, 0xf8, 0xbc, 0x58, 0xff,
    0xf8, 0xbc, 0x58, 0xfb, 0xf8, 0xbc, 0x58, 0xff, 0xf8, 0xb8, 0x58, 0xff,
    0xf8, 0xb8, 0x58, 0xfb, 0xf8, 0xb8, 0x58, 0xff, 0xf8, 0xbc, 0x58, 0xff,
    0xf8, 0xbc, 0x58, 0xfb, 0xf8, 0xbc, 0x60, 0xff, 0xf8, 0xbc, 0x60, 0xfb,
    0xf8, 0xbc, 0x60, 0xfb, 0xf8, 0xc0, 0x60, 0xff, 0xf8, 0xc0, 0x68, 0xfb,
    0xf8, 0xc0, 0x68, 0xff, 0xf8, 0xc4, 0x68, 0xff, 0xf8, 0xc4, 0x70, 0xff,
    0xf8, 0xc4, 0x70, 0xff, 0xf8, 0xc8, 0x78, 0xff, 0xf8, 0xc8, 0x78, 0xf7,
    0xf8, 0xcc, 0x80, 0xbe, 0xf8, 0xcc, 0x80, 0x55, 0xf8, 0xcc, 0x88, 0x10,
    0xf8, 0xc8, 0x88, 0x00, 0xe8, 0xc8, 0x90, 0x00, 0xf0, 0xc8, 0x90, 0x00,
    0xf0, 0xc8, 0x90, 0x00, 0x00, 0x00, 0x00, 0x00, 0x00, 0x00, 0x00, 0x00,
    0x00, 0x00, 0x00, 0x00, 0x00, 0x00, 0x00, 0x00, 0x00, 0x00, 0x00, 0x00,
    0x00, 0x00, 0x00, 0x00, 0x00, 0x00, 0x00, 0x00, 0x00, 0x00, 0x00, 0x00,
    0x00, 0x00, 0x00, 0x00, 0x00, 0x00, 0x00, 0x00, 0x00, 0x00, 0x00, 0x00,
    0x00, 0x00, 0x00, 0x00, 0x00, 0x00, 0x00, 0x00, 0x00, 0x00, 0x00, 0x00,
    0x00, 0x00, 0x00, 0x00, 0x00, 0x00, 0x00, 0x00, 0x00, 0x00, 0x00, 0x00,
    0x00, 0x00, 0x00, 0x00, 0x00, 0x00, 0x00, 0x00, 0x00, 0x00, 0x00, 0x00,
    0x00, 0x00, 0x00, 0x00, 0x00, 0x00, 0x00, 0x00, 0x00, 0x00, 0x00, 0x00,
    0x00, 0x00, 0x00, 0x00, 0x00, 0x00, 0x00, 0x00, 0x00, 0x00, 0x00, 0x00,
    0x00, 0x00, 0x00, 0x00, 0x00, 0x00, 0x00, 0x00, 0x00, 0x00, 0x00, 0x00,
    0x00, 0x00, 0x00, 0x00, 0x00, 0x00, 0x00, 0x00, 0x00, 0x00, 0x00, 0x00,
    0x00, 0x00, 0x00, 0x00, 0x00, 0x00, 0x00, 0x00, 0xf8, 0xcc, 0x80, 0x00,
    0xf0, 0xcc, 0x88, 0x00, 0xf8, 0xcc, 0x88, 0x00, 0xf8, 0xcc, 0x80, 0x00,
    0xf8, 0xcc, 0x88, 0x0c, 0xf8, 0xcc, 0x88, 0x59, 0xf8, 0xcc, 0x80, 0xbe,
    0xf8, 0xc8, 0x80, 0xf3, 0xf8, 0xc8, 0x78, 0xff, 0xf8, 0xc8, 0x78, 0xff,
    0xf8, 0xc8, 0x70, 0xff, 0xf8, 0xc4, 0x70, 0xff, 0xf8, 0xc4, 0x70, 0xff,
    0xf8, 0xc0, 0x68, 0xff, 0xf8, 0xc0, 0x68, 0xff, 0xf8, 0xc0, 0x68, 0xff,
    0xf8, 0xc0, 0x68, 0xff, 0xf8, 0xc0, 0x60, 0xff, 0xf8, 0xbc, 0x60, 0xfb,
    0xf8, 0xbc, 0x60, 0xff, 0xf8, 0xc0, 0x60, 0xff, 0xf8, 0xc0, 0x60, 0xfb,
    0xf8, 0xbc, 0x60, 0xff, 0xf8, 0xc0, 0x60, 0xff, 0xf8, 0xc0, 0x60, 0xfb,
    0xf8, 0xbc, 0x60, 0xff, 0xf8, 0xc0, 0x68, 0xff, 0xf8, 0xc0, 0x68, 0xff,
    0xf8, 0xc0, 0x68, 0xff, 0xf8, 0xc0, 0x68, 0xff, 0xf8, 0xc4, 0x68, 0xff,
    0xf8, 0xc4, 0x70, 0xff, 0xf8, 0xc4, 0x70, 0xff, 0xf8, 0xc4, 0x70, 0xff,
    0xf8, 0xc8, 0x78, 0xff, 0xf8, 0xc8, 0x78, 0xff, 0xf8, 0xc8, 0x80, 0xf3,
    0xf8, 0xcc, 0x80, 0xbe, 0xf8, 0xcc, 0x88, 0x55, 0xf8, 0xcc, 0x88, 0x0c,
    0xf8, 0xcc, 0x80, 0x00, 0xf8, 0xcc, 0x88, 0x00, 0xf0, 0xcc, 0x90, 0x00,
    0xf8, 0xcc, 0x88, 0x00, 0x00, 0x00, 0x00, 0x00, 0x00, 0x00, 0x00, 0x00,
    0x00, 0x00, 0x00, 0x00, 0x00, 0x00, 0x00, 0x00, 0x00, 0x00, 0x00, 0x00,
    0x00, 0x00, 0x00, 0x00, 0x00, 0x00, 0x00, 0x00, 0x00, 0x00, 0x00, 0x00,
    0x00, 0x00, 0x00, 0x00, 0x00, 0x00, 0x00, 0x00, 0x00, 0x00, 0x00, 0x00,
    0x00, 0x00, 0x00, 0x00, 0x00, 0x00, 0x00, 0x00, 0x00, 0x00, 0x00, 0x00,
    0x00, 0x00, 0x00, 0x00, 0x00, 0x00, 0x00, 0x00, 0x00, 0x00, 0x00, 0x00,
    0x00, 0x00, 0x00, 0x00, 0x00, 0x00, 0x00, 0x00, 0x00, 0x00, 0x00, 0x00,
    0x00, 0x00, 0x00, 0x00, 0x00, 0x00, 0x00, 0x00, 0x00, 0x00, 0x00, 0x00,
    0x00, 0x00, 0x00, 0x00, 0x00, 0x00, 0x00, 0x00, 0x00, 0x00, 0x00, 0x00,
    0x00, 0x00, 0x00, 0x00, 0x00, 0x00, 0x00, 0x00, 0x00, 0x00, 0x00, 0x00,
    0x00, 0x00, 0x00, 0x00, 0x00, 0x00, 0x00, 0x00, 0x00, 0x00, 0x00, 0x00,
    0x00, 0x00, 0x00, 0x00, 0x00, 0x00, 0x00, 0x00, 0x00, 0x00, 0x00, 0x00,
    0x00, 0x00, 0x00, 0x00, 0x00, 0x00, 0x00, 0x00, 0x00, 0x00, 0x00, 0x00,
    0xf0, 0xc8, 0x90, 0x00, 0xf8, 0xcc, 0x80, 0x00, 0xf8, 0xcc, 0x88, 0x00,
    0xf8, 0xcc, 0x80, 0x00, 0xf8, 0xcc, 0x88, 0x0c, 0xf8, 0xcc, 0x88, 0x41,
    0xf8, 0xcc, 0x80, 0x86, 0xf8, 0xc8, 0x80, 0xcb, 0xf8, 0xcc, 0x80, 0xf3,
    0xf8, 0xc8, 0x80, 0xff, 0xf8, 0xc8, 0x78, 0xff, 0xf8, 0xc8, 0x78, 0xff,
    0xf8, 0xc4, 0x70, 0xff, 0xf8, 0xc4, 0x70, 0xff, 0xf8, 0xc4, 0x70, 0xff,
    0xf8, 0xc4, 0x70, 0xfb, 0xf8, 0xc4, 0x70, 0xff, 0xf8, 0xc4, 0x68, 0xff,
    0xf8, 0xc0, 0x68, 0xff, 0xf8, 0xc0, 0x68, 0xff, 0xf8, 0xc4, 0x68, 0xff,
    0xf8, 0xc0, 0x68, 0xff, 0xf8, 0xc4, 0x70, 0xff, 0xf8, 0xc4, 0x70, 0xfb,
    0xf8, 0xc4, 0x70, 0xff, 0xf8, 0xc4, 0x70, 0xff, 0xf8, 0xc4, 0x70, 0xfb,
    0xf8, 0xc4, 0x70, 0xff, 0xf8, 0xc8, 0x78, 0xff, 0xf8, 0xc8, 0x78, 0xff,
    0xf8, 0xc8, 0x78, 0xff, 0xf8, 0xcc, 0x80, 0xf3, 0xf8, 0xcc, 0x80, 0xc7,
    0xf8, 0xcc, 0x88, 0x86, 0xf8, 0xcc, 0x88, 0x41, 0xf8, 0xcc, 0x88, 0x10,
    0xf8, 0xcc, 0x80, 0x00, 0xf8, 0xcc, 0x88, 0x00, 0xf8, 0xcc, 0x80, 0x00,
    0xf0, 0xcc, 0x88, 0x00, 0x00, 0x00, 0x00, 0x00, 0x00, 0x00, 0x00, 0x00,
    0x00, 0x00, 0x00, 0x00, 0x00, 0x00, 0x00, 0x00, 0x00, 0x00, 0x00, 0x00,
    0x00, 0x00, 0x00, 0x00, 0x00, 0x00, 0x00, 0x00, 0x00, 0x00, 0x00, 0x00,
    0x00, 0x00, 0x00, 0x00, 0x00, 0x00, 0x00, 0x00, 0x00, 0x00, 0x00, 0x00,
    0x00, 0x00, 0x00, 0x00, 0x00, 0x00, 0x00, 0x00, 0x00, 0x00, 0x00, 0x00,
    0x00, 0x00, 0x00, 0x00, 0x00, 0x00, 0x00, 0x00, 0x00, 0x00, 0x00, 0x00,
    0x00, 0x00, 0x00, 0x00, 0x00, 0x00, 0x00, 0x00, 0x00, 0x00, 0x00, 0x00,
    0x00, 0x00, 0x00, 0x00, 0x00, 0x00, 0x00, 0x00, 0x00, 0x00, 0x00, 0x00,
    0x00, 0x00, 0x00, 0x00, 0x00, 0x00, 0x00, 0x00, 0x00, 0x00, 0x00, 0x00,
    0x00, 0x00, 0x00, 0x00, 0x00, 0x00, 0x00, 0x00, 0x00, 0x00, 0x00, 0x00,
    0x00, 0x00, 0x00, 0x00, 0x00, 0x00, 0x00, 0x00, 0x00, 0x00, 0x00, 0x00,
    0x00, 0x00, 0x00, 0x00, 0x00, 0x00, 0x00, 0x00, 0x00, 0x00, 0x00, 0x00,
    0x00, 0x00, 0x00, 0x00, 0x00, 0x00, 0x00, 0x00, 0x00, 0x00, 0x00, 0x00,
    0x00, 0x00, 0x00, 0x00, 0x00, 0x00, 0x00, 0x00, 0x00, 0x00, 0x00, 0x00,
    0x00, 0x00, 0x00, 0x00, 0xf0, 0xc8, 0x90, 0x00, 0xf8, 0xd0, 0x78, 0x00,
    0xf8, 0xcc, 0x80, 0x00, 0xf8, 0xcc, 0x80, 0x00, 0xf8, 0xcc, 0x80, 0x00,
    0xf8, 0xc8, 0x90, 0x10, 0xf8, 0xcc, 0x88, 0x41, 0xf8, 0xcc, 0x88, 0x82,
    0xf8, 0xcc, 0x80, 0xb6, 0xf8, 0xcc, 0x80, 0xdf, 0xf8, 0xc8, 0x80, 0xf3,
    0xf8, 0xcc, 0x80, 0xfb, 0xf8, 0xc8, 0x78, 0xff, 0xf8, 0xc8, 0x78, 0xff,
    0xf8, 0xc8, 0x78, 0xff, 0xf8, 0xc8, 0x78, 0xff, 0xf8, 0xc8, 0x78, 0xff,
    0xf8, 0xc8, 0x78, 0xfb, 0xf8, 0xc8, 0x78, 0xff, 0xf8, 0xc8, 0x78, 0xff,
    0xf8, 0xc8, 0x78, 0xff, 0xf8, 0xc8, 0x78, 0xff, 0xf8, 0xc8, 0x78, 0xff,
    0xf8, 0xc8, 0x78, 0xff, 0xf8, 0xc8, 0x78, 0xff, 0xf8, 0xcc, 0x80, 0xf3,
    0xf8, 0xcc, 0x80, 0xdf, 0xf8, 0xcc, 0x80, 0xb6, 0xf8, 0xcc, 0x88, 0x82,
    0xf8, 0xcc, 0x88, 0x41, 0xf8, 0xc8, 0x90, 0x10, 0xf8, 0xd0, 0x80, 0x00,
    0xf8, 0xcc, 0x88, 0x00, 0xf8, 0xcc, 0x88, 0x00, 0xf8, 0xcc, 0x78, 0x00,
    0xf0, 0xc8, 0x90, 0x00, 0x00, 0x00, 0x00, 0x00, 0x00, 0x00, 0x00, 0x00,
    0x00, 0x00, 0x00, 0x00, 0x00, 0x00, 0x00, 0x00, 0x00, 0x00, 0x00, 0x00,
    0x00, 0x00, 0x00, 0x00, 0x00, 0x00, 0x00, 0x00, 0x00, 0x00, 0x00, 0x00,
    0x00, 0x00, 0x00, 0x00, 0x00, 0x00, 0x00, 0x00, 0x00, 0x00, 0x00, 0x00,
    0x00, 0x00, 0x00, 0x00, 0x00, 0x00, 0x00, 0x00, 0x00, 0x00, 0x00, 0x00,
    0x00, 0x00, 0x00, 0x00, 0x00, 0x00, 0x00, 0x00, 0x00, 0x00, 0x00, 0x00,
    0x00, 0x00, 0x00, 0x00, 0x00, 0x00, 0x00, 0x00, 0x00, 0x00, 0x00, 0x00,
    0x00, 0x00, 0x00, 0x00, 0x00, 0x00, 0x00, 0x00, 0x00, 0x00, 0x00, 0x00,
    0x00, 0x00, 0x00, 0x00, 0x00, 0x00, 0x00, 0x00, 0x00, 0x00, 0x00, 0x00,
    0x00, 0x00, 0x00, 0x00, 0x00, 0x00, 0x00, 0x00, 0x00, 0x00, 0x00, 0x00,
    0x00, 0x00, 0x00, 0x00, 0x00, 0x00, 0x00, 0x00, 0x00, 0x00, 0x00, 0x00,
    0x00, 0x00, 0x00, 0x00, 0x00, 0x00, 0x00, 0x00, 0x00, 0x00, 0x00, 0x00,
    0x00, 0x00, 0x00, 0x00, 0x00, 0x00, 0x00, 0x00, 0x00, 0x00, 0x00, 0x00,
    0x00, 0x00, 0x00, 0x00, 0x00, 0x00, 0x00, 0x00, 0x00, 0x00, 0x00, 0x00,
    0x00, 0x00, 0x00, 0x00, 0x00, 0x00, 0x00, 0x00, 0x00, 0x00, 0x00, 0x00,
    0x00, 0x00, 0x00, 0x00, 0x00, 0x00, 0x00, 0x00, 0x00, 0x00, 0x00, 0x00,
    0xf8, 0xcc, 0x88, 0x00, 0xf8, 0xc8, 0x80, 0x00, 0xf0, 0xc8, 0x88, 0x00,
    0xf8, 0xcc, 0x80, 0x00, 0xf8, 0xcc, 0x78, 0x00, 0xf8, 0xcc, 0x90, 0x08,
    0xf0, 0xc8, 0x90, 0x28, 0xf8, 0xcc, 0x88, 0x49, 0xf8, 0xcc, 0x80, 0x79,
    0xf8, 0xcc, 0x88, 0x8a, 0xf8, 0xcc, 0x88, 0xc3, 0xf8, 0xcc, 0x88, 0xc7,
    0xf8, 0xcc, 0x88, 0xcb, 0xf8, 0xcc, 0x80, 0xf7, 0xf8, 0xcc, 0x80, 0xff,
    0xf8, 0xcc, 0x80, 0xff, 0xf8, 0xcc, 0x80, 0xf7, 0xf8, 0xcc, 0x80, 0xcb,
    0xf8, 0xc8, 0x88, 0xc7, 0xf8, 0xc8, 0x88, 0xc3, 0xf8, 0xcc, 0x80, 0x8a,
    0xf8, 0xcc, 0x80, 0x79, 0xf8, 0xcc, 0x88, 0x49, 0xf0, 0xcc, 0x90, 0x28,
    0xf8, 0xcc, 0x88, 0x08, 0xf8, 0xd0, 0x78, 0x00, 0xf8, 0xcc, 0x80, 0x00,
    0xf8, 0xc8, 0x88, 0x00, 0xf8, 0xc8, 0x80, 0x00, 0xf8, 0xc8, 0x80, 0x00,
    0x00, 0x00, 0x00, 0x00, 0x00, 0x00, 0x00, 0x00, 0x00, 0x00, 0x00, 0x00,
    0x00, 0x00, 0x00, 0x00, 0x00, 0x00, 0x00, 0x00, 0x00, 0x00, 0x00, 0x00,
    0x00, 0x00, 0x00, 0x00, 0x00, 0x00, 0x00, 0x00, 0x00, 0x00, 0x00, 0x00,
    0x00, 0x00, 0x00, 0x00, 0x00, 0x00, 0x00, 0x00, 0x00, 0x00, 0x00, 0x00,
    0x00, 0x00, 0x00, 0x00, 0x00, 0x00, 0x00, 0x00, 0x00, 0x00, 0x00, 0x00,
    0x00, 0x00, 0x00, 0x00, 0x00, 0x00, 0x00, 0x00, 0x00, 0x00, 0x00, 0x00,
    0x00, 0x00, 0x00, 0x00, 0x00, 0x00, 0x00, 0x00, 0x00, 0x00, 0x00, 0x00,
    0x00, 0x00, 0x00, 0x00, 0x00, 0x00, 0x00, 0x00, 0x00, 0x00, 0x00, 0x00,
    0x00, 0x00, 0x00, 0x00
};
